Iteration,Source_Folder,Image_File,GroundTruth_ID,Mask_Flag,Mask_Type,Detected_ID,Similarity_Score,Threshold,Status,Result_Description
1,New_Images,005647.jpg,005647,NONE,Unmasked,NO_FACE_DETECTED,0.0,0.35,TN,No Face Detected by SCRFD
2,New_Images,009287.jpg,009287,NONE,Unmasked,NO_FACE_DETECTED,0.0,0.35,TN,No Face Detected by SCRFD
3,New_Images,005375.jpg,005375,NONE,Unmasked,UNRECOGNIZED,0.293,0.35,TN,CORRECTLY_REJECTED_UNKNOWN
4,New_Images,006238.jpg,006238,NONE,Unmasked,UNRECOGNIZED,0.2788,0.35,TN,CORRECTLY_REJECTED_UNKNOWN
5,New_Images,009445.jpg,009445,NONE,Unmasked,UNRECOGNIZED,0.2573,0.35,TN,CORRECTLY_REJECTED_UNKNOWN
6,New_Images,005838.jpg,005838,NONE,Unmasked,UNRECOGNIZED,0.2539,0.35,TN,CORRECTLY_REJECTED_UNKNOWN
7,New_Images,005230.jpg,005230,NONE,Unmasked,UNRECOGNIZED,0.2349,0.35,TN,CORRECTLY_REJECTED_UNKNOWN
8,New_Images,008276.jpg,008276,NONE,Unmasked,NO_FACE_DETECTED,0.0,0.35,TN,No Face Detected by SCRFD
9,New_Images,007635.jpg,007635,NONE,Unmasked,UNRECOGNIZED,0.258,0.35,TN,CORRECTLY_REJECTED_UNKNOWN
10,New_Images,007244.jpg,007244,NONE,Unmasked,NO_FACE_DETECTED,0.0,0.35,TN,No Face Detected by SCRFD
11,New_Images,005785.jpg,005785,NONE,Unmasked,UNRECOGNIZED,0.3076,0.35,TN,CORRECTLY_REJECTED_UNKNOWN
12,New_Images,005606.jpg,005606,NONE,Unmasked,NO_FACE_DETECTED,0.0,0.35,TN,No Face Detected by SCRFD
13,New_Images,009050.jpg,009050,NONE,Unmasked,UNRECOGNIZED,0.2048,0.35,TN,CORRECTLY_REJECTED_UNKNOWN
14,New_Images,006162.jpg,006162,NONE,Unmasked,UNRECOGNIZED,0.279,0.35,TN,CORRECTLY_REJECTED_UNKNOWN
15,Masked Images,001086__CLT__masked.jpg,001086,CLT,Cloth Mask,001086,0.9645,0.35,TP,CORRECT_MATCH
16,New_Images,007650.jpg,007650,NONE,Unmasked,UNRECOGNIZED,0.2636,0.35,TN,CORRECTLY_REJECTED_UNKNOWN
17,New_Images,008708.jpg,008708,NONE,Unmasked,NO_FACE_DETECTED,0.0,0.35,TN,No Face Detected by SCRFD
18,New_Images,006699.jpg,006699,NONE,Unmasked,NO_FACE_DETECTED,0.0,0.35,TN,No Face Detected by SCRFD
19,New_Images,008090.jpg,008090,NONE,Unmasked,UNRECOGNIZED,0.2624,0.35,TN,CORRECTLY_REJECTED_UNKNOWN
20,Masked Images,000772__N95__masked.jpg,000772,N95,N95 Mask,000772,0.8165,0.35,TP,CORRECT_MATCH
21,New_Images,008459.jpg,008459,NONE,Unmasked,NO_FACE_DETECTED,0.0,0.35,TN,No Face Detected by SCRFD
22,New_Images,008130.jpg,008130,NONE,Unmasked,UNRECOGNIZED,0.2412,0.35,TN,CORRECTLY_REJECTED_UNKNOWN
23,New_Images,007066.jpg,007066,NONE,Unmasked,002241,0.3614,0.35,FP,MISIDENTIFIED_AS_002241
24,New_Images,008771.jpg,008771,NONE,Unmasked,UNRECOGNIZED,0.2445,0.35,TN,CORRECTLY_REJECTED_UNKNOWN
25,New_Images,009025.jpg,009025,NONE,Unmasked,NO_FACE_DETECTED,0.0,0.35,TN,No Face Detected by SCRFD
26,New_Images,006908.jpg,006908,NONE,Unmasked,UNRECOGNIZED,0.3011,0.35,TN,CORRECTLY_REJECTED_UNKNOWN
27,New_Images,008194.jpg,008194,NONE,Unmasked,NO_FACE_DETECTED,0.0,0.35,TN,No Face Detected by SCRFD
28,Masked Images,000462__K95__masked.jpg,000462,K95,KN95 Mask,000462,0.9398,0.35,TP,CORRECT_MATCH
29,New_Images,007303.jpg,007303,NONE,Unmasked,NO_FACE_DETECTED,0.0,0.35,TN,No Face Detected by SCRFD
30,New_Images,006370.jpg,006370,NONE,Unmasked,NO_FACE_DETECTED,0.0,0.35,TN,No Face Detected by SCRFD
31,Masked Images,001077__GAS__masked.jpg,001077,GAS,Gas Mask,001077,0.9271,0.35,TP,CORRECT_MATCH
32,New_Images,007216.jpg,007216,NONE,Unmasked,UNRECOGNIZED,0.229,0.35,TN,CORRECTLY_REJECTED_UNKNOWN
33,Masked Images,000924__SUR__masked.jpg,000924,SUR,Surgical Mask,000924,0.9107,0.35,TP,CORRECT_MATCH
34,New_Images,008721.jpg,008721,NONE,Unmasked,UNRECOGNIZED,0.2374,0.35,TN,CORRECTLY_REJECTED_UNKNOWN
35,Masked Images,001098__SUR__masked.jpg,001098,SUR,Surgical Mask,001098,0.9131,0.35,TP,CORRECT_MATCH
36,New_Images,005801.jpg,005801,NONE,Unmasked,UNRECOGNIZED,0.2394,0.35,TN,CORRECTLY_REJECTED_UNKNOWN
37,New_Images,009162.jpg,009162,NONE,Unmasked,UNRECOGNIZED,0.2812,0.35,TN,CORRECTLY_REJECTED_UNKNOWN
38,Masked Images,000257__GAS__masked.jpg,000257,GAS,Gas Mask,000257,0.9283,0.35,TP,CORRECT_MATCH
39,New_Images,008563.jpg,008563,NONE,Unmasked,UNRECOGNIZED,0.3124,0.35,TN,CORRECTLY_REJECTED_UNKNOWN
40,New_Images,006957.jpg,006957,NONE,Unmasked,UNRECOGNIZED,0.2294,0.35,TN,CORRECTLY_REJECTED_UNKNOWN
41,New_Images,006669.jpg,006669,NONE,Unmasked,UNRECOGNIZED,0.217,0.35,TN,CORRECTLY_REJECTED_UNKNOWN
42,New_Images,009255.jpg,009255,NONE,Unmasked,NO_FACE_DETECTED,0.0,0.35,TN,No Face Detected by SCRFD
43,New_Images,007278.jpg,007278,NONE,Unmasked,UNRECOGNIZED,0.27,0.35,TN,CORRECTLY_REJECTED_UNKNOWN
44,New_Images,009236.jpg,009236,NONE,Unmasked,NO_FACE_DETECTED,0.0,0.35,TN,No Face Detected by SCRFD
45,New_Images,008376.jpg,008376,NONE,Unmasked,001639,0.386,0.35,FP,MISIDENTIFIED_AS_001639
46,Masked Images,000157__N95__masked.jpg,000157,N95,N95 Mask,000157,0.8255,0.35,TP,CORRECT_MATCH
47,New_Images,007009.jpg,007009,NONE,Unmasked,UNRECOGNIZED,0.2543,0.35,TN,CORRECTLY_REJECTED_UNKNOWN
48,New_Images,009246.jpg,009246,NONE,Unmasked,NO_FACE_DETECTED,0.0,0.35,TN,No Face Detected by SCRFD
49,New_Images,007773.jpg,007773,NONE,Unmasked,NO_FACE_DETECTED,0.0,0.35,TN,No Face Detected by SCRFD
50,New_Images,007445.jpg,007445,NONE,Unmasked,UNRECOGNIZED,0.2732,0.35,TN,CORRECTLY_REJECTED_UNKNOWN
51,New_Images,005969.jpg,005969,NONE,Unmasked,UNRECOGNIZED,0.2985,0.35,TN,CORRECTLY_REJECTED_UNKNOWN
52,Masked Images,000466__N95__masked.jpg,000466,N95,N95 Mask,000466,0.8484,0.35,TP,CORRECT_MATCH
53,New_Images,007305.jpg,007305,NONE,Unmasked,NO_FACE_DETECTED,0.0,0.35,TN,No Face Detected by SCRFD
54,New_Images,005636.jpg,005636,NONE,Unmasked,NO_FACE_DETECTED,0.0,0.35,TN,No Face Detected by SCRFD
55,New_Images,008868.jpg,008868,NONE,Unmasked,UNRECOGNIZED,0.2269,0.35,TN,CORRECTLY_REJECTED_UNKNOWN
56,New_Images,008590.jpg,008590,NONE,Unmasked,UNRECOGNIZED,0.2903,0.35,TN,CORRECTLY_REJECTED_UNKNOWN
57,New_Images,008552.jpg,008552,NONE,Unmasked,UNRECOGNIZED,0.2151,0.35,TN,CORRECTLY_REJECTED_UNKNOWN
58,New_Images,009611.jpg,009611,NONE,Unmasked,NO_FACE_DETECTED,0.0,0.35,TN,No Face Detected by SCRFD
59,Masked Images,000456__N95__masked.jpg,000456,N95,N95 Mask,000456,0.817,0.35,TP,CORRECT_MATCH
60,Masked Images,000957__K95__masked.jpg,000957,K95,KN95 Mask,000957,0.8814,0.35,TP,CORRECT_MATCH
61,Masked Images,000650__GAS__masked.jpg,000650,GAS,Gas Mask,000650,0.9032,0.35,TP,CORRECT_MATCH
62,Masked Images,000336__N95__masked.jpg,000336,N95,N95 Mask,000336,0.8771,0.35,TP,CORRECT_MATCH
63,New_Images,005857.jpg,005857,NONE,Unmasked,UNRECOGNIZED,0.2457,0.35,TN,CORRECTLY_REJECTED_UNKNOWN
64,Masked Images,000086__N95__masked.jpg,000086,N95,N95 Mask,000086,0.8873,0.35,TP,CORRECT_MATCH
65,New_Images,009066.jpg,009066,NONE,Unmasked,UNRECOGNIZED,0.2338,0.35,TN,CORRECTLY_REJECTED_UNKNOWN
66,New_Images,007373.jpg,007373,NONE,Unmasked,UNRECOGNIZED,0.2159,0.35,TN,CORRECTLY_REJECTED_UNKNOWN
67,New_Images,005050.jpg,005050,NONE,Unmasked,UNRECOGNIZED,0.2323,0.35,TN,CORRECTLY_REJECTED_UNKNOWN
68,Masked Images,001105__K95__masked.jpg,001105,K95,KN95 Mask,001105,0.94,0.35,TP,CORRECT_MATCH
69,New_Images,006696.jpg,006696,NONE,Unmasked,UNRECOGNIZED,0.2446,0.35,TN,CORRECTLY_REJECTED_UNKNOWN
70,New_Images,007306.jpg,007306,NONE,Unmasked,NO_FACE_DETECTED,0.0,0.35,TN,No Face Detected by SCRFD
71,New_Images,006879.jpg,006879,NONE,Unmasked,UNRECOGNIZED,0.2368,0.35,TN,CORRECTLY_REJECTED_UNKNOWN
72,New_Images,006997.jpg,006997,NONE,Unmasked,UNRECOGNIZED,0.2923,0.35,TN,CORRECTLY_REJECTED_UNKNOWN
73,New_Images,005873.jpg,005873,NONE,Unmasked,UNRECOGNIZED,0.2345,0.35,TN,CORRECTLY_REJECTED_UNKNOWN
74,New_Images,007367.jpg,007367,NONE,Unmasked,UNRECOGNIZED,0.2853,0.35,TN,CORRECTLY_REJECTED_UNKNOWN
75,Masked Images,000963__CLT__masked.jpg,000963,CLT,Cloth Mask,000963,0.9511,0.35,TP,CORRECT_MATCH
76,Masked Images,000681__SUR__masked.jpg,000681,SUR,Surgical Mask,000681,0.9321,0.35,TP,CORRECT_MATCH
77,New_Images,005010.jpg,005010,NONE,Unmasked,UNRECOGNIZED,0.2327,0.35,TN,CORRECTLY_REJECTED_UNKNOWN
78,New_Images,008105.jpg,008105,NONE,Unmasked,NO_FACE_DETECTED,0.0,0.35,TN,No Face Detected by SCRFD
79,New_Images,008754.jpg,008754,NONE,Unmasked,UNRECOGNIZED,0.2617,0.35,TN,CORRECTLY_REJECTED_UNKNOWN
80,Masked Images,000338__CLT__masked.jpg,000338,CLT,Cloth Mask,000338,0.9008,0.35,TP,CORRECT_MATCH
81,New_Images,006866.jpg,006866,NONE,Unmasked,UNRECOGNIZED,0.2408,0.35,TN,CORRECTLY_REJECTED_UNKNOWN
82,Masked Images,000837__SUR__masked.jpg,000837,SUR,Surgical Mask,000837,0.8763,0.35,TP,CORRECT_MATCH
83,New_Images,007721.jpg,007721,NONE,Unmasked,NO_FACE_DETECTED,0.0,0.35,TN,No Face Detected by SCRFD
84,New_Images,006028.jpg,006028,NONE,Unmasked,NO_FACE_DETECTED,0.0,0.35,TN,No Face Detected by SCRFD
85,New_Images,005142.jpg,005142,NONE,Unmasked,UNRECOGNIZED,0.2122,0.35,TN,CORRECTLY_REJECTED_UNKNOWN
86,New_Images,007467.jpg,007467,NONE,Unmasked,UNRECOGNIZED,0.2531,0.35,TN,CORRECTLY_REJECTED_UNKNOWN
87,New_Images,005837.jpg,005837,NONE,Unmasked,UNRECOGNIZED,0.2896,0.35,TN,CORRECTLY_REJECTED_UNKNOWN
88,New_Images,009468.jpg,009468,NONE,Unmasked,UNRECOGNIZED,0.2709,0.35,TN,CORRECTLY_REJECTED_UNKNOWN
89,Masked Images,000861__GAS__masked.jpg,000861,GAS,Gas Mask,000861,0.9346,0.35,TP,CORRECT_MATCH
90,New_Images,007630.jpg,007630,NONE,Unmasked,NO_FACE_DETECTED,0.0,0.35,TN,No Face Detected by SCRFD
91,Masked Images,000398__K95__masked.jpg,000398,K95,KN95 Mask,000398,0.9239,0.35,TP,CORRECT_MATCH
92,New_Images,005354.jpg,005354,NONE,Unmasked,NO_FACE_DETECTED,0.0,0.35,TN,No Face Detected by SCRFD
93,New_Images,007662.jpg,007662,NONE,Unmasked,NO_FACE_DETECTED,0.0,0.35,TN,No Face Detected by SCRFD
94,Masked Images,000884__N95__masked.jpg,000884,N95,N95 Mask,000884,0.7509,0.35,TP,CORRECT_MATCH
95,New_Images,008018.jpg,008018,NONE,Unmasked,NO_FACE_DETECTED,0.0,0.35,TN,No Face Detected by SCRFD
96,New_Images,009379.jpg,009379,NONE,Unmasked,UNRECOGNIZED,0.2292,0.35,TN,CORRECTLY_REJECTED_UNKNOWN
97,New_Images,007364.jpg,007364,NONE,Unmasked,NO_FACE_DETECTED,0.0,0.35,TN,No Face Detected by SCRFD
98,Masked Images,000168__GAS__masked.jpg,000168,GAS,Gas Mask,000168,0.8421,0.35,TP,CORRECT_MATCH
99,New_Images,008080.jpg,008080,NONE,Unmasked,NO_FACE_DETECTED,0.0,0.35,TN,No Face Detected by SCRFD
100,New_Images,005247.jpg,005247,NONE,Unmasked,UNRECOGNIZED,0.2755,0.35,TN,CORRECTLY_REJECTED_UNKNOWN
101,New_Images,007217.jpg,007217,NONE,Unmasked,NO_FACE_DETECTED,0.0,0.35,TN,No Face Detected by SCRFD
102,New_Images,007651.jpg,007651,NONE,Unmasked,UNRECOGNIZED,0.2643,0.35,TN,CORRECTLY_REJECTED_UNKNOWN
103,Masked Images,000760__GAS__masked.jpg,000760,GAS,Gas Mask,000760,0.6991,0.35,TP,CORRECT_MATCH
104,New_Images,009404.jpg,009404,NONE,Unmasked,NO_FACE_DETECTED,0.0,0.35,TN,No Face Detected by SCRFD
105,Masked Images,000911__K95__masked.jpg,000911,K95,KN95 Mask,000911,0.8253,0.35,TP,CORRECT_MATCH
106,New_Images,005294.jpg,005294,NONE,Unmasked,NO_FACE_DETECTED,0.0,0.35,TN,No Face Detected by SCRFD
107,New_Images,007801.jpg,007801,NONE,Unmasked,UNRECOGNIZED,0.2562,0.35,TN,CORRECTLY_REJECTED_UNKNOWN
108,New_Images,008159.jpg,008159,NONE,Unmasked,UNRECOGNIZED,0.2186,0.35,TN,CORRECTLY_REJECTED_UNKNOWN
109,Masked Images,000902__CLT__masked.jpg,000902,CLT,Cloth Mask,000902,0.8763,0.35,TP,CORRECT_MATCH
110,New_Images,009026.jpg,009026,NONE,Unmasked,UNRECOGNIZED,0.237,0.35,TN,CORRECTLY_REJECTED_UNKNOWN
111,New_Images,009315.jpg,009315,NONE,Unmasked,NO_FACE_DETECTED,0.0,0.35,TN,No Face Detected by SCRFD
112,New_Images,009001.jpg,009001,NONE,Unmasked,UNRECOGNIZED,0.2789,0.35,TN,CORRECTLY_REJECTED_UNKNOWN
113,New_Images,006587.jpg,006587,NONE,Unmasked,NO_FACE_DETECTED,0.0,0.35,TN,No Face Detected by SCRFD
114,Masked Images,000033__SUR__masked.jpg,000033,SUR,Surgical Mask,000033,0.9315,0.35,TP,CORRECT_MATCH
115,New_Images,005944.jpg,005944,NONE,Unmasked,NO_FACE_DETECTED,0.0,0.35,TN,No Face Detected by SCRFD
116,New_Images,008247.jpg,008247,NONE,Unmasked,NO_FACE_DETECTED,0.0,0.35,TN,No Face Detected by SCRFD
117,New_Images,008513.jpg,008513,NONE,Unmasked,NO_FACE_DETECTED,0.0,0.35,TN,No Face Detected by SCRFD
118,Masked Images,000706__SUR__masked.jpg,000706,SUR,Surgical Mask,000706,0.9181,0.35,TP,CORRECT_MATCH
119,Masked Images,001090__K95__masked.jpg,001090,K95,KN95 Mask,001090,0.9528,0.35,TP,CORRECT_MATCH
120,New_Images,006245.jpg,006245,NONE,Unmasked,UNRECOGNIZED,0.233,0.35,TN,CORRECTLY_REJECTED_UNKNOWN
121,Masked Images,000460__SUR__masked.jpg,000460,SUR,Surgical Mask,000460,0.846,0.35,TP,CORRECT_MATCH
122,New_Images,005804.jpg,005804,NONE,Unmasked,NO_FACE_DETECTED,0.0,0.35,TN,No Face Detected by SCRFD
123,New_Images,008801.jpg,008801,NONE,Unmasked,UNRECOGNIZED,0.2551,0.35,TN,CORRECTLY_REJECTED_UNKNOWN
124,Masked Images,000727__N95__masked.jpg,000727,N95,N95 Mask,000727,0.8966,0.35,TP,CORRECT_MATCH
125,Masked Images,001128__CLT__masked.jpg,001128,CLT,Cloth Mask,001128,0.9639,0.35,TP,CORRECT_MATCH
126,New_Images,007002.jpg,007002,NONE,Unmasked,UNRECOGNIZED,0.202,0.35,TN,CORRECTLY_REJECTED_UNKNOWN
127,New_Images,005630.jpg,005630,NONE,Unmasked,NO_FACE_DETECTED,0.0,0.35,TN,No Face Detected by SCRFD
128,New_Images,007766.jpg,007766,NONE,Unmasked,UNRECOGNIZED,0.2616,0.35,TN,CORRECTLY_REJECTED_UNKNOWN
129,New_Images,005832.jpg,005832,NONE,Unmasked,UNRECOGNIZED,0.3118,0.35,TN,CORRECTLY_REJECTED_UNKNOWN
130,New_Images,008203.jpg,008203,NONE,Unmasked,UNRECOGNIZED,0.3018,0.35,TN,CORRECTLY_REJECTED_UNKNOWN
131,New_Images,008260.jpg,008260,NONE,Unmasked,UNRECOGNIZED,0.207,0.35,TN,CORRECTLY_REJECTED_UNKNOWN
132,New_Images,008938.jpg,008938,NONE,Unmasked,NO_FACE_DETECTED,0.0,0.35,TN,No Face Detected by SCRFD
133,Masked Images,000413__K95__masked.jpg,000413,K95,KN95 Mask,000413,0.9078,0.35,TP,CORRECT_MATCH
134,Masked Images,001157__N95__masked.jpg,001157,N95,N95 Mask,001157,0.8264,0.35,TP,CORRECT_MATCH
135,Masked Images,000242__GAS__masked.jpg,000242,GAS,Gas Mask,000242,0.91,0.35,TP,CORRECT_MATCH
136,New_Images,006942.jpg,006942,NONE,Unmasked,UNRECOGNIZED,0.2432,0.35,TN,CORRECTLY_REJECTED_UNKNOWN
137,New_Images,009564.jpg,009564,NONE,Unmasked,UNRECOGNIZED,0.2839,0.35,TN,CORRECTLY_REJECTED_UNKNOWN
138,Masked Images,000841__GAS__masked.jpg,000841,GAS,Gas Mask,000841,0.7685,0.35,TP,CORRECT_MATCH
139,Masked Images,000176__K95__masked.jpg,000176,K95,KN95 Mask,000176,0.9643,0.35,TP,CORRECT_MATCH
140,New_Images,005656.jpg,005656,NONE,Unmasked,UNRECOGNIZED,0.2119,0.35,TN,CORRECTLY_REJECTED_UNKNOWN
141,New_Images,008921.jpg,008921,NONE,Unmasked,UNRECOGNIZED,0.2318,0.35,TN,CORRECTLY_REJECTED_UNKNOWN
142,New_Images,005425.jpg,005425,NONE,Unmasked,UNRECOGNIZED,0.294,0.35,TN,CORRECTLY_REJECTED_UNKNOWN
143,New_Images,008328.jpg,008328,NONE,Unmasked,NO_FACE_DETECTED,0.0,0.35,TN,No Face Detected by SCRFD
144,New_Images,005031.jpg,005031,NONE,Unmasked,NO_FACE_DETECTED,0.0,0.35,TN,No Face Detected by SCRFD
145,New_Images,006677.jpg,006677,NONE,Unmasked,NO_FACE_DETECTED,0.0,0.35,TN,No Face Detected by SCRFD
146,New_Images,005984.jpg,005984,NONE,Unmasked,UNRECOGNIZED,0.2499,0.35,TN,CORRECTLY_REJECTED_UNKNOWN
147,New_Images,009337.jpg,009337,NONE,Unmasked,NO_FACE_DETECTED,0.0,0.35,TN,No Face Detected by SCRFD
148,New_Images,007187.jpg,007187,NONE,Unmasked,UNRECOGNIZED,0.3096,0.35,TN,CORRECTLY_REJECTED_UNKNOWN
149,New_Images,006467.jpg,006467,NONE,Unmasked,UNRECOGNIZED,0.2331,0.35,TN,CORRECTLY_REJECTED_UNKNOWN
150,Masked Images,000971__N95__masked.jpg,000971,N95,N95 Mask,000971,0.8637,0.35,TP,CORRECT_MATCH
151,New_Images,009214.jpg,009214,NONE,Unmasked,UNRECOGNIZED,0.221,0.35,TN,CORRECTLY_REJECTED_UNKNOWN
152,New_Images,005805.jpg,005805,NONE,Unmasked,UNRECOGNIZED,0.2918,0.35,TN,CORRECTLY_REJECTED_UNKNOWN
153,Masked Images,000563__K95__masked.jpg,000563,K95,KN95 Mask,000563,0.8907,0.35,TP,CORRECT_MATCH
154,New_Images,009187.jpg,009187,NONE,Unmasked,UNRECOGNIZED,0.259,0.35,TN,CORRECTLY_REJECTED_UNKNOWN
155,Masked Images,000091__N95__masked.jpg,000091,N95,N95 Mask,000091,0.8923,0.35,TP,CORRECT_MATCH
156,New_Images,007480.jpg,007480,NONE,Unmasked,UNRECOGNIZED,0.2741,0.35,TN,CORRECTLY_REJECTED_UNKNOWN
157,New_Images,007930.jpg,007930,NONE,Unmasked,UNRECOGNIZED,0.2414,0.35,TN,CORRECTLY_REJECTED_UNKNOWN
158,New_Images,005254.jpg,005254,NONE,Unmasked,NO_FACE_DETECTED,0.0,0.35,TN,No Face Detected by SCRFD
159,New_Images,009577.jpg,009577,NONE,Unmasked,UNRECOGNIZED,0.2977,0.35,TN,CORRECTLY_REJECTED_UNKNOWN
160,Masked Images,000118__CLT__masked.jpg,000118,CLT,Cloth Mask,000118,0.9561,0.35,TP,CORRECT_MATCH
161,New_Images,008027.jpg,008027,NONE,Unmasked,UNRECOGNIZED,0.232,0.35,TN,CORRECTLY_REJECTED_UNKNOWN
162,New_Images,008359.jpg,008359,NONE,Unmasked,NO_FACE_DETECTED,0.0,0.35,TN,No Face Detected by SCRFD
163,New_Images,008187.jpg,008187,NONE,Unmasked,UNRECOGNIZED,0.2496,0.35,TN,CORRECTLY_REJECTED_UNKNOWN
164,New_Images,006747.jpg,006747,NONE,Unmasked,NO_FACE_DETECTED,0.0,0.35,TN,No Face Detected by SCRFD
165,New_Images,008911.jpg,008911,NONE,Unmasked,UNRECOGNIZED,0.2355,0.35,TN,CORRECTLY_REJECTED_UNKNOWN
166,New_Images,009225.jpg,009225,NONE,Unmasked,UNRECOGNIZED,0.2472,0.35,TN,CORRECTLY_REJECTED_UNKNOWN
167,New_Images,006244.jpg,006244,NONE,Unmasked,UNRECOGNIZED,0.2649,0.35,TN,CORRECTLY_REJECTED_UNKNOWN
168,New_Images,007099.jpg,007099,NONE,Unmasked,UNRECOGNIZED,0.2074,0.35,TN,CORRECTLY_REJECTED_UNKNOWN
169,New_Images,008128.jpg,008128,NONE,Unmasked,NO_FACE_DETECTED,0.0,0.35,TN,No Face Detected by SCRFD
170,New_Images,008301.jpg,008301,NONE,Unmasked,NO_FACE_DETECTED,0.0,0.35,TN,No Face Detected by SCRFD
171,New_Images,007507.jpg,007507,NONE,Unmasked,UNRECOGNIZED,0.272,0.35,TN,CORRECTLY_REJECTED_UNKNOWN
172,New_Images,006556.jpg,006556,NONE,Unmasked,NO_FACE_DETECTED,0.0,0.35,TN,No Face Detected by SCRFD
173,New_Images,008626.jpg,008626,NONE,Unmasked,UNRECOGNIZED,0.1922,0.35,TN,CORRECTLY_REJECTED_UNKNOWN
174,New_Images,006574.jpg,006574,NONE,Unmasked,UNRECOGNIZED,0.26,0.35,TN,CORRECTLY_REJECTED_UNKNOWN
175,New_Images,007785.jpg,007785,NONE,Unmasked,UNRECOGNIZED,0.2429,0.35,TN,CORRECTLY_REJECTED_UNKNOWN
176,Masked Images,000697__N95__masked.jpg,000697,N95,N95 Mask,000697,0.884,0.35,TP,CORRECT_MATCH
177,New_Images,008570.jpg,008570,NONE,Unmasked,UNRECOGNIZED,0.2599,0.35,TN,CORRECTLY_REJECTED_UNKNOWN
178,New_Images,006810.jpg,006810,NONE,Unmasked,UNRECOGNIZED,0.2559,0.35,TN,CORRECTLY_REJECTED_UNKNOWN
179,New_Images,008894.jpg,008894,NONE,Unmasked,UNRECOGNIZED,0.2427,0.35,TN,CORRECTLY_REJECTED_UNKNOWN
180,New_Images,007683.jpg,007683,NONE,Unmasked,UNRECOGNIZED,0.1994,0.35,TN,CORRECTLY_REJECTED_UNKNOWN
181,New_Images,005993.jpg,005993,NONE,Unmasked,NO_FACE_DETECTED,0.0,0.35,TN,No Face Detected by SCRFD
182,New_Images,008715.jpg,008715,NONE,Unmasked,NO_FACE_DETECTED,0.0,0.35,TN,No Face Detected by SCRFD
183,New_Images,009145.jpg,009145,NONE,Unmasked,UNRECOGNIZED,0.2213,0.35,TN,CORRECTLY_REJECTED_UNKNOWN
184,New_Images,006837.jpg,006837,NONE,Unmasked,NO_FACE_DETECTED,0.0,0.35,TN,No Face Detected by SCRFD
185,Masked Images,000669__CLT__masked.jpg,000669,CLT,Cloth Mask,000669,0.8901,0.35,TP,CORRECT_MATCH
186,New_Images,006433.jpg,006433,NONE,Unmasked,NO_FACE_DETECTED,0.0,0.35,TN,No Face Detected by SCRFD
187,New_Images,007601.jpg,007601,NONE,Unmasked,UNRECOGNIZED,0.1866,0.35,TN,CORRECTLY_REJECTED_UNKNOWN
188,New_Images,008623.jpg,008623,NONE,Unmasked,NO_FACE_DETECTED,0.0,0.35,TN,No Face Detected by SCRFD
189,New_Images,005590.jpg,005590,NONE,Unmasked,UNRECOGNIZED,0.2559,0.35,TN,CORRECTLY_REJECTED_UNKNOWN
190,Masked Images,000933__GAS__masked.jpg,000933,GAS,Gas Mask,000933,0.7748,0.35,TP,CORRECT_MATCH
191,Masked Images,000503__CLT__masked.jpg,000503,CLT,Cloth Mask,000503,0.9315,0.35,TP,CORRECT_MATCH
192,New_Images,008309.jpg,008309,NONE,Unmasked,NO_FACE_DETECTED,0.0,0.35,TN,No Face Detected by SCRFD
193,New_Images,007172.jpg,007172,NONE,Unmasked,NO_FACE_DETECTED,0.0,0.35,TN,No Face Detected by SCRFD
194,New_Images,009299.jpg,009299,NONE,Unmasked,NO_FACE_DETECTED,0.0,0.35,TN,No Face Detected by SCRFD
195,New_Images,009270.jpg,009270,NONE,Unmasked,NO_FACE_DETECTED,0.0,0.35,TN,No Face Detected by SCRFD
196,New_Images,007032.jpg,007032,NONE,Unmasked,UNRECOGNIZED,0.2357,0.35,TN,CORRECTLY_REJECTED_UNKNOWN
197,New_Images,007083.jpg,007083,NONE,Unmasked,NO_FACE_DETECTED,0.0,0.35,TN,No Face Detected by SCRFD
198,New_Images,007598.jpg,007598,NONE,Unmasked,UNRECOGNIZED,0.2096,0.35,TN,CORRECTLY_REJECTED_UNKNOWN
199,New_Images,008364.jpg,008364,NONE,Unmasked,NO_FACE_DETECTED,0.0,0.35,TN,No Face Detected by SCRFD
200,New_Images,005327.jpg,005327,NONE,Unmasked,UNRECOGNIZED,0.2487,0.35,TN,CORRECTLY_REJECTED_UNKNOWN
201,New_Images,007434.jpg,007434,NONE,Unmasked,UNRECOGNIZED,0.2946,0.35,TN,CORRECTLY_REJECTED_UNKNOWN
202,New_Images,006791.jpg,006791,NONE,Unmasked,UNRECOGNIZED,0.2563,0.35,TN,CORRECTLY_REJECTED_UNKNOWN
203,New_Images,009574.jpg,009574,NONE,Unmasked,NO_FACE_DETECTED,0.0,0.35,TN,No Face Detected by SCRFD
204,New_Images,005054.jpg,005054,NONE,Unmasked,UNRECOGNIZED,0.2313,0.35,TN,CORRECTLY_REJECTED_UNKNOWN
205,New_Images,005193.jpg,005193,NONE,Unmasked,UNRECOGNIZED,0.2064,0.35,TN,CORRECTLY_REJECTED_UNKNOWN
206,New_Images,008612.jpg,008612,NONE,Unmasked,NO_FACE_DETECTED,0.0,0.35,TN,No Face Detected by SCRFD
207,New_Images,008453.jpg,008453,NONE,Unmasked,UNRECOGNIZED,0.2574,0.35,TN,CORRECTLY_REJECTED_UNKNOWN
208,New_Images,006076.jpg,006076,NONE,Unmasked,UNRECOGNIZED,0.2777,0.35,TN,CORRECTLY_REJECTED_UNKNOWN
209,New_Images,009534.jpg,009534,NONE,Unmasked,NO_FACE_DETECTED,0.0,0.35,TN,No Face Detected by SCRFD
210,New_Images,007246.jpg,007246,NONE,Unmasked,UNRECOGNIZED,0.2751,0.35,TN,CORRECTLY_REJECTED_UNKNOWN
211,Masked Images,000065__N95__masked.jpg,000065,N95,N95 Mask,000065,0.8881,0.35,TP,CORRECT_MATCH
212,New_Images,007677.jpg,007677,NONE,Unmasked,UNRECOGNIZED,0.2511,0.35,TN,CORRECTLY_REJECTED_UNKNOWN
213,New_Images,005894.jpg,005894,NONE,Unmasked,UNRECOGNIZED,0.2668,0.35,TN,CORRECTLY_REJECTED_UNKNOWN
214,New_Images,007738.jpg,007738,NONE,Unmasked,UNRECOGNIZED,0.2488,0.35,TN,CORRECTLY_REJECTED_UNKNOWN
215,New_Images,005086.jpg,005086,NONE,Unmasked,UNRECOGNIZED,0.2495,0.35,TN,CORRECTLY_REJECTED_UNKNOWN
216,New_Images,009173.jpg,009173,NONE,Unmasked,UNRECOGNIZED,0.2944,0.35,TN,CORRECTLY_REJECTED_UNKNOWN
217,New_Images,006581.jpg,006581,NONE,Unmasked,UNRECOGNIZED,0.2708,0.35,TN,CORRECTLY_REJECTED_UNKNOWN
218,New_Images,009363.jpg,009363,NONE,Unmasked,UNRECOGNIZED,0.239,0.35,TN,CORRECTLY_REJECTED_UNKNOWN
219,New_Images,008782.jpg,008782,NONE,Unmasked,NO_FACE_DETECTED,0.0,0.35,TN,No Face Detected by SCRFD
220,New_Images,006839.jpg,006839,NONE,Unmasked,UNRECOGNIZED,0.2756,0.35,TN,CORRECTLY_REJECTED_UNKNOWN
221,New_Images,008585.jpg,008585,NONE,Unmasked,UNRECOGNIZED,0.2503,0.35,TN,CORRECTLY_REJECTED_UNKNOWN
222,New_Images,009540.jpg,009540,NONE,Unmasked,UNRECOGNIZED,0.2201,0.35,TN,CORRECTLY_REJECTED_UNKNOWN
223,New_Images,008201.jpg,008201,NONE,Unmasked,UNRECOGNIZED,0.2524,0.35,TN,CORRECTLY_REJECTED_UNKNOWN
224,New_Images,009557.jpg,009557,NONE,Unmasked,UNRECOGNIZED,0.3166,0.35,TN,CORRECTLY_REJECTED_UNKNOWN
225,New_Images,005820.jpg,005820,NONE,Unmasked,UNRECOGNIZED,0.2641,0.35,TN,CORRECTLY_REJECTED_UNKNOWN
226,New_Images,008426.jpg,008426,NONE,Unmasked,UNRECOGNIZED,0.297,0.35,TN,CORRECTLY_REJECTED_UNKNOWN
227,New_Images,008388.jpg,008388,NONE,Unmasked,NO_FACE_DETECTED,0.0,0.35,TN,No Face Detected by SCRFD
228,New_Images,009053.jpg,009053,NONE,Unmasked,UNRECOGNIZED,0.2281,0.35,TN,CORRECTLY_REJECTED_UNKNOWN
229,New_Images,009177.jpg,009177,NONE,Unmasked,UNRECOGNIZED,0.2823,0.35,TN,CORRECTLY_REJECTED_UNKNOWN
230,New_Images,008596.jpg,008596,NONE,Unmasked,UNRECOGNIZED,0.2258,0.35,TN,CORRECTLY_REJECTED_UNKNOWN
231,New_Images,007151.jpg,007151,NONE,Unmasked,UNRECOGNIZED,0.2763,0.35,TN,CORRECTLY_REJECTED_UNKNOWN
232,New_Images,006734.jpg,006734,NONE,Unmasked,NO_FACE_DETECTED,0.0,0.35,TN,No Face Detected by SCRFD
233,New_Images,007986.jpg,007986,NONE,Unmasked,UNRECOGNIZED,0.2237,0.35,TN,CORRECTLY_REJECTED_UNKNOWN
234,New_Images,009046.jpg,009046,NONE,Unmasked,UNRECOGNIZED,0.3139,0.35,TN,CORRECTLY_REJECTED_UNKNOWN
235,New_Images,006910.jpg,006910,NONE,Unmasked,NO_FACE_DETECTED,0.0,0.35,TN,No Face Detected by SCRFD
236,New_Images,005637.jpg,005637,NONE,Unmasked,UNRECOGNIZED,0.2176,0.35,TN,CORRECTLY_REJECTED_UNKNOWN
237,New_Images,008056.jpg,008056,NONE,Unmasked,NO_FACE_DETECTED,0.0,0.35,TN,No Face Detected by SCRFD
238,New_Images,008710.jpg,008710,NONE,Unmasked,UNRECOGNIZED,0.2582,0.35,TN,CORRECTLY_REJECTED_UNKNOWN
239,Masked Images,000558__K95__masked.jpg,000558,K95,KN95 Mask,000558,0.9612,0.35,TP,CORRECT_MATCH
240,New_Images,007991.jpg,007991,NONE,Unmasked,UNRECOGNIZED,0.2274,0.35,TN,CORRECTLY_REJECTED_UNKNOWN
241,New_Images,009569.jpg,009569,NONE,Unmasked,NO_FACE_DETECTED,0.0,0.35,TN,No Face Detected by SCRFD
242,New_Images,008787.jpg,008787,NONE,Unmasked,UNRECOGNIZED,0.3025,0.35,TN,CORRECTLY_REJECTED_UNKNOWN
243,New_Images,007423.jpg,007423,NONE,Unmasked,NO_FACE_DETECTED,0.0,0.35,TN,No Face Detected by SCRFD
244,New_Images,005466.jpg,005466,NONE,Unmasked,UNRECOGNIZED,0.2277,0.35,TN,CORRECTLY_REJECTED_UNKNOWN
245,New_Images,005754.jpg,005754,NONE,Unmasked,UNRECOGNIZED,0.2298,0.35,TN,CORRECTLY_REJECTED_UNKNOWN
246,Masked Images,000256__CLT__masked.jpg,000256,CLT,Cloth Mask,000256,0.921,0.35,TP,CORRECT_MATCH
247,New_Images,007088.jpg,007088,NONE,Unmasked,UNRECOGNIZED,0.2552,0.35,TN,CORRECTLY_REJECTED_UNKNOWN
248,New_Images,006477.jpg,006477,NONE,Unmasked,NO_FACE_DETECTED,0.0,0.35,TN,No Face Detected by SCRFD
249,New_Images,006601.jpg,006601,NONE,Unmasked,NO_FACE_DETECTED,0.0,0.35,TN,No Face Detected by SCRFD
250,New_Images,007974.jpg,007974,NONE,Unmasked,UNRECOGNIZED,0.2528,0.35,TN,CORRECTLY_REJECTED_UNKNOWN
251,Masked Images,001138__CLT__masked.jpg,001138,CLT,Cloth Mask,001138,0.9401,0.35,TP,CORRECT_MATCH
252,New_Images,008414.jpg,008414,NONE,Unmasked,NO_FACE_DETECTED,0.0,0.35,TN,No Face Detected by SCRFD
253,New_Images,007377.jpg,007377,NONE,Unmasked,NO_FACE_DETECTED,0.0,0.35,TN,No Face Detected by SCRFD
254,Masked Images,000379__CLT__masked.jpg,000379,CLT,Cloth Mask,000379,0.9069,0.35,TP,CORRECT_MATCH
255,Masked Images,000019__N95__masked.jpg,000019,N95,N95 Mask,000019,0.8916,0.35,TP,CORRECT_MATCH
256,New_Images,009061.jpg,009061,NONE,Unmasked,UNRECOGNIZED,0.2401,0.35,TN,CORRECTLY_REJECTED_UNKNOWN
257,New_Images,007969.jpg,007969,NONE,Unmasked,UNRECOGNIZED,0.2498,0.35,TN,CORRECTLY_REJECTED_UNKNOWN
258,New_Images,008454.jpg,008454,NONE,Unmasked,NO_FACE_DETECTED,0.0,0.35,TN,No Face Detected by SCRFD
259,Masked Images,000618__GAS__masked.jpg,000618,GAS,Gas Mask,000618,0.9004,0.35,TP,CORRECT_MATCH
260,New_Images,007223.jpg,007223,NONE,Unmasked,UNRECOGNIZED,0.3305,0.35,TN,CORRECTLY_REJECTED_UNKNOWN
261,Masked Images,000385__GAS__masked.jpg,000385,GAS,Gas Mask,000385,0.8562,0.35,TP,CORRECT_MATCH
262,New_Images,005449.jpg,005449,NONE,Unmasked,UNRECOGNIZED,0.2862,0.35,TN,CORRECTLY_REJECTED_UNKNOWN
263,New_Images,006820.jpg,006820,NONE,Unmasked,UNRECOGNIZED,0.2066,0.35,TN,CORRECTLY_REJECTED_UNKNOWN
264,New_Images,007769.jpg,007769,NONE,Unmasked,NO_FACE_DETECTED,0.0,0.35,TN,No Face Detected by SCRFD
265,New_Images,007796.jpg,007796,NONE,Unmasked,NO_FACE_DETECTED,0.0,0.35,TN,No Face Detected by SCRFD
266,New_Images,008072.jpg,008072,NONE,Unmasked,NO_FACE_DETECTED,0.0,0.35,TN,No Face Detected by SCRFD
267,New_Images,008296.jpg,008296,NONE,Unmasked,NO_FACE_DETECTED,0.0,0.35,TN,No Face Detected by SCRFD
268,New_Images,009466.jpg,009466,NONE,Unmasked,UNRECOGNIZED,0.2819,0.35,TN,CORRECTLY_REJECTED_UNKNOWN
269,New_Images,008315.jpg,008315,NONE,Unmasked,002581,0.3617,0.35,FP,MISIDENTIFIED_AS_002581
270,Masked Images,001011__N95__masked.jpg,001011,N95,N95 Mask,001011,0.7933,0.35,TP,CORRECT_MATCH
271,Masked Images,000887__GAS__masked.jpg,000887,GAS,Gas Mask,000887,0.8968,0.35,TP,CORRECT_MATCH
272,New_Images,006685.jpg,006685,NONE,Unmasked,NO_FACE_DETECTED,0.0,0.35,TN,No Face Detected by SCRFD
273,Masked Images,000789__CLT__masked.jpg,000789,CLT,Cloth Mask,000789,0.9323,0.35,TP,CORRECT_MATCH
274,New_Images,007361.jpg,007361,NONE,Unmasked,UNRECOGNIZED,0.2611,0.35,TN,CORRECTLY_REJECTED_UNKNOWN
275,Masked Images,000303__GAS__masked.jpg,000303,GAS,Gas Mask,000303,0.9103,0.35,TP,CORRECT_MATCH
276,New_Images,007922.jpg,007922,NONE,Unmasked,NO_FACE_DETECTED,0.0,0.35,TN,No Face Detected by SCRFD
277,Masked Images,000707__N95__masked.jpg,000707,N95,N95 Mask,000707,0.6414,0.35,TP,CORRECT_MATCH
278,New_Images,007079.jpg,007079,NONE,Unmasked,UNRECOGNIZED,0.2518,0.35,TN,CORRECTLY_REJECTED_UNKNOWN
279,New_Images,008902.jpg,008902,NONE,Unmasked,UNRECOGNIZED,0.2251,0.35,TN,CORRECTLY_REJECTED_UNKNOWN
280,New_Images,005936.jpg,005936,NONE,Unmasked,UNRECOGNIZED,0.2394,0.35,TN,CORRECTLY_REJECTED_UNKNOWN
281,New_Images,009112.jpg,009112,NONE,Unmasked,UNRECOGNIZED,0.21,0.35,TN,CORRECTLY_REJECTED_UNKNOWN
282,New_Images,006105.jpg,006105,NONE,Unmasked,UNRECOGNIZED,0.2357,0.35,TN,CORRECTLY_REJECTED_UNKNOWN
283,New_Images,006923.jpg,006923,NONE,Unmasked,UNRECOGNIZED,0.2582,0.35,TN,CORRECTLY_REJECTED_UNKNOWN
284,New_Images,006723.jpg,006723,NONE,Unmasked,NO_FACE_DETECTED,0.0,0.35,TN,No Face Detected by SCRFD
285,New_Images,009421.jpg,009421,NONE,Unmasked,UNRECOGNIZED,0.2467,0.35,TN,CORRECTLY_REJECTED_UNKNOWN
286,Masked Images,000962__K95__masked.jpg,000962,K95,KN95 Mask,000962,0.9549,0.35,TP,CORRECT_MATCH
287,New_Images,006300.jpg,006300,NONE,Unmasked,UNRECOGNIZED,0.2489,0.35,TN,CORRECTLY_REJECTED_UNKNOWN
288,New_Images,006551.jpg,006551,NONE,Unmasked,UNRECOGNIZED,0.2462,0.35,TN,CORRECTLY_REJECTED_UNKNOWN
289,New_Images,006571.jpg,006571,NONE,Unmasked,UNRECOGNIZED,0.2635,0.35,TN,CORRECTLY_REJECTED_UNKNOWN
290,New_Images,009090.jpg,009090,NONE,Unmasked,UNRECOGNIZED,0.2368,0.35,TN,CORRECTLY_REJECTED_UNKNOWN
291,New_Images,009157.jpg,009157,NONE,Unmasked,UNRECOGNIZED,0.2454,0.35,TN,CORRECTLY_REJECTED_UNKNOWN
292,Masked Images,000756__SUR__masked.jpg,000756,SUR,Surgical Mask,000756,0.8936,0.35,TP,CORRECT_MATCH
293,New_Images,009044.jpg,009044,NONE,Unmasked,NO_FACE_DETECTED,0.0,0.35,TN,No Face Detected by SCRFD
294,New_Images,007256.jpg,007256,NONE,Unmasked,UNRECOGNIZED,0.2373,0.35,TN,CORRECTLY_REJECTED_UNKNOWN
295,New_Images,005437.jpg,005437,NONE,Unmasked,UNRECOGNIZED,0.2363,0.35,TN,CORRECTLY_REJECTED_UNKNOWN
296,New_Images,007081.jpg,007081,NONE,Unmasked,NO_FACE_DETECTED,0.0,0.35,TN,No Face Detected by SCRFD
297,New_Images,007803.jpg,007803,NONE,Unmasked,UNRECOGNIZED,0.2247,0.35,TN,CORRECTLY_REJECTED_UNKNOWN
298,New_Images,005834.jpg,005834,NONE,Unmasked,UNRECOGNIZED,0.2082,0.35,TN,CORRECTLY_REJECTED_UNKNOWN
299,New_Images,007802.jpg,007802,NONE,Unmasked,UNRECOGNIZED,0.2186,0.35,TN,CORRECTLY_REJECTED_UNKNOWN
300,New_Images,005712.jpg,005712,NONE,Unmasked,UNRECOGNIZED,0.2518,0.35,TN,CORRECTLY_REJECTED_UNKNOWN
301,New_Images,007906.jpg,007906,NONE,Unmasked,UNRECOGNIZED,0.2373,0.35,TN,CORRECTLY_REJECTED_UNKNOWN
302,New_Images,008193.jpg,008193,NONE,Unmasked,UNRECOGNIZED,0.2374,0.35,TN,CORRECTLY_REJECTED_UNKNOWN
303,New_Images,006611.jpg,006611,NONE,Unmasked,UNRECOGNIZED,0.2426,0.35,TN,CORRECTLY_REJECTED_UNKNOWN
304,New_Images,009210.jpg,009210,NONE,Unmasked,NO_FACE_DETECTED,0.0,0.35,TN,No Face Detected by SCRFD
305,New_Images,006430.jpg,006430,NONE,Unmasked,UNRECOGNIZED,0.2737,0.35,TN,CORRECTLY_REJECTED_UNKNOWN
306,New_Images,007086.jpg,007086,NONE,Unmasked,UNRECOGNIZED,0.2253,0.35,TN,CORRECTLY_REJECTED_UNKNOWN
307,Masked Images,000101__N95__masked.jpg,000101,N95,N95 Mask,000101,0.9047,0.35,TP,CORRECT_MATCH
308,New_Images,009276.jpg,009276,NONE,Unmasked,NO_FACE_DETECTED,0.0,0.35,TN,No Face Detected by SCRFD
309,New_Images,005248.jpg,005248,NONE,Unmasked,UNRECOGNIZED,0.2482,0.35,TN,CORRECTLY_REJECTED_UNKNOWN
310,New_Images,007290.jpg,007290,NONE,Unmasked,UNRECOGNIZED,0.2393,0.35,TN,CORRECTLY_REJECTED_UNKNOWN
311,New_Images,006695.jpg,006695,NONE,Unmasked,UNRECOGNIZED,0.2625,0.35,TN,CORRECTLY_REJECTED_UNKNOWN
312,New_Images,006014.jpg,006014,NONE,Unmasked,UNRECOGNIZED,0.2586,0.35,TN,CORRECTLY_REJECTED_UNKNOWN
313,New_Images,005138.jpg,005138,NONE,Unmasked,NO_FACE_DETECTED,0.0,0.35,TN,No Face Detected by SCRFD
314,Masked Images,000525__SUR__masked.jpg,000525,SUR,Surgical Mask,000525,0.8438,0.35,TP,CORRECT_MATCH
315,Masked Images,000543__CLT__masked.jpg,000543,CLT,Cloth Mask,000543,0.847,0.35,TP,CORRECT_MATCH
316,New_Images,006409.jpg,006409,NONE,Unmasked,NO_FACE_DETECTED,0.0,0.35,TN,No Face Detected by SCRFD
317,New_Images,008723.jpg,008723,NONE,Unmasked,UNRECOGNIZED,0.236,0.35,TN,CORRECTLY_REJECTED_UNKNOWN
318,Masked Images,000562__N95__masked.jpg,000562,N95,N95 Mask,000562,0.9234,0.35,TP,CORRECT_MATCH
319,New_Images,007288.jpg,007288,NONE,Unmasked,UNRECOGNIZED,0.265,0.35,TN,CORRECTLY_REJECTED_UNKNOWN
320,New_Images,005209.jpg,005209,NONE,Unmasked,UNRECOGNIZED,0.3007,0.35,TN,CORRECTLY_REJECTED_UNKNOWN
321,New_Images,008638.jpg,008638,NONE,Unmasked,UNRECOGNIZED,0.2273,0.35,TN,CORRECTLY_REJECTED_UNKNOWN
322,New_Images,006375.jpg,006375,NONE,Unmasked,UNRECOGNIZED,0.2471,0.35,TN,CORRECTLY_REJECTED_UNKNOWN
323,New_Images,007779.jpg,007779,NONE,Unmasked,UNRECOGNIZED,0.2573,0.35,TN,CORRECTLY_REJECTED_UNKNOWN
324,Masked Images,000408__K95__masked.jpg,000408,K95,KN95 Mask,000408,0.9518,0.35,TP,CORRECT_MATCH
325,New_Images,009226.jpg,009226,NONE,Unmasked,NO_FACE_DETECTED,0.0,0.35,TN,No Face Detected by SCRFD
326,New_Images,007410.jpg,007410,NONE,Unmasked,UNRECOGNIZED,0.251,0.35,TN,CORRECTLY_REJECTED_UNKNOWN
327,New_Images,008113.jpg,008113,NONE,Unmasked,UNRECOGNIZED,0.2287,0.35,TN,CORRECTLY_REJECTED_UNKNOWN
328,New_Images,005881.jpg,005881,NONE,Unmasked,UNRECOGNIZED,0.2638,0.35,TN,CORRECTLY_REJECTED_UNKNOWN
329,New_Images,007518.jpg,007518,NONE,Unmasked,NO_FACE_DETECTED,0.0,0.35,TN,No Face Detected by SCRFD
330,New_Images,007334.jpg,007334,NONE,Unmasked,NO_FACE_DETECTED,0.0,0.35,TN,No Face Detected by SCRFD
331,New_Images,006417.jpg,006417,NONE,Unmasked,UNRECOGNIZED,0.3081,0.35,TN,CORRECTLY_REJECTED_UNKNOWN
332,New_Images,007203.jpg,007203,NONE,Unmasked,UNRECOGNIZED,0.2108,0.35,TN,CORRECTLY_REJECTED_UNKNOWN
333,New_Images,005722.jpg,005722,NONE,Unmasked,UNRECOGNIZED,0.2419,0.35,TN,CORRECTLY_REJECTED_UNKNOWN
334,Masked Images,001081__CLT__masked.jpg,001081,CLT,Cloth Mask,001081,0.9298,0.35,TP,CORRECT_MATCH
335,New_Images,008797.jpg,008797,NONE,Unmasked,UNRECOGNIZED,0.2472,0.35,TN,CORRECTLY_REJECTED_UNKNOWN
336,New_Images,005521.jpg,005521,NONE,Unmasked,UNRECOGNIZED,0.2698,0.35,TN,CORRECTLY_REJECTED_UNKNOWN
337,New_Images,005639.jpg,005639,NONE,Unmasked,UNRECOGNIZED,0.2893,0.35,TN,CORRECTLY_REJECTED_UNKNOWN
338,New_Images,006958.jpg,006958,NONE,Unmasked,UNRECOGNIZED,0.3107,0.35,TN,CORRECTLY_REJECTED_UNKNOWN
339,Masked Images,000401__SUR__masked.jpg,000401,SUR,Surgical Mask,000401,0.8632,0.35,TP,CORRECT_MATCH
340,New_Images,007227.jpg,007227,NONE,Unmasked,UNRECOGNIZED,0.2373,0.35,TN,CORRECTLY_REJECTED_UNKNOWN
341,New_Images,006421.jpg,006421,NONE,Unmasked,UNRECOGNIZED,0.2217,0.35,TN,CORRECTLY_REJECTED_UNKNOWN
342,New_Images,005541.jpg,005541,NONE,Unmasked,UNRECOGNIZED,0.2612,0.35,TN,CORRECTLY_REJECTED_UNKNOWN
343,Masked Images,000290__K95__masked.jpg,000290,K95,KN95 Mask,000290,0.9266,0.35,TP,CORRECT_MATCH
344,New_Images,007442.jpg,007442,NONE,Unmasked,UNRECOGNIZED,0.2301,0.35,TN,CORRECTLY_REJECTED_UNKNOWN
345,New_Images,008560.jpg,008560,NONE,Unmasked,NO_FACE_DETECTED,0.0,0.35,TN,No Face Detected by SCRFD
346,New_Images,005525.jpg,005525,NONE,Unmasked,NO_FACE_DETECTED,0.0,0.35,TN,No Face Detected by SCRFD
347,New_Images,007233.jpg,007233,NONE,Unmasked,UNRECOGNIZED,0.2446,0.35,TN,CORRECTLY_REJECTED_UNKNOWN
348,Masked Images,000095__SUR__masked.jpg,000095,SUR,Surgical Mask,000095,0.89,0.35,TP,CORRECT_MATCH
349,New_Images,007985.jpg,007985,NONE,Unmasked,UNRECOGNIZED,0.2406,0.35,TN,CORRECTLY_REJECTED_UNKNOWN
350,New_Images,008913.jpg,008913,NONE,Unmasked,NO_FACE_DETECTED,0.0,0.35,TN,No Face Detected by SCRFD
351,New_Images,008576.jpg,008576,NONE,Unmasked,UNRECOGNIZED,0.2763,0.35,TN,CORRECTLY_REJECTED_UNKNOWN
352,New_Images,005866.jpg,005866,NONE,Unmasked,UNRECOGNIZED,0.2351,0.35,TN,CORRECTLY_REJECTED_UNKNOWN
353,New_Images,008198.jpg,008198,NONE,Unmasked,UNRECOGNIZED,0.2692,0.35,TN,CORRECTLY_REJECTED_UNKNOWN
354,Masked Images,000808__N95__masked.jpg,000808,N95,N95 Mask,000808,0.8799,0.35,TP,CORRECT_MATCH
355,New_Images,006748.jpg,006748,NONE,Unmasked,NO_FACE_DETECTED,0.0,0.35,TN,No Face Detected by SCRFD
356,New_Images,005414.jpg,005414,NONE,Unmasked,UNRECOGNIZED,0.2453,0.35,TN,CORRECTLY_REJECTED_UNKNOWN
357,New_Images,005112.jpg,005112,NONE,Unmasked,NO_FACE_DETECTED,0.0,0.35,TN,No Face Detected by SCRFD
358,Masked Images,000622__CLT__masked.jpg,000622,CLT,Cloth Mask,000622,0.9012,0.35,TP,CORRECT_MATCH
359,New_Images,007655.jpg,007655,NONE,Unmasked,NO_FACE_DETECTED,0.0,0.35,TN,No Face Detected by SCRFD
360,New_Images,005577.jpg,005577,NONE,Unmasked,NO_FACE_DETECTED,0.0,0.35,TN,No Face Detected by SCRFD
361,New_Images,008768.jpg,008768,NONE,Unmasked,UNRECOGNIZED,0.23,0.35,TN,CORRECTLY_REJECTED_UNKNOWN
362,Masked Images,000877__SUR__masked.jpg,000877,SUR,Surgical Mask,000877,0.9273,0.35,TP,CORRECT_MATCH
363,Masked Images,000039__SUR__masked.jpg,000039,SUR,Surgical Mask,000039,0.9063,0.35,TP,CORRECT_MATCH
364,New_Images,006400.jpg,006400,NONE,Unmasked,NO_FACE_DETECTED,0.0,0.35,TN,No Face Detected by SCRFD
365,Masked Images,000974__GAS__masked.jpg,000974,GAS,Gas Mask,000974,0.8599,0.35,TP,CORRECT_MATCH
366,New_Images,006013.jpg,006013,NONE,Unmasked,NO_FACE_DETECTED,0.0,0.35,TN,No Face Detected by SCRFD
367,New_Images,007486.jpg,007486,NONE,Unmasked,UNRECOGNIZED,0.2523,0.35,TN,CORRECTLY_REJECTED_UNKNOWN
368,Masked Images,000993__CLT__masked.jpg,000993,CLT,Cloth Mask,000993,0.9251,0.35,TP,CORRECT_MATCH
369,New_Images,005784.jpg,005784,NONE,Unmasked,UNRECOGNIZED,0.2711,0.35,TN,CORRECTLY_REJECTED_UNKNOWN
370,New_Images,008889.jpg,008889,NONE,Unmasked,UNRECOGNIZED,0.3001,0.35,TN,CORRECTLY_REJECTED_UNKNOWN
371,New_Images,007520.jpg,007520,NONE,Unmasked,NO_FACE_DETECTED,0.0,0.35,TN,No Face Detected by SCRFD
372,New_Images,005880.jpg,005880,NONE,Unmasked,UNRECOGNIZED,0.2188,0.35,TN,CORRECTLY_REJECTED_UNKNOWN
373,New_Images,007080.jpg,007080,NONE,Unmasked,UNRECOGNIZED,0.2432,0.35,TN,CORRECTLY_REJECTED_UNKNOWN
374,New_Images,006463.jpg,006463,NONE,Unmasked,UNRECOGNIZED,0.255,0.35,TN,CORRECTLY_REJECTED_UNKNOWN
375,New_Images,007927.jpg,007927,NONE,Unmasked,UNRECOGNIZED,0.2406,0.35,TN,CORRECTLY_REJECTED_UNKNOWN
376,New_Images,005318.jpg,005318,NONE,Unmasked,NO_FACE_DETECTED,0.0,0.35,TN,No Face Detected by SCRFD
377,New_Images,007899.jpg,007899,NONE,Unmasked,UNRECOGNIZED,0.2168,0.35,TN,CORRECTLY_REJECTED_UNKNOWN
378,Masked Images,000774__CLT__masked.jpg,000774,CLT,Cloth Mask,000774,0.9369,0.35,TP,CORRECT_MATCH
379,New_Images,007887.jpg,007887,NONE,Unmasked,UNRECOGNIZED,0.256,0.35,TN,CORRECTLY_REJECTED_UNKNOWN
380,New_Images,005533.jpg,005533,NONE,Unmasked,UNRECOGNIZED,0.2314,0.35,TN,CORRECTLY_REJECTED_UNKNOWN
381,New_Images,009568.jpg,009568,NONE,Unmasked,NO_FACE_DETECTED,0.0,0.35,TN,No Face Detected by SCRFD
382,New_Images,009037.jpg,009037,NONE,Unmasked,UNRECOGNIZED,0.2621,0.35,TN,CORRECTLY_REJECTED_UNKNOWN
383,Masked Images,000329__SUR__masked.jpg,000329,SUR,Surgical Mask,000329,0.9255,0.35,TP,CORRECT_MATCH
384,New_Images,006990.jpg,006990,NONE,Unmasked,UNRECOGNIZED,0.315,0.35,TN,CORRECTLY_REJECTED_UNKNOWN
385,New_Images,006507.jpg,006507,NONE,Unmasked,NO_FACE_DETECTED,0.0,0.35,TN,No Face Detected by SCRFD
386,New_Images,006763.jpg,006763,NONE,Unmasked,UNRECOGNIZED,0.2318,0.35,TN,CORRECTLY_REJECTED_UNKNOWN
387,New_Images,009351.jpg,009351,NONE,Unmasked,UNRECOGNIZED,0.2301,0.35,TN,CORRECTLY_REJECTED_UNKNOWN
388,New_Images,005539.jpg,005539,NONE,Unmasked,UNRECOGNIZED,0.2179,0.35,TN,CORRECTLY_REJECTED_UNKNOWN
389,New_Images,006994.jpg,006994,NONE,Unmasked,UNRECOGNIZED,0.2614,0.35,TN,CORRECTLY_REJECTED_UNKNOWN
390,Masked Images,001078__SUR__masked.jpg,001078,SUR,Surgical Mask,001078,0.9127,0.35,TP,CORRECT_MATCH
391,New_Images,006892.jpg,006892,NONE,Unmasked,UNRECOGNIZED,0.2779,0.35,TN,CORRECTLY_REJECTED_UNKNOWN
392,Masked Images,001149__GAS__masked.jpg,001149,GAS,Gas Mask,001149,0.9121,0.35,TP,CORRECT_MATCH
393,New_Images,007417.jpg,007417,NONE,Unmasked,UNRECOGNIZED,0.2729,0.35,TN,CORRECTLY_REJECTED_UNKNOWN
394,New_Images,009122.jpg,009122,NONE,Unmasked,UNRECOGNIZED,0.2496,0.35,TN,CORRECTLY_REJECTED_UNKNOWN
395,Masked Images,001145__SUR__masked.jpg,001145,SUR,Surgical Mask,001145,0.9497,0.35,TP,CORRECT_MATCH
396,New_Images,009470.jpg,009470,NONE,Unmasked,UNRECOGNIZED,0.2691,0.35,TN,CORRECTLY_REJECTED_UNKNOWN
397,New_Images,008505.jpg,008505,NONE,Unmasked,UNRECOGNIZED,0.2394,0.35,TN,CORRECTLY_REJECTED_UNKNOWN
398,New_Images,005870.jpg,005870,NONE,Unmasked,UNRECOGNIZED,0.2438,0.35,TN,CORRECTLY_REJECTED_UNKNOWN
399,Masked Images,000090__SUR__masked.jpg,000090,SUR,Surgical Mask,000090,0.9237,0.35,TP,CORRECT_MATCH
400,New_Images,005117.jpg,005117,NONE,Unmasked,NO_FACE_DETECTED,0.0,0.35,TN,No Face Detected by SCRFD
401,New_Images,008950.jpg,008950,NONE,Unmasked,NO_FACE_DETECTED,0.0,0.35,TN,No Face Detected by SCRFD
402,New_Images,006592.jpg,006592,NONE,Unmasked,UNRECOGNIZED,0.2521,0.35,TN,CORRECTLY_REJECTED_UNKNOWN
403,New_Images,006951.jpg,006951,NONE,Unmasked,NO_FACE_DETECTED,0.0,0.35,TN,No Face Detected by SCRFD
404,Masked Images,000742__N95__masked.jpg,000742,N95,N95 Mask,000742,0.8866,0.35,TP,CORRECT_MATCH
405,New_Images,006692.jpg,006692,NONE,Unmasked,NO_FACE_DETECTED,0.0,0.35,TN,No Face Detected by SCRFD
406,Masked Images,000616__K95__masked.jpg,000616,K95,KN95 Mask,000616,0.9086,0.35,TP,CORRECT_MATCH
407,New_Images,007882.jpg,007882,NONE,Unmasked,UNRECOGNIZED,0.2703,0.35,TN,CORRECTLY_REJECTED_UNKNOWN
408,New_Images,006018.jpg,006018,NONE,Unmasked,UNRECOGNIZED,0.2993,0.35,TN,CORRECTLY_REJECTED_UNKNOWN
409,New_Images,008697.jpg,008697,NONE,Unmasked,UNRECOGNIZED,0.2034,0.35,TN,CORRECTLY_REJECTED_UNKNOWN
410,Masked Images,000070__SUR__masked.jpg,000070,SUR,Surgical Mask,000070,0.9188,0.35,TP,CORRECT_MATCH
411,Masked Images,000025__K95__masked.jpg,000025,K95,KN95 Mask,000025,0.9553,0.35,TP,CORRECT_MATCH
412,New_Images,005800.jpg,005800,NONE,Unmasked,UNRECOGNIZED,0.2598,0.35,TN,CORRECTLY_REJECTED_UNKNOWN
413,New_Images,006899.jpg,006899,NONE,Unmasked,UNRECOGNIZED,0.2377,0.35,TN,CORRECTLY_REJECTED_UNKNOWN
414,New_Images,005517.jpg,005517,NONE,Unmasked,UNRECOGNIZED,0.2061,0.35,TN,CORRECTLY_REJECTED_UNKNOWN
415,Masked Images,000351__N95__masked.jpg,000351,N95,N95 Mask,000351,0.9249,0.35,TP,CORRECT_MATCH
416,Masked Images,000087__K95__masked.jpg,000087,K95,KN95 Mask,000087,0.9298,0.35,TP,CORRECT_MATCH
417,New_Images,008000.jpg,008000,NONE,Unmasked,UNRECOGNIZED,0.2583,0.35,TN,CORRECTLY_REJECTED_UNKNOWN
418,New_Images,006603.jpg,006603,NONE,Unmasked,NO_FACE_DETECTED,0.0,0.35,TN,No Face Detected by SCRFD
419,New_Images,007183.jpg,007183,NONE,Unmasked,UNRECOGNIZED,0.2707,0.35,TN,CORRECTLY_REJECTED_UNKNOWN
420,New_Images,007286.jpg,007286,NONE,Unmasked,UNRECOGNIZED,0.2461,0.35,TN,CORRECTLY_REJECTED_UNKNOWN
421,New_Images,009153.jpg,009153,NONE,Unmasked,NO_FACE_DETECTED,0.0,0.35,TN,No Face Detected by SCRFD
422,New_Images,005851.jpg,005851,NONE,Unmasked,UNRECOGNIZED,0.325,0.35,TN,CORRECTLY_REJECTED_UNKNOWN
423,New_Images,009405.jpg,009405,NONE,Unmasked,NO_FACE_DETECTED,0.0,0.35,TN,No Face Detected by SCRFD
424,New_Images,005102.jpg,005102,NONE,Unmasked,NO_FACE_DETECTED,0.0,0.35,TN,No Face Detected by SCRFD
425,New_Images,007236.jpg,007236,NONE,Unmasked,UNRECOGNIZED,0.241,0.35,TN,CORRECTLY_REJECTED_UNKNOWN
426,Masked Images,000439__SUR__masked.jpg,000439,SUR,Surgical Mask,000439,0.9116,0.35,TP,CORRECT_MATCH
427,New_Images,007456.jpg,007456,NONE,Unmasked,NO_FACE_DETECTED,0.0,0.35,TN,No Face Detected by SCRFD
428,Masked Images,000467__K95__masked.jpg,000467,K95,KN95 Mask,000467,0.9598,0.35,TP,CORRECT_MATCH
429,New_Images,006257.jpg,006257,NONE,Unmasked,UNRECOGNIZED,0.2807,0.35,TN,CORRECTLY_REJECTED_UNKNOWN
430,New_Images,005781.jpg,005781,NONE,Unmasked,UNRECOGNIZED,0.2618,0.35,TN,CORRECTLY_REJECTED_UNKNOWN
431,Masked Images,001065__K95__masked.jpg,001065,K95,KN95 Mask,001065,0.9158,0.35,TP,CORRECT_MATCH
432,New_Images,006274.jpg,006274,NONE,Unmasked,UNRECOGNIZED,0.2698,0.35,TN,CORRECTLY_REJECTED_UNKNOWN
433,New_Images,009341.jpg,009341,NONE,Unmasked,UNRECOGNIZED,0.2991,0.35,TN,CORRECTLY_REJECTED_UNKNOWN
434,New_Images,009165.jpg,009165,NONE,Unmasked,UNRECOGNIZED,0.2656,0.35,TN,CORRECTLY_REJECTED_UNKNOWN
435,New_Images,008068.jpg,008068,NONE,Unmasked,NO_FACE_DETECTED,0.0,0.35,TN,No Face Detected by SCRFD
436,Masked Images,000100__SUR__masked.jpg,000100,SUR,Surgical Mask,000100,0.9299,0.35,TP,CORRECT_MATCH
437,New_Images,005585.jpg,005585,NONE,Unmasked,NO_FACE_DETECTED,0.0,0.35,TN,No Face Detected by SCRFD
438,Masked Images,000673__K95__masked.jpg,000673,K95,KN95 Mask,000673,0.9444,0.35,TP,CORRECT_MATCH
439,New_Images,008033.jpg,008033,NONE,Unmasked,UNRECOGNIZED,0.2566,0.35,TN,CORRECTLY_REJECTED_UNKNOWN
440,New_Images,005854.jpg,005854,NONE,Unmasked,UNRECOGNIZED,0.2802,0.35,TN,CORRECTLY_REJECTED_UNKNOWN
441,New_Images,006869.jpg,006869,NONE,Unmasked,UNRECOGNIZED,0.2216,0.35,TN,CORRECTLY_REJECTED_UNKNOWN
442,New_Images,006972.jpg,006972,NONE,Unmasked,NO_FACE_DETECTED,0.0,0.35,TN,No Face Detected by SCRFD
443,New_Images,007868.jpg,007868,NONE,Unmasked,NO_FACE_DETECTED,0.0,0.35,TN,No Face Detected by SCRFD
444,New_Images,008235.jpg,008235,NONE,Unmasked,UNRECOGNIZED,0.2269,0.35,TN,CORRECTLY_REJECTED_UNKNOWN
445,Masked Images,000660__GAS__masked.jpg,000660,GAS,Gas Mask,000660,0.8571,0.35,TP,CORRECT_MATCH
446,New_Images,005761.jpg,005761,NONE,Unmasked,UNRECOGNIZED,0.2355,0.35,TN,CORRECTLY_REJECTED_UNKNOWN
447,New_Images,006774.jpg,006774,NONE,Unmasked,NO_FACE_DETECTED,0.0,0.35,TN,No Face Detected by SCRFD
448,New_Images,009323.jpg,009323,NONE,Unmasked,NO_FACE_DETECTED,0.0,0.35,TN,No Face Detected by SCRFD
449,New_Images,009139.jpg,009139,NONE,Unmasked,UNRECOGNIZED,0.2696,0.35,TN,CORRECTLY_REJECTED_UNKNOWN
450,Masked Images,000753__K95__masked.jpg,000753,K95,KN95 Mask,000753,0.9304,0.35,TP,CORRECT_MATCH
451,New_Images,006212.jpg,006212,NONE,Unmasked,UNRECOGNIZED,0.2722,0.35,TN,CORRECTLY_REJECTED_UNKNOWN
452,Masked Images,000530__SUR__masked.jpg,000530,SUR,Surgical Mask,000530,0.8545,0.35,TP,CORRECT_MATCH
453,Masked Images,000190__N95__masked.jpg,000190,N95,N95 Mask,000190,0.8437,0.35,TP,CORRECT_MATCH
454,New_Images,008650.jpg,008650,NONE,Unmasked,UNRECOGNIZED,0.2254,0.35,TN,CORRECTLY_REJECTED_UNKNOWN
455,New_Images,009021.jpg,009021,NONE,Unmasked,UNRECOGNIZED,0.2695,0.35,TN,CORRECTLY_REJECTED_UNKNOWN
456,New_Images,006798.jpg,006798,NONE,Unmasked,UNRECOGNIZED,0.2555,0.35,TN,CORRECTLY_REJECTED_UNKNOWN
457,New_Images,005607.jpg,005607,NONE,Unmasked,UNRECOGNIZED,0.2721,0.35,TN,CORRECTLY_REJECTED_UNKNOWN
458,New_Images,006191.jpg,006191,NONE,Unmasked,NO_FACE_DETECTED,0.0,0.35,TN,No Face Detected by SCRFD
459,New_Images,009015.jpg,009015,NONE,Unmasked,NO_FACE_DETECTED,0.0,0.35,TN,No Face Detected by SCRFD
460,New_Images,008622.jpg,008622,NONE,Unmasked,NO_FACE_DETECTED,0.0,0.35,TN,No Face Detected by SCRFD
461,Masked Images,000134__CLT__masked.jpg,000134,CLT,Cloth Mask,000134,0.9144,0.35,TP,CORRECT_MATCH
462,New_Images,007214.jpg,007214,NONE,Unmasked,UNRECOGNIZED,0.2715,0.35,TN,CORRECTLY_REJECTED_UNKNOWN
463,New_Images,008719.jpg,008719,NONE,Unmasked,UNRECOGNIZED,0.2591,0.35,TN,CORRECTLY_REJECTED_UNKNOWN
464,New_Images,008367.jpg,008367,NONE,Unmasked,UNRECOGNIZED,0.2862,0.35,TN,CORRECTLY_REJECTED_UNKNOWN
465,New_Images,008561.jpg,008561,NONE,Unmasked,NO_FACE_DETECTED,0.0,0.35,TN,No Face Detected by SCRFD
466,Masked Images,000515__SUR__masked.jpg,000515,SUR,Surgical Mask,000515,0.9341,0.35,TP,CORRECT_MATCH
467,New_Images,005480.jpg,005480,NONE,Unmasked,UNRECOGNIZED,0.2158,0.35,TN,CORRECTLY_REJECTED_UNKNOWN
468,New_Images,006864.jpg,006864,NONE,Unmasked,NO_FACE_DETECTED,0.0,0.35,TN,No Face Detected by SCRFD
469,New_Images,008757.jpg,008757,NONE,Unmasked,NO_FACE_DETECTED,0.0,0.35,TN,No Face Detected by SCRFD
470,New_Images,005296.jpg,005296,NONE,Unmasked,UNRECOGNIZED,0.2743,0.35,TN,CORRECTLY_REJECTED_UNKNOWN
471,New_Images,006170.jpg,006170,NONE,Unmasked,NO_FACE_DETECTED,0.0,0.35,TN,No Face Detected by SCRFD
472,New_Images,008408.jpg,008408,NONE,Unmasked,UNRECOGNIZED,0.2776,0.35,TN,CORRECTLY_REJECTED_UNKNOWN
473,New_Images,007514.jpg,007514,NONE,Unmasked,UNRECOGNIZED,0.2357,0.35,TN,CORRECTLY_REJECTED_UNKNOWN
474,New_Images,009555.jpg,009555,NONE,Unmasked,UNRECOGNIZED,0.2805,0.35,TN,CORRECTLY_REJECTED_UNKNOWN
475,New_Images,008810.jpg,008810,NONE,Unmasked,UNRECOGNIZED,0.2289,0.35,TN,CORRECTLY_REJECTED_UNKNOWN
476,New_Images,008393.jpg,008393,NONE,Unmasked,UNRECOGNIZED,0.2524,0.35,TN,CORRECTLY_REJECTED_UNKNOWN
477,Masked Images,000400__GAS__masked.jpg,000400,GAS,Gas Mask,000400,0.8409,0.35,TP,CORRECT_MATCH
478,Masked Images,000916__K95__masked.jpg,000916,K95,KN95 Mask,000916,0.9279,0.35,TP,CORRECT_MATCH
479,Masked Images,000148__SUR__masked.jpg,000148,SUR,Surgical Mask,000148,0.9284,0.35,TP,CORRECT_MATCH
480,New_Images,007033.jpg,007033,NONE,Unmasked,UNRECOGNIZED,0.2904,0.35,TN,CORRECTLY_REJECTED_UNKNOWN
481,New_Images,005444.jpg,005444,NONE,Unmasked,NO_FACE_DETECTED,0.0,0.35,TN,No Face Detected by SCRFD
482,New_Images,007654.jpg,007654,NONE,Unmasked,NO_FACE_DETECTED,0.0,0.35,TN,No Face Detected by SCRFD
483,New_Images,005885.jpg,005885,NONE,Unmasked,UNRECOGNIZED,0.296,0.35,TN,CORRECTLY_REJECTED_UNKNOWN
484,New_Images,006848.jpg,006848,NONE,Unmasked,NO_FACE_DETECTED,0.0,0.35,TN,No Face Detected by SCRFD
485,New_Images,007406.jpg,007406,NONE,Unmasked,NO_FACE_DETECTED,0.0,0.35,TN,No Face Detected by SCRFD
486,New_Images,007576.jpg,007576,NONE,Unmasked,UNRECOGNIZED,0.2312,0.35,TN,CORRECTLY_REJECTED_UNKNOWN
487,New_Images,008704.jpg,008704,NONE,Unmasked,UNRECOGNIZED,0.23,0.35,TN,CORRECTLY_REJECTED_UNKNOWN
488,New_Images,007530.jpg,007530,NONE,Unmasked,NO_FACE_DETECTED,0.0,0.35,TN,No Face Detected by SCRFD
489,Masked Images,000476__N95__masked.jpg,000476,N95,N95 Mask,000476,0.8583,0.35,TP,CORRECT_MATCH
490,Masked Images,000250__K95__masked.jpg,000250,K95,KN95 Mask,000250,0.9614,0.35,TP,CORRECT_MATCH
491,Masked Images,000494__GAS__masked.jpg,000494,GAS,Gas Mask,000494,0.8544,0.35,TP,CORRECT_MATCH
492,New_Images,009228.jpg,009228,NONE,Unmasked,NO_FACE_DETECTED,0.0,0.35,TN,No Face Detected by SCRFD
493,New_Images,008109.jpg,008109,NONE,Unmasked,UNRECOGNIZED,0.2616,0.35,TN,CORRECTLY_REJECTED_UNKNOWN
494,New_Images,009567.jpg,009567,NONE,Unmasked,NO_FACE_DETECTED,0.0,0.35,TN,No Face Detected by SCRFD
495,New_Images,007179.jpg,007179,NONE,Unmasked,UNRECOGNIZED,0.2494,0.35,TN,CORRECTLY_REJECTED_UNKNOWN
496,New_Images,009386.jpg,009386,NONE,Unmasked,UNRECOGNIZED,0.2078,0.35,TN,CORRECTLY_REJECTED_UNKNOWN
497,New_Images,008885.jpg,008885,NONE,Unmasked,NO_FACE_DETECTED,0.0,0.35,TN,No Face Detected by SCRFD
498,Masked Images,000110__SUR__masked.jpg,000110,SUR,Surgical Mask,000110,0.8705,0.35,TP,CORRECT_MATCH
499,New_Images,009240.jpg,009240,NONE,Unmasked,UNRECOGNIZED,0.2865,0.35,TN,CORRECTLY_REJECTED_UNKNOWN
500,New_Images,006619.jpg,006619,NONE,Unmasked,NO_FACE_DETECTED,0.0,0.35,TN,No Face Detected by SCRFD
501,New_Images,008581.jpg,008581,NONE,Unmasked,NO_FACE_DETECTED,0.0,0.35,TN,No Face Detected by SCRFD
502,Masked Images,000204__GAS__masked.jpg,000204,GAS,Gas Mask,000204,0.8801,0.35,TP,CORRECT_MATCH
503,Masked Images,000935__N95__masked.jpg,000935,N95,N95 Mask,000935,0.8791,0.35,TP,CORRECT_MATCH
504,New_Images,006931.jpg,006931,NONE,Unmasked,UNRECOGNIZED,0.2312,0.35,TN,CORRECTLY_REJECTED_UNKNOWN
505,New_Images,009487.jpg,009487,NONE,Unmasked,UNRECOGNIZED,0.2394,0.35,TN,CORRECTLY_REJECTED_UNKNOWN
506,New_Images,005329.jpg,005329,NONE,Unmasked,UNRECOGNIZED,0.2259,0.35,TN,CORRECTLY_REJECTED_UNKNOWN
507,New_Images,007335.jpg,007335,NONE,Unmasked,UNRECOGNIZED,0.2673,0.35,TN,CORRECTLY_REJECTED_UNKNOWN
508,New_Images,008630.jpg,008630,NONE,Unmasked,UNRECOGNIZED,0.2536,0.35,TN,CORRECTLY_REJECTED_UNKNOWN
509,Masked Images,000023__SUR__masked.jpg,000023,SUR,Surgical Mask,000023,0.921,0.35,TP,CORRECT_MATCH
510,New_Images,007082.jpg,007082,NONE,Unmasked,UNRECOGNIZED,0.2838,0.35,TN,CORRECTLY_REJECTED_UNKNOWN
511,New_Images,005402.jpg,005402,NONE,Unmasked,NO_FACE_DETECTED,0.0,0.35,TN,No Face Detected by SCRFD
512,New_Images,007792.jpg,007792,NONE,Unmasked,UNRECOGNIZED,0.26,0.35,TN,CORRECTLY_REJECTED_UNKNOWN
513,New_Images,008671.jpg,008671,NONE,Unmasked,UNRECOGNIZED,0.2784,0.35,TN,CORRECTLY_REJECTED_UNKNOWN
514,New_Images,009124.jpg,009124,NONE,Unmasked,UNRECOGNIZED,0.2538,0.35,TN,CORRECTLY_REJECTED_UNKNOWN
515,New_Images,007978.jpg,007978,NONE,Unmasked,UNRECOGNIZED,0.2083,0.35,TN,CORRECTLY_REJECTED_UNKNOWN
516,New_Images,006304.jpg,006304,NONE,Unmasked,UNRECOGNIZED,0.2599,0.35,TN,CORRECTLY_REJECTED_UNKNOWN
517,New_Images,005992.jpg,005992,NONE,Unmasked,NO_FACE_DETECTED,0.0,0.35,TN,No Face Detected by SCRFD
518,New_Images,009602.jpg,009602,NONE,Unmasked,UNRECOGNIZED,0.2762,0.35,TN,CORRECTLY_REJECTED_UNKNOWN
519,New_Images,009616.jpg,009616,NONE,Unmasked,UNRECOGNIZED,0.2898,0.35,TN,CORRECTLY_REJECTED_UNKNOWN
520,New_Images,006889.jpg,006889,NONE,Unmasked,UNRECOGNIZED,0.2422,0.35,TN,CORRECTLY_REJECTED_UNKNOWN
521,Masked Images,001131__N95__masked.jpg,001131,N95,N95 Mask,001131,0.6172,0.35,TP,CORRECT_MATCH
522,New_Images,005638.jpg,005638,NONE,Unmasked,UNRECOGNIZED,0.3134,0.35,TN,CORRECTLY_REJECTED_UNKNOWN
523,New_Images,008666.jpg,008666,NONE,Unmasked,UNRECOGNIZED,0.3226,0.35,TN,CORRECTLY_REJECTED_UNKNOWN
524,New_Images,009144.jpg,009144,NONE,Unmasked,NO_FACE_DETECTED,0.0,0.35,TN,No Face Detected by SCRFD
525,Masked Images,000547__K95__masked.jpg,000547,K95,KN95 Mask,000547,0.7003,0.35,TP,CORRECT_MATCH
526,New_Images,007646.jpg,007646,NONE,Unmasked,NO_FACE_DETECTED,0.0,0.35,TN,No Face Detected by SCRFD
527,New_Images,008886.jpg,008886,NONE,Unmasked,UNRECOGNIZED,0.2818,0.35,TN,CORRECTLY_REJECTED_UNKNOWN
528,New_Images,007929.jpg,007929,NONE,Unmasked,NO_FACE_DETECTED,0.0,0.35,TN,No Face Detected by SCRFD
529,New_Images,006919.jpg,006919,NONE,Unmasked,UNRECOGNIZED,0.2114,0.35,TN,CORRECTLY_REJECTED_UNKNOWN
530,Masked Images,000246__CLT__masked.jpg,000246,CLT,Cloth Mask,000246,0.8674,0.35,TP,CORRECT_MATCH
531,New_Images,008932.jpg,008932,NONE,Unmasked,NO_FACE_DETECTED,0.0,0.35,TN,No Face Detected by SCRFD
532,New_Images,007184.jpg,007184,NONE,Unmasked,UNRECOGNIZED,0.2863,0.35,TN,CORRECTLY_REJECTED_UNKNOWN
533,New_Images,007861.jpg,007861,NONE,Unmasked,UNRECOGNIZED,0.2512,0.35,TN,CORRECTLY_REJECTED_UNKNOWN
534,New_Images,006877.jpg,006877,NONE,Unmasked,NO_FACE_DETECTED,0.0,0.35,TN,No Face Detected by SCRFD
535,Masked Images,000284__N95__masked.jpg,000284,N95,N95 Mask,000284,0.8614,0.35,TP,CORRECT_MATCH
536,New_Images,006770.jpg,006770,NONE,Unmasked,NO_FACE_DETECTED,0.0,0.35,TN,No Face Detected by SCRFD
537,New_Images,005040.jpg,005040,NONE,Unmasked,UNRECOGNIZED,0.2722,0.35,TN,CORRECTLY_REJECTED_UNKNOWN
538,New_Images,005996.jpg,005996,NONE,Unmasked,UNRECOGNIZED,0.2292,0.35,TN,CORRECTLY_REJECTED_UNKNOWN
539,New_Images,009622.jpg,009622,NONE,Unmasked,UNRECOGNIZED,0.2543,0.35,TN,CORRECTLY_REJECTED_UNKNOWN
540,New_Images,007956.jpg,007956,NONE,Unmasked,UNRECOGNIZED,0.2582,0.35,TN,CORRECTLY_REJECTED_UNKNOWN
541,Masked Images,001174__K95__masked.jpg,001174,K95,KN95 Mask,001174,0.9347,0.35,TP,CORRECT_MATCH
542,New_Images,008816.jpg,008816,NONE,Unmasked,NO_FACE_DETECTED,0.0,0.35,TN,No Face Detected by SCRFD
543,Masked Images,000083__CLT__masked.jpg,000083,CLT,Cloth Mask,000083,0.9496,0.35,TP,CORRECT_MATCH
544,New_Images,007659.jpg,007659,NONE,Unmasked,UNRECOGNIZED,0.2585,0.35,TN,CORRECTLY_REJECTED_UNKNOWN
545,Masked Images,000830__CLT__masked.jpg,000830,CLT,Cloth Mask,000830,0.9274,0.35,TP,CORRECT_MATCH
546,New_Images,006260.jpg,006260,NONE,Unmasked,UNRECOGNIZED,0.3377,0.35,TN,CORRECTLY_REJECTED_UNKNOWN
547,Masked Images,000306__K95__masked.jpg,000306,K95,KN95 Mask,000306,0.9597,0.35,TP,CORRECT_MATCH
548,New_Images,007924.jpg,007924,NONE,Unmasked,UNRECOGNIZED,0.2856,0.35,TN,CORRECTLY_REJECTED_UNKNOWN
549,New_Images,007056.jpg,007056,NONE,Unmasked,UNRECOGNIZED,0.2838,0.35,TN,CORRECTLY_REJECTED_UNKNOWN
550,New_Images,008798.jpg,008798,NONE,Unmasked,UNRECOGNIZED,0.257,0.35,TN,CORRECTLY_REJECTED_UNKNOWN
551,New_Images,008641.jpg,008641,NONE,Unmasked,UNRECOGNIZED,0.3279,0.35,TN,CORRECTLY_REJECTED_UNKNOWN
552,Masked Images,000639__CLT__masked.jpg,000639,CLT,Cloth Mask,000639,0.9236,0.35,TP,CORRECT_MATCH
553,New_Images,005469.jpg,005469,NONE,Unmasked,UNRECOGNIZED,0.2477,0.35,TN,CORRECTLY_REJECTED_UNKNOWN
554,New_Images,005345.jpg,005345,NONE,Unmasked,UNRECOGNIZED,0.2462,0.35,TN,CORRECTLY_REJECTED_UNKNOWN
555,New_Images,006528.jpg,006528,NONE,Unmasked,UNRECOGNIZED,0.235,0.35,TN,CORRECTLY_REJECTED_UNKNOWN
556,New_Images,005849.jpg,005849,NONE,Unmasked,NO_FACE_DETECTED,0.0,0.35,TN,No Face Detected by SCRFD
557,New_Images,006710.jpg,006710,NONE,Unmasked,UNRECOGNIZED,0.272,0.35,TN,CORRECTLY_REJECTED_UNKNOWN
558,New_Images,009474.jpg,009474,NONE,Unmasked,NO_FACE_DETECTED,0.0,0.35,TN,No Face Detected by SCRFD
559,New_Images,008343.jpg,008343,NONE,Unmasked,UNRECOGNIZED,0.2179,0.35,TN,CORRECTLY_REJECTED_UNKNOWN
560,Masked Images,001173__N95__masked.jpg,001173,N95,N95 Mask,001173,0.8845,0.35,TP,CORRECT_MATCH
561,New_Images,009361.jpg,009361,NONE,Unmasked,UNRECOGNIZED,0.2226,0.35,TN,CORRECTLY_REJECTED_UNKNOWN
562,Masked Images,000945__N95__masked.jpg,000945,N95,N95 Mask,000945,0.8345,0.35,TP,CORRECT_MATCH
563,New_Images,009132.jpg,009132,NONE,Unmasked,UNRECOGNIZED,0.2623,0.35,TN,CORRECTLY_REJECTED_UNKNOWN
564,New_Images,008920.jpg,008920,NONE,Unmasked,UNRECOGNIZED,0.277,0.35,TN,CORRECTLY_REJECTED_UNKNOWN
565,New_Images,006624.jpg,006624,NONE,Unmasked,UNRECOGNIZED,0.2614,0.35,TN,CORRECTLY_REJECTED_UNKNOWN
566,New_Images,007524.jpg,007524,NONE,Unmasked,UNRECOGNIZED,0.2116,0.35,TN,CORRECTLY_REJECTED_UNKNOWN
567,New_Images,007854.jpg,007854,NONE,Unmasked,UNRECOGNIZED,0.2704,0.35,TN,CORRECTLY_REJECTED_UNKNOWN
568,New_Images,006424.jpg,006424,NONE,Unmasked,UNRECOGNIZED,0.2478,0.35,TN,CORRECTLY_REJECTED_UNKNOWN
569,New_Images,005917.jpg,005917,NONE,Unmasked,UNRECOGNIZED,0.2139,0.35,TN,CORRECTLY_REJECTED_UNKNOWN
570,Masked Images,000170__N95__masked.jpg,000170,N95,N95 Mask,000170,0.7933,0.35,TP,CORRECT_MATCH
571,New_Images,006335.jpg,006335,NONE,Unmasked,UNRECOGNIZED,0.2401,0.35,TN,CORRECTLY_REJECTED_UNKNOWN
572,New_Images,006630.jpg,006630,NONE,Unmasked,UNRECOGNIZED,0.2413,0.35,TN,CORRECTLY_REJECTED_UNKNOWN
573,New_Images,008890.jpg,008890,NONE,Unmasked,UNRECOGNIZED,0.2177,0.35,TN,CORRECTLY_REJECTED_UNKNOWN
574,New_Images,007678.jpg,007678,NONE,Unmasked,UNRECOGNIZED,0.258,0.35,TN,CORRECTLY_REJECTED_UNKNOWN
575,New_Images,006130.jpg,006130,NONE,Unmasked,UNRECOGNIZED,0.2537,0.35,TN,CORRECTLY_REJECTED_UNKNOWN
576,Masked Images,001061__CLT__masked.jpg,001061,CLT,Cloth Mask,001061,0.8303,0.35,TP,CORRECT_MATCH
577,New_Images,005450.jpg,005450,NONE,Unmasked,UNRECOGNIZED,0.2384,0.35,TN,CORRECTLY_REJECTED_UNKNOWN
578,New_Images,006767.jpg,006767,NONE,Unmasked,UNRECOGNIZED,0.2817,0.35,TN,CORRECTLY_REJECTED_UNKNOWN
579,New_Images,007322.jpg,007322,NONE,Unmasked,UNRECOGNIZED,0.2293,0.35,TN,CORRECTLY_REJECTED_UNKNOWN
580,New_Images,007706.jpg,007706,NONE,Unmasked,NO_FACE_DETECTED,0.0,0.35,TN,No Face Detected by SCRFD
581,New_Images,008401.jpg,008401,NONE,Unmasked,UNRECOGNIZED,0.2686,0.35,TN,CORRECTLY_REJECTED_UNKNOWN
582,New_Images,006175.jpg,006175,NONE,Unmasked,UNRECOGNIZED,0.2339,0.35,TN,CORRECTLY_REJECTED_UNKNOWN
583,New_Images,008177.jpg,008177,NONE,Unmasked,NO_FACE_DETECTED,0.0,0.35,TN,No Face Detected by SCRFD
584,New_Images,006001.jpg,006001,NONE,Unmasked,UNRECOGNIZED,0.237,0.35,TN,CORRECTLY_REJECTED_UNKNOWN
585,Masked Images,000217__K95__masked.jpg,000217,K95,KN95 Mask,000217,0.9067,0.35,TP,CORRECT_MATCH
586,New_Images,006040.jpg,006040,NONE,Unmasked,UNRECOGNIZED,0.3057,0.35,TN,CORRECTLY_REJECTED_UNKNOWN
587,New_Images,006966.jpg,006966,NONE,Unmasked,UNRECOGNIZED,0.2125,0.35,TN,CORRECTLY_REJECTED_UNKNOWN
588,New_Images,007200.jpg,007200,NONE,Unmasked,UNRECOGNIZED,0.2702,0.35,TN,CORRECTLY_REJECTED_UNKNOWN
589,New_Images,007919.jpg,007919,NONE,Unmasked,UNRECOGNIZED,0.2395,0.35,TN,CORRECTLY_REJECTED_UNKNOWN
590,New_Images,009303.jpg,009303,NONE,Unmasked,NO_FACE_DETECTED,0.0,0.35,TN,No Face Detected by SCRFD
591,New_Images,008752.jpg,008752,NONE,Unmasked,UNRECOGNIZED,0.2727,0.35,TN,CORRECTLY_REJECTED_UNKNOWN
592,New_Images,008352.jpg,008352,NONE,Unmasked,UNRECOGNIZED,0.269,0.35,TN,CORRECTLY_REJECTED_UNKNOWN
593,New_Images,006068.jpg,006068,NONE,Unmasked,UNRECOGNIZED,0.2392,0.35,TN,CORRECTLY_REJECTED_UNKNOWN
594,Masked Images,000700__GAS__masked.jpg,000700,GAS,Gas Mask,000700,0.7527,0.35,TP,CORRECT_MATCH
595,New_Images,008845.jpg,008845,NONE,Unmasked,UNRECOGNIZED,0.2459,0.35,TN,CORRECTLY_REJECTED_UNKNOWN
596,New_Images,005293.jpg,005293,NONE,Unmasked,UNRECOGNIZED,0.2226,0.35,TN,CORRECTLY_REJECTED_UNKNOWN
597,New_Images,008659.jpg,008659,NONE,Unmasked,NO_FACE_DETECTED,0.0,0.35,TN,No Face Detected by SCRFD
598,New_Images,008032.jpg,008032,NONE,Unmasked,NO_FACE_DETECTED,0.0,0.35,TN,No Face Detected by SCRFD
599,New_Images,006150.jpg,006150,NONE,Unmasked,UNRECOGNIZED,0.2387,0.35,TN,CORRECTLY_REJECTED_UNKNOWN
600,New_Images,008542.jpg,008542,NONE,Unmasked,UNRECOGNIZED,0.244,0.35,TN,CORRECTLY_REJECTED_UNKNOWN
601,New_Images,009234.jpg,009234,NONE,Unmasked,NO_FACE_DETECTED,0.0,0.35,TN,No Face Detected by SCRFD
602,Masked Images,001143__CLT__masked.jpg,001143,CLT,Cloth Mask,001143,0.9176,0.35,TP,CORRECT_MATCH
603,New_Images,005620.jpg,005620,NONE,Unmasked,UNRECOGNIZED,0.2717,0.35,TN,CORRECTLY_REJECTED_UNKNOWN
604,New_Images,008991.jpg,008991,NONE,Unmasked,UNRECOGNIZED,0.2297,0.35,TN,CORRECTLY_REJECTED_UNKNOWN
605,New_Images,009302.jpg,009302,NONE,Unmasked,UNRECOGNIZED,0.2544,0.35,TN,CORRECTLY_REJECTED_UNKNOWN
606,New_Images,005398.jpg,005398,NONE,Unmasked,UNRECOGNIZED,0.2531,0.35,TN,CORRECTLY_REJECTED_UNKNOWN
607,New_Images,005383.jpg,005383,NONE,Unmasked,UNRECOGNIZED,0.297,0.35,TN,CORRECTLY_REJECTED_UNKNOWN
608,New_Images,005348.jpg,005348,NONE,Unmasked,UNRECOGNIZED,0.287,0.35,TN,CORRECTLY_REJECTED_UNKNOWN
609,Masked Images,000332__K95__masked.jpg,000332,K95,KN95 Mask,000332,0.9347,0.35,TP,CORRECT_MATCH
610,New_Images,006360.jpg,006360,NONE,Unmasked,NO_FACE_DETECTED,0.0,0.35,TN,No Face Detected by SCRFD
611,New_Images,007820.jpg,007820,NONE,Unmasked,NO_FACE_DETECTED,0.0,0.35,TN,No Face Detected by SCRFD
612,New_Images,008342.jpg,008342,NONE,Unmasked,UNRECOGNIZED,0.2624,0.35,TN,CORRECTLY_REJECTED_UNKNOWN
613,New_Images,007782.jpg,007782,NONE,Unmasked,UNRECOGNIZED,0.269,0.35,TN,CORRECTLY_REJECTED_UNKNOWN
614,New_Images,006138.jpg,006138,NONE,Unmasked,UNRECOGNIZED,0.232,0.35,TN,CORRECTLY_REJECTED_UNKNOWN
615,New_Images,006236.jpg,006236,NONE,Unmasked,UNRECOGNIZED,0.2549,0.35,TN,CORRECTLY_REJECTED_UNKNOWN
616,New_Images,006081.jpg,006081,NONE,Unmasked,UNRECOGNIZED,0.274,0.35,TN,CORRECTLY_REJECTED_UNKNOWN
617,Masked Images,000046__K95__masked.jpg,000046,K95,KN95 Mask,000046,0.9251,0.35,TP,CORRECT_MATCH
618,New_Images,009375.jpg,009375,NONE,Unmasked,UNRECOGNIZED,0.3108,0.35,TN,CORRECTLY_REJECTED_UNKNOWN
619,New_Images,006023.jpg,006023,NONE,Unmasked,NO_FACE_DETECTED,0.0,0.35,TN,No Face Detected by SCRFD
620,New_Images,008569.jpg,008569,NONE,Unmasked,NO_FACE_DETECTED,0.0,0.35,TN,No Face Detected by SCRFD
621,New_Images,008456.jpg,008456,NONE,Unmasked,UNRECOGNIZED,0.2523,0.35,TN,CORRECTLY_REJECTED_UNKNOWN
622,Masked Images,000014__N95__masked.jpg,000014,N95,N95 Mask,000014,0.9081,0.35,TP,CORRECT_MATCH
623,New_Images,007167.jpg,007167,NONE,Unmasked,UNRECOGNIZED,0.193,0.35,TN,CORRECTLY_REJECTED_UNKNOWN
624,New_Images,005731.jpg,005731,NONE,Unmasked,UNRECOGNIZED,0.2914,0.35,TN,CORRECTLY_REJECTED_UNKNOWN
625,Masked Images,000158__K95__masked.jpg,000158,K95,KN95 Mask,000158,0.8301,0.35,TP,CORRECT_MATCH
626,Masked Images,001147__K95__masked.jpg,001147,K95,KN95 Mask,001147,0.9572,0.35,TP,CORRECT_MATCH
627,Masked Images,000586__CLT__masked.jpg,000586,CLT,Cloth Mask,000586,0.9289,0.35,TP,CORRECT_MATCH
628,New_Images,008610.jpg,008610,NONE,Unmasked,UNRECOGNIZED,0.2265,0.35,TN,CORRECTLY_REJECTED_UNKNOWN
629,Masked Images,000147__GAS__masked.jpg,000147,GAS,Gas Mask,000147,0.8642,0.35,TP,CORRECT_MATCH
630,New_Images,007300.jpg,007300,NONE,Unmasked,UNRECOGNIZED,0.2056,0.35,TN,CORRECTLY_REJECTED_UNKNOWN
631,New_Images,005394.jpg,005394,NONE,Unmasked,UNRECOGNIZED,0.2194,0.35,TN,CORRECTLY_REJECTED_UNKNOWN
632,New_Images,006176.jpg,006176,NONE,Unmasked,UNRECOGNIZED,0.2467,0.35,TN,CORRECTLY_REJECTED_UNKNOWN
633,New_Images,007111.jpg,007111,NONE,Unmasked,UNRECOGNIZED,0.2472,0.35,TN,CORRECTLY_REJECTED_UNKNOWN
634,Masked Images,000034__N95__masked.jpg,000034,N95,N95 Mask,000034,0.8272,0.35,TP,CORRECT_MATCH
635,New_Images,007392.jpg,007392,NONE,Unmasked,NO_FACE_DETECTED,0.0,0.35,TN,No Face Detected by SCRFD
636,New_Images,005259.jpg,005259,NONE,Unmasked,UNRECOGNIZED,0.2744,0.35,TN,CORRECTLY_REJECTED_UNKNOWN
637,New_Images,009273.jpg,009273,NONE,Unmasked,NO_FACE_DETECTED,0.0,0.35,TN,No Face Detected by SCRFD
638,New_Images,006610.jpg,006610,NONE,Unmasked,UNRECOGNIZED,0.2629,0.35,TN,CORRECTLY_REJECTED_UNKNOWN
639,Masked Images,000093__CLT__masked.jpg,000093,CLT,Cloth Mask,000093,0.8344,0.35,TP,CORRECT_MATCH
640,Masked Images,000652__N95__masked.jpg,000652,N95,N95 Mask,000652,0.8693,0.35,TP,CORRECT_MATCH
641,Masked Images,000863__N95__masked.jpg,000863,N95,N95 Mask,000863,0.9184,0.35,TP,CORRECT_MATCH
642,Masked Images,000315__N95__masked.jpg,000315,N95,N95 Mask,000315,0.9344,0.35,TP,CORRECT_MATCH
643,Masked Images,001087__GAS__masked.jpg,001087,GAS,Gas Mask,001087,0.9015,0.35,TP,CORRECT_MATCH
644,New_Images,007960.jpg,007960,NONE,Unmasked,UNRECOGNIZED,0.2141,0.35,TN,CORRECTLY_REJECTED_UNKNOWN
645,New_Images,008437.jpg,008437,NONE,Unmasked,UNRECOGNIZED,0.2345,0.35,TN,CORRECTLY_REJECTED_UNKNOWN
646,Masked Images,001031__SUR__masked.jpg,001031,SUR,Surgical Mask,001031,0.9061,0.35,TP,CORRECT_MATCH
647,Masked Images,001055__K95__masked.jpg,001055,K95,KN95 Mask,001055,0.9523,0.35,TP,CORRECT_MATCH
648,New_Images,008126.jpg,008126,NONE,Unmasked,UNRECOGNIZED,0.2864,0.35,TN,CORRECTLY_REJECTED_UNKNOWN
649,New_Images,009586.jpg,009586,NONE,Unmasked,UNRECOGNIZED,0.2857,0.35,TN,CORRECTLY_REJECTED_UNKNOWN
650,Masked Images,001170__CLT__masked.jpg,001170,CLT,Cloth Mask,001170,0.938,0.35,TP,CORRECT_MATCH
651,New_Images,008646.jpg,008646,NONE,Unmasked,NO_FACE_DETECTED,0.0,0.35,TN,No Face Detected by SCRFD
652,New_Images,009368.jpg,009368,NONE,Unmasked,UNRECOGNIZED,0.2357,0.35,TN,CORRECTLY_REJECTED_UNKNOWN
653,New_Images,008181.jpg,008181,NONE,Unmasked,UNRECOGNIZED,0.2639,0.35,TN,CORRECTLY_REJECTED_UNKNOWN
654,New_Images,008903.jpg,008903,NONE,Unmasked,NO_FACE_DETECTED,0.0,0.35,TN,No Face Detected by SCRFD
655,New_Images,006578.jpg,006578,NONE,Unmasked,NO_FACE_DETECTED,0.0,0.35,TN,No Face Detected by SCRFD
656,New_Images,006090.jpg,006090,NONE,Unmasked,UNRECOGNIZED,0.2449,0.35,TN,CORRECTLY_REJECTED_UNKNOWN
657,New_Images,005774.jpg,005774,NONE,Unmasked,UNRECOGNIZED,0.2778,0.35,TN,CORRECTLY_REJECTED_UNKNOWN
658,New_Images,008379.jpg,008379,NONE,Unmasked,UNRECOGNIZED,0.2903,0.35,TN,CORRECTLY_REJECTED_UNKNOWN
659,New_Images,005923.jpg,005923,NONE,Unmasked,UNRECOGNIZED,0.2906,0.35,TN,CORRECTLY_REJECTED_UNKNOWN
660,New_Images,007903.jpg,007903,NONE,Unmasked,UNRECOGNIZED,0.2482,0.35,TN,CORRECTLY_REJECTED_UNKNOWN
661,Masked Images,000419__K95__masked.jpg,000419,K95,KN95 Mask,000419,0.9098,0.35,TP,CORRECT_MATCH
662,Masked Images,000441__K95__masked.jpg,000441,K95,KN95 Mask,000441,0.9432,0.35,TP,CORRECT_MATCH
663,New_Images,008482.jpg,008482,NONE,Unmasked,UNRECOGNIZED,0.2448,0.35,TN,CORRECTLY_REJECTED_UNKNOWN
664,Masked Images,001067__GAS__masked.jpg,001067,GAS,Gas Mask,001067,0.9274,0.35,TP,CORRECT_MATCH
665,New_Images,007536.jpg,007536,NONE,Unmasked,UNRECOGNIZED,0.2621,0.35,TN,CORRECTLY_REJECTED_UNKNOWN
666,New_Images,005207.jpg,005207,NONE,Unmasked,NO_FACE_DETECTED,0.0,0.35,TN,No Face Detected by SCRFD
667,New_Images,008606.jpg,008606,NONE,Unmasked,NO_FACE_DETECTED,0.0,0.35,TN,No Face Detected by SCRFD
668,New_Images,005502.jpg,005502,NONE,Unmasked,UNRECOGNIZED,0.2362,0.35,TN,CORRECTLY_REJECTED_UNKNOWN
669,New_Images,009499.jpg,009499,NONE,Unmasked,UNRECOGNIZED,0.2435,0.35,TN,CORRECTLY_REJECTED_UNKNOWN
670,New_Images,007926.jpg,007926,NONE,Unmasked,UNRECOGNIZED,0.2507,0.35,TN,CORRECTLY_REJECTED_UNKNOWN
671,Masked Images,000080__SUR__masked.jpg,000080,SUR,Surgical Mask,000080,0.9047,0.35,TP,CORRECT_MATCH
672,New_Images,007039.jpg,007039,NONE,Unmasked,UNRECOGNIZED,0.2646,0.35,TN,CORRECTLY_REJECTED_UNKNOWN
673,New_Images,006185.jpg,006185,NONE,Unmasked,UNRECOGNIZED,0.2919,0.35,TN,CORRECTLY_REJECTED_UNKNOWN
674,New_Images,006838.jpg,006838,NONE,Unmasked,UNRECOGNIZED,0.2766,0.35,TN,CORRECTLY_REJECTED_UNKNOWN
675,Masked Images,000495__SUR__masked.jpg,000495,SUR,Surgical Mask,000495,0.8732,0.35,TP,CORRECT_MATCH
676,New_Images,008669.jpg,008669,NONE,Unmasked,UNRECOGNIZED,0.2132,0.35,TN,CORRECTLY_REJECTED_UNKNOWN
677,Masked Images,000896__K95__masked.jpg,000896,K95,KN95 Mask,000896,0.9406,0.35,TP,CORRECT_MATCH
678,New_Images,007239.jpg,007239,NONE,Unmasked,UNRECOGNIZED,0.2663,0.35,TN,CORRECTLY_REJECTED_UNKNOWN
679,New_Images,009159.jpg,009159,NONE,Unmasked,UNRECOGNIZED,0.2958,0.35,TN,CORRECTLY_REJECTED_UNKNOWN
680,Masked Images,000470__SUR__masked.jpg,000470,SUR,Surgical Mask,000470,0.9096,0.35,TP,CORRECT_MATCH
681,New_Images,005634.jpg,005634,NONE,Unmasked,UNRECOGNIZED,0.2316,0.35,TN,CORRECTLY_REJECTED_UNKNOWN
682,New_Images,005397.jpg,005397,NONE,Unmasked,NO_FACE_DETECTED,0.0,0.35,TN,No Face Detected by SCRFD
683,New_Images,005187.jpg,005187,NONE,Unmasked,UNRECOGNIZED,0.2396,0.35,TN,CORRECTLY_REJECTED_UNKNOWN
684,New_Images,007522.jpg,007522,NONE,Unmasked,UNRECOGNIZED,0.2053,0.35,TN,CORRECTLY_REJECTED_UNKNOWN
685,New_Images,008616.jpg,008616,NONE,Unmasked,NO_FACE_DETECTED,0.0,0.35,TN,No Face Detected by SCRFD
686,New_Images,008718.jpg,008718,NONE,Unmasked,UNRECOGNIZED,0.2544,0.35,TN,CORRECTLY_REJECTED_UNKNOWN
687,Masked Images,000900__N95__masked.jpg,000900,N95,N95 Mask,000900,0.8419,0.35,TP,CORRECT_MATCH
688,New_Images,006911.jpg,006911,NONE,Unmasked,UNRECOGNIZED,0.1969,0.35,TN,CORRECTLY_REJECTED_UNKNOWN
689,New_Images,005322.jpg,005322,NONE,Unmasked,NO_FACE_DETECTED,0.0,0.35,TN,No Face Detected by SCRFD
690,New_Images,005141.jpg,005141,NONE,Unmasked,UNRECOGNIZED,0.2385,0.35,TN,CORRECTLY_REJECTED_UNKNOWN
691,New_Images,007098.jpg,007098,NONE,Unmasked,UNRECOGNIZED,0.2265,0.35,TN,CORRECTLY_REJECTED_UNKNOWN
692,New_Images,007177.jpg,007177,NONE,Unmasked,UNRECOGNIZED,0.2542,0.35,TN,CORRECTLY_REJECTED_UNKNOWN
693,New_Images,007828.jpg,007828,NONE,Unmasked,UNRECOGNIZED,0.2729,0.35,TN,CORRECTLY_REJECTED_UNKNOWN
694,New_Images,007867.jpg,007867,NONE,Unmasked,UNRECOGNIZED,0.2433,0.35,TN,CORRECTLY_REJECTED_UNKNOWN
695,New_Images,005645.jpg,005645,NONE,Unmasked,UNRECOGNIZED,0.3,0.35,TN,CORRECTLY_REJECTED_UNKNOWN
696,Masked Images,000089__GAS__masked.jpg,000089,GAS,Gas Mask,000089,0.7039,0.35,TP,CORRECT_MATCH
697,New_Images,005378.jpg,005378,NONE,Unmasked,NO_FACE_DETECTED,0.0,0.35,TN,No Face Detected by SCRFD
698,Masked Images,000746__SUR__masked.jpg,000746,SUR,Surgical Mask,000746,0.9104,0.35,TP,CORRECT_MATCH
699,Masked Images,000212__K95__masked.jpg,000212,K95,KN95 Mask,000212,0.9279,0.35,TP,CORRECT_MATCH
700,New_Images,008495.jpg,008495,NONE,Unmasked,UNRECOGNIZED,0.245,0.35,TN,CORRECTLY_REJECTED_UNKNOWN
701,New_Images,009130.jpg,009130,NONE,Unmasked,NO_FACE_DETECTED,0.0,0.35,TN,No Face Detected by SCRFD
702,New_Images,008322.jpg,008322,NONE,Unmasked,UNRECOGNIZED,0.2355,0.35,TN,CORRECTLY_REJECTED_UNKNOWN
703,New_Images,009211.jpg,009211,NONE,Unmasked,UNRECOGNIZED,0.189,0.35,TN,CORRECTLY_REJECTED_UNKNOWN
704,Masked Images,000754__CLT__masked.jpg,000754,CLT,Cloth Mask,000754,0.9234,0.35,TP,CORRECT_MATCH
705,New_Images,007816.jpg,007816,NONE,Unmasked,UNRECOGNIZED,0.2471,0.35,TN,CORRECTLY_REJECTED_UNKNOWN
706,New_Images,006735.jpg,006735,NONE,Unmasked,UNRECOGNIZED,0.285,0.35,TN,CORRECTLY_REJECTED_UNKNOWN
707,New_Images,009444.jpg,009444,NONE,Unmasked,UNRECOGNIZED,0.2168,0.35,TN,CORRECTLY_REJECTED_UNKNOWN
708,New_Images,005242.jpg,005242,NONE,Unmasked,UNRECOGNIZED,0.264,0.35,TN,CORRECTLY_REJECTED_UNKNOWN
709,Masked Images,000904__SUR__masked.jpg,000904,SUR,Surgical Mask,000904,0.366,0.35,TP,CORRECT_MATCH
710,Masked Images,000308__GAS__masked.jpg,000308,GAS,Gas Mask,000308,0.6971,0.35,TP,CORRECT_MATCH
711,New_Images,009222.jpg,009222,NONE,Unmasked,NO_FACE_DETECTED,0.0,0.35,TN,No Face Detected by SCRFD
712,New_Images,005189.jpg,005189,NONE,Unmasked,NO_FACE_DETECTED,0.0,0.35,TN,No Face Detected by SCRFD
713,Masked Images,000416__SUR__masked.jpg,000416,SUR,Surgical Mask,000416,0.7772,0.35,TP,CORRECT_MATCH
714,New_Images,006478.jpg,006478,NONE,Unmasked,UNRECOGNIZED,0.273,0.35,TN,CORRECTLY_REJECTED_UNKNOWN
715,New_Images,008625.jpg,008625,NONE,Unmasked,UNRECOGNIZED,0.2554,0.35,TN,CORRECTLY_REJECTED_UNKNOWN
716,New_Images,009561.jpg,009561,NONE,Unmasked,UNRECOGNIZED,0.2559,0.35,TN,CORRECTLY_REJECTED_UNKNOWN
717,Masked Images,001126__N95__masked.jpg,001126,N95,N95 Mask,001126,0.8923,0.35,TP,CORRECT_MATCH
718,Masked Images,000800__GAS__masked.jpg,000800,GAS,Gas Mask,000800,0.8521,0.35,TP,CORRECT_MATCH
719,New_Images,007994.jpg,007994,NONE,Unmasked,UNRECOGNIZED,0.2367,0.35,TN,CORRECTLY_REJECTED_UNKNOWN
720,New_Images,006317.jpg,006317,NONE,Unmasked,NO_FACE_DETECTED,0.0,0.35,TN,No Face Detected by SCRFD
721,New_Images,006843.jpg,006843,NONE,Unmasked,UNRECOGNIZED,0.2516,0.35,TN,CORRECTLY_REJECTED_UNKNOWN
722,New_Images,005423.jpg,005423,NONE,Unmasked,NO_FACE_DETECTED,0.0,0.35,TN,No Face Detected by SCRFD
723,New_Images,005442.jpg,005442,NONE,Unmasked,NO_FACE_DETECTED,0.0,0.35,TN,No Face Detected by SCRFD
724,Masked Images,001129__GAS__masked.jpg,001129,GAS,Gas Mask,001129,0.8819,0.35,TP,CORRECT_MATCH
725,New_Images,005459.jpg,005459,NONE,Unmasked,NO_FACE_DETECTED,0.0,0.35,TN,No Face Detected by SCRFD
726,New_Images,009494.jpg,009494,NONE,Unmasked,NO_FACE_DETECTED,0.0,0.35,TN,No Face Detected by SCRFD
727,Masked Images,000123__K95__masked.jpg,000123,K95,KN95 Mask,000123,0.9679,0.35,TP,CORRECT_MATCH
728,New_Images,005977.jpg,005977,NONE,Unmasked,UNRECOGNIZED,0.2335,0.35,TN,CORRECTLY_REJECTED_UNKNOWN
729,Masked Images,000695__GAS__masked.jpg,000695,GAS,Gas Mask,000695,0.8968,0.35,TP,CORRECT_MATCH
730,Masked Images,000868__N95__masked.jpg,000868,N95,N95 Mask,000868,0.8429,0.35,TP,CORRECT_MATCH
731,New_Images,007842.jpg,007842,NONE,Unmasked,NO_FACE_DETECTED,0.0,0.35,TN,No Face Detected by SCRFD
732,New_Images,006641.jpg,006641,NONE,Unmasked,NO_FACE_DETECTED,0.0,0.35,TN,No Face Detected by SCRFD
733,Masked Images,000664__CLT__masked.jpg,000664,CLT,Cloth Mask,000664,0.8914,0.35,TP,CORRECT_MATCH
734,New_Images,006131.jpg,006131,NONE,Unmasked,NO_FACE_DETECTED,0.0,0.35,TN,No Face Detected by SCRFD
735,New_Images,008663.jpg,008663,NONE,Unmasked,UNRECOGNIZED,0.2606,0.35,TN,CORRECTLY_REJECTED_UNKNOWN
736,New_Images,006716.jpg,006716,NONE,Unmasked,UNRECOGNIZED,0.2404,0.35,TN,CORRECTLY_REJECTED_UNKNOWN
737,New_Images,009052.jpg,009052,NONE,Unmasked,UNRECOGNIZED,0.2521,0.35,TN,CORRECTLY_REJECTED_UNKNOWN
738,Masked Images,000359__GAS__masked.jpg,000359,GAS,Gas Mask,000359,0.8604,0.35,TP,CORRECT_MATCH
739,New_Images,005744.jpg,005744,NONE,Unmasked,UNRECOGNIZED,0.22,0.35,TN,CORRECTLY_REJECTED_UNKNOWN
740,New_Images,007999.jpg,007999,NONE,Unmasked,UNRECOGNIZED,0.2725,0.35,TN,CORRECTLY_REJECTED_UNKNOWN
741,New_Images,006003.jpg,006003,NONE,Unmasked,UNRECOGNIZED,0.2459,0.35,TN,CORRECTLY_REJECTED_UNKNOWN
742,New_Images,008577.jpg,008577,NONE,Unmasked,UNRECOGNIZED,0.325,0.35,TN,CORRECTLY_REJECTED_UNKNOWN
743,New_Images,006777.jpg,006777,NONE,Unmasked,UNRECOGNIZED,0.265,0.35,TN,CORRECTLY_REJECTED_UNKNOWN
744,New_Images,006985.jpg,006985,NONE,Unmasked,UNRECOGNIZED,0.2688,0.35,TN,CORRECTLY_REJECTED_UNKNOWN
745,New_Images,008653.jpg,008653,NONE,Unmasked,NO_FACE_DETECTED,0.0,0.35,TN,No Face Detected by SCRFD
746,New_Images,008839.jpg,008839,NONE,Unmasked,NO_FACE_DETECTED,0.0,0.35,TN,No Face Detected by SCRFD
747,New_Images,007609.jpg,007609,NONE,Unmasked,UNRECOGNIZED,0.2385,0.35,TN,CORRECTLY_REJECTED_UNKNOWN
748,New_Images,007071.jpg,007071,NONE,Unmasked,NO_FACE_DETECTED,0.0,0.35,TN,No Face Detected by SCRFD
749,New_Images,005228.jpg,005228,NONE,Unmasked,UNRECOGNIZED,0.2263,0.35,TN,CORRECTLY_REJECTED_UNKNOWN
750,Masked Images,000074__GAS__masked.jpg,000074,GAS,Gas Mask,000074,0.8016,0.35,TP,CORRECT_MATCH
751,New_Images,006543.jpg,006543,NONE,Unmasked,UNRECOGNIZED,0.3159,0.35,TN,CORRECTLY_REJECTED_UNKNOWN
752,New_Images,007890.jpg,007890,NONE,Unmasked,UNRECOGNIZED,0.2454,0.35,TN,CORRECTLY_REJECTED_UNKNOWN
753,New_Images,008156.jpg,008156,NONE,Unmasked,UNRECOGNIZED,0.2149,0.35,TN,CORRECTLY_REJECTED_UNKNOWN
754,New_Images,006045.jpg,006045,NONE,Unmasked,UNRECOGNIZED,0.2358,0.35,TN,CORRECTLY_REJECTED_UNKNOWN
755,New_Images,008979.jpg,008979,NONE,Unmasked,UNRECOGNIZED,0.2662,0.35,TN,CORRECTLY_REJECTED_UNKNOWN
756,New_Images,005839.jpg,005839,NONE,Unmasked,UNRECOGNIZED,0.2555,0.35,TN,CORRECTLY_REJECTED_UNKNOWN
757,Masked Images,000079__GAS__masked.jpg,000079,GAS,Gas Mask,000079,0.8989,0.35,TP,CORRECT_MATCH
758,New_Images,008738.jpg,008738,NONE,Unmasked,NO_FACE_DETECTED,0.0,0.35,TN,No Face Detected by SCRFD
759,New_Images,006425.jpg,006425,NONE,Unmasked,UNRECOGNIZED,0.2652,0.35,TN,CORRECTLY_REJECTED_UNKNOWN
760,New_Images,009300.jpg,009300,NONE,Unmasked,UNRECOGNIZED,0.2334,0.35,TN,CORRECTLY_REJECTED_UNKNOWN
761,New_Images,008676.jpg,008676,NONE,Unmasked,UNRECOGNIZED,0.3264,0.35,TN,CORRECTLY_REJECTED_UNKNOWN
762,New_Images,007866.jpg,007866,NONE,Unmasked,UNRECOGNIZED,0.2352,0.35,TN,CORRECTLY_REJECTED_UNKNOWN
763,New_Images,005252.jpg,005252,NONE,Unmasked,UNRECOGNIZED,0.2261,0.35,TN,CORRECTLY_REJECTED_UNKNOWN
764,New_Images,007320.jpg,007320,NONE,Unmasked,UNRECOGNIZED,0.2262,0.35,TN,CORRECTLY_REJECTED_UNKNOWN
765,Masked Images,001179__K95__masked.jpg,001179,K95,KN95 Mask,001179,0.9344,0.35,TP,CORRECT_MATCH
766,New_Images,005518.jpg,005518,NONE,Unmasked,UNRECOGNIZED,0.2453,0.35,TN,CORRECTLY_REJECTED_UNKNOWN
767,New_Images,009473.jpg,009473,NONE,Unmasked,UNRECOGNIZED,0.2228,0.35,TN,CORRECTLY_REJECTED_UNKNOWN
768,New_Images,008341.jpg,008341,NONE,Unmasked,UNRECOGNIZED,0.2635,0.35,TN,CORRECTLY_REJECTED_UNKNOWN
769,Masked Images,000171__K95__masked.jpg,000171,K95,KN95 Mask,000171,0.9624,0.35,TP,CORRECT_MATCH
770,New_Images,005065.jpg,005065,NONE,Unmasked,UNRECOGNIZED,0.21,0.35,TN,CORRECTLY_REJECTED_UNKNOWN
771,New_Images,008948.jpg,008948,NONE,Unmasked,UNRECOGNIZED,0.3494,0.35,TN,CORRECTLY_REJECTED_UNKNOWN
772,New_Images,009388.jpg,009388,NONE,Unmasked,NO_FACE_DETECTED,0.0,0.35,TN,No Face Detected by SCRFD
773,Masked Images,000502__K95__masked.jpg,000502,K95,KN95 Mask,000502,0.9506,0.35,TP,CORRECT_MATCH
774,New_Images,006120.jpg,006120,NONE,Unmasked,UNRECOGNIZED,0.3098,0.35,TN,CORRECTLY_REJECTED_UNKNOWN
775,New_Images,009428.jpg,009428,NONE,Unmasked,UNRECOGNIZED,0.2908,0.35,TN,CORRECTLY_REJECTED_UNKNOWN
776,New_Images,008642.jpg,008642,NONE,Unmasked,NO_FACE_DETECTED,0.0,0.35,TN,No Face Detected by SCRFD
777,Masked Images,000629__CLT__masked.jpg,000629,CLT,Cloth Mask,000629,0.9402,0.35,TP,CORRECT_MATCH
778,Masked Images,000894__SUR__masked.jpg,000894,SUR,Surgical Mask,000894,0.8328,0.35,TP,CORRECT_MATCH
779,New_Images,007556.jpg,007556,NONE,Unmasked,NO_FACE_DETECTED,0.0,0.35,TN,No Face Detected by SCRFD
780,New_Images,005272.jpg,005272,NONE,Unmasked,NO_FACE_DETECTED,0.0,0.35,TN,No Face Detected by SCRFD
781,New_Images,008001.jpg,008001,NONE,Unmasked,UNRECOGNIZED,0.2174,0.35,TN,CORRECTLY_REJECTED_UNKNOWN
782,Masked Images,000304__SUR__masked.jpg,000304,SUR,Surgical Mask,000304,0.8876,0.35,TP,CORRECT_MATCH
783,New_Images,007698.jpg,007698,NONE,Unmasked,UNRECOGNIZED,0.2121,0.35,TN,CORRECTLY_REJECTED_UNKNOWN
784,New_Images,007271.jpg,007271,NONE,Unmasked,UNRECOGNIZED,0.2897,0.35,TN,CORRECTLY_REJECTED_UNKNOWN
785,Masked Images,000407__N95__masked.jpg,000407,N95,N95 Mask,000407,0.673,0.35,TP,CORRECT_MATCH
786,Masked Images,000128__K95__masked.jpg,000128,K95,KN95 Mask,000128,0.9273,0.35,TP,CORRECT_MATCH
787,New_Images,009011.jpg,009011,NONE,Unmasked,UNRECOGNIZED,0.2391,0.35,TN,CORRECTLY_REJECTED_UNKNOWN
788,Masked Images,000783__K95__masked.jpg,000783,K95,KN95 Mask,000783,0.9724,0.35,TP,CORRECT_MATCH
789,New_Images,006136.jpg,006136,NONE,Unmasked,UNRECOGNIZED,0.2421,0.35,TN,CORRECTLY_REJECTED_UNKNOWN
790,Masked Images,000206__N95__masked.jpg,000206,N95,N95 Mask,000206,0.905,0.35,TP,CORRECT_MATCH
791,New_Images,006633.jpg,006633,NONE,Unmasked,UNRECOGNIZED,0.2295,0.35,TN,CORRECTLY_REJECTED_UNKNOWN
792,Masked Images,001000__SUR__masked.jpg,001000,SUR,Surgical Mask,001000,0.9089,0.35,TP,CORRECT_MATCH
793,New_Images,006161.jpg,006161,NONE,Unmasked,UNRECOGNIZED,0.2125,0.35,TN,CORRECTLY_REJECTED_UNKNOWN
794,New_Images,005426.jpg,005426,NONE,Unmasked,UNRECOGNIZED,0.2272,0.35,TN,CORRECTLY_REJECTED_UNKNOWN
795,New_Images,008347.jpg,008347,NONE,Unmasked,NO_FACE_DETECTED,0.0,0.35,TN,No Face Detected by SCRFD
796,New_Images,005603.jpg,005603,NONE,Unmasked,UNRECOGNIZED,0.2546,0.35,TN,CORRECTLY_REJECTED_UNKNOWN
797,Masked Images,000773__K95__masked.jpg,000773,K95,KN95 Mask,000773,0.9569,0.35,TP,CORRECT_MATCH
798,New_Images,007353.jpg,007353,NONE,Unmasked,UNRECOGNIZED,0.2442,0.35,TN,CORRECTLY_REJECTED_UNKNOWN
799,New_Images,006336.jpg,006336,NONE,Unmasked,UNRECOGNIZED,0.2231,0.35,TN,CORRECTLY_REJECTED_UNKNOWN
800,New_Images,006626.jpg,006626,NONE,Unmasked,UNRECOGNIZED,0.3208,0.35,TN,CORRECTLY_REJECTED_UNKNOWN
801,New_Images,008893.jpg,008893,NONE,Unmasked,UNRECOGNIZED,0.2538,0.35,TN,CORRECTLY_REJECTED_UNKNOWN
802,New_Images,006342.jpg,006342,NONE,Unmasked,NO_FACE_DETECTED,0.0,0.35,TN,No Face Detected by SCRFD
803,New_Images,005515.jpg,005515,NONE,Unmasked,UNRECOGNIZED,0.2166,0.35,TN,CORRECTLY_REJECTED_UNKNOWN
804,Masked Images,000804__CLT__masked.jpg,000804,CLT,Cloth Mask,000804,0.9159,0.35,TP,CORRECT_MATCH
805,New_Images,008534.jpg,008534,NONE,Unmasked,UNRECOGNIZED,0.2583,0.35,TN,CORRECTLY_REJECTED_UNKNOWN
806,New_Images,007716.jpg,007716,NONE,Unmasked,UNRECOGNIZED,0.2247,0.35,TN,CORRECTLY_REJECTED_UNKNOWN
807,New_Images,009199.jpg,009199,NONE,Unmasked,UNRECOGNIZED,0.2273,0.35,TN,CORRECTLY_REJECTED_UNKNOWN
808,New_Images,008788.jpg,008788,NONE,Unmasked,UNRECOGNIZED,0.2466,0.35,TN,CORRECTLY_REJECTED_UNKNOWN
809,Masked Images,001121__N95__masked.jpg,001121,N95,N95 Mask,001121,0.9239,0.35,TP,CORRECT_MATCH
810,New_Images,007318.jpg,007318,NONE,Unmasked,UNRECOGNIZED,0.2289,0.35,TN,CORRECTLY_REJECTED_UNKNOWN
811,New_Images,005285.jpg,005285,NONE,Unmasked,NO_FACE_DETECTED,0.0,0.35,TN,No Face Detected by SCRFD
812,Masked Images,000995__SUR__masked.jpg,000995,SUR,Surgical Mask,000995,0.7823,0.35,TP,CORRECT_MATCH
813,New_Images,008551.jpg,008551,NONE,Unmasked,UNRECOGNIZED,0.2326,0.35,TN,CORRECTLY_REJECTED_UNKNOWN
814,New_Images,007837.jpg,007837,NONE,Unmasked,UNRECOGNIZED,0.2562,0.35,TN,CORRECTLY_REJECTED_UNKNOWN
815,New_Images,009399.jpg,009399,NONE,Unmasked,NO_FACE_DETECTED,0.0,0.35,TN,No Face Detected by SCRFD
816,New_Images,005752.jpg,005752,NONE,Unmasked,NO_FACE_DETECTED,0.0,0.35,TN,No Face Detected by SCRFD
817,New_Images,006443.jpg,006443,NONE,Unmasked,NO_FACE_DETECTED,0.0,0.35,TN,No Face Detected by SCRFD
818,Masked Images,000059__SUR__masked.jpg,000059,SUR,Surgical Mask,000059,0.8836,0.35,TP,CORRECT_MATCH
819,New_Images,007526.jpg,007526,NONE,Unmasked,UNRECOGNIZED,0.2336,0.35,TN,CORRECTLY_REJECTED_UNKNOWN
820,New_Images,008098.jpg,008098,NONE,Unmasked,UNRECOGNIZED,0.3291,0.35,TN,CORRECTLY_REJECTED_UNKNOWN
821,Masked Images,001165__CLT__masked.jpg,001165,CLT,Cloth Mask,001165,0.8998,0.35,TP,CORRECT_MATCH
822,New_Images,006395.jpg,006395,NONE,Unmasked,UNRECOGNIZED,0.2105,0.35,TN,CORRECTLY_REJECTED_UNKNOWN
823,New_Images,008946.jpg,008946,NONE,Unmasked,UNRECOGNIZED,0.2524,0.35,TN,CORRECTLY_REJECTED_UNKNOWN
824,New_Images,007931.jpg,007931,NONE,Unmasked,NO_FACE_DETECTED,0.0,0.35,TN,No Face Detected by SCRFD
825,Masked Images,000903__GAS__masked.jpg,000903,GAS,Gas Mask,000903,0.9257,0.35,TP,CORRECT_MATCH
826,New_Images,006752.jpg,006752,NONE,Unmasked,UNRECOGNIZED,0.2526,0.35,TN,CORRECTLY_REJECTED_UNKNOWN
827,Masked Images,000711__SUR__masked.jpg,000711,SUR,Surgical Mask,000711,0.8427,0.35,TP,CORRECT_MATCH
828,New_Images,008944.jpg,008944,NONE,Unmasked,UNRECOGNIZED,0.243,0.35,TN,CORRECTLY_REJECTED_UNKNOWN
829,New_Images,007525.jpg,007525,NONE,Unmasked,NO_FACE_DETECTED,0.0,0.35,TN,No Face Detected by SCRFD
830,New_Images,006703.jpg,006703,NONE,Unmasked,UNRECOGNIZED,0.2957,0.35,TN,CORRECTLY_REJECTED_UNKNOWN
831,New_Images,007869.jpg,007869,NONE,Unmasked,NO_FACE_DETECTED,0.0,0.35,TN,No Face Detected by SCRFD
832,New_Images,007794.jpg,007794,NONE,Unmasked,UNRECOGNIZED,0.2541,0.35,TN,CORRECTLY_REJECTED_UNKNOWN
833,New_Images,005175.jpg,005175,NONE,Unmasked,UNRECOGNIZED,0.3128,0.35,TN,CORRECTLY_REJECTED_UNKNOWN
834,New_Images,005077.jpg,005077,NONE,Unmasked,UNRECOGNIZED,0.2221,0.35,TN,CORRECTLY_REJECTED_UNKNOWN
835,New_Images,007259.jpg,007259,NONE,Unmasked,UNRECOGNIZED,0.2573,0.35,TN,CORRECTLY_REJECTED_UNKNOWN
836,New_Images,008094.jpg,008094,NONE,Unmasked,UNRECOGNIZED,0.2529,0.35,TN,CORRECTLY_REJECTED_UNKNOWN
837,New_Images,006397.jpg,006397,NONE,Unmasked,NO_FACE_DETECTED,0.0,0.35,TN,No Face Detected by SCRFD
838,New_Images,005698.jpg,005698,NONE,Unmasked,UNRECOGNIZED,0.245,0.35,TN,CORRECTLY_REJECTED_UNKNOWN
839,New_Images,006566.jpg,006566,NONE,Unmasked,UNRECOGNIZED,0.2784,0.35,TN,CORRECTLY_REJECTED_UNKNOWN
840,New_Images,006708.jpg,006708,NONE,Unmasked,NO_FACE_DETECTED,0.0,0.35,TN,No Face Detected by SCRFD
841,New_Images,005220.jpg,005220,NONE,Unmasked,UNRECOGNIZED,0.2784,0.35,TN,CORRECTLY_REJECTED_UNKNOWN
842,Masked Images,000788__K95__masked.jpg,000788,K95,KN95 Mask,000788,0.8948,0.35,TP,CORRECT_MATCH
843,New_Images,005516.jpg,005516,NONE,Unmasked,UNRECOGNIZED,0.213,0.35,TN,CORRECTLY_REJECTED_UNKNOWN
844,Masked Images,000661__SUR__masked.jpg,000661,SUR,Surgical Mask,000661,0.9314,0.35,TP,CORRECT_MATCH
845,Masked Images,000109__GAS__masked.jpg,000109,GAS,Gas Mask,000109,0.9098,0.35,TP,CORRECT_MATCH
846,New_Images,009188.jpg,009188,NONE,Unmasked,UNRECOGNIZED,0.2311,0.35,TN,CORRECTLY_REJECTED_UNKNOWN
847,New_Images,007681.jpg,007681,NONE,Unmasked,UNRECOGNIZED,0.2398,0.35,TN,CORRECTLY_REJECTED_UNKNOWN
848,New_Images,006602.jpg,006602,NONE,Unmasked,UNRECOGNIZED,0.2705,0.35,TN,CORRECTLY_REJECTED_UNKNOWN
849,New_Images,006670.jpg,006670,NONE,Unmasked,UNRECOGNIZED,0.2156,0.35,TN,CORRECTLY_REJECTED_UNKNOWN
850,New_Images,006684.jpg,006684,NONE,Unmasked,NO_FACE_DETECTED,0.0,0.35,TN,No Face Detected by SCRFD
851,New_Images,006458.jpg,006458,NONE,Unmasked,UNRECOGNIZED,0.282,0.35,TN,CORRECTLY_REJECTED_UNKNOWN
852,New_Images,005898.jpg,005898,NONE,Unmasked,NO_FACE_DETECTED,0.0,0.35,TN,No Face Detected by SCRFD
853,New_Images,007043.jpg,007043,NONE,Unmasked,NO_FACE_DETECTED,0.0,0.35,TN,No Face Detected by SCRFD
854,New_Images,006809.jpg,006809,NONE,Unmasked,UNRECOGNIZED,0.2573,0.35,TN,CORRECTLY_REJECTED_UNKNOWN
855,New_Images,008536.jpg,008536,NONE,Unmasked,NO_FACE_DETECTED,0.0,0.35,TN,No Face Detected by SCRFD
856,New_Images,007049.jpg,007049,NONE,Unmasked,UNRECOGNIZED,0.2929,0.35,TN,CORRECTLY_REJECTED_UNKNOWN
857,New_Images,008864.jpg,008864,NONE,Unmasked,UNRECOGNIZED,0.2463,0.35,TN,CORRECTLY_REJECTED_UNKNOWN
858,New_Images,006402.jpg,006402,NONE,Unmasked,UNRECOGNIZED,0.2385,0.35,TN,CORRECTLY_REJECTED_UNKNOWN
859,New_Images,006204.jpg,006204,NONE,Unmasked,UNRECOGNIZED,0.2228,0.35,TN,CORRECTLY_REJECTED_UNKNOWN
860,New_Images,007317.jpg,007317,NONE,Unmasked,UNRECOGNIZED,0.2076,0.35,TN,CORRECTLY_REJECTED_UNKNOWN
861,New_Images,007421.jpg,007421,NONE,Unmasked,UNRECOGNIZED,0.2523,0.35,TN,CORRECTLY_REJECTED_UNKNOWN
862,New_Images,007222.jpg,007222,NONE,Unmasked,UNRECOGNIZED,0.2752,0.35,TN,CORRECTLY_REJECTED_UNKNOWN
863,New_Images,007106.jpg,007106,NONE,Unmasked,UNRECOGNIZED,0.2269,0.35,TN,CORRECTLY_REJECTED_UNKNOWN
864,New_Images,008470.jpg,008470,NONE,Unmasked,UNRECOGNIZED,0.2559,0.35,TN,CORRECTLY_REJECTED_UNKNOWN
865,New_Images,007298.jpg,007298,NONE,Unmasked,UNRECOGNIZED,0.2495,0.35,TN,CORRECTLY_REJECTED_UNKNOWN
866,New_Images,006319.jpg,006319,NONE,Unmasked,UNRECOGNIZED,0.2593,0.35,TN,CORRECTLY_REJECTED_UNKNOWN
867,Masked Images,000717__N95__masked.jpg,000717,N95,N95 Mask,000717,0.8585,0.35,TP,CORRECT_MATCH
868,Masked Images,000058__GAS__masked.jpg,000058,GAS,Gas Mask,000058,0.91,0.35,TP,CORRECT_MATCH
869,New_Images,009434.jpg,009434,NONE,Unmasked,NO_FACE_DETECTED,0.0,0.35,TN,No Face Detected by SCRFD
870,New_Images,006282.jpg,006282,NONE,Unmasked,UNRECOGNIZED,0.2063,0.35,TN,CORRECTLY_REJECTED_UNKNOWN
871,Masked Images,001130__SUR__masked.jpg,001130,SUR,Surgical Mask,001130,0.8467,0.35,TP,CORRECT_MATCH
872,Masked Images,001043__K95__masked.jpg,001043,K95,KN95 Mask,001043,0.8983,0.35,TP,CORRECT_MATCH
873,New_Images,005762.jpg,005762,NONE,Unmasked,UNRECOGNIZED,0.2877,0.35,TN,CORRECTLY_REJECTED_UNKNOWN
874,New_Images,009133.jpg,009133,NONE,Unmasked,UNRECOGNIZED,0.2529,0.35,TN,CORRECTLY_REJECTED_UNKNOWN
875,New_Images,007634.jpg,007634,NONE,Unmasked,UNRECOGNIZED,0.277,0.35,TN,CORRECTLY_REJECTED_UNKNOWN
876,New_Images,005241.jpg,005241,NONE,Unmasked,UNRECOGNIZED,0.2414,0.35,TN,CORRECTLY_REJECTED_UNKNOWN
877,New_Images,005261.jpg,005261,NONE,Unmasked,UNRECOGNIZED,0.2519,0.35,TN,CORRECTLY_REJECTED_UNKNOWN
878,Masked Images,000311__K95__masked.jpg,000311,K95,KN95 Mask,000311,0.9385,0.35,TP,CORRECT_MATCH
879,New_Images,009372.jpg,009372,NONE,Unmasked,NO_FACE_DETECTED,0.0,0.35,TN,No Face Detected by SCRFD
880,New_Images,007405.jpg,007405,NONE,Unmasked,NO_FACE_DETECTED,0.0,0.35,TN,No Face Detected by SCRFD
881,New_Images,006871.jpg,006871,NONE,Unmasked,UNRECOGNIZED,0.2745,0.35,TN,CORRECTLY_REJECTED_UNKNOWN
882,New_Images,007625.jpg,007625,NONE,Unmasked,UNRECOGNIZED,0.2537,0.35,TN,CORRECTLY_REJECTED_UNKNOWN
883,New_Images,008015.jpg,008015,NONE,Unmasked,UNRECOGNIZED,0.2537,0.35,TN,CORRECTLY_REJECTED_UNKNOWN
884,New_Images,007586.jpg,007586,NONE,Unmasked,UNRECOGNIZED,0.2454,0.35,TN,CORRECTLY_REJECTED_UNKNOWN
885,New_Images,006982.jpg,006982,NONE,Unmasked,NO_FACE_DETECTED,0.0,0.35,TN,No Face Detected by SCRFD
886,New_Images,007772.jpg,007772,NONE,Unmasked,UNRECOGNIZED,0.2079,0.35,TN,CORRECTLY_REJECTED_UNKNOWN
887,New_Images,009072.jpg,009072,NONE,Unmasked,UNRECOGNIZED,0.2141,0.35,TN,CORRECTLY_REJECTED_UNKNOWN
888,New_Images,005925.jpg,005925,NONE,Unmasked,NO_FACE_DETECTED,0.0,0.35,TN,No Face Detected by SCRFD
889,New_Images,008424.jpg,008424,NONE,Unmasked,UNRECOGNIZED,0.2734,0.35,TN,CORRECTLY_REJECTED_UNKNOWN
890,New_Images,005746.jpg,005746,NONE,Unmasked,UNRECOGNIZED,0.2703,0.35,TN,CORRECTLY_REJECTED_UNKNOWN
891,Masked Images,000811__GAS__masked.jpg,000811,GAS,Gas Mask,000811,0.9049,0.35,TP,CORRECT_MATCH
892,New_Images,008882.jpg,008882,NONE,Unmasked,NO_FACE_DETECTED,0.0,0.35,TN,No Face Detected by SCRFD
893,New_Images,005485.jpg,005485,NONE,Unmasked,NO_FACE_DETECTED,0.0,0.35,TN,No Face Detected by SCRFD
894,New_Images,009264.jpg,009264,NONE,Unmasked,UNRECOGNIZED,0.2473,0.35,TN,CORRECTLY_REJECTED_UNKNOWN
895,New_Images,005571.jpg,005571,NONE,Unmasked,UNRECOGNIZED,0.2473,0.35,TN,CORRECTLY_REJECTED_UNKNOWN
896,New_Images,005623.jpg,005623,NONE,Unmasked,UNRECOGNIZED,0.2536,0.35,TN,CORRECTLY_REJECTED_UNKNOWN
897,New_Images,007907.jpg,007907,NONE,Unmasked,NO_FACE_DETECTED,0.0,0.35,TN,No Face Detected by SCRFD
898,Masked Images,000540__SUR__masked.jpg,000540,SUR,Surgical Mask,000540,0.9008,0.35,TP,CORRECT_MATCH
899,New_Images,005020.jpg,005020,NONE,Unmasked,NO_FACE_DETECTED,0.0,0.35,TN,No Face Detected by SCRFD
900,New_Images,009136.jpg,009136,NONE,Unmasked,NO_FACE_DETECTED,0.0,0.35,TN,No Face Detected by SCRFD
901,New_Images,006437.jpg,006437,NONE,Unmasked,UNRECOGNIZED,0.2767,0.35,TN,CORRECTLY_REJECTED_UNKNOWN
902,Masked Images,000143__SUR__masked.jpg,000143,SUR,Surgical Mask,000143,0.9289,0.35,TP,CORRECT_MATCH
903,New_Images,008896.jpg,008896,NONE,Unmasked,UNRECOGNIZED,0.2205,0.35,TN,CORRECTLY_REJECTED_UNKNOWN
904,New_Images,006456.jpg,006456,NONE,Unmasked,UNRECOGNIZED,0.2572,0.35,TN,CORRECTLY_REJECTED_UNKNOWN
905,Masked Images,000734__CLT__masked.jpg,000734,CLT,Cloth Mask,000734,0.9419,0.35,TP,CORRECT_MATCH
906,Masked Images,000316__K95__masked.jpg,000316,K95,KN95 Mask,000316,0.6837,0.35,TP,CORRECT_MATCH
907,New_Images,006998.jpg,006998,NONE,Unmasked,UNRECOGNIZED,0.233,0.35,TN,CORRECTLY_REJECTED_UNKNOWN
908,New_Images,008318.jpg,008318,NONE,Unmasked,UNRECOGNIZED,0.2317,0.35,TN,CORRECTLY_REJECTED_UNKNOWN
909,New_Images,006321.jpg,006321,NONE,Unmasked,NO_FACE_DETECTED,0.0,0.35,TN,No Face Detected by SCRFD
910,New_Images,007362.jpg,007362,NONE,Unmasked,UNRECOGNIZED,0.2315,0.35,TN,CORRECTLY_REJECTED_UNKNOWN
911,New_Images,008968.jpg,008968,NONE,Unmasked,UNRECOGNIZED,0.2499,0.35,TN,CORRECTLY_REJECTED_UNKNOWN
912,New_Images,005991.jpg,005991,NONE,Unmasked,UNRECOGNIZED,0.2945,0.35,TN,CORRECTLY_REJECTED_UNKNOWN
913,Masked Images,001070__K95__masked.jpg,001070,K95,KN95 Mask,001070,0.9507,0.35,TP,CORRECT_MATCH
914,New_Images,005315.jpg,005315,NONE,Unmasked,UNRECOGNIZED,0.2472,0.35,TN,CORRECTLY_REJECTED_UNKNOWN
915,Masked Images,000759__CLT__masked.jpg,000759,CLT,Cloth Mask,000759,0.9097,0.35,TP,CORRECT_MATCH
916,Masked Images,001114__SUR__masked.jpg,001114,SUR,Surgical Mask,001114,0.8896,0.35,TP,CORRECT_MATCH
917,New_Images,009095.jpg,009095,NONE,Unmasked,UNRECOGNIZED,0.311,0.35,TN,CORRECTLY_REJECTED_UNKNOWN
918,New_Images,006263.jpg,006263,NONE,Unmasked,UNRECOGNIZED,0.2403,0.35,TN,CORRECTLY_REJECTED_UNKNOWN
919,New_Images,008763.jpg,008763,NONE,Unmasked,UNRECOGNIZED,0.2338,0.35,TN,CORRECTLY_REJECTED_UNKNOWN
920,New_Images,007967.jpg,007967,NONE,Unmasked,UNRECOGNIZED,0.2488,0.35,TN,CORRECTLY_REJECTED_UNKNOWN
921,New_Images,005978.jpg,005978,NONE,Unmasked,NO_FACE_DETECTED,0.0,0.35,TN,No Face Detected by SCRFD
922,New_Images,007162.jpg,007162,NONE,Unmasked,UNRECOGNIZED,0.2044,0.35,TN,CORRECTLY_REJECTED_UNKNOWN
923,New_Images,005244.jpg,005244,NONE,Unmasked,NO_FACE_DETECTED,0.0,0.35,TN,No Face Detected by SCRFD
924,New_Images,006027.jpg,006027,NONE,Unmasked,UNRECOGNIZED,0.265,0.35,TN,CORRECTLY_REJECTED_UNKNOWN
925,New_Images,008686.jpg,008686,NONE,Unmasked,NO_FACE_DETECTED,0.0,0.35,TN,No Face Detected by SCRFD
926,New_Images,007267.jpg,007267,NONE,Unmasked,UNRECOGNIZED,0.2336,0.35,TN,CORRECTLY_REJECTED_UNKNOWN
927,New_Images,007074.jpg,007074,NONE,Unmasked,UNRECOGNIZED,0.2515,0.35,TN,CORRECTLY_REJECTED_UNKNOWN
928,New_Images,008843.jpg,008843,NONE,Unmasked,UNRECOGNIZED,0.2399,0.35,TN,CORRECTLY_REJECTED_UNKNOWN
929,Masked Images,000144__N95__masked.jpg,000144,N95,N95 Mask,NO_FACE_DETECTED,0.0,0.35,FN,No Face Detected by SCRFD
930,Masked Images,000856__GAS__masked.jpg,000856,GAS,Gas Mask,000856,0.7654,0.35,TP,CORRECT_MATCH
931,New_Images,007397.jpg,007397,NONE,Unmasked,UNRECOGNIZED,0.3058,0.35,TN,CORRECTLY_REJECTED_UNKNOWN
932,New_Images,009367.jpg,009367,NONE,Unmasked,UNRECOGNIZED,0.2767,0.35,TN,CORRECTLY_REJECTED_UNKNOWN
933,New_Images,008136.jpg,008136,NONE,Unmasked,UNRECOGNIZED,0.2193,0.35,TN,CORRECTLY_REJECTED_UNKNOWN
934,New_Images,006484.jpg,006484,NONE,Unmasked,NO_FACE_DETECTED,0.0,0.35,TN,No Face Detected by SCRFD
935,New_Images,008243.jpg,008243,NONE,Unmasked,UNRECOGNIZED,0.2711,0.35,TN,CORRECTLY_REJECTED_UNKNOWN
936,New_Images,007121.jpg,007121,NONE,Unmasked,UNRECOGNIZED,0.2762,0.35,TN,CORRECTLY_REJECTED_UNKNOWN
937,New_Images,006875.jpg,006875,NONE,Unmasked,UNRECOGNIZED,0.291,0.35,TN,CORRECTLY_REJECTED_UNKNOWN
938,New_Images,006355.jpg,006355,NONE,Unmasked,UNRECOGNIZED,0.2461,0.35,TN,CORRECTLY_REJECTED_UNKNOWN
939,New_Images,007614.jpg,007614,NONE,Unmasked,UNRECOGNIZED,0.2508,0.35,TN,CORRECTLY_REJECTED_UNKNOWN
940,Masked Images,001079__N95__masked.jpg,001079,N95,N95 Mask,001079,0.8245,0.35,TP,CORRECT_MATCH
941,New_Images,008100.jpg,008100,NONE,Unmasked,UNRECOGNIZED,0.2757,0.35,TN,CORRECTLY_REJECTED_UNKNOWN
942,Masked Images,000414__CLT__masked.jpg,000414,CLT,Cloth Mask,000414,0.9207,0.35,TP,CORRECT_MATCH
943,New_Images,009040.jpg,009040,NONE,Unmasked,UNRECOGNIZED,0.2256,0.35,TN,CORRECTLY_REJECTED_UNKNOWN
944,New_Images,006407.jpg,006407,NONE,Unmasked,UNRECOGNIZED,0.2344,0.35,TN,CORRECTLY_REJECTED_UNKNOWN
945,New_Images,007443.jpg,007443,NONE,Unmasked,UNRECOGNIZED,0.2763,0.35,TN,CORRECTLY_REJECTED_UNKNOWN
946,New_Images,006327.jpg,006327,NONE,Unmasked,UNRECOGNIZED,0.245,0.35,TN,CORRECTLY_REJECTED_UNKNOWN
947,New_Images,007805.jpg,007805,NONE,Unmasked,UNRECOGNIZED,0.2613,0.35,TN,CORRECTLY_REJECTED_UNKNOWN
948,New_Images,007150.jpg,007150,NONE,Unmasked,NO_FACE_DETECTED,0.0,0.35,TN,No Face Detected by SCRFD
949,New_Images,008488.jpg,008488,NONE,Unmasked,NO_FACE_DETECTED,0.0,0.35,TN,No Face Detected by SCRFD
950,New_Images,009134.jpg,009134,NONE,Unmasked,UNRECOGNIZED,0.2819,0.35,TN,CORRECTLY_REJECTED_UNKNOWN
951,New_Images,007734.jpg,007734,NONE,Unmasked,UNRECOGNIZED,0.2553,0.35,TN,CORRECTLY_REJECTED_UNKNOWN
952,New_Images,009541.jpg,009541,NONE,Unmasked,UNRECOGNIZED,0.2383,0.35,TN,CORRECTLY_REJECTED_UNKNOWN
953,New_Images,008910.jpg,008910,NONE,Unmasked,UNRECOGNIZED,0.2425,0.35,TN,CORRECTLY_REJECTED_UNKNOWN
954,New_Images,008725.jpg,008725,NONE,Unmasked,UNRECOGNIZED,0.29,0.35,TN,CORRECTLY_REJECTED_UNKNOWN
955,Masked Images,000191__K95__masked.jpg,000191,K95,KN95 Mask,000191,0.946,0.35,TP,CORRECT_MATCH
956,Masked Images,000621__K95__masked.jpg,000621,K95,KN95 Mask,000621,0.9519,0.35,TP,CORRECT_MATCH
957,Masked Images,001119__SUR__masked.jpg,001119,SUR,Surgical Mask,001119,0.8455,0.35,TP,CORRECT_MATCH
958,New_Images,005619.jpg,005619,NONE,Unmasked,UNRECOGNIZED,0.2391,0.35,TN,CORRECTLY_REJECTED_UNKNOWN
959,New_Images,007365.jpg,007365,NONE,Unmasked,UNRECOGNIZED,0.2928,0.35,TN,CORRECTLY_REJECTED_UNKNOWN
960,New_Images,008178.jpg,008178,NONE,Unmasked,UNRECOGNIZED,0.2916,0.35,TN,CORRECTLY_REJECTED_UNKNOWN
961,New_Images,008783.jpg,008783,NONE,Unmasked,UNRECOGNIZED,0.3027,0.35,TN,CORRECTLY_REJECTED_UNKNOWN
962,New_Images,008346.jpg,008346,NONE,Unmasked,NO_FACE_DETECTED,0.0,0.35,TN,No Face Detected by SCRFD
963,New_Images,006973.jpg,006973,NONE,Unmasked,UNRECOGNIZED,0.28,0.35,TN,CORRECTLY_REJECTED_UNKNOWN
964,New_Images,005932.jpg,005932,NONE,Unmasked,NO_FACE_DETECTED,0.0,0.35,TN,No Face Detected by SCRFD
965,New_Images,006638.jpg,006638,NONE,Unmasked,UNRECOGNIZED,0.2305,0.35,TN,CORRECTLY_REJECTED_UNKNOWN
966,New_Images,006441.jpg,006441,NONE,Unmasked,UNRECOGNIZED,0.2401,0.35,TN,CORRECTLY_REJECTED_UNKNOWN
967,New_Images,009373.jpg,009373,NONE,Unmasked,UNRECOGNIZED,0.3213,0.35,TN,CORRECTLY_REJECTED_UNKNOWN
968,Masked Images,000992__K95__masked.jpg,000992,K95,KN95 Mask,000992,0.9286,0.35,TP,CORRECT_MATCH
969,New_Images,005233.jpg,005233,NONE,Unmasked,UNRECOGNIZED,0.2316,0.35,TN,CORRECTLY_REJECTED_UNKNOWN
970,New_Images,006754.jpg,006754,NONE,Unmasked,NO_FACE_DETECTED,0.0,0.35,TN,No Face Detected by SCRFD
971,New_Images,006787.jpg,006787,NONE,Unmasked,UNRECOGNIZED,0.2447,0.35,TN,CORRECTLY_REJECTED_UNKNOWN
972,New_Images,009286.jpg,009286,NONE,Unmasked,UNRECOGNIZED,0.2829,0.35,TN,CORRECTLY_REJECTED_UNKNOWN
973,New_Images,008564.jpg,008564,NONE,Unmasked,NO_FACE_DETECTED,0.0,0.35,TN,No Face Detected by SCRFD
974,New_Images,009345.jpg,009345,NONE,Unmasked,UNRECOGNIZED,0.2612,0.35,TN,CORRECTLY_REJECTED_UNKNOWN
975,New_Images,008516.jpg,008516,NONE,Unmasked,UNRECOGNIZED,0.2259,0.35,TN,CORRECTLY_REJECTED_UNKNOWN
976,New_Images,005377.jpg,005377,NONE,Unmasked,UNRECOGNIZED,0.2191,0.35,TN,CORRECTLY_REJECTED_UNKNOWN
977,New_Images,008511.jpg,008511,NONE,Unmasked,UNRECOGNIZED,0.2672,0.35,TN,CORRECTLY_REJECTED_UNKNOWN
978,New_Images,009274.jpg,009274,NONE,Unmasked,NO_FACE_DETECTED,0.0,0.35,TN,No Face Detected by SCRFD
979,New_Images,007342.jpg,007342,NONE,Unmasked,UNRECOGNIZED,0.2103,0.35,TN,CORRECTLY_REJECTED_UNKNOWN
980,New_Images,005376.jpg,005376,NONE,Unmasked,NO_FACE_DETECTED,0.0,0.35,TN,No Face Detected by SCRFD
981,New_Images,008849.jpg,008849,NONE,Unmasked,NO_FACE_DETECTED,0.0,0.35,TN,No Face Detected by SCRFD
982,New_Images,006758.jpg,006758,NONE,Unmasked,UNRECOGNIZED,0.2517,0.35,TN,CORRECTLY_REJECTED_UNKNOWN
983,New_Images,007273.jpg,007273,NONE,Unmasked,NO_FACE_DETECTED,0.0,0.35,TN,No Face Detected by SCRFD
984,New_Images,005232.jpg,005232,NONE,Unmasked,UNRECOGNIZED,0.2127,0.35,TN,CORRECTLY_REJECTED_UNKNOWN
985,New_Images,007260.jpg,007260,NONE,Unmasked,NO_FACE_DETECTED,0.0,0.35,TN,No Face Detected by SCRFD
986,New_Images,009198.jpg,009198,NONE,Unmasked,NO_FACE_DETECTED,0.0,0.35,TN,No Face Detected by SCRFD
987,Masked Images,000679__CLT__masked.jpg,000679,CLT,Cloth Mask,000679,0.8998,0.35,TP,CORRECT_MATCH
988,New_Images,005966.jpg,005966,NONE,Unmasked,NO_FACE_DETECTED,0.0,0.35,TN,No Face Detected by SCRFD
989,Masked Images,000051__K95__masked.jpg,000051,K95,KN95 Mask,000051,0.9392,0.35,TP,CORRECT_MATCH
990,New_Images,007904.jpg,007904,NONE,Unmasked,UNRECOGNIZED,0.3057,0.35,TN,CORRECTLY_REJECTED_UNKNOWN
991,New_Images,007067.jpg,007067,NONE,Unmasked,NO_FACE_DETECTED,0.0,0.35,TN,No Face Detected by SCRFD
992,New_Images,005156.jpg,005156,NONE,Unmasked,UNRECOGNIZED,0.2344,0.35,TN,CORRECTLY_REJECTED_UNKNOWN
993,New_Images,005075.jpg,005075,NONE,Unmasked,UNRECOGNIZED,0.2386,0.35,TN,CORRECTLY_REJECTED_UNKNOWN
994,New_Images,007834.jpg,007834,NONE,Unmasked,NO_FACE_DETECTED,0.0,0.35,TN,No Face Detected by SCRFD
995,New_Images,007519.jpg,007519,NONE,Unmasked,UNRECOGNIZED,0.2463,0.35,TN,CORRECTLY_REJECTED_UNKNOWN
996,New_Images,007825.jpg,007825,NONE,Unmasked,UNRECOGNIZED,0.2478,0.35,TN,CORRECTLY_REJECTED_UNKNOWN
997,New_Images,008975.jpg,008975,NONE,Unmasked,UNRECOGNIZED,0.2496,0.35,TN,CORRECTLY_REJECTED_UNKNOWN
998,New_Images,009317.jpg,009317,NONE,Unmasked,NO_FACE_DETECTED,0.0,0.35,TN,No Face Detected by SCRFD
999,New_Images,008972.jpg,008972,NONE,Unmasked,UNRECOGNIZED,0.2604,0.35,TN,CORRECTLY_REJECTED_UNKNOWN
1000,Masked Images,000424__K95__masked.jpg,000424,K95,KN95 Mask,000424,0.936,0.35,TP,CORRECT_MATCH
1001,New_Images,008433.jpg,008433,NONE,Unmasked,UNRECOGNIZED,0.2784,0.35,TN,CORRECTLY_REJECTED_UNKNOWN
1002,New_Images,005671.jpg,005671,NONE,Unmasked,UNRECOGNIZED,0.3314,0.35,TN,CORRECTLY_REJECTED_UNKNOWN
1003,Masked Images,000129__CLT__masked.jpg,000129,CLT,Cloth Mask,000129,0.9578,0.35,TP,CORRECT_MATCH
1004,New_Images,006916.jpg,006916,NONE,Unmasked,UNRECOGNIZED,0.2772,0.35,TN,CORRECTLY_REJECTED_UNKNOWN
1005,New_Images,005913.jpg,005913,NONE,Unmasked,UNRECOGNIZED,0.2724,0.35,TN,CORRECTLY_REJECTED_UNKNOWN
1006,New_Images,009546.jpg,009546,NONE,Unmasked,NO_FACE_DETECTED,0.0,0.35,TN,No Face Detected by SCRFD
1007,New_Images,005649.jpg,005649,NONE,Unmasked,UNRECOGNIZED,0.2138,0.35,TN,CORRECTLY_REJECTED_UNKNOWN
1008,New_Images,005200.jpg,005200,NONE,Unmasked,UNRECOGNIZED,0.2146,0.35,TN,CORRECTLY_REJECTED_UNKNOWN
1009,New_Images,006174.jpg,006174,NONE,Unmasked,UNRECOGNIZED,0.2811,0.35,TN,CORRECTLY_REJECTED_UNKNOWN
1010,New_Images,005319.jpg,005319,NONE,Unmasked,NO_FACE_DETECTED,0.0,0.35,TN,No Face Detected by SCRFD
1011,New_Images,006358.jpg,006358,NONE,Unmasked,NO_FACE_DETECTED,0.0,0.35,TN,No Face Detected by SCRFD
1012,Masked Images,001142__K95__masked.jpg,001142,K95,KN95 Mask,001142,0.9389,0.35,TP,CORRECT_MATCH
1013,New_Images,006368.jpg,006368,NONE,Unmasked,NO_FACE_DETECTED,0.0,0.35,TN,No Face Detected by SCRFD
1014,Masked Images,000153__CLT__masked.jpg,000153,CLT,Cloth Mask,000153,0.9574,0.35,TP,CORRECT_MATCH
1015,New_Images,007044.jpg,007044,NONE,Unmasked,UNRECOGNIZED,0.2465,0.35,TN,CORRECTLY_REJECTED_UNKNOWN
1016,New_Images,008926.jpg,008926,NONE,Unmasked,UNRECOGNIZED,0.2043,0.35,TN,CORRECTLY_REJECTED_UNKNOWN
1017,New_Images,009006.jpg,009006,NONE,Unmasked,NO_FACE_DETECTED,0.0,0.35,TN,No Face Detected by SCRFD
1018,New_Images,006067.jpg,006067,NONE,Unmasked,NO_FACE_DETECTED,0.0,0.35,TN,No Face Detected by SCRFD
1019,Masked Images,000113__CLT__masked.jpg,000113,CLT,Cloth Mask,000113,0.9447,0.35,TP,CORRECT_MATCH
1020,New_Images,007155.jpg,007155,NONE,Unmasked,NO_FACE_DETECTED,0.0,0.35,TN,No Face Detected by SCRFD
1021,New_Images,009383.jpg,009383,NONE,Unmasked,UNRECOGNIZED,0.216,0.35,TN,CORRECTLY_REJECTED_UNKNOWN
1022,New_Images,005475.jpg,005475,NONE,Unmasked,UNRECOGNIZED,0.2392,0.35,TN,CORRECTLY_REJECTED_UNKNOWN
1023,New_Images,008233.jpg,008233,NONE,Unmasked,UNRECOGNIZED,0.2251,0.35,TN,CORRECTLY_REJECTED_UNKNOWN
1024,New_Images,005508.jpg,005508,NONE,Unmasked,NO_FACE_DETECTED,0.0,0.35,TN,No Face Detected by SCRFD
1025,New_Images,006261.jpg,006261,NONE,Unmasked,NO_FACE_DETECTED,0.0,0.35,TN,No Face Detected by SCRFD
1026,New_Images,008290.jpg,008290,NONE,Unmasked,UNRECOGNIZED,0.2478,0.35,TN,CORRECTLY_REJECTED_UNKNOWN
1027,New_Images,006193.jpg,006193,NONE,Unmasked,NO_FACE_DETECTED,0.0,0.35,TN,No Face Detected by SCRFD
1028,Masked Images,000479__GAS__masked.jpg,000479,GAS,Gas Mask,000479,0.7992,0.35,TP,CORRECT_MATCH
1029,New_Images,006596.jpg,006596,NONE,Unmasked,UNRECOGNIZED,0.2245,0.35,TN,CORRECTLY_REJECTED_UNKNOWN
1030,Masked Images,001162__N95__masked.jpg,001162,N95,N95 Mask,001162,0.8832,0.35,TP,CORRECT_MATCH
1031,New_Images,008228.jpg,008228,NONE,Unmasked,NO_FACE_DETECTED,0.0,0.35,TN,No Face Detected by SCRFD
1032,New_Images,006345.jpg,006345,NONE,Unmasked,UNRECOGNIZED,0.2185,0.35,TN,CORRECTLY_REJECTED_UNKNOWN
1033,New_Images,009307.jpg,009307,NONE,Unmasked,UNRECOGNIZED,0.3436,0.35,TN,CORRECTLY_REJECTED_UNKNOWN
1034,New_Images,005709.jpg,005709,NONE,Unmasked,UNRECOGNIZED,0.2853,0.35,TN,CORRECTLY_REJECTED_UNKNOWN
1035,Masked Images,000965__SUR__masked.jpg,000965,SUR,Surgical Mask,000965,0.8611,0.35,TP,CORRECT_MATCH
1036,Masked Images,001100__K95__masked.jpg,001100,K95,KN95 Mask,001100,0.8942,0.35,TP,CORRECT_MATCH
1037,New_Images,006465.jpg,006465,NONE,Unmasked,UNRECOGNIZED,0.2758,0.35,TN,CORRECTLY_REJECTED_UNKNOWN
1038,New_Images,009501.jpg,009501,NONE,Unmasked,UNRECOGNIZED,0.227,0.35,TN,CORRECTLY_REJECTED_UNKNOWN
1039,New_Images,007360.jpg,007360,NONE,Unmasked,UNRECOGNIZED,0.2659,0.35,TN,CORRECTLY_REJECTED_UNKNOWN
1040,New_Images,005589.jpg,005589,NONE,Unmasked,NO_FACE_DETECTED,0.0,0.35,TN,No Face Detected by SCRFD
1041,New_Images,007639.jpg,007639,NONE,Unmasked,UNRECOGNIZED,0.2403,0.35,TN,CORRECTLY_REJECTED_UNKNOWN
1042,Masked Images,000654__CLT__masked.jpg,000654,CLT,Cloth Mask,000654,0.8871,0.35,TP,CORRECT_MATCH
1043,New_Images,009174.jpg,009174,NONE,Unmasked,UNRECOGNIZED,0.2706,0.35,TN,CORRECTLY_REJECTED_UNKNOWN
1044,Masked Images,000001__SUR__masked.jpg,000001,SUR,Surgical Mask,000001,0.8382,0.35,TP,CORRECT_MATCH
1045,Masked Images,000078__CLT__masked.jpg,000078,CLT,Cloth Mask,000078,0.9198,0.35,TP,CORRECT_MATCH
1046,New_Images,007196.jpg,007196,NONE,Unmasked,NO_FACE_DETECTED,0.0,0.35,TN,No Face Detected by SCRFD
1047,New_Images,005269.jpg,005269,NONE,Unmasked,NO_FACE_DETECTED,0.0,0.35,TN,No Face Detected by SCRFD
1048,New_Images,005550.jpg,005550,NONE,Unmasked,NO_FACE_DETECTED,0.0,0.35,TN,No Face Detected by SCRFD
1049,New_Images,008925.jpg,008925,NONE,Unmasked,UNRECOGNIZED,0.2834,0.35,TN,CORRECTLY_REJECTED_UNKNOWN
1050,New_Images,007132.jpg,007132,NONE,Unmasked,UNRECOGNIZED,0.2277,0.35,TN,CORRECTLY_REJECTED_UNKNOWN
1051,New_Images,006283.jpg,006283,NONE,Unmasked,UNRECOGNIZED,0.2489,0.35,TN,CORRECTLY_REJECTED_UNKNOWN
1052,New_Images,009548.jpg,009548,NONE,Unmasked,UNRECOGNIZED,0.2503,0.35,TN,CORRECTLY_REJECTED_UNKNOWN
1053,Masked Images,000950__SUR__masked.jpg,000950,SUR,Surgical Mask,000950,0.8864,0.35,TP,CORRECT_MATCH
1054,New_Images,009123.jpg,009123,NONE,Unmasked,NO_FACE_DETECTED,0.0,0.35,TN,No Face Detected by SCRFD
1055,New_Images,007285.jpg,007285,NONE,Unmasked,UNRECOGNIZED,0.2328,0.35,TN,CORRECTLY_REJECTED_UNKNOWN
1056,Masked Images,000952__K95__masked.jpg,000952,K95,KN95 Mask,000952,0.9368,0.35,TP,CORRECT_MATCH
1057,New_Images,006275.jpg,006275,NONE,Unmasked,UNRECOGNIZED,0.2056,0.35,TN,CORRECTLY_REJECTED_UNKNOWN
1058,New_Images,005309.jpg,005309,NONE,Unmasked,UNRECOGNIZED,0.263,0.35,TN,CORRECTLY_REJECTED_UNKNOWN
1059,New_Images,009209.jpg,009209,NONE,Unmasked,NO_FACE_DETECTED,0.0,0.35,TN,No Face Detected by SCRFD
1060,Masked Images,000506__N95__masked.jpg,000506,N95,N95 Mask,000506,0.8599,0.35,TP,CORRECT_MATCH
1061,New_Images,007040.jpg,007040,NONE,Unmasked,UNRECOGNIZED,0.2264,0.35,TN,CORRECTLY_REJECTED_UNKNOWN
1062,New_Images,009493.jpg,009493,NONE,Unmasked,UNRECOGNIZED,0.2525,0.35,TN,CORRECTLY_REJECTED_UNKNOWN
1063,Masked Images,000481__N95__masked.jpg,000481,N95,N95 Mask,000481,0.8981,0.35,TP,CORRECT_MATCH
1064,New_Images,007416.jpg,007416,NONE,Unmasked,NO_FACE_DETECTED,0.0,0.35,TN,No Face Detected by SCRFD
1065,New_Images,006789.jpg,006789,NONE,Unmasked,UNRECOGNIZED,0.271,0.35,TN,CORRECTLY_REJECTED_UNKNOWN
1066,New_Images,009570.jpg,009570,NONE,Unmasked,UNRECOGNIZED,0.2328,0.35,TN,CORRECTLY_REJECTED_UNKNOWN
1067,New_Images,008034.jpg,008034,NONE,Unmasked,UNRECOGNIZED,0.2414,0.35,TN,CORRECTLY_REJECTED_UNKNOWN
1068,New_Images,005764.jpg,005764,NONE,Unmasked,UNRECOGNIZED,0.2554,0.35,TN,CORRECTLY_REJECTED_UNKNOWN
1069,New_Images,009308.jpg,009308,NONE,Unmasked,UNRECOGNIZED,0.2732,0.35,TN,CORRECTLY_REJECTED_UNKNOWN
1070,New_Images,007429.jpg,007429,NONE,Unmasked,UNRECOGNIZED,0.2595,0.35,TN,CORRECTLY_REJECTED_UNKNOWN
1071,New_Images,006279.jpg,006279,NONE,Unmasked,UNRECOGNIZED,0.2253,0.35,TN,CORRECTLY_REJECTED_UNKNOWN
1072,New_Images,007425.jpg,007425,NONE,Unmasked,UNRECOGNIZED,0.2335,0.35,TN,CORRECTLY_REJECTED_UNKNOWN
1073,New_Images,009038.jpg,009038,NONE,Unmasked,NO_FACE_DETECTED,0.0,0.35,TN,No Face Detected by SCRFD
1074,Masked Images,000996__N95__masked.jpg,000996,N95,N95 Mask,000996,0.7858,0.35,TP,CORRECT_MATCH
1075,Masked Images,001073__SUR__masked.jpg,001073,SUR,Surgical Mask,001073,0.9014,0.35,TP,CORRECT_MATCH
1076,New_Images,006268.jpg,006268,NONE,Unmasked,UNRECOGNIZED,0.2462,0.35,TN,CORRECTLY_REJECTED_UNKNOWN
1077,New_Images,005611.jpg,005611,NONE,Unmasked,NO_FACE_DETECTED,0.0,0.35,TN,No Face Detected by SCRFD
1078,New_Images,005524.jpg,005524,NONE,Unmasked,UNRECOGNIZED,0.31,0.35,TN,CORRECTLY_REJECTED_UNKNOWN
1079,New_Images,008847.jpg,008847,NONE,Unmasked,UNRECOGNIZED,0.2171,0.35,TN,CORRECTLY_REJECTED_UNKNOWN
1080,Masked Images,000820__CLT__masked.jpg,000820,CLT,Cloth Mask,000820,0.8461,0.35,TP,CORRECT_MATCH
1081,Masked Images,000739__CLT__masked.jpg,000739,CLT,Cloth Mask,000739,0.9025,0.35,TP,CORRECT_MATCH
1082,New_Images,005236.jpg,005236,NONE,Unmasked,UNRECOGNIZED,0.2375,0.35,TN,CORRECTLY_REJECTED_UNKNOWN
1083,New_Images,008937.jpg,008937,NONE,Unmasked,UNRECOGNIZED,0.2537,0.35,TN,CORRECTLY_REJECTED_UNKNOWN
1084,New_Images,008268.jpg,008268,NONE,Unmasked,UNRECOGNIZED,0.3057,0.35,TN,CORRECTLY_REJECTED_UNKNOWN
1085,New_Images,008215.jpg,008215,NONE,Unmasked,UNRECOGNIZED,0.2655,0.35,TN,CORRECTLY_REJECTED_UNKNOWN
1086,New_Images,008430.jpg,008430,NONE,Unmasked,UNRECOGNIZED,0.2359,0.35,TN,CORRECTLY_REJECTED_UNKNOWN
1087,Masked Images,001101__CLT__masked.jpg,001101,CLT,Cloth Mask,001101,0.927,0.35,TP,CORRECT_MATCH
1088,New_Images,006254.jpg,006254,NONE,Unmasked,UNRECOGNIZED,0.2428,0.35,TN,CORRECTLY_REJECTED_UNKNOWN
1089,New_Images,005267.jpg,005267,NONE,Unmasked,NO_FACE_DETECTED,0.0,0.35,TN,No Face Detected by SCRFD
1090,New_Images,006392.jpg,006392,NONE,Unmasked,NO_FACE_DETECTED,0.0,0.35,TN,No Face Detected by SCRFD
1091,New_Images,005468.jpg,005468,NONE,Unmasked,UNRECOGNIZED,0.2772,0.35,TN,CORRECTLY_REJECTED_UNKNOWN
1092,Masked Images,000674__CLT__masked.jpg,000674,CLT,Cloth Mask,000674,0.8962,0.35,TP,CORRECT_MATCH
1093,New_Images,008904.jpg,008904,NONE,Unmasked,UNRECOGNIZED,0.2665,0.35,TN,CORRECTLY_REJECTED_UNKNOWN
1094,New_Images,006909.jpg,006909,NONE,Unmasked,UNRECOGNIZED,0.3159,0.35,TN,CORRECTLY_REJECTED_UNKNOWN
1095,New_Images,009043.jpg,009043,NONE,Unmasked,UNRECOGNIZED,0.2321,0.35,TN,CORRECTLY_REJECTED_UNKNOWN
1096,Masked Images,000936__K95__masked.jpg,000936,K95,KN95 Mask,000936,0.8709,0.35,TP,CORRECT_MATCH
1097,New_Images,009396.jpg,009396,NONE,Unmasked,NO_FACE_DETECTED,0.0,0.35,TN,No Face Detected by SCRFD
1098,New_Images,007249.jpg,007249,NONE,Unmasked,NO_FACE_DETECTED,0.0,0.35,TN,No Face Detected by SCRFD
1099,New_Images,006428.jpg,006428,NONE,Unmasked,UNRECOGNIZED,0.2241,0.35,TN,CORRECTLY_REJECTED_UNKNOWN
1100,Masked Images,001025__GAS__masked.jpg,001025,GAS,Gas Mask,001025,0.8824,0.35,TP,CORRECT_MATCH
1101,New_Images,008756.jpg,008756,NONE,Unmasked,UNRECOGNIZED,0.2714,0.35,TN,CORRECTLY_REJECTED_UNKNOWN
1102,New_Images,005328.jpg,005328,NONE,Unmasked,UNRECOGNIZED,0.2269,0.35,TN,CORRECTLY_REJECTED_UNKNOWN
1103,New_Images,007276.jpg,007276,NONE,Unmasked,UNRECOGNIZED,0.2717,0.35,TN,CORRECTLY_REJECTED_UNKNOWN
1104,New_Images,007498.jpg,007498,NONE,Unmasked,UNRECOGNIZED,0.2356,0.35,TN,CORRECTLY_REJECTED_UNKNOWN
1105,New_Images,008419.jpg,008419,NONE,Unmasked,UNRECOGNIZED,0.2469,0.35,TN,CORRECTLY_REJECTED_UNKNOWN
1106,New_Images,007895.jpg,007895,NONE,Unmasked,NO_FACE_DETECTED,0.0,0.35,TN,No Face Detected by SCRFD
1107,New_Images,008548.jpg,008548,NONE,Unmasked,UNRECOGNIZED,0.2667,0.35,TN,CORRECTLY_REJECTED_UNKNOWN
1108,Masked Images,000885__K95__masked.jpg,000885,K95,KN95 Mask,000885,0.9574,0.35,TP,CORRECT_MATCH
1109,New_Images,007942.jpg,007942,NONE,Unmasked,NO_FACE_DETECTED,0.0,0.35,TN,No Face Detected by SCRFD
1110,New_Images,006004.jpg,006004,NONE,Unmasked,UNRECOGNIZED,0.2758,0.35,TN,CORRECTLY_REJECTED_UNKNOWN
1111,New_Images,006055.jpg,006055,NONE,Unmasked,UNRECOGNIZED,0.2425,0.35,TN,CORRECTLY_REJECTED_UNKNOWN
1112,Masked Images,000289__N95__masked.jpg,000289,N95,N95 Mask,000289,0.9235,0.35,TP,CORRECT_MATCH
1113,New_Images,006947.jpg,006947,NONE,Unmasked,UNRECOGNIZED,0.2335,0.35,TN,CORRECTLY_REJECTED_UNKNOWN
1114,Masked Images,000361__N95__masked.jpg,000361,N95,N95 Mask,000361,0.8598,0.35,TP,CORRECT_MATCH
1115,New_Images,007569.jpg,007569,NONE,Unmasked,UNRECOGNIZED,0.2304,0.35,TN,CORRECTLY_REJECTED_UNKNOWN
1116,New_Images,008818.jpg,008818,NONE,Unmasked,NO_FACE_DETECTED,0.0,0.35,TN,No Face Detected by SCRFD
1117,New_Images,008656.jpg,008656,NONE,Unmasked,NO_FACE_DETECTED,0.0,0.35,TN,No Face Detected by SCRFD
1118,New_Images,009304.jpg,009304,NONE,Unmasked,UNRECOGNIZED,0.2442,0.35,TN,CORRECTLY_REJECTED_UNKNOWN
1119,New_Images,005321.jpg,005321,NONE,Unmasked,UNRECOGNIZED,0.2298,0.35,TN,CORRECTLY_REJECTED_UNKNOWN
1120,New_Images,007714.jpg,007714,NONE,Unmasked,NO_FACE_DETECTED,0.0,0.35,TN,No Face Detected by SCRFD
1121,New_Images,005884.jpg,005884,NONE,Unmasked,NO_FACE_DETECTED,0.0,0.35,TN,No Face Detected by SCRFD
1122,New_Images,007265.jpg,007265,NONE,Unmasked,UNRECOGNIZED,0.22,0.35,TN,CORRECTLY_REJECTED_UNKNOWN
1123,New_Images,009254.jpg,009254,NONE,Unmasked,UNRECOGNIZED,0.273,0.35,TN,CORRECTLY_REJECTED_UNKNOWN
1124,New_Images,005089.jpg,005089,NONE,Unmasked,UNRECOGNIZED,0.2429,0.35,TN,CORRECTLY_REJECTED_UNKNOWN
1125,New_Images,009424.jpg,009424,NONE,Unmasked,UNRECOGNIZED,0.2108,0.35,TN,CORRECTLY_REJECTED_UNKNOWN
1126,New_Images,007224.jpg,007224,NONE,Unmasked,UNRECOGNIZED,0.2743,0.35,TN,CORRECTLY_REJECTED_UNKNOWN
1127,New_Images,008312.jpg,008312,NONE,Unmasked,UNRECOGNIZED,0.2931,0.35,TN,CORRECTLY_REJECTED_UNKNOWN
1128,Masked Images,000930__N95__masked.jpg,000930,N95,N95 Mask,000930,0.7892,0.35,TP,CORRECT_MATCH
1129,New_Images,007795.jpg,007795,NONE,Unmasked,UNRECOGNIZED,0.2177,0.35,TN,CORRECTLY_REJECTED_UNKNOWN
1130,New_Images,005937.jpg,005937,NONE,Unmasked,UNRECOGNIZED,0.2476,0.35,TN,CORRECTLY_REJECTED_UNKNOWN
1131,New_Images,008984.jpg,008984,NONE,Unmasked,UNRECOGNIZED,0.2589,0.35,TN,CORRECTLY_REJECTED_UNKNOWN
1132,New_Images,006513.jpg,006513,NONE,Unmasked,UNRECOGNIZED,0.3127,0.35,TN,CORRECTLY_REJECTED_UNKNOWN
1133,New_Images,005053.jpg,005053,NONE,Unmasked,NO_FACE_DETECTED,0.0,0.35,TN,No Face Detected by SCRFD
1134,New_Images,007826.jpg,007826,NONE,Unmasked,UNRECOGNIZED,0.2484,0.35,TN,CORRECTLY_REJECTED_UNKNOWN
1135,Masked Images,000209__GAS__masked.jpg,000209,GAS,Gas Mask,000209,0.9133,0.35,TP,CORRECT_MATCH
1136,New_Images,005680.jpg,005680,NONE,Unmasked,NO_FACE_DETECTED,0.0,0.35,TN,No Face Detected by SCRFD
1137,New_Images,006159.jpg,006159,NONE,Unmasked,NO_FACE_DETECTED,0.0,0.35,TN,No Face Detected by SCRFD
1138,Masked Images,000671__SUR__masked.jpg,000671,SUR,Surgical Mask,000671,0.8701,0.35,TP,CORRECT_MATCH
1139,New_Images,007019.jpg,007019,NONE,Unmasked,NO_FACE_DETECTED,0.0,0.35,TN,No Face Detected by SCRFD
1140,New_Images,005097.jpg,005097,NONE,Unmasked,UNRECOGNIZED,0.2532,0.35,TN,CORRECTLY_REJECTED_UNKNOWN
1141,New_Images,008834.jpg,008834,NONE,Unmasked,UNRECOGNIZED,0.2611,0.35,TN,CORRECTLY_REJECTED_UNKNOWN
1142,New_Images,006913.jpg,006913,NONE,Unmasked,UNRECOGNIZED,0.2439,0.35,TN,CORRECTLY_REJECTED_UNKNOWN
1143,New_Images,009628.jpg,009628,NONE,Unmasked,NO_FACE_DETECTED,0.0,0.35,TN,No Face Detected by SCRFD
1144,Masked Images,000107__K95__masked.jpg,000107,K95,KN95 Mask,000107,0.9369,0.35,TP,CORRECT_MATCH
1145,New_Images,008058.jpg,008058,NONE,Unmasked,UNRECOGNIZED,0.2478,0.35,TN,CORRECTLY_REJECTED_UNKNOWN
1146,New_Images,009172.jpg,009172,NONE,Unmasked,NO_FACE_DETECTED,0.0,0.35,TN,No Face Detected by SCRFD
1147,New_Images,008774.jpg,008774,NONE,Unmasked,UNRECOGNIZED,0.2441,0.35,TN,CORRECTLY_REJECTED_UNKNOWN
1148,New_Images,007453.jpg,007453,NONE,Unmasked,UNRECOGNIZED,0.2558,0.35,TN,CORRECTLY_REJECTED_UNKNOWN
1149,Masked Images,000498__CLT__masked.jpg,000498,CLT,Cloth Mask,000498,0.9358,0.35,TP,CORRECT_MATCH
1150,New_Images,009413.jpg,009413,NONE,Unmasked,NO_FACE_DETECTED,0.0,0.35,TN,No Face Detected by SCRFD
1151,New_Images,005546.jpg,005546,NONE,Unmasked,UNRECOGNIZED,0.2116,0.35,TN,CORRECTLY_REJECTED_UNKNOWN
1152,New_Images,005562.jpg,005562,NONE,Unmasked,NO_FACE_DETECTED,0.0,0.35,TN,No Face Detected by SCRFD
1153,New_Images,005044.jpg,005044,NONE,Unmasked,UNRECOGNIZED,0.262,0.35,TN,CORRECTLY_REJECTED_UNKNOWN
1154,New_Images,008054.jpg,008054,NONE,Unmasked,UNRECOGNIZED,0.2866,0.35,TN,CORRECTLY_REJECTED_UNKNOWN
1155,New_Images,008512.jpg,008512,NONE,Unmasked,NO_FACE_DETECTED,0.0,0.35,TN,No Face Detected by SCRFD
1156,Masked Images,001048__N95__masked.jpg,001048,N95,N95 Mask,001048,0.8544,0.35,TP,CORRECT_MATCH
1157,New_Images,007623.jpg,007623,NONE,Unmasked,UNRECOGNIZED,0.2458,0.35,TN,CORRECTLY_REJECTED_UNKNOWN
1158,New_Images,008334.jpg,008334,NONE,Unmasked,NO_FACE_DETECTED,0.0,0.35,TN,No Face Detected by SCRFD
1159,New_Images,009034.jpg,009034,NONE,Unmasked,UNRECOGNIZED,0.2791,0.35,TN,CORRECTLY_REJECTED_UNKNOWN
1160,New_Images,008861.jpg,008861,NONE,Unmasked,NO_FACE_DETECTED,0.0,0.35,TN,No Face Detected by SCRFD
1161,New_Images,009324.jpg,009324,NONE,Unmasked,UNRECOGNIZED,0.2495,0.35,TN,CORRECTLY_REJECTED_UNKNOWN
1162,New_Images,006201.jpg,006201,NONE,Unmasked,UNRECOGNIZED,0.2297,0.35,TN,CORRECTLY_REJECTED_UNKNOWN
1163,New_Images,009238.jpg,009238,NONE,Unmasked,UNRECOGNIZED,0.2872,0.35,TN,CORRECTLY_REJECTED_UNKNOWN
1164,New_Images,006921.jpg,006921,NONE,Unmasked,UNRECOGNIZED,0.2685,0.35,TN,CORRECTLY_REJECTED_UNKNOWN
1165,New_Images,007972.jpg,007972,NONE,Unmasked,NO_FACE_DETECTED,0.0,0.35,TN,No Face Detected by SCRFD
1166,New_Images,009055.jpg,009055,NONE,Unmasked,UNRECOGNIZED,0.2823,0.35,TN,CORRECTLY_REJECTED_UNKNOWN
1167,Masked Images,000085__SUR__masked.jpg,000085,SUR,Surgical Mask,000085,0.8818,0.35,TP,CORRECT_MATCH
1168,New_Images,007006.jpg,007006,NONE,Unmasked,NO_FACE_DETECTED,0.0,0.35,TN,No Face Detected by SCRFD
1169,New_Images,006852.jpg,006852,NONE,Unmasked,UNRECOGNIZED,0.3028,0.35,TN,CORRECTLY_REJECTED_UNKNOWN
1170,New_Images,009623.jpg,009623,NONE,Unmasked,UNRECOGNIZED,0.2619,0.35,TN,CORRECTLY_REJECTED_UNKNOWN
1171,New_Images,006390.jpg,006390,NONE,Unmasked,NO_FACE_DETECTED,0.0,0.35,TN,No Face Detected by SCRFD
1172,New_Images,007010.jpg,007010,NONE,Unmasked,UNRECOGNIZED,0.2161,0.35,TN,CORRECTLY_REJECTED_UNKNOWN
1173,New_Images,006835.jpg,006835,NONE,Unmasked,NO_FACE_DETECTED,0.0,0.35,TN,No Face Detected by SCRFD
1174,New_Images,008321.jpg,008321,NONE,Unmasked,NO_FACE_DETECTED,0.0,0.35,TN,No Face Detected by SCRFD
1175,Masked Images,000432__GAS__masked.jpg,000432,GAS,Gas Mask,000432,0.8591,0.35,TP,CORRECT_MATCH
1176,Masked Images,000429__N95__masked.jpg,000429,N95,N95 Mask,000429,0.8185,0.35,TP,CORRECT_MATCH
1177,Masked Images,001057__GAS__masked.jpg,001057,GAS,Gas Mask,001057,0.8623,0.35,TP,CORRECT_MATCH
1178,New_Images,009610.jpg,009610,NONE,Unmasked,UNRECOGNIZED,0.2428,0.35,TN,CORRECTLY_REJECTED_UNKNOWN
1179,Masked Images,000251__CLT__masked.jpg,000251,CLT,Cloth Mask,000251,0.9098,0.35,TP,CORRECT_MATCH
1180,New_Images,005239.jpg,005239,NONE,Unmasked,UNRECOGNIZED,0.2489,0.35,TN,CORRECTLY_REJECTED_UNKNOWN
1181,New_Images,008372.jpg,008372,NONE,Unmasked,UNRECOGNIZED,0.2297,0.35,TN,CORRECTLY_REJECTED_UNKNOWN
1182,New_Images,008793.jpg,008793,NONE,Unmasked,UNRECOGNIZED,0.2289,0.35,TN,CORRECTLY_REJECTED_UNKNOWN
1183,New_Images,008303.jpg,008303,NONE,Unmasked,NO_FACE_DETECTED,0.0,0.35,TN,No Face Detected by SCRFD
1184,New_Images,008455.jpg,008455,NONE,Unmasked,NO_FACE_DETECTED,0.0,0.35,TN,No Face Detected by SCRFD
1185,New_Images,007251.jpg,007251,NONE,Unmasked,UNRECOGNIZED,0.3096,0.35,TN,CORRECTLY_REJECTED_UNKNOWN
1186,New_Images,007886.jpg,007886,NONE,Unmasked,NO_FACE_DETECTED,0.0,0.35,TN,No Face Detected by SCRFD
1187,New_Images,008263.jpg,008263,NONE,Unmasked,NO_FACE_DETECTED,0.0,0.35,TN,No Face Detected by SCRFD
1188,New_Images,007210.jpg,007210,NONE,Unmasked,UNRECOGNIZED,0.2864,0.35,TN,CORRECTLY_REJECTED_UNKNOWN
1189,New_Images,005263.jpg,005263,NONE,Unmasked,UNRECOGNIZED,0.2138,0.35,TN,CORRECTLY_REJECTED_UNKNOWN
1190,New_Images,006470.jpg,006470,NONE,Unmasked,UNRECOGNIZED,0.2187,0.35,TN,CORRECTLY_REJECTED_UNKNOWN
1191,Masked Images,000022__GAS__masked.jpg,000022,GAS,Gas Mask,000022,0.8404,0.35,TP,CORRECT_MATCH
1192,New_Images,008631.jpg,008631,NONE,Unmasked,NO_FACE_DETECTED,0.0,0.35,TN,No Face Detected by SCRFD
1193,New_Images,008048.jpg,008048,NONE,Unmasked,UNRECOGNIZED,0.2753,0.35,TN,CORRECTLY_REJECTED_UNKNOWN
1194,New_Images,007323.jpg,007323,NONE,Unmasked,UNRECOGNIZED,0.259,0.35,TN,CORRECTLY_REJECTED_UNKNOWN
1195,New_Images,007774.jpg,007774,NONE,Unmasked,UNRECOGNIZED,0.2818,0.35,TN,CORRECTLY_REJECTED_UNKNOWN
1196,New_Images,008874.jpg,008874,NONE,Unmasked,NO_FACE_DETECTED,0.0,0.35,TN,No Face Detected by SCRFD
1197,New_Images,005310.jpg,005310,NONE,Unmasked,UNRECOGNIZED,0.2399,0.35,TN,CORRECTLY_REJECTED_UNKNOWN
1198,New_Images,006854.jpg,006854,NONE,Unmasked,UNRECOGNIZED,0.2875,0.35,TN,CORRECTLY_REJECTED_UNKNOWN
1199,New_Images,006472.jpg,006472,NONE,Unmasked,UNRECOGNIZED,0.2199,0.35,TN,CORRECTLY_REJECTED_UNKNOWN
1200,New_Images,005350.jpg,005350,NONE,Unmasked,NO_FACE_DETECTED,0.0,0.35,TN,No Face Detected by SCRFD
1201,New_Images,007992.jpg,007992,NONE,Unmasked,UNRECOGNIZED,0.2656,0.35,TN,CORRECTLY_REJECTED_UNKNOWN
1202,New_Images,009430.jpg,009430,NONE,Unmasked,NO_FACE_DETECTED,0.0,0.35,TN,No Face Detected by SCRFD
1203,New_Images,005713.jpg,005713,NONE,Unmasked,NO_FACE_DETECTED,0.0,0.35,TN,No Face Detected by SCRFD
1204,New_Images,008927.jpg,008927,NONE,Unmasked,002581,0.3549,0.35,FP,MISIDENTIFIED_AS_002581
1205,New_Images,005599.jpg,005599,NONE,Unmasked,NO_FACE_DETECTED,0.0,0.35,TN,No Face Detected by SCRFD
1206,Masked Images,000104__GAS__masked.jpg,000104,GAS,Gas Mask,000104,0.9223,0.35,TP,CORRECT_MATCH
1207,New_Images,006272.jpg,006272,NONE,Unmasked,UNRECOGNIZED,0.2806,0.35,TN,CORRECTLY_REJECTED_UNKNOWN
1208,Masked Images,000548__CLT__masked.jpg,000548,CLT,Cloth Mask,000548,0.9361,0.35,TP,CORRECT_MATCH
1209,New_Images,006334.jpg,006334,NONE,Unmasked,UNRECOGNIZED,0.2303,0.35,TN,CORRECTLY_REJECTED_UNKNOWN
1210,New_Images,005384.jpg,005384,NONE,Unmasked,NO_FACE_DETECTED,0.0,0.35,TN,No Face Detected by SCRFD
1211,New_Images,009218.jpg,009218,NONE,Unmasked,UNRECOGNIZED,0.2285,0.35,TN,CORRECTLY_REJECTED_UNKNOWN
1212,New_Images,007072.jpg,007072,NONE,Unmasked,UNRECOGNIZED,0.239,0.35,TN,CORRECTLY_REJECTED_UNKNOWN
1213,New_Images,006590.jpg,006590,NONE,Unmasked,NO_FACE_DETECTED,0.0,0.35,TN,No Face Detected by SCRFD
1214,New_Images,007346.jpg,007346,NONE,Unmasked,UNRECOGNIZED,0.253,0.35,TN,CORRECTLY_REJECTED_UNKNOWN
1215,New_Images,006780.jpg,006780,NONE,Unmasked,NO_FACE_DETECTED,0.0,0.35,TN,No Face Detected by SCRFD
1216,New_Images,005696.jpg,005696,NONE,Unmasked,NO_FACE_DETECTED,0.0,0.35,TN,No Face Detected by SCRFD
1217,New_Images,007076.jpg,007076,NONE,Unmasked,UNRECOGNIZED,0.2365,0.35,TN,CORRECTLY_REJECTED_UNKNOWN
1218,New_Images,008399.jpg,008399,NONE,Unmasked,UNRECOGNIZED,0.2838,0.35,TN,CORRECTLY_REJECTED_UNKNOWN
1219,New_Images,008073.jpg,008073,NONE,Unmasked,UNRECOGNIZED,0.271,0.35,TN,CORRECTLY_REJECTED_UNKNOWN
1220,New_Images,006500.jpg,006500,NONE,Unmasked,UNRECOGNIZED,0.2225,0.35,TN,CORRECTLY_REJECTED_UNKNOWN
1221,New_Images,006901.jpg,006901,NONE,Unmasked,UNRECOGNIZED,0.2711,0.35,TN,CORRECTLY_REJECTED_UNKNOWN
1222,New_Images,009489.jpg,009489,NONE,Unmasked,UNRECOGNIZED,0.2855,0.35,TN,CORRECTLY_REJECTED_UNKNOWN
1223,New_Images,005551.jpg,005551,NONE,Unmasked,UNRECOGNIZED,0.32,0.35,TN,CORRECTLY_REJECTED_UNKNOWN
1224,New_Images,008537.jpg,008537,NONE,Unmasked,NO_FACE_DETECTED,0.0,0.35,TN,No Face Detected by SCRFD
1225,New_Images,008149.jpg,008149,NONE,Unmasked,UNRECOGNIZED,0.2282,0.35,TN,CORRECTLY_REJECTED_UNKNOWN
1226,New_Images,007554.jpg,007554,NONE,Unmasked,UNRECOGNIZED,0.2124,0.35,TN,CORRECTLY_REJECTED_UNKNOWN
1227,New_Images,008232.jpg,008232,NONE,Unmasked,NO_FACE_DETECTED,0.0,0.35,TN,No Face Detected by SCRFD
1228,Masked Images,000292__GAS__masked.jpg,000292,GAS,Gas Mask,000292,0.8854,0.35,TP,CORRECT_MATCH
1229,New_Images,008405.jpg,008405,NONE,Unmasked,UNRECOGNIZED,0.2508,0.35,TN,CORRECTLY_REJECTED_UNKNOWN
1230,New_Images,005364.jpg,005364,NONE,Unmasked,NO_FACE_DETECTED,0.0,0.35,TN,No Face Detected by SCRFD
1231,New_Images,008780.jpg,008780,NONE,Unmasked,UNRECOGNIZED,0.2422,0.35,TN,CORRECTLY_REJECTED_UNKNOWN
1232,New_Images,009212.jpg,009212,NONE,Unmasked,UNRECOGNIZED,0.2441,0.35,TN,CORRECTLY_REJECTED_UNKNOWN
1233,New_Images,009146.jpg,009146,NONE,Unmasked,NO_FACE_DETECTED,0.0,0.35,TN,No Face Detected by SCRFD
1234,Masked Images,000968__CLT__masked.jpg,000968,CLT,Cloth Mask,000968,0.932,0.35,TP,CORRECT_MATCH
1235,Masked Images,000625__SUR__masked.jpg,000625,SUR,Surgical Mask,000625,0.8938,0.35,TP,CORRECT_MATCH
1236,New_Images,007411.jpg,007411,NONE,Unmasked,UNRECOGNIZED,0.2485,0.35,TN,CORRECTLY_REJECTED_UNKNOWN
1237,New_Images,009490.jpg,009490,NONE,Unmasked,UNRECOGNIZED,0.2412,0.35,TN,CORRECTLY_REJECTED_UNKNOWN
1238,New_Images,006325.jpg,006325,NONE,Unmasked,UNRECOGNIZED,0.2504,0.35,TN,CORRECTLY_REJECTED_UNKNOWN
1239,New_Images,009571.jpg,009571,NONE,Unmasked,UNRECOGNIZED,0.2774,0.35,TN,CORRECTLY_REJECTED_UNKNOWN
1240,New_Images,007619.jpg,007619,NONE,Unmasked,UNRECOGNIZED,0.2225,0.35,TN,CORRECTLY_REJECTED_UNKNOWN
1241,New_Images,005068.jpg,005068,NONE,Unmasked,UNRECOGNIZED,0.3115,0.35,TN,CORRECTLY_REJECTED_UNKNOWN
1242,New_Images,006932.jpg,006932,NONE,Unmasked,NO_FACE_DETECTED,0.0,0.35,TN,No Face Detected by SCRFD
1243,New_Images,008182.jpg,008182,NONE,Unmasked,NO_FACE_DETECTED,0.0,0.35,TN,No Face Detected by SCRFD
1244,New_Images,007363.jpg,007363,NONE,Unmasked,UNRECOGNIZED,0.2196,0.35,TN,CORRECTLY_REJECTED_UNKNOWN
1245,Masked Images,000282__GAS__masked.jpg,000282,GAS,Gas Mask,000282,0.9405,0.35,TP,CORRECT_MATCH
1246,Masked Images,000670__GAS__masked.jpg,000670,GAS,Gas Mask,000670,0.912,0.35,TP,CORRECT_MATCH
1247,New_Images,005411.jpg,005411,NONE,Unmasked,UNRECOGNIZED,0.2677,0.35,TN,CORRECTLY_REJECTED_UNKNOWN
1248,New_Images,005482.jpg,005482,NONE,Unmasked,NO_FACE_DETECTED,0.0,0.35,TN,No Face Detected by SCRFD
1249,New_Images,009440.jpg,009440,NONE,Unmasked,NO_FACE_DETECTED,0.0,0.35,TN,No Face Detected by SCRFD
1250,Masked Images,000011__CLT__masked.jpg,000011,CLT,Cloth Mask,000011,0.952,0.35,TP,CORRECT_MATCH
1251,Masked Images,000040__N95__masked.jpg,000040,N95,N95 Mask,000040,0.9079,0.35,TP,CORRECT_MATCH
1252,New_Images,007631.jpg,007631,NONE,Unmasked,UNRECOGNIZED,0.2201,0.35,TN,CORRECTLY_REJECTED_UNKNOWN
1253,New_Images,007371.jpg,007371,NONE,Unmasked,UNRECOGNIZED,0.3037,0.35,TN,CORRECTLY_REJECTED_UNKNOWN
1254,Masked Images,000690__GAS__masked.jpg,000690,GAS,Gas Mask,000690,0.8305,0.35,TP,CORRECT_MATCH
1255,Masked Images,000031__CLT__masked.jpg,000031,CLT,Cloth Mask,000031,0.9354,0.35,TP,CORRECT_MATCH
1256,New_Images,009346.jpg,009346,NONE,Unmasked,UNRECOGNIZED,0.2895,0.35,TN,CORRECTLY_REJECTED_UNKNOWN
1257,New_Images,007642.jpg,007642,NONE,Unmasked,UNRECOGNIZED,0.2629,0.35,TN,CORRECTLY_REJECTED_UNKNOWN
1258,New_Images,007133.jpg,007133,NONE,Unmasked,NO_FACE_DETECTED,0.0,0.35,TN,No Face Detected by SCRFD
1259,New_Images,005719.jpg,005719,NONE,Unmasked,UNRECOGNIZED,0.2592,0.35,TN,CORRECTLY_REJECTED_UNKNOWN
1260,New_Images,005410.jpg,005410,NONE,Unmasked,UNRECOGNIZED,0.2277,0.35,TN,CORRECTLY_REJECTED_UNKNOWN
1261,Masked Images,000817__SUR__masked.jpg,000817,SUR,Surgical Mask,000817,0.8484,0.35,TP,CORRECT_MATCH
1262,New_Images,006080.jpg,006080,NONE,Unmasked,UNRECOGNIZED,0.2358,0.35,TN,CORRECTLY_REJECTED_UNKNOWN
1263,New_Images,007720.jpg,007720,NONE,Unmasked,UNRECOGNIZED,0.292,0.35,TN,CORRECTLY_REJECTED_UNKNOWN
1264,New_Images,008802.jpg,008802,NONE,Unmasked,NO_FACE_DETECTED,0.0,0.35,TN,No Face Detected by SCRFD
1265,New_Images,008124.jpg,008124,NONE,Unmasked,UNRECOGNIZED,0.2545,0.35,TN,CORRECTLY_REJECTED_UNKNOWN
1266,New_Images,006861.jpg,006861,NONE,Unmasked,UNRECOGNIZED,0.2956,0.35,TN,CORRECTLY_REJECTED_UNKNOWN
1267,New_Images,005121.jpg,005121,NONE,Unmasked,UNRECOGNIZED,0.302,0.35,TN,CORRECTLY_REJECTED_UNKNOWN
1268,New_Images,007696.jpg,007696,NONE,Unmasked,UNRECOGNIZED,0.252,0.35,TN,CORRECTLY_REJECTED_UNKNOWN
1269,New_Images,009516.jpg,009516,NONE,Unmasked,UNRECOGNIZED,0.206,0.35,TN,CORRECTLY_REJECTED_UNKNOWN
1270,New_Images,007428.jpg,007428,NONE,Unmasked,UNRECOGNIZED,0.2368,0.35,TN,CORRECTLY_REJECTED_UNKNOWN
1271,Masked Images,000344__GAS__masked.jpg,000344,GAS,Gas Mask,000344,0.8578,0.35,TP,CORRECT_MATCH
1272,New_Images,008562.jpg,008562,NONE,Unmasked,NO_FACE_DETECTED,0.0,0.35,TN,No Face Detected by SCRFD
1273,New_Images,007097.jpg,007097,NONE,Unmasked,NO_FACE_DETECTED,0.0,0.35,TN,No Face Detected by SCRFD
1274,New_Images,008674.jpg,008674,NONE,Unmasked,UNRECOGNIZED,0.265,0.35,TN,CORRECTLY_REJECTED_UNKNOWN
1275,New_Images,008546.jpg,008546,NONE,Unmasked,UNRECOGNIZED,0.2197,0.35,TN,CORRECTLY_REJECTED_UNKNOWN
1276,New_Images,008915.jpg,008915,NONE,Unmasked,NO_FACE_DETECTED,0.0,0.35,TN,No Face Detected by SCRFD
1277,New_Images,008654.jpg,008654,NONE,Unmasked,UNRECOGNIZED,0.2397,0.35,TN,CORRECTLY_REJECTED_UNKNOWN
1278,New_Images,005324.jpg,005324,NONE,Unmasked,004030,0.3598,0.35,FP,MISIDENTIFIED_AS_004030
1279,Masked Images,000672__N95__masked.jpg,000672,N95,N95 Mask,000672,0.8764,0.35,TP,CORRECT_MATCH
1280,Masked Images,000383__K95__masked.jpg,000383,K95,KN95 Mask,000383,0.9287,0.35,TP,CORRECT_MATCH
1281,New_Images,008173.jpg,008173,NONE,Unmasked,UNRECOGNIZED,0.2373,0.35,TN,CORRECTLY_REJECTED_UNKNOWN
1282,New_Images,007965.jpg,007965,NONE,Unmasked,NO_FACE_DETECTED,0.0,0.35,TN,No Face Detected by SCRFD
1283,New_Images,007682.jpg,007682,NONE,Unmasked,UNRECOGNIZED,0.2064,0.35,TN,CORRECTLY_REJECTED_UNKNOWN
1284,Masked Images,000390__GAS__masked.jpg,000390,GAS,Gas Mask,000390,0.8892,0.35,TP,CORRECT_MATCH
1285,New_Images,006216.jpg,006216,NONE,Unmasked,UNRECOGNIZED,0.2309,0.35,TN,CORRECTLY_REJECTED_UNKNOWN
1286,Masked Images,000312__CLT__masked.jpg,000312,CLT,Cloth Mask,000312,0.9438,0.35,TP,CORRECT_MATCH
1287,New_Images,006724.jpg,006724,NONE,Unmasked,UNRECOGNIZED,0.2459,0.35,TN,CORRECTLY_REJECTED_UNKNOWN
1288,New_Images,005029.jpg,005029,NONE,Unmasked,UNRECOGNIZED,0.2504,0.35,TN,CORRECTLY_REJECTED_UNKNOWN
1289,New_Images,005278.jpg,005278,NONE,Unmasked,NO_FACE_DETECTED,0.0,0.35,TN,No Face Detected by SCRFD
1290,New_Images,008685.jpg,008685,NONE,Unmasked,NO_FACE_DETECTED,0.0,0.35,TN,No Face Detected by SCRFD
1291,New_Images,007234.jpg,007234,NONE,Unmasked,NO_FACE_DETECTED,0.0,0.35,TN,No Face Detected by SCRFD
1292,New_Images,005814.jpg,005814,NONE,Unmasked,000922,0.3557,0.35,FP,MISIDENTIFIED_AS_000922
1293,New_Images,008121.jpg,008121,NONE,Unmasked,UNRECOGNIZED,0.2165,0.35,TN,CORRECTLY_REJECTED_UNKNOWN
1294,New_Images,007168.jpg,007168,NONE,Unmasked,UNRECOGNIZED,0.2773,0.35,TN,CORRECTLY_REJECTED_UNKNOWN
1295,New_Images,009116.jpg,009116,NONE,Unmasked,UNRECOGNIZED,0.2531,0.35,TN,CORRECTLY_REJECTED_UNKNOWN
1296,New_Images,008355.jpg,008355,NONE,Unmasked,UNRECOGNIZED,0.2915,0.35,TN,CORRECTLY_REJECTED_UNKNOWN
1297,New_Images,006945.jpg,006945,NONE,Unmasked,UNRECOGNIZED,0.3119,0.35,TN,CORRECTLY_REJECTED_UNKNOWN
1298,New_Images,009608.jpg,009608,NONE,Unmasked,UNRECOGNIZED,0.2606,0.35,TN,CORRECTLY_REJECTED_UNKNOWN
1299,New_Images,007494.jpg,007494,NONE,Unmasked,NO_FACE_DETECTED,0.0,0.35,TN,No Face Detected by SCRFD
1300,Masked Images,001062__GAS__masked.jpg,001062,GAS,Gas Mask,001062,0.8779,0.35,TP,CORRECT_MATCH
1301,Masked Images,000420__CLT__masked.jpg,000420,CLT,Cloth Mask,000420,0.8945,0.35,TP,CORRECT_MATCH
1302,New_Images,007122.jpg,007122,NONE,Unmasked,UNRECOGNIZED,0.2509,0.35,TN,CORRECTLY_REJECTED_UNKNOWN
1303,Masked Images,000156__SUR__masked.jpg,000156,SUR,Surgical Mask,000156,0.8921,0.35,TP,CORRECT_MATCH
1304,New_Images,005134.jpg,005134,NONE,Unmasked,UNRECOGNIZED,0.2475,0.35,TN,CORRECTLY_REJECTED_UNKNOWN
1305,New_Images,007511.jpg,007511,NONE,Unmasked,UNRECOGNIZED,0.2516,0.35,TN,CORRECTLY_REJECTED_UNKNOWN
1306,New_Images,008655.jpg,008655,NONE,Unmasked,NO_FACE_DETECTED,0.0,0.35,TN,No Face Detected by SCRFD
1307,New_Images,005162.jpg,005162,NONE,Unmasked,UNRECOGNIZED,0.3008,0.35,TN,CORRECTLY_REJECTED_UNKNOWN
1308,New_Images,009278.jpg,009278,NONE,Unmasked,UNRECOGNIZED,0.2837,0.35,TN,CORRECTLY_REJECTED_UNKNOWN
1309,Masked Images,000998__CLT__masked.jpg,000998,CLT,Cloth Mask,000998,0.9141,0.35,TP,CORRECT_MATCH
1310,Masked Images,000259__N95__masked.jpg,000259,N95,N95 Mask,000259,0.8757,0.35,TP,CORRECT_MATCH
1311,New_Images,006419.jpg,006419,NONE,Unmasked,UNRECOGNIZED,0.2088,0.35,TN,CORRECTLY_REJECTED_UNKNOWN
1312,New_Images,008325.jpg,008325,NONE,Unmasked,UNRECOGNIZED,0.2302,0.35,TN,CORRECTLY_REJECTED_UNKNOWN
1313,New_Images,008147.jpg,008147,NONE,Unmasked,UNRECOGNIZED,0.2494,0.35,TN,CORRECTLY_REJECTED_UNKNOWN
1314,Masked Images,000559__CLT__masked.jpg,000559,CLT,Cloth Mask,000559,0.8672,0.35,TP,CORRECT_MATCH
1315,Masked Images,000792__N95__masked.jpg,000792,N95,N95 Mask,000792,0.756,0.35,TP,CORRECT_MATCH
1316,New_Images,005758.jpg,005758,NONE,Unmasked,NO_FACE_DETECTED,0.0,0.35,TN,No Face Detected by SCRFD
1317,Masked Images,000895__N95__masked.jpg,000895,N95,N95 Mask,000895,0.8797,0.35,TP,CORRECT_MATCH
1318,New_Images,008898.jpg,008898,NONE,Unmasked,UNRECOGNIZED,0.2726,0.35,TN,CORRECTLY_REJECTED_UNKNOWN
1319,New_Images,009505.jpg,009505,NONE,Unmasked,NO_FACE_DETECTED,0.0,0.35,TN,No Face Detected by SCRFD
1320,New_Images,006538.jpg,006538,NONE,Unmasked,UNRECOGNIZED,0.2714,0.35,TN,CORRECTLY_REJECTED_UNKNOWN
1321,New_Images,005202.jpg,005202,NONE,Unmasked,UNRECOGNIZED,0.28,0.35,TN,CORRECTLY_REJECTED_UNKNOWN
1322,New_Images,009419.jpg,009419,NONE,Unmasked,UNRECOGNIZED,0.2703,0.35,TN,CORRECTLY_REJECTED_UNKNOWN
1323,New_Images,005906.jpg,005906,NONE,Unmasked,UNRECOGNIZED,0.2483,0.35,TN,CORRECTLY_REJECTED_UNKNOWN
1324,New_Images,009592.jpg,009592,NONE,Unmasked,UNRECOGNIZED,0.2864,0.35,TN,CORRECTLY_REJECTED_UNKNOWN
1325,New_Images,005007.jpg,005007,NONE,Unmasked,UNRECOGNIZED,0.2886,0.35,TN,CORRECTLY_REJECTED_UNKNOWN
1326,New_Images,005295.jpg,005295,NONE,Unmasked,UNRECOGNIZED,0.2214,0.35,TN,CORRECTLY_REJECTED_UNKNOWN
1327,New_Images,009531.jpg,009531,NONE,Unmasked,UNRECOGNIZED,0.2821,0.35,TN,CORRECTLY_REJECTED_UNKNOWN
1328,New_Images,009392.jpg,009392,NONE,Unmasked,UNRECOGNIZED,0.2048,0.35,TN,CORRECTLY_REJECTED_UNKNOWN
1329,New_Images,006956.jpg,006956,NONE,Unmasked,UNRECOGNIZED,0.2458,0.35,TN,CORRECTLY_REJECTED_UNKNOWN
1330,Masked Images,000632__N95__masked.jpg,000632,N95,N95 Mask,000632,0.8429,0.35,TP,CORRECT_MATCH
1331,New_Images,005924.jpg,005924,NONE,Unmasked,UNRECOGNIZED,0.2865,0.35,TN,CORRECTLY_REJECTED_UNKNOWN
1332,New_Images,009515.jpg,009515,NONE,Unmasked,NO_FACE_DETECTED,0.0,0.35,TN,No Face Detected by SCRFD
1333,New_Images,009277.jpg,009277,NONE,Unmasked,NO_FACE_DETECTED,0.0,0.35,TN,No Face Detected by SCRFD
1334,New_Images,009235.jpg,009235,NONE,Unmasked,UNRECOGNIZED,0.2686,0.35,TN,CORRECTLY_REJECTED_UNKNOWN
1335,New_Images,007915.jpg,007915,NONE,Unmasked,UNRECOGNIZED,0.2348,0.35,TN,CORRECTLY_REJECTED_UNKNOWN
1336,New_Images,009532.jpg,009532,NONE,Unmasked,NO_FACE_DETECTED,0.0,0.35,TN,No Face Detected by SCRFD
1337,Masked Images,001009__GAS__masked.jpg,001009,GAS,Gas Mask,001009,0.8354,0.35,TP,CORRECT_MATCH
1338,New_Images,005897.jpg,005897,NONE,Unmasked,UNRECOGNIZED,0.2576,0.35,TN,CORRECTLY_REJECTED_UNKNOWN
1339,New_Images,006730.jpg,006730,NONE,Unmasked,UNRECOGNIZED,0.2654,0.35,TN,CORRECTLY_REJECTED_UNKNOWN
1340,New_Images,008940.jpg,008940,NONE,Unmasked,UNRECOGNIZED,0.2713,0.35,TN,CORRECTLY_REJECTED_UNKNOWN
1341,Masked Images,000733__K95__masked.jpg,000733,K95,KN95 Mask,000733,0.6787,0.35,TP,CORRECT_MATCH
1342,Masked Images,000409__CLT__masked.jpg,000409,CLT,Cloth Mask,000409,0.9459,0.35,TP,CORRECT_MATCH
1343,New_Images,008582.jpg,008582,NONE,Unmasked,NO_FACE_DETECTED,0.0,0.35,TN,No Face Detected by SCRFD
1344,New_Images,005952.jpg,005952,NONE,Unmasked,UNRECOGNIZED,0.2265,0.35,TN,CORRECTLY_REJECTED_UNKNOWN
1345,Masked Images,000077__K95__masked.jpg,000077,K95,KN95 Mask,000077,0.934,0.35,TP,CORRECT_MATCH
1346,New_Images,008822.jpg,008822,NONE,Unmasked,UNRECOGNIZED,0.2311,0.35,TN,CORRECTLY_REJECTED_UNKNOWN
1347,New_Images,008615.jpg,008615,NONE,Unmasked,NO_FACE_DETECTED,0.0,0.35,TN,No Face Detected by SCRFD
1348,New_Images,005461.jpg,005461,NONE,Unmasked,UNRECOGNIZED,0.2596,0.35,TN,CORRECTLY_REJECTED_UNKNOWN
1349,New_Images,008139.jpg,008139,NONE,Unmasked,NO_FACE_DETECTED,0.0,0.35,TN,No Face Detected by SCRFD
1350,New_Images,007352.jpg,007352,NONE,Unmasked,UNRECOGNIZED,0.2394,0.35,TN,CORRECTLY_REJECTED_UNKNOWN
1351,New_Images,008709.jpg,008709,NONE,Unmasked,UNRECOGNIZED,0.2731,0.35,TN,CORRECTLY_REJECTED_UNKNOWN
1352,New_Images,006012.jpg,006012,NONE,Unmasked,UNRECOGNIZED,0.2232,0.35,TN,CORRECTLY_REJECTED_UNKNOWN
1353,New_Images,005512.jpg,005512,NONE,Unmasked,UNRECOGNIZED,0.298,0.35,TN,CORRECTLY_REJECTED_UNKNOWN
1354,New_Images,006047.jpg,006047,NONE,Unmasked,NO_FACE_DETECTED,0.0,0.35,TN,No Face Detected by SCRFD
1355,New_Images,006912.jpg,006912,NONE,Unmasked,UNRECOGNIZED,0.2688,0.35,TN,CORRECTLY_REJECTED_UNKNOWN
1356,New_Images,007838.jpg,007838,NONE,Unmasked,UNRECOGNIZED,0.2921,0.35,TN,CORRECTLY_REJECTED_UNKNOWN
1357,New_Images,007395.jpg,007395,NONE,Unmasked,UNRECOGNIZED,0.2486,0.35,TN,CORRECTLY_REJECTED_UNKNOWN
1358,New_Images,006720.jpg,006720,NONE,Unmasked,UNRECOGNIZED,0.3068,0.35,TN,CORRECTLY_REJECTED_UNKNOWN
1359,New_Images,009560.jpg,009560,NONE,Unmasked,UNRECOGNIZED,0.2911,0.35,TN,CORRECTLY_REJECTED_UNKNOWN
1360,Masked Images,000517__K95__masked.jpg,000517,K95,KN95 Mask,000517,0.9627,0.35,TP,CORRECT_MATCH
1361,New_Images,007987.jpg,007987,NONE,Unmasked,UNRECOGNIZED,0.2597,0.35,TN,CORRECTLY_REJECTED_UNKNOWN
1362,New_Images,008785.jpg,008785,NONE,Unmasked,NO_FACE_DETECTED,0.0,0.35,TN,No Face Detected by SCRFD
1363,New_Images,006775.jpg,006775,NONE,Unmasked,UNRECOGNIZED,0.2483,0.35,TN,CORRECTLY_REJECTED_UNKNOWN
1364,New_Images,005238.jpg,005238,NONE,Unmasked,NO_FACE_DETECTED,0.0,0.35,TN,No Face Detected by SCRFD
1365,New_Images,006661.jpg,006661,NONE,Unmasked,NO_FACE_DETECTED,0.0,0.35,TN,No Face Detected by SCRFD
1366,New_Images,007064.jpg,007064,NONE,Unmasked,UNRECOGNIZED,0.2333,0.35,TN,CORRECTLY_REJECTED_UNKNOWN
1367,New_Images,005570.jpg,005570,NONE,Unmasked,UNRECOGNIZED,0.2176,0.35,TN,CORRECTLY_REJECTED_UNKNOWN
1368,Masked Images,000595__K95__masked.jpg,000595,K95,KN95 Mask,000595,0.9517,0.35,TP,CORRECT_MATCH
1369,New_Images,007114.jpg,007114,NONE,Unmasked,UNRECOGNIZED,0.2096,0.35,TN,CORRECTLY_REJECTED_UNKNOWN
1370,New_Images,008063.jpg,008063,NONE,Unmasked,UNRECOGNIZED,0.2602,0.35,TN,CORRECTLY_REJECTED_UNKNOWN
1371,New_Images,009439.jpg,009439,NONE,Unmasked,UNRECOGNIZED,0.281,0.35,TN,CORRECTLY_REJECTED_UNKNOWN
1372,New_Images,009279.jpg,009279,NONE,Unmasked,UNRECOGNIZED,0.2524,0.35,TN,CORRECTLY_REJECTED_UNKNOWN
1373,Masked Images,000136__SUR__masked.jpg,000136,SUR,Surgical Mask,000136,0.9034,0.35,TP,CORRECT_MATCH
1374,New_Images,007483.jpg,007483,NONE,Unmasked,UNRECOGNIZED,0.2461,0.35,TN,CORRECTLY_REJECTED_UNKNOWN
1375,New_Images,005602.jpg,005602,NONE,Unmasked,UNRECOGNIZED,0.234,0.35,TN,CORRECTLY_REJECTED_UNKNOWN
1376,New_Images,008432.jpg,008432,NONE,Unmasked,UNRECOGNIZED,0.3099,0.35,TN,CORRECTLY_REJECTED_UNKNOWN
1377,Masked Images,000607__CLT__masked.jpg,000607,CLT,Cloth Mask,000607,0.8975,0.35,TP,CORRECT_MATCH
1378,New_Images,006059.jpg,006059,NONE,Unmasked,UNRECOGNIZED,0.25,0.35,TN,CORRECTLY_REJECTED_UNKNOWN
1379,New_Images,008954.jpg,008954,NONE,Unmasked,UNRECOGNIZED,0.2065,0.35,TN,CORRECTLY_REJECTED_UNKNOWN
1380,New_Images,005271.jpg,005271,NONE,Unmasked,UNRECOGNIZED,0.23,0.35,TN,CORRECTLY_REJECTED_UNKNOWN
1381,New_Images,005012.jpg,005012,NONE,Unmasked,NO_FACE_DETECTED,0.0,0.35,TN,No Face Detected by SCRFD
1382,New_Images,006349.jpg,006349,NONE,Unmasked,UNRECOGNIZED,0.2678,0.35,TN,CORRECTLY_REJECTED_UNKNOWN
1383,New_Images,005682.jpg,005682,NONE,Unmasked,UNRECOGNIZED,0.2695,0.35,TN,CORRECTLY_REJECTED_UNKNOWN
1384,Masked Images,001085__K95__masked.jpg,001085,K95,KN95 Mask,001085,0.8321,0.35,TP,CORRECT_MATCH
1385,Masked Images,000018__SUR__masked.jpg,000018,SUR,Surgical Mask,000018,0.8524,0.35,TP,CORRECT_MATCH
1386,New_Images,007455.jpg,007455,NONE,Unmasked,NO_FACE_DETECTED,0.0,0.35,TN,No Face Detected by SCRFD
1387,New_Images,005060.jpg,005060,NONE,Unmasked,UNRECOGNIZED,0.2603,0.35,TN,CORRECTLY_REJECTED_UNKNOWN
1388,New_Images,007166.jpg,007166,NONE,Unmasked,UNRECOGNIZED,0.2304,0.35,TN,CORRECTLY_REJECTED_UNKNOWN
1389,New_Images,006448.jpg,006448,NONE,Unmasked,NO_FACE_DETECTED,0.0,0.35,TN,No Face Detected by SCRFD
1390,New_Images,007723.jpg,007723,NONE,Unmasked,UNRECOGNIZED,0.2547,0.35,TN,CORRECTLY_REJECTED_UNKNOWN
1391,New_Images,007894.jpg,007894,NONE,Unmasked,UNRECOGNIZED,0.2956,0.35,TN,CORRECTLY_REJECTED_UNKNOWN
1392,New_Images,008338.jpg,008338,NONE,Unmasked,NO_FACE_DETECTED,0.0,0.35,TN,No Face Detected by SCRFD
1393,New_Images,008421.jpg,008421,NONE,Unmasked,UNRECOGNIZED,0.2504,0.35,TN,CORRECTLY_REJECTED_UNKNOWN
1394,New_Images,009128.jpg,009128,NONE,Unmasked,UNRECOGNIZED,0.2601,0.35,TN,CORRECTLY_REJECTED_UNKNOWN
1395,New_Images,005266.jpg,005266,NONE,Unmasked,NO_FACE_DETECTED,0.0,0.35,TN,No Face Detected by SCRFD
1396,New_Images,006980.jpg,006980,NONE,Unmasked,UNRECOGNIZED,0.2501,0.35,TN,CORRECTLY_REJECTED_UNKNOWN
1397,New_Images,006426.jpg,006426,NONE,Unmasked,UNRECOGNIZED,0.2943,0.35,TN,CORRECTLY_REJECTED_UNKNOWN
1398,Masked Images,000802__N95__masked.jpg,000802,N95,N95 Mask,000802,0.9081,0.35,TP,CORRECT_MATCH
1399,New_Images,005935.jpg,005935,NONE,Unmasked,NO_FACE_DETECTED,0.0,0.35,TN,No Face Detected by SCRFD
1400,New_Images,008517.jpg,008517,NONE,Unmasked,NO_FACE_DETECTED,0.0,0.35,TN,No Face Detected by SCRFD
1401,New_Images,007220.jpg,007220,NONE,Unmasked,UNRECOGNIZED,0.2883,0.35,TN,CORRECTLY_REJECTED_UNKNOWN
1402,New_Images,009242.jpg,009242,NONE,Unmasked,UNRECOGNIZED,0.3021,0.35,TN,CORRECTLY_REJECTED_UNKNOWN
1403,New_Images,007618.jpg,007618,NONE,Unmasked,UNRECOGNIZED,0.3108,0.35,TN,CORRECTLY_REJECTED_UNKNOWN
1404,Masked Images,000541__N95__masked.jpg,000541,N95,N95 Mask,000541,0.8822,0.35,TP,CORRECT_MATCH
1405,New_Images,009533.jpg,009533,NONE,Unmasked,UNRECOGNIZED,0.2239,0.35,TN,CORRECTLY_REJECTED_UNKNOWN
1406,New_Images,009335.jpg,009335,NONE,Unmasked,NO_FACE_DETECTED,0.0,0.35,TN,No Face Detected by SCRFD
1407,New_Images,008398.jpg,008398,NONE,Unmasked,UNRECOGNIZED,0.2385,0.35,TN,CORRECTLY_REJECTED_UNKNOWN
1408,New_Images,005439.jpg,005439,NONE,Unmasked,NO_FACE_DETECTED,0.0,0.35,TN,No Face Detected by SCRFD
1409,New_Images,008144.jpg,008144,NONE,Unmasked,UNRECOGNIZED,0.2568,0.35,TN,CORRECTLY_REJECTED_UNKNOWN
1410,New_Images,006562.jpg,006562,NONE,Unmasked,UNRECOGNIZED,0.2868,0.35,TN,CORRECTLY_REJECTED_UNKNOWN
1411,New_Images,006292.jpg,006292,NONE,Unmasked,002581,0.4149,0.35,FP,MISIDENTIFIED_AS_002581
1412,New_Images,006406.jpg,006406,NONE,Unmasked,UNRECOGNIZED,0.2022,0.35,TN,CORRECTLY_REJECTED_UNKNOWN
1413,New_Images,005260.jpg,005260,NONE,Unmasked,UNRECOGNIZED,0.3103,0.35,TN,CORRECTLY_REJECTED_UNKNOWN
1414,New_Images,008993.jpg,008993,NONE,Unmasked,UNRECOGNIZED,0.2141,0.35,TN,CORRECTLY_REJECTED_UNKNOWN
1415,New_Images,009436.jpg,009436,NONE,Unmasked,NO_FACE_DETECTED,0.0,0.35,TN,No Face Detected by SCRFD
1416,New_Images,007620.jpg,007620,NONE,Unmasked,UNRECOGNIZED,0.2592,0.35,TN,CORRECTLY_REJECTED_UNKNOWN
1417,New_Images,007570.jpg,007570,NONE,Unmasked,UNRECOGNIZED,0.2418,0.35,TN,CORRECTLY_REJECTED_UNKNOWN
1418,New_Images,007835.jpg,007835,NONE,Unmasked,UNRECOGNIZED,0.2326,0.35,TN,CORRECTLY_REJECTED_UNKNOWN
1419,New_Images,005511.jpg,005511,NONE,Unmasked,NO_FACE_DETECTED,0.0,0.35,TN,No Face Detected by SCRFD
1420,New_Images,007447.jpg,007447,NONE,Unmasked,UNRECOGNIZED,0.2109,0.35,TN,CORRECTLY_REJECTED_UNKNOWN
1421,New_Images,009554.jpg,009554,NONE,Unmasked,UNRECOGNIZED,0.2474,0.35,TN,CORRECTLY_REJECTED_UNKNOWN
1422,New_Images,009138.jpg,009138,NONE,Unmasked,NO_FACE_DETECTED,0.0,0.35,TN,No Face Detected by SCRFD
1423,Masked Images,000478__CLT__masked.jpg,000478,CLT,Cloth Mask,000478,0.9474,0.35,TP,CORRECT_MATCH
1424,New_Images,006559.jpg,006559,NONE,Unmasked,NO_FACE_DETECTED,0.0,0.35,TN,No Face Detected by SCRFD
1425,New_Images,005387.jpg,005387,NONE,Unmasked,UNRECOGNIZED,0.2227,0.35,TN,CORRECTLY_REJECTED_UNKNOWN
1426,New_Images,007340.jpg,007340,NONE,Unmasked,UNRECOGNIZED,0.2619,0.35,TN,CORRECTLY_REJECTED_UNKNOWN
1427,New_Images,009508.jpg,009508,NONE,Unmasked,NO_FACE_DETECTED,0.0,0.35,TN,No Face Detected by SCRFD
1428,New_Images,007415.jpg,007415,NONE,Unmasked,UNRECOGNIZED,0.208,0.35,TN,CORRECTLY_REJECTED_UNKNOWN
1429,New_Images,006109.jpg,006109,NONE,Unmasked,UNRECOGNIZED,0.2211,0.35,TN,CORRECTLY_REJECTED_UNKNOWN
1430,New_Images,006290.jpg,006290,NONE,Unmasked,NO_FACE_DETECTED,0.0,0.35,TN,No Face Detected by SCRFD
1431,New_Images,007031.jpg,007031,NONE,Unmasked,UNRECOGNIZED,0.2635,0.35,TN,CORRECTLY_REJECTED_UNKNOWN
1432,New_Images,005651.jpg,005651,NONE,Unmasked,UNRECOGNIZED,0.2584,0.35,TN,CORRECTLY_REJECTED_UNKNOWN
1433,Masked Images,000554__GAS__masked.jpg,000554,GAS,Gas Mask,000554,0.7996,0.35,TP,CORRECT_MATCH
1434,Masked Images,000354__GAS__masked.jpg,000354,GAS,Gas Mask,000354,0.882,0.35,TP,CORRECT_MATCH
1435,Masked Images,000736__SUR__masked.jpg,000736,SUR,Surgical Mask,000736,0.9123,0.35,TP,CORRECT_MATCH
1436,Masked Images,000747__N95__masked.jpg,000747,N95,N95 Mask,000747,0.9307,0.35,TP,CORRECT_MATCH
1437,New_Images,009589.jpg,009589,NONE,Unmasked,UNRECOGNIZED,0.2675,0.35,TN,CORRECTLY_REJECTED_UNKNOWN
1438,New_Images,007797.jpg,007797,NONE,Unmasked,NO_FACE_DETECTED,0.0,0.35,TN,No Face Detected by SCRFD
1439,Masked Images,001006__N95__masked.jpg,001006,N95,N95 Mask,001006,0.8416,0.35,TP,CORRECT_MATCH
1440,New_Images,008931.jpg,008931,NONE,Unmasked,UNRECOGNIZED,0.2273,0.35,TN,CORRECTLY_REJECTED_UNKNOWN
1441,New_Images,005833.jpg,005833,NONE,Unmasked,UNRECOGNIZED,0.3235,0.35,TN,CORRECTLY_REJECTED_UNKNOWN
1442,New_Images,008302.jpg,008302,NONE,Unmasked,NO_FACE_DETECTED,0.0,0.35,TN,No Face Detected by SCRFD
1443,New_Images,005500.jpg,005500,NONE,Unmasked,UNRECOGNIZED,0.279,0.35,TN,CORRECTLY_REJECTED_UNKNOWN
1444,New_Images,009438.jpg,009438,NONE,Unmasked,UNRECOGNIZED,0.3131,0.35,TN,CORRECTLY_REJECTED_UNKNOWN
1445,Masked Images,000520__SUR__masked.jpg,000520,SUR,Surgical Mask,000520,0.8209,0.35,TP,CORRECT_MATCH
1446,New_Images,006856.jpg,006856,NONE,Unmasked,UNRECOGNIZED,0.2303,0.35,TN,CORRECTLY_REJECTED_UNKNOWN
1447,New_Images,008240.jpg,008240,NONE,Unmasked,NO_FACE_DETECTED,0.0,0.35,TN,No Face Detected by SCRFD
1448,Masked Images,000271__CLT__masked.jpg,000271,CLT,Cloth Mask,000271,0.9075,0.35,TP,CORRECT_MATCH
1449,New_Images,005164.jpg,005164,NONE,Unmasked,UNRECOGNIZED,0.2393,0.35,TN,CORRECTLY_REJECTED_UNKNOWN
1450,New_Images,008311.jpg,008311,NONE,Unmasked,UNRECOGNIZED,0.2537,0.35,TN,CORRECTLY_REJECTED_UNKNOWN
1451,New_Images,006506.jpg,006506,NONE,Unmasked,UNRECOGNIZED,0.2893,0.35,TN,CORRECTLY_REJECTED_UNKNOWN
1452,New_Images,006657.jpg,006657,NONE,Unmasked,UNRECOGNIZED,0.2417,0.35,TN,CORRECTLY_REJECTED_UNKNOWN
1453,Masked Images,000785__GAS__masked.jpg,000785,GAS,Gas Mask,000785,0.8891,0.35,TP,CORRECT_MATCH
1454,New_Images,007564.jpg,007564,NONE,Unmasked,UNRECOGNIZED,0.286,0.35,TN,CORRECTLY_REJECTED_UNKNOWN
1455,New_Images,006220.jpg,006220,NONE,Unmasked,NO_FACE_DETECTED,0.0,0.35,TN,No Face Detected by SCRFD
1456,New_Images,005693.jpg,005693,NONE,Unmasked,NO_FACE_DETECTED,0.0,0.35,TN,No Face Detected by SCRFD
1457,New_Images,009151.jpg,009151,NONE,Unmasked,UNRECOGNIZED,0.2386,0.35,TN,CORRECTLY_REJECTED_UNKNOWN
1458,New_Images,009385.jpg,009385,NONE,Unmasked,UNRECOGNIZED,0.2401,0.35,TN,CORRECTLY_REJECTED_UNKNOWN
1459,New_Images,007757.jpg,007757,NONE,Unmasked,UNRECOGNIZED,0.2741,0.35,TN,CORRECTLY_REJECTED_UNKNOWN
1460,New_Images,007955.jpg,007955,NONE,Unmasked,UNRECOGNIZED,0.2258,0.35,TN,CORRECTLY_REJECTED_UNKNOWN
1461,New_Images,005807.jpg,005807,NONE,Unmasked,UNRECOGNIZED,0.2686,0.35,TN,CORRECTLY_REJECTED_UNKNOWN
1462,Masked Images,000124__CLT__masked.jpg,000124,CLT,Cloth Mask,000124,0.8808,0.35,TP,CORRECT_MATCH
1463,New_Images,008859.jpg,008859,NONE,Unmasked,UNRECOGNIZED,0.2866,0.35,TN,CORRECTLY_REJECTED_UNKNOWN
1464,New_Images,007510.jpg,007510,NONE,Unmasked,UNRECOGNIZED,0.2815,0.35,TN,CORRECTLY_REJECTED_UNKNOWN
1465,New_Images,005747.jpg,005747,NONE,Unmasked,UNRECOGNIZED,0.2309,0.35,TN,CORRECTLY_REJECTED_UNKNOWN
1466,Masked Images,000063__GAS__masked.jpg,000063,GAS,Gas Mask,000063,0.8444,0.35,TP,CORRECT_MATCH
1467,New_Images,005027.jpg,005027,NONE,Unmasked,NO_FACE_DETECTED,0.0,0.35,TN,No Face Detected by SCRFD
1468,New_Images,006108.jpg,006108,NONE,Unmasked,UNRECOGNIZED,0.2352,0.35,TN,CORRECTLY_REJECTED_UNKNOWN
1469,New_Images,007933.jpg,007933,NONE,Unmasked,UNRECOGNIZED,0.245,0.35,TN,CORRECTLY_REJECTED_UNKNOWN
1470,Masked Images,000858__N95__masked.jpg,000858,N95,N95 Mask,000858,0.901,0.35,TP,CORRECT_MATCH
1471,New_Images,007858.jpg,007858,NONE,Unmasked,NO_FACE_DETECTED,0.0,0.35,TN,No Face Detected by SCRFD
1472,New_Images,005316.jpg,005316,NONE,Unmasked,UNRECOGNIZED,0.2062,0.35,TN,CORRECTLY_REJECTED_UNKNOWN
1473,New_Images,008184.jpg,008184,NONE,Unmasked,NO_FACE_DETECTED,0.0,0.35,TN,No Face Detected by SCRFD
1474,New_Images,007546.jpg,007546,NONE,Unmasked,NO_FACE_DETECTED,0.0,0.35,TN,No Face Detected by SCRFD
1475,New_Images,009296.jpg,009296,NONE,Unmasked,UNRECOGNIZED,0.2398,0.35,TN,CORRECTLY_REJECTED_UNKNOWN
1476,Masked Images,001093__SUR__masked.jpg,001093,SUR,Surgical Mask,001093,0.9255,0.35,TP,CORRECT_MATCH
1477,New_Images,007680.jpg,007680,NONE,Unmasked,UNRECOGNIZED,0.2444,0.35,TN,CORRECTLY_REJECTED_UNKNOWN
1478,New_Images,008916.jpg,008916,NONE,Unmasked,UNRECOGNIZED,0.2415,0.35,TN,CORRECTLY_REJECTED_UNKNOWN
1479,Masked Images,001095__K95__masked.jpg,001095,K95,KN95 Mask,001095,0.9269,0.35,TP,CORRECT_MATCH
1480,New_Images,008065.jpg,008065,NONE,Unmasked,NO_FACE_DETECTED,0.0,0.35,TN,No Face Detected by SCRFD
1481,Masked Images,000865__CLT__masked.jpg,000865,CLT,Cloth Mask,000865,0.9329,0.35,TP,CORRECT_MATCH
1482,New_Images,006103.jpg,006103,NONE,Unmasked,UNRECOGNIZED,0.212,0.35,TN,CORRECTLY_REJECTED_UNKNOWN
1483,New_Images,007870.jpg,007870,NONE,Unmasked,UNRECOGNIZED,0.2495,0.35,TN,CORRECTLY_REJECTED_UNKNOWN
1484,Masked Images,000405__GAS__masked.jpg,000405,GAS,Gas Mask,000405,0.8755,0.35,TP,CORRECT_MATCH
1485,Masked Images,000196__K95__masked.jpg,000196,K95,KN95 Mask,000196,0.917,0.35,TP,CORRECT_MATCH
1486,New_Images,006258.jpg,006258,NONE,Unmasked,UNRECOGNIZED,0.2564,0.35,TN,CORRECTLY_REJECTED_UNKNOWN
1487,New_Images,005101.jpg,005101,NONE,Unmasked,UNRECOGNIZED,0.2147,0.35,TN,CORRECTLY_REJECTED_UNKNOWN
1488,Masked Images,000886__CLT__masked.jpg,000886,CLT,Cloth Mask,000886,0.957,0.35,TP,CORRECT_MATCH
1489,Masked Images,000578__N95__masked.jpg,000578,N95,N95 Mask,000578,0.9018,0.35,TP,CORRECT_MATCH
1490,New_Images,008554.jpg,008554,NONE,Unmasked,004325,0.3728,0.35,FP,MISIDENTIFIED_AS_004325
1491,Masked Images,000941__K95__masked.jpg,000941,K95,KN95 Mask,000941,0.9207,0.35,TP,CORRECT_MATCH
1492,Masked Images,000646__SUR__masked.jpg,000646,SUR,Surgical Mask,000646,0.9993,0.35,TP,CORRECT_MATCH
1493,New_Images,009502.jpg,009502,NONE,Unmasked,UNRECOGNIZED,0.2298,0.35,TN,CORRECTLY_REJECTED_UNKNOWN
1494,New_Images,008191.jpg,008191,NONE,Unmasked,UNRECOGNIZED,0.2125,0.35,TN,CORRECTLY_REJECTED_UNKNOWN
1495,Masked Images,000216__N95__masked.jpg,000216,N95,N95 Mask,000216,0.8847,0.35,TP,CORRECT_MATCH
1496,New_Images,007313.jpg,007313,NONE,Unmasked,UNRECOGNIZED,0.2287,0.35,TN,CORRECTLY_REJECTED_UNKNOWN
1497,New_Images,008912.jpg,008912,NONE,Unmasked,UNRECOGNIZED,0.2599,0.35,TN,CORRECTLY_REJECTED_UNKNOWN
1498,New_Images,006804.jpg,006804,NONE,Unmasked,UNRECOGNIZED,0.2571,0.35,TN,CORRECTLY_REJECTED_UNKNOWN
1499,New_Images,006350.jpg,006350,NONE,Unmasked,UNRECOGNIZED,0.2352,0.35,TN,CORRECTLY_REJECTED_UNKNOWN
1500,New_Images,005939.jpg,005939,NONE,Unmasked,UNRECOGNIZED,0.2632,0.35,TN,CORRECTLY_REJECTED_UNKNOWN
1501,New_Images,007283.jpg,007283,NONE,Unmasked,UNRECOGNIZED,0.2442,0.35,TN,CORRECTLY_REJECTED_UNKNOWN
1502,Masked Images,000722__N95__masked.jpg,000722,N95,N95 Mask,000722,0.8886,0.35,TP,CORRECT_MATCH
1503,New_Images,005572.jpg,005572,NONE,Unmasked,UNRECOGNIZED,0.226,0.35,TN,CORRECTLY_REJECTED_UNKNOWN
1504,New_Images,009088.jpg,009088,NONE,Unmasked,NO_FACE_DETECTED,0.0,0.35,TN,No Face Detected by SCRFD
1505,New_Images,005481.jpg,005481,NONE,Unmasked,UNRECOGNIZED,0.2303,0.35,TN,CORRECTLY_REJECTED_UNKNOWN
1506,Masked Images,001008__CLT__masked.jpg,001008,CLT,Cloth Mask,001008,0.9003,0.35,TP,CORRECT_MATCH
1507,New_Images,006509.jpg,006509,NONE,Unmasked,UNRECOGNIZED,0.2257,0.35,TN,CORRECTLY_REJECTED_UNKNOWN
1508,New_Images,005532.jpg,005532,NONE,Unmasked,UNRECOGNIZED,0.2967,0.35,TN,CORRECTLY_REJECTED_UNKNOWN
1509,New_Images,007529.jpg,007529,NONE,Unmasked,UNRECOGNIZED,0.2257,0.35,TN,CORRECTLY_REJECTED_UNKNOWN
1510,New_Images,009391.jpg,009391,NONE,Unmasked,NO_FACE_DETECTED,0.0,0.35,TN,No Face Detected by SCRFD
1511,New_Images,007473.jpg,007473,NONE,Unmasked,UNRECOGNIZED,0.2942,0.35,TN,CORRECTLY_REJECTED_UNKNOWN
1512,New_Images,009215.jpg,009215,NONE,Unmasked,UNRECOGNIZED,0.2294,0.35,TN,CORRECTLY_REJECTED_UNKNOWN
1513,New_Images,006541.jpg,006541,NONE,Unmasked,NO_FACE_DETECTED,0.0,0.35,TN,No Face Detected by SCRFD
1514,New_Images,007707.jpg,007707,NONE,Unmasked,UNRECOGNIZED,0.2866,0.35,TN,CORRECTLY_REJECTED_UNKNOWN
1515,New_Images,005257.jpg,005257,NONE,Unmasked,UNRECOGNIZED,0.2952,0.35,TN,CORRECTLY_REJECTED_UNKNOWN
1516,New_Images,009598.jpg,009598,NONE,Unmasked,UNRECOGNIZED,0.2441,0.35,TN,CORRECTLY_REJECTED_UNKNOWN
1517,New_Images,006072.jpg,006072,NONE,Unmasked,NO_FACE_DETECTED,0.0,0.35,TN,No Face Detected by SCRFD
1518,New_Images,008688.jpg,008688,NONE,Unmasked,UNRECOGNIZED,0.2142,0.35,TN,CORRECTLY_REJECTED_UNKNOWN
1519,New_Images,007872.jpg,007872,NONE,Unmasked,UNRECOGNIZED,0.2305,0.35,TN,CORRECTLY_REJECTED_UNKNOWN
1520,New_Images,006362.jpg,006362,NONE,Unmasked,NO_FACE_DETECTED,0.0,0.35,TN,No Face Detected by SCRFD
1521,Masked Images,000373__K95__masked.jpg,000373,K95,KN95 Mask,000373,0.7417,0.35,TP,CORRECT_MATCH
1522,New_Images,009525.jpg,009525,NONE,Unmasked,UNRECOGNIZED,0.3309,0.35,TN,CORRECTLY_REJECTED_UNKNOWN
1523,Masked Images,001003__CLT__masked.jpg,001003,CLT,Cloth Mask,001003,0.896,0.35,TP,CORRECT_MATCH
1524,New_Images,006557.jpg,006557,NONE,Unmasked,UNRECOGNIZED,0.2022,0.35,TN,CORRECTLY_REJECTED_UNKNOWN
1525,New_Images,007853.jpg,007853,NONE,Unmasked,UNRECOGNIZED,0.2771,0.35,TN,CORRECTLY_REJECTED_UNKNOWN
1526,New_Images,006588.jpg,006588,NONE,Unmasked,UNRECOGNIZED,0.2463,0.35,TN,CORRECTLY_REJECTED_UNKNOWN
1527,New_Images,007502.jpg,007502,NONE,Unmasked,NO_FACE_DETECTED,0.0,0.35,TN,No Face Detected by SCRFD
1528,New_Images,005815.jpg,005815,NONE,Unmasked,UNRECOGNIZED,0.2493,0.35,TN,CORRECTLY_REJECTED_UNKNOWN
1529,New_Images,007603.jpg,007603,NONE,Unmasked,UNRECOGNIZED,0.2587,0.35,TN,CORRECTLY_REJECTED_UNKNOWN
1530,New_Images,006137.jpg,006137,NONE,Unmasked,UNRECOGNIZED,0.2374,0.35,TN,CORRECTLY_REJECTED_UNKNOWN
1531,New_Images,006259.jpg,006259,NONE,Unmasked,UNRECOGNIZED,0.2311,0.35,TN,CORRECTLY_REJECTED_UNKNOWN
1532,New_Images,005460.jpg,005460,NONE,Unmasked,UNRECOGNIZED,0.2505,0.35,TN,CORRECTLY_REJECTED_UNKNOWN
1533,New_Images,006893.jpg,006893,NONE,Unmasked,UNRECOGNIZED,0.2241,0.35,TN,CORRECTLY_REJECTED_UNKNOWN
1534,New_Images,005679.jpg,005679,NONE,Unmasked,UNRECOGNIZED,0.2708,0.35,TN,CORRECTLY_REJECTED_UNKNOWN
1535,New_Images,007477.jpg,007477,NONE,Unmasked,UNRECOGNIZED,0.3179,0.35,TN,CORRECTLY_REJECTED_UNKNOWN
1536,Masked Images,000233__N95__masked.jpg,000233,N95,N95 Mask,000233,0.8657,0.35,TP,CORRECT_MATCH
1537,New_Images,005767.jpg,005767,NONE,Unmasked,NO_FACE_DETECTED,0.0,0.35,TN,No Face Detected by SCRFD
1538,New_Images,006514.jpg,006514,NONE,Unmasked,UNRECOGNIZED,0.2248,0.35,TN,CORRECTLY_REJECTED_UNKNOWN
1539,New_Images,005067.jpg,005067,NONE,Unmasked,UNRECOGNIZED,0.2246,0.35,TN,CORRECTLY_REJECTED_UNKNOWN
1540,New_Images,005023.jpg,005023,NONE,Unmasked,UNRECOGNIZED,0.2251,0.35,TN,CORRECTLY_REJECTED_UNKNOWN
1541,New_Images,008624.jpg,008624,NONE,Unmasked,UNRECOGNIZED,0.2581,0.35,TN,CORRECTLY_REJECTED_UNKNOWN
1542,New_Images,008691.jpg,008691,NONE,Unmasked,UNRECOGNIZED,0.2483,0.35,TN,CORRECTLY_REJECTED_UNKNOWN
1543,New_Images,008831.jpg,008831,NONE,Unmasked,NO_FACE_DETECTED,0.0,0.35,TN,No Face Detected by SCRFD
1544,New_Images,007988.jpg,007988,NONE,Unmasked,NO_FACE_DETECTED,0.0,0.35,TN,No Face Detected by SCRFD
1545,New_Images,006359.jpg,006359,NONE,Unmasked,UNRECOGNIZED,0.2655,0.35,TN,CORRECTLY_REJECTED_UNKNOWN
1546,New_Images,009410.jpg,009410,NONE,Unmasked,NO_FACE_DETECTED,0.0,0.35,TN,No Face Detected by SCRFD
1547,New_Images,008270.jpg,008270,NONE,Unmasked,UNRECOGNIZED,0.24,0.35,TN,CORRECTLY_REJECTED_UNKNOWN
1548,New_Images,005139.jpg,005139,NONE,Unmasked,UNRECOGNIZED,0.25,0.35,TN,CORRECTLY_REJECTED_UNKNOWN
1549,New_Images,007787.jpg,007787,NONE,Unmasked,UNRECOGNIZED,0.2691,0.35,TN,CORRECTLY_REJECTED_UNKNOWN
1550,Masked Images,000028__SUR__masked.jpg,000028,SUR,Surgical Mask,000028,0.7899,0.35,TP,CORRECT_MATCH
1551,New_Images,008924.jpg,008924,NONE,Unmasked,UNRECOGNIZED,0.3142,0.35,TN,CORRECTLY_REJECTED_UNKNOWN
1552,New_Images,008365.jpg,008365,NONE,Unmasked,UNRECOGNIZED,0.2731,0.35,TN,CORRECTLY_REJECTED_UNKNOWN
1553,New_Images,007701.jpg,007701,NONE,Unmasked,NO_FACE_DETECTED,0.0,0.35,TN,No Face Detected by SCRFD
1554,New_Images,008077.jpg,008077,NONE,Unmasked,UNRECOGNIZED,0.2495,0.35,TN,CORRECTLY_REJECTED_UNKNOWN
1555,New_Images,007568.jpg,007568,NONE,Unmasked,UNRECOGNIZED,0.2425,0.35,TN,CORRECTLY_REJECTED_UNKNOWN
1556,New_Images,008392.jpg,008392,NONE,Unmasked,UNRECOGNIZED,0.2742,0.35,TN,CORRECTLY_REJECTED_UNKNOWN
1557,New_Images,006914.jpg,006914,NONE,Unmasked,UNRECOGNIZED,0.2376,0.35,TN,CORRECTLY_REJECTED_UNKNOWN
1558,New_Images,009380.jpg,009380,NONE,Unmasked,NO_FACE_DETECTED,0.0,0.35,TN,No Face Detected by SCRFD
1559,New_Images,008573.jpg,008573,NONE,Unmasked,UNRECOGNIZED,0.2271,0.35,TN,CORRECTLY_REJECTED_UNKNOWN
1560,New_Images,006961.jpg,006961,NONE,Unmasked,UNRECOGNIZED,0.2334,0.35,TN,CORRECTLY_REJECTED_UNKNOWN
1561,New_Images,008865.jpg,008865,NONE,Unmasked,NO_FACE_DETECTED,0.0,0.35,TN,No Face Detected by SCRFD
1562,New_Images,008712.jpg,008712,NONE,Unmasked,UNRECOGNIZED,0.2517,0.35,TN,CORRECTLY_REJECTED_UNKNOWN
1563,New_Images,007628.jpg,007628,NONE,Unmasked,UNRECOGNIZED,0.2242,0.35,TN,CORRECTLY_REJECTED_UNKNOWN
1564,New_Images,006412.jpg,006412,NONE,Unmasked,NO_FACE_DETECTED,0.0,0.35,TN,No Face Detected by SCRFD
1565,New_Images,005695.jpg,005695,NONE,Unmasked,NO_FACE_DETECTED,0.0,0.35,TN,No Face Detected by SCRFD
1566,New_Images,007341.jpg,007341,NONE,Unmasked,UNRECOGNIZED,0.2663,0.35,TN,CORRECTLY_REJECTED_UNKNOWN
1567,New_Images,009579.jpg,009579,NONE,Unmasked,NO_FACE_DETECTED,0.0,0.35,TN,No Face Detected by SCRFD
1568,Masked Images,000925__N95__masked.jpg,000925,N95,N95 Mask,000925,0.8048,0.35,TP,CORRECT_MATCH
1569,New_Images,009195.jpg,009195,NONE,Unmasked,UNRECOGNIZED,0.2494,0.35,TN,CORRECTLY_REJECTED_UNKNOWN
1570,New_Images,008999.jpg,008999,NONE,Unmasked,NO_FACE_DETECTED,0.0,0.35,TN,No Face Detected by SCRFD
1571,New_Images,009566.jpg,009566,NONE,Unmasked,UNRECOGNIZED,0.2797,0.35,TN,CORRECTLY_REJECTED_UNKNOWN
1572,New_Images,006357.jpg,006357,NONE,Unmasked,UNRECOGNIZED,0.2381,0.35,TN,CORRECTLY_REJECTED_UNKNOWN
1573,New_Images,009606.jpg,009606,NONE,Unmasked,UNRECOGNIZED,0.2517,0.35,TN,CORRECTLY_REJECTED_UNKNOWN
1574,New_Images,008151.jpg,008151,NONE,Unmasked,UNRECOGNIZED,0.278,0.35,TN,CORRECTLY_REJECTED_UNKNOWN
1575,New_Images,007594.jpg,007594,NONE,Unmasked,UNRECOGNIZED,0.2489,0.35,TN,CORRECTLY_REJECTED_UNKNOWN
1576,New_Images,008229.jpg,008229,NONE,Unmasked,UNRECOGNIZED,0.1852,0.35,TN,CORRECTLY_REJECTED_UNKNOWN
1577,Masked Images,000375__GAS__masked.jpg,000375,GAS,Gas Mask,NO_FACE_DETECTED,0.0,0.35,FN,No Face Detected by SCRFD
1578,New_Images,006021.jpg,006021,NONE,Unmasked,UNRECOGNIZED,0.2311,0.35,TN,CORRECTLY_REJECTED_UNKNOWN
1579,New_Images,005413.jpg,005413,NONE,Unmasked,NO_FACE_DETECTED,0.0,0.35,TN,No Face Detected by SCRFD
1580,New_Images,007309.jpg,007309,NONE,Unmasked,UNRECOGNIZED,0.2572,0.35,TN,CORRECTLY_REJECTED_UNKNOWN
1581,New_Images,007310.jpg,007310,NONE,Unmasked,NO_FACE_DETECTED,0.0,0.35,TN,No Face Detected by SCRFD
1582,New_Images,008825.jpg,008825,NONE,Unmasked,UNRECOGNIZED,0.2635,0.35,TN,CORRECTLY_REJECTED_UNKNOWN
1583,New_Images,005250.jpg,005250,NONE,Unmasked,UNRECOGNIZED,0.2418,0.35,TN,CORRECTLY_REJECTED_UNKNOWN
1584,New_Images,005960.jpg,005960,NONE,Unmasked,UNRECOGNIZED,0.2601,0.35,TN,CORRECTLY_REJECTED_UNKNOWN
1585,New_Images,008195.jpg,008195,NONE,Unmasked,UNRECOGNIZED,0.2073,0.35,TN,CORRECTLY_REJECTED_UNKNOWN
1586,New_Images,007213.jpg,007213,NONE,Unmasked,NO_FACE_DETECTED,0.0,0.35,TN,No Face Detected by SCRFD
1587,New_Images,008784.jpg,008784,NONE,Unmasked,NO_FACE_DETECTED,0.0,0.35,TN,No Face Detected by SCRFD
1588,Masked Images,000076__N95__masked.jpg,000076,N95,N95 Mask,000076,0.8652,0.35,TP,CORRECT_MATCH
1589,New_Images,007852.jpg,007852,NONE,Unmasked,UNRECOGNIZED,0.2706,0.35,TN,CORRECTLY_REJECTED_UNKNOWN
1590,New_Images,007808.jpg,007808,NONE,Unmasked,UNRECOGNIZED,0.3163,0.35,TN,CORRECTLY_REJECTED_UNKNOWN
1591,New_Images,006868.jpg,006868,NONE,Unmasked,UNRECOGNIZED,0.2343,0.35,TN,CORRECTLY_REJECTED_UNKNOWN
1592,New_Images,008559.jpg,008559,NONE,Unmasked,UNRECOGNIZED,0.2854,0.35,TN,CORRECTLY_REJECTED_UNKNOWN
1593,New_Images,007130.jpg,007130,NONE,Unmasked,UNRECOGNIZED,0.2943,0.35,TN,CORRECTLY_REJECTED_UNKNOWN
1594,New_Images,006373.jpg,006373,NONE,Unmasked,UNRECOGNIZED,0.285,0.35,TN,CORRECTLY_REJECTED_UNKNOWN
1595,New_Images,008515.jpg,008515,NONE,Unmasked,UNRECOGNIZED,0.2281,0.35,TN,CORRECTLY_REJECTED_UNKNOWN
1596,Masked Images,001007__K95__masked.jpg,001007,K95,KN95 Mask,001007,0.9649,0.35,TP,CORRECT_MATCH
1597,New_Images,006022.jpg,006022,NONE,Unmasked,NO_FACE_DETECTED,0.0,0.35,TN,No Face Detected by SCRFD
1598,Masked Images,001136__N95__masked.jpg,001136,N95,N95 Mask,001136,0.905,0.35,TP,CORRECT_MATCH
1599,Masked Images,000891__K95__masked.jpg,000891,K95,KN95 Mask,000891,0.9432,0.35,TP,CORRECT_MATCH
1600,Masked Images,001108__SUR__masked.jpg,001108,SUR,Surgical Mask,001108,0.9104,0.35,TP,CORRECT_MATCH
1601,New_Images,009588.jpg,009588,NONE,Unmasked,UNRECOGNIZED,0.2562,0.35,TN,CORRECTLY_REJECTED_UNKNOWN
1602,New_Images,007142.jpg,007142,NONE,Unmasked,UNRECOGNIZED,0.2402,0.35,TN,CORRECTLY_REJECTED_UNKNOWN
1603,New_Images,009121.jpg,009121,NONE,Unmasked,UNRECOGNIZED,0.2433,0.35,TN,CORRECTLY_REJECTED_UNKNOWN
1604,New_Images,009310.jpg,009310,NONE,Unmasked,UNRECOGNIZED,0.2438,0.35,TN,CORRECTLY_REJECTED_UNKNOWN
1605,New_Images,008005.jpg,008005,NONE,Unmasked,UNRECOGNIZED,0.2804,0.35,TN,CORRECTLY_REJECTED_UNKNOWN
1606,New_Images,005412.jpg,005412,NONE,Unmasked,NO_FACE_DETECTED,0.0,0.35,TN,No Face Detected by SCRFD
1607,New_Images,008205.jpg,008205,NONE,Unmasked,UNRECOGNIZED,0.2957,0.35,TN,CORRECTLY_REJECTED_UNKNOWN
1608,Masked Images,001148__CLT__masked.jpg,001148,CLT,Cloth Mask,001148,0.8927,0.35,TP,CORRECT_MATCH
1609,New_Images,005793.jpg,005793,NONE,Unmasked,UNRECOGNIZED,0.2969,0.35,TN,CORRECTLY_REJECTED_UNKNOWN
1610,New_Images,005231.jpg,005231,NONE,Unmasked,UNRECOGNIZED,0.2973,0.35,TN,CORRECTLY_REJECTED_UNKNOWN
1611,Masked Images,000189__SUR__masked.jpg,000189,SUR,Surgical Mask,000189,0.9148,0.35,TP,CORRECT_MATCH
1612,New_Images,006249.jpg,006249,NONE,Unmasked,UNRECOGNIZED,0.2218,0.35,TN,CORRECTLY_REJECTED_UNKNOWN
1613,New_Images,005229.jpg,005229,NONE,Unmasked,UNRECOGNIZED,0.2599,0.35,TN,CORRECTLY_REJECTED_UNKNOWN
1614,New_Images,006442.jpg,006442,NONE,Unmasked,NO_FACE_DETECTED,0.0,0.35,TN,No Face Detected by SCRFD
1615,New_Images,006547.jpg,006547,NONE,Unmasked,UNRECOGNIZED,0.2511,0.35,TN,CORRECTLY_REJECTED_UNKNOWN
1616,New_Images,008992.jpg,008992,NONE,Unmasked,UNRECOGNIZED,0.2495,0.35,TN,CORRECTLY_REJECTED_UNKNOWN
1617,New_Images,007503.jpg,007503,NONE,Unmasked,NO_FACE_DETECTED,0.0,0.35,TN,No Face Detected by SCRFD
1618,New_Images,005018.jpg,005018,NONE,Unmasked,UNRECOGNIZED,0.2159,0.35,TN,CORRECTLY_REJECTED_UNKNOWN
1619,Masked Images,000577__SUR__masked.jpg,000577,SUR,Surgical Mask,000577,0.9094,0.35,TP,CORRECT_MATCH
1620,New_Images,006314.jpg,006314,NONE,Unmasked,UNRECOGNIZED,0.289,0.35,TN,CORRECTLY_REJECTED_UNKNOWN
1621,New_Images,008057.jpg,008057,NONE,Unmasked,UNRECOGNIZED,0.2422,0.35,TN,CORRECTLY_REJECTED_UNKNOWN
1622,Masked Images,000987__K95__masked.jpg,000987,K95,KN95 Mask,000987,0.9326,0.35,TP,CORRECT_MATCH
1623,New_Images,008361.jpg,008361,NONE,Unmasked,UNRECOGNIZED,0.246,0.35,TN,CORRECTLY_REJECTED_UNKNOWN
1624,New_Images,009087.jpg,009087,NONE,Unmasked,NO_FACE_DETECTED,0.0,0.35,TN,No Face Detected by SCRFD
1625,Masked Images,000096__N95__masked.jpg,000096,N95,N95 Mask,000096,0.8263,0.35,TP,CORRECT_MATCH
1626,New_Images,006992.jpg,006992,NONE,Unmasked,UNRECOGNIZED,0.2658,0.35,TN,CORRECTLY_REJECTED_UNKNOWN
1627,New_Images,007567.jpg,007567,NONE,Unmasked,UNRECOGNIZED,0.2483,0.35,TN,CORRECTLY_REJECTED_UNKNOWN
1628,New_Images,007778.jpg,007778,NONE,Unmasked,UNRECOGNIZED,0.2222,0.35,TN,CORRECTLY_REJECTED_UNKNOWN
1629,New_Images,007344.jpg,007344,NONE,Unmasked,NO_FACE_DETECTED,0.0,0.35,TN,No Face Detected by SCRFD
1630,New_Images,009590.jpg,009590,NONE,Unmasked,NO_FACE_DETECTED,0.0,0.35,TN,No Face Detected by SCRFD
1631,New_Images,006878.jpg,006878,NONE,Unmasked,NO_FACE_DETECTED,0.0,0.35,TN,No Face Detected by SCRFD
1632,Masked Images,000825__CLT__masked.jpg,000825,CLT,Cloth Mask,000825,0.9005,0.35,TP,CORRECT_MATCH
1633,New_Images,006237.jpg,006237,NONE,Unmasked,NO_FACE_DETECTED,0.0,0.35,TN,No Face Detected by SCRFD
1634,New_Images,005177.jpg,005177,NONE,Unmasked,UNRECOGNIZED,0.2896,0.35,TN,CORRECTLY_REJECTED_UNKNOWN
1635,New_Images,007575.jpg,007575,NONE,Unmasked,NO_FACE_DETECTED,0.0,0.35,TN,No Face Detected by SCRFD
1636,New_Images,006863.jpg,006863,NONE,Unmasked,NO_FACE_DETECTED,0.0,0.35,TN,No Face Detected by SCRFD
1637,New_Images,005216.jpg,005216,NONE,Unmasked,UNRECOGNIZED,0.3295,0.35,TN,CORRECTLY_REJECTED_UNKNOWN
1638,New_Images,008726.jpg,008726,NONE,Unmasked,UNRECOGNIZED,0.2918,0.35,TN,CORRECTLY_REJECTED_UNKNOWN
1639,New_Images,009547.jpg,009547,NONE,Unmasked,NO_FACE_DETECTED,0.0,0.35,TN,No Face Detected by SCRFD
1640,Masked Images,000846__GAS__masked.jpg,000846,GAS,Gas Mask,000846,0.9168,0.35,TP,CORRECT_MATCH
1641,New_Images,006385.jpg,006385,NONE,Unmasked,UNRECOGNIZED,0.2684,0.35,TN,CORRECTLY_REJECTED_UNKNOWN
1642,New_Images,007761.jpg,007761,NONE,Unmasked,UNRECOGNIZED,0.2893,0.35,TN,CORRECTLY_REJECTED_UNKNOWN
1643,New_Images,008799.jpg,008799,NONE,Unmasked,NO_FACE_DETECTED,0.0,0.35,TN,No Face Detected by SCRFD
1644,New_Images,007889.jpg,007889,NONE,Unmasked,UNRECOGNIZED,0.285,0.35,TN,CORRECTLY_REJECTED_UNKNOWN
1645,Masked Images,000181__K95__masked.jpg,000181,K95,KN95 Mask,000181,0.8852,0.35,TP,CORRECT_MATCH
1646,New_Images,006577.jpg,006577,NONE,Unmasked,UNRECOGNIZED,0.233,0.35,TN,CORRECTLY_REJECTED_UNKNOWN
1647,New_Images,006536.jpg,006536,NONE,Unmasked,NO_FACE_DETECTED,0.0,0.35,TN,No Face Detected by SCRFD
1648,Masked Images,000370__GAS__masked.jpg,000370,GAS,Gas Mask,000370,0.8285,0.35,TP,CORRECT_MATCH
1649,New_Images,008250.jpg,008250,NONE,Unmasked,NO_FACE_DETECTED,0.0,0.35,TN,No Face Detected by SCRFD
1650,Masked Images,000056__K95__masked.jpg,000056,K95,KN95 Mask,000056,0.8271,0.35,TP,CORRECT_MATCH
1651,New_Images,006941.jpg,006941,NONE,Unmasked,NO_FACE_DETECTED,0.0,0.35,TN,No Face Detected by SCRFD
1652,New_Images,008435.jpg,008435,NONE,Unmasked,NO_FACE_DETECTED,0.0,0.35,TN,No Face Detected by SCRFD
1653,Masked Images,001019__CLT__masked.jpg,001019,CLT,Cloth Mask,001019,0.9089,0.35,TP,CORRECT_MATCH
1654,New_Images,006435.jpg,006435,NONE,Unmasked,UNRECOGNIZED,0.2675,0.35,TN,CORRECTLY_REJECTED_UNKNOWN
1655,New_Images,007499.jpg,007499,NONE,Unmasked,UNRECOGNIZED,0.2901,0.35,TN,CORRECTLY_REJECTED_UNKNOWN
1656,New_Images,006565.jpg,006565,NONE,Unmasked,UNRECOGNIZED,0.2468,0.35,TN,CORRECTLY_REJECTED_UNKNOWN
1657,New_Images,006813.jpg,006813,NONE,Unmasked,UNRECOGNIZED,0.2365,0.35,TN,CORRECTLY_REJECTED_UNKNOWN
1658,New_Images,009295.jpg,009295,NONE,Unmasked,NO_FACE_DETECTED,0.0,0.35,TN,No Face Detected by SCRFD
1659,Masked Images,000909__SUR__masked.jpg,000909,SUR,Surgical Mask,000909,0.875,0.35,TP,CORRECT_MATCH
1660,Masked Images,000010__K95__masked.jpg,000010,K95,KN95 Mask,000010,0.9455,0.35,TP,CORRECT_MATCH
1661,New_Images,008467.jpg,008467,NONE,Unmasked,UNRECOGNIZED,0.2429,0.35,TN,CORRECTLY_REJECTED_UNKNOWN
1662,Masked Images,000116__N95__masked.jpg,000116,N95,N95 Mask,000116,0.8129,0.35,TP,CORRECT_MATCH
1663,New_Images,008331.jpg,008331,NONE,Unmasked,UNRECOGNIZED,0.3146,0.35,TN,CORRECTLY_REJECTED_UNKNOWN
1664,Masked Images,001041__SUR__masked.jpg,001041,SUR,Surgical Mask,001041,0.9364,0.35,TP,CORRECT_MATCH
1665,New_Images,006324.jpg,006324,NONE,Unmasked,UNRECOGNIZED,0.293,0.35,TN,CORRECTLY_REJECTED_UNKNOWN
1666,New_Images,007470.jpg,007470,NONE,Unmasked,UNRECOGNIZED,0.2385,0.35,TN,CORRECTLY_REJECTED_UNKNOWN
1667,New_Images,008498.jpg,008498,NONE,Unmasked,UNRECOGNIZED,0.2699,0.35,TN,CORRECTLY_REJECTED_UNKNOWN
1668,Masked Images,000106__N95__masked.jpg,000106,N95,N95 Mask,000106,0.8887,0.35,TP,CORRECT_MATCH
1669,Masked Images,000211__N95__masked.jpg,000211,N95,N95 Mask,000211,0.8235,0.35,TP,CORRECT_MATCH
1670,New_Images,009143.jpg,009143,NONE,Unmasked,UNRECOGNIZED,0.2412,0.35,TN,CORRECTLY_REJECTED_UNKNOWN
1671,New_Images,006737.jpg,006737,NONE,Unmasked,UNRECOGNIZED,0.2508,0.35,TN,CORRECTLY_REJECTED_UNKNOWN
1672,Masked Images,000605__N95__masked.jpg,000605,N95,N95 Mask,000605,0.8911,0.35,TP,CORRECT_MATCH
1673,New_Images,008119.jpg,008119,NONE,Unmasked,UNRECOGNIZED,0.3104,0.35,TN,CORRECTLY_REJECTED_UNKNOWN
1674,New_Images,005610.jpg,005610,NONE,Unmasked,NO_FACE_DETECTED,0.0,0.35,TN,No Face Detected by SCRFD
1675,Masked Images,001146__N95__masked.jpg,001146,N95,N95 Mask,001146,0.8474,0.35,TP,CORRECT_MATCH
1676,New_Images,005357.jpg,005357,NONE,Unmasked,UNRECOGNIZED,0.2602,0.35,TN,CORRECTLY_REJECTED_UNKNOWN
1677,New_Images,007670.jpg,007670,NONE,Unmasked,UNRECOGNIZED,0.2413,0.35,TN,CORRECTLY_REJECTED_UNKNOWN
1678,New_Images,009084.jpg,009084,NONE,Unmasked,UNRECOGNIZED,0.2808,0.35,TN,CORRECTLY_REJECTED_UNKNOWN
1679,New_Images,006296.jpg,006296,NONE,Unmasked,NO_FACE_DETECTED,0.0,0.35,TN,No Face Detected by SCRFD
1680,Masked Images,000870__CLT__masked.jpg,000870,CLT,Cloth Mask,000870,0.9079,0.35,TP,CORRECT_MATCH
1681,New_Images,006194.jpg,006194,NONE,Unmasked,UNRECOGNIZED,0.218,0.35,TN,CORRECTLY_REJECTED_UNKNOWN
1682,New_Images,007811.jpg,007811,NONE,Unmasked,UNRECOGNIZED,0.2987,0.35,TN,CORRECTLY_REJECTED_UNKNOWN
1683,New_Images,005627.jpg,005627,NONE,Unmasked,UNRECOGNIZED,0.2394,0.35,TN,CORRECTLY_REJECTED_UNKNOWN
1684,New_Images,008828.jpg,008828,NONE,Unmasked,UNRECOGNIZED,0.2314,0.35,TN,CORRECTLY_REJECTED_UNKNOWN
1685,New_Images,006918.jpg,006918,NONE,Unmasked,UNRECOGNIZED,0.2421,0.35,TN,CORRECTLY_REJECTED_UNKNOWN
1686,New_Images,006663.jpg,006663,NONE,Unmasked,UNRECOGNIZED,0.2664,0.35,TN,CORRECTLY_REJECTED_UNKNOWN
1687,New_Images,006155.jpg,006155,NONE,Unmasked,NO_FACE_DETECTED,0.0,0.35,TN,No Face Detected by SCRFD
1688,New_Images,005106.jpg,005106,NONE,Unmasked,UNRECOGNIZED,0.2705,0.35,TN,CORRECTLY_REJECTED_UNKNOWN
1689,New_Images,006521.jpg,006521,NONE,Unmasked,NO_FACE_DETECTED,0.0,0.35,TN,No Face Detected by SCRFD
1690,New_Images,006085.jpg,006085,NONE,Unmasked,NO_FACE_DETECTED,0.0,0.35,TN,No Face Detected by SCRFD
1691,New_Images,006107.jpg,006107,NONE,Unmasked,UNRECOGNIZED,0.2498,0.35,TN,CORRECTLY_REJECTED_UNKNOWN
1692,New_Images,006755.jpg,006755,NONE,Unmasked,NO_FACE_DETECTED,0.0,0.35,TN,No Face Detected by SCRFD
1693,New_Images,005683.jpg,005683,NONE,Unmasked,UNRECOGNIZED,0.2553,0.35,TN,CORRECTLY_REJECTED_UNKNOWN
1694,New_Images,008821.jpg,008821,NONE,Unmasked,NO_FACE_DETECTED,0.0,0.35,TN,No Face Detected by SCRFD
1695,New_Images,009536.jpg,009536,NONE,Unmasked,NO_FACE_DETECTED,0.0,0.35,TN,No Face Detected by SCRFD
1696,New_Images,005079.jpg,005079,NONE,Unmasked,UNRECOGNIZED,0.2355,0.35,TN,CORRECTLY_REJECTED_UNKNOWN
1697,Masked Images,000723__K95__masked.jpg,000723,K95,KN95 Mask,000723,0.9466,0.35,TP,CORRECT_MATCH
1698,New_Images,007109.jpg,007109,NONE,Unmasked,NO_FACE_DETECTED,0.0,0.35,TN,No Face Detected by SCRFD
1699,New_Images,007280.jpg,007280,NONE,Unmasked,UNRECOGNIZED,0.2712,0.35,TN,CORRECTLY_REJECTED_UNKNOWN
1700,New_Images,008779.jpg,008779,NONE,Unmasked,UNRECOGNIZED,0.2359,0.35,TN,CORRECTLY_REJECTED_UNKNOWN
1701,New_Images,005673.jpg,005673,NONE,Unmasked,UNRECOGNIZED,0.2192,0.35,TN,CORRECTLY_REJECTED_UNKNOWN
1702,New_Images,008687.jpg,008687,NONE,Unmasked,UNRECOGNIZED,0.2381,0.35,TN,CORRECTLY_REJECTED_UNKNOWN
1703,New_Images,009239.jpg,009239,NONE,Unmasked,UNRECOGNIZED,0.2375,0.35,TN,CORRECTLY_REJECTED_UNKNOWN
1704,New_Images,006487.jpg,006487,NONE,Unmasked,NO_FACE_DETECTED,0.0,0.35,TN,No Face Detected by SCRFD
1705,Masked Images,000731__SUR__masked.jpg,000731,SUR,Surgical Mask,000731,0.855,0.35,TP,CORRECT_MATCH
1706,New_Images,008597.jpg,008597,NONE,Unmasked,NO_FACE_DETECTED,0.0,0.35,TN,No Face Detected by SCRFD
1707,Masked Images,000231__GAS__masked.jpg,000231,GAS,Gas Mask,000231,0.862,0.35,TP,CORRECT_MATCH
1708,New_Images,006226.jpg,006226,NONE,Unmasked,NO_FACE_DETECTED,0.0,0.35,TN,No Face Detected by SCRFD
1709,New_Images,008326.jpg,008326,NONE,Unmasked,UNRECOGNIZED,0.2725,0.35,TN,CORRECTLY_REJECTED_UNKNOWN
1710,Masked Images,000045__N95__masked.jpg,000045,N95,N95 Mask,000045,0.8607,0.35,TP,CORRECT_MATCH
1711,New_Images,005650.jpg,005650,NONE,Unmasked,UNRECOGNIZED,0.2483,0.35,TN,CORRECTLY_REJECTED_UNKNOWN
1712,New_Images,008485.jpg,008485,NONE,Unmasked,NO_FACE_DETECTED,0.0,0.35,TN,No Face Detected by SCRFD
1713,New_Images,007676.jpg,007676,NONE,Unmasked,UNRECOGNIZED,0.2957,0.35,TN,CORRECTLY_REJECTED_UNKNOWN
1714,New_Images,007585.jpg,007585,NONE,Unmasked,NO_FACE_DETECTED,0.0,0.35,TN,No Face Detected by SCRFD
1715,New_Images,008524.jpg,008524,NONE,Unmasked,UNRECOGNIZED,0.2747,0.35,TN,CORRECTLY_REJECTED_UNKNOWN
1716,Masked Images,000353__CLT__masked.jpg,000353,CLT,Cloth Mask,000353,0.8833,0.35,TP,CORRECT_MATCH
1717,New_Images,006127.jpg,006127,NONE,Unmasked,UNRECOGNIZED,0.2632,0.35,TN,CORRECTLY_REJECTED_UNKNOWN
1718,New_Images,008216.jpg,008216,NONE,Unmasked,UNRECOGNIZED,0.2289,0.35,TN,CORRECTLY_REJECTED_UNKNOWN
1719,New_Images,005415.jpg,005415,NONE,Unmasked,UNRECOGNIZED,0.224,0.35,TN,CORRECTLY_REJECTED_UNKNOWN
1720,New_Images,005196.jpg,005196,NONE,Unmasked,NO_FACE_DETECTED,0.0,0.35,TN,No Face Detected by SCRFD
1721,New_Images,008996.jpg,008996,NONE,Unmasked,UNRECOGNIZED,0.206,0.35,TN,CORRECTLY_REJECTED_UNKNOWN
1722,New_Images,005958.jpg,005958,NONE,Unmasked,UNRECOGNIZED,0.2369,0.35,TN,CORRECTLY_REJECTED_UNKNOWN
1723,New_Images,006318.jpg,006318,NONE,Unmasked,UNRECOGNIZED,0.2407,0.35,TN,CORRECTLY_REJECTED_UNKNOWN
1724,New_Images,008373.jpg,008373,NONE,Unmasked,NO_FACE_DETECTED,0.0,0.35,TN,No Face Detected by SCRFD
1725,New_Images,007241.jpg,007241,NONE,Unmasked,UNRECOGNIZED,0.2521,0.35,TN,CORRECTLY_REJECTED_UNKNOWN
1726,Masked Images,000799__CLT__masked.jpg,000799,CLT,Cloth Mask,000799,0.9091,0.35,TP,CORRECT_MATCH
1727,New_Images,009321.jpg,009321,NONE,Unmasked,UNRECOGNIZED,0.2375,0.35,TN,CORRECTLY_REJECTED_UNKNOWN
1728,New_Images,007003.jpg,007003,NONE,Unmasked,UNRECOGNIZED,0.258,0.35,TN,CORRECTLY_REJECTED_UNKNOWN
1729,Masked Images,000806__SUR__masked.jpg,000806,SUR,Surgical Mask,000806,0.8762,0.35,TP,CORRECT_MATCH
1730,New_Images,009412.jpg,009412,NONE,Unmasked,NO_FACE_DETECTED,0.0,0.35,TN,No Face Detected by SCRFD
1731,New_Images,006284.jpg,006284,NONE,Unmasked,UNRECOGNIZED,0.2533,0.35,TN,CORRECTLY_REJECTED_UNKNOWN
1732,Masked Images,000360__SUR__masked.jpg,000360,SUR,Surgical Mask,000360,0.9088,0.35,TP,CORRECT_MATCH
1733,New_Images,006291.jpg,006291,NONE,Unmasked,UNRECOGNIZED,0.2707,0.35,TN,CORRECTLY_REJECTED_UNKNOWN
1734,New_Images,007760.jpg,007760,NONE,Unmasked,UNRECOGNIZED,0.2804,0.35,TN,CORRECTLY_REJECTED_UNKNOWN
1735,New_Images,007102.jpg,007102,NONE,Unmasked,UNRECOGNIZED,0.2367,0.35,TN,CORRECTLY_REJECTED_UNKNOWN
1736,Masked Images,000822__SUR__masked.jpg,000822,SUR,Surgical Mask,000822,0.9393,0.35,TP,CORRECT_MATCH
1737,Masked Images,000103__CLT__masked.jpg,000103,CLT,Cloth Mask,000103,0.9201,0.35,TP,CORRECT_MATCH
1738,New_Images,007744.jpg,007744,NONE,Unmasked,NO_FACE_DETECTED,0.0,0.35,TN,No Face Detected by SCRFD
1739,New_Images,006044.jpg,006044,NONE,Unmasked,NO_FACE_DETECTED,0.0,0.35,TN,No Face Detected by SCRFD
1740,Masked Images,000238__N95__masked.jpg,000238,N95,N95 Mask,000238,0.906,0.35,TP,CORRECT_MATCH
1741,New_Images,007398.jpg,007398,NONE,Unmasked,UNRECOGNIZED,0.2724,0.35,TN,CORRECTLY_REJECTED_UNKNOWN
1742,New_Images,007637.jpg,007637,NONE,Unmasked,UNRECOGNIZED,0.2739,0.35,TN,CORRECTLY_REJECTED_UNKNOWN
1743,New_Images,009420.jpg,009420,NONE,Unmasked,UNRECOGNIZED,0.2192,0.35,TN,CORRECTLY_REJECTED_UNKNOWN
1744,New_Images,006782.jpg,006782,NONE,Unmasked,UNRECOGNIZED,0.2205,0.35,TN,CORRECTLY_REJECTED_UNKNOWN
1745,New_Images,005282.jpg,005282,NONE,Unmasked,UNRECOGNIZED,0.285,0.35,TN,CORRECTLY_REJECTED_UNKNOWN
1746,New_Images,005901.jpg,005901,NONE,Unmasked,UNRECOGNIZED,0.2235,0.35,TN,CORRECTLY_REJECTED_UNKNOWN
1747,New_Images,009039.jpg,009039,NONE,Unmasked,UNRECOGNIZED,0.2626,0.35,TN,CORRECTLY_REJECTED_UNKNOWN
1748,New_Images,007188.jpg,007188,NONE,Unmasked,UNRECOGNIZED,0.2909,0.35,TN,CORRECTLY_REJECTED_UNKNOWN
1749,New_Images,008368.jpg,008368,NONE,Unmasked,UNRECOGNIZED,0.2662,0.35,TN,CORRECTLY_REJECTED_UNKNOWN
1750,New_Images,006783.jpg,006783,NONE,Unmasked,UNRECOGNIZED,0.2781,0.35,TN,CORRECTLY_REJECTED_UNKNOWN
1751,New_Images,008009.jpg,008009,NONE,Unmasked,NO_FACE_DETECTED,0.0,0.35,TN,No Face Detected by SCRFD
1752,New_Images,005356.jpg,005356,NONE,Unmasked,NO_FACE_DETECTED,0.0,0.35,TN,No Face Detected by SCRFD
1753,New_Images,005171.jpg,005171,NONE,Unmasked,NO_FACE_DETECTED,0.0,0.35,TN,No Face Detected by SCRFD
1754,New_Images,005980.jpg,005980,NONE,Unmasked,UNRECOGNIZED,0.2611,0.35,TN,CORRECTLY_REJECTED_UNKNOWN
1755,New_Images,007028.jpg,007028,NONE,Unmasked,NO_FACE_DETECTED,0.0,0.35,TN,No Face Detected by SCRFD
1756,New_Images,005848.jpg,005848,NONE,Unmasked,NO_FACE_DETECTED,0.0,0.35,TN,No Face Detected by SCRFD
1757,New_Images,006481.jpg,006481,NONE,Unmasked,UNRECOGNIZED,0.2518,0.35,TN,CORRECTLY_REJECTED_UNKNOWN
1758,New_Images,008557.jpg,008557,NONE,Unmasked,UNRECOGNIZED,0.2472,0.35,TN,CORRECTLY_REJECTED_UNKNOWN
1759,Masked Images,000363__CLT__masked.jpg,000363,CLT,Cloth Mask,000363,0.9403,0.35,TP,CORRECT_MATCH
1760,New_Images,007116.jpg,007116,NONE,Unmasked,NO_FACE_DETECTED,0.0,0.35,TN,No Face Detected by SCRFD
1761,Masked Images,000741__SUR__masked.jpg,000741,SUR,Surgical Mask,000741,0.9224,0.35,TP,CORRECT_MATCH
1762,Masked Images,000512__K95__masked.jpg,000512,K95,KN95 Mask,000512,0.8965,0.35,TP,CORRECT_MATCH
1763,New_Images,007624.jpg,007624,NONE,Unmasked,UNRECOGNIZED,0.2385,0.35,TN,CORRECTLY_REJECTED_UNKNOWN
1764,New_Images,005389.jpg,005389,NONE,Unmasked,NO_FACE_DETECTED,0.0,0.35,TN,No Face Detected by SCRFD
1765,Masked Images,000709__CLT__masked.jpg,000709,CLT,Cloth Mask,000709,0.9395,0.35,TP,CORRECT_MATCH
1766,Masked Images,000307__CLT__masked.jpg,000307,CLT,Cloth Mask,000307,0.9478,0.35,TP,CORRECT_MATCH
1767,New_Images,005845.jpg,005845,NONE,Unmasked,UNRECOGNIZED,0.2898,0.35,TN,CORRECTLY_REJECTED_UNKNOWN
1768,Masked Images,000230__CLT__masked.jpg,000230,CLT,Cloth Mask,000230,0.8903,0.35,TP,CORRECT_MATCH
1769,New_Images,007091.jpg,007091,NONE,Unmasked,NO_FACE_DETECTED,0.0,0.35,TN,No Face Detected by SCRFD
1770,New_Images,007673.jpg,007673,NONE,Unmasked,NO_FACE_DETECTED,0.0,0.35,TN,No Face Detected by SCRFD
1771,Masked Images,000477__K95__masked.jpg,000477,K95,KN95 Mask,000477,0.9655,0.35,TP,CORRECT_MATCH
1772,New_Images,008760.jpg,008760,NONE,Unmasked,UNRECOGNIZED,0.2585,0.35,TN,CORRECTLY_REJECTED_UNKNOWN
1773,New_Images,009553.jpg,009553,NONE,Unmasked,UNRECOGNIZED,0.236,0.35,TN,CORRECTLY_REJECTED_UNKNOWN
1774,New_Images,008152.jpg,008152,NONE,Unmasked,UNRECOGNIZED,0.2822,0.35,TN,CORRECTLY_REJECTED_UNKNOWN
1775,New_Images,006580.jpg,006580,NONE,Unmasked,UNRECOGNIZED,0.2405,0.35,TN,CORRECTLY_REJECTED_UNKNOWN
1776,New_Images,007055.jpg,007055,NONE,Unmasked,NO_FACE_DETECTED,0.0,0.35,TN,No Face Detected by SCRFD
1777,New_Images,009521.jpg,009521,NONE,Unmasked,UNRECOGNIZED,0.2376,0.35,TN,CORRECTLY_REJECTED_UNKNOWN
1778,New_Images,005855.jpg,005855,NONE,Unmasked,UNRECOGNIZED,0.2779,0.35,TN,CORRECTLY_REJECTED_UNKNOWN
1779,New_Images,005441.jpg,005441,NONE,Unmasked,UNRECOGNIZED,0.3414,0.35,TN,CORRECTLY_REJECTED_UNKNOWN
1780,New_Images,008990.jpg,008990,NONE,Unmasked,UNRECOGNIZED,0.2545,0.35,TN,CORRECTLY_REJECTED_UNKNOWN
1781,Masked Images,000833__N95__masked.jpg,000833,N95,N95 Mask,000833,0.7809,0.35,TP,CORRECT_MATCH
1782,New_Images,008618.jpg,008618,NONE,Unmasked,UNRECOGNIZED,0.2395,0.35,TN,CORRECTLY_REJECTED_UNKNOWN
1783,New_Images,005300.jpg,005300,NONE,Unmasked,NO_FACE_DETECTED,0.0,0.35,TN,No Face Detected by SCRFD
1784,New_Images,009104.jpg,009104,NONE,Unmasked,NO_FACE_DETECTED,0.0,0.35,TN,No Face Detected by SCRFD
1785,New_Images,005355.jpg,005355,NONE,Unmasked,UNRECOGNIZED,0.26,0.35,TN,CORRECTLY_REJECTED_UNKNOWN
1786,New_Images,008390.jpg,008390,NONE,Unmasked,UNRECOGNIZED,0.2307,0.35,TN,CORRECTLY_REJECTED_UNKNOWN
1787,New_Images,009617.jpg,009617,NONE,Unmasked,NO_FACE_DETECTED,0.0,0.35,TN,No Face Detected by SCRFD
1788,Masked Images,000634__CLT__masked.jpg,000634,CLT,Cloth Mask,000634,0.9387,0.35,TP,CORRECT_MATCH
1789,New_Images,008703.jpg,008703,NONE,Unmasked,NO_FACE_DETECTED,0.0,0.35,TN,No Face Detected by SCRFD
1790,New_Images,007741.jpg,007741,NONE,Unmasked,UNRECOGNIZED,0.2849,0.35,TN,CORRECTLY_REJECTED_UNKNOWN
1791,New_Images,007753.jpg,007753,NONE,Unmasked,UNRECOGNIZED,0.2311,0.35,TN,CORRECTLY_REJECTED_UNKNOWN
1792,New_Images,008083.jpg,008083,NONE,Unmasked,UNRECOGNIZED,0.2619,0.35,TN,CORRECTLY_REJECTED_UNKNOWN
1793,New_Images,005721.jpg,005721,NONE,Unmasked,NO_FACE_DETECTED,0.0,0.35,TN,No Face Detected by SCRFD
1794,New_Images,005531.jpg,005531,NONE,Unmasked,NO_FACE_DETECTED,0.0,0.35,TN,No Face Detected by SCRFD
1795,New_Images,005069.jpg,005069,NONE,Unmasked,NO_FACE_DETECTED,0.0,0.35,TN,No Face Detected by SCRFD
1796,New_Images,006858.jpg,006858,NONE,Unmasked,UNRECOGNIZED,0.2199,0.35,TN,CORRECTLY_REJECTED_UNKNOWN
1797,Masked Images,000482__K95__masked.jpg,000482,K95,KN95 Mask,000482,0.9375,0.35,TP,CORRECT_MATCH
1798,Masked Images,000761__SUR__masked.jpg,000761,SUR,Surgical Mask,000761,0.8999,0.35,TP,CORRECT_MATCH
1799,New_Images,005474.jpg,005474,NONE,Unmasked,UNRECOGNIZED,0.2668,0.35,TN,CORRECTLY_REJECTED_UNKNOWN
1800,New_Images,007117.jpg,007117,NONE,Unmasked,NO_FACE_DETECTED,0.0,0.35,TN,No Face Detected by SCRFD
1801,New_Images,008417.jpg,008417,NONE,Unmasked,NO_FACE_DETECTED,0.0,0.35,TN,No Face Detected by SCRFD
1802,New_Images,005013.jpg,005013,NONE,Unmasked,UNRECOGNIZED,0.2139,0.35,TN,CORRECTLY_REJECTED_UNKNOWN
1803,New_Images,005311.jpg,005311,NONE,Unmasked,NO_FACE_DETECTED,0.0,0.35,TN,No Face Detected by SCRFD
1804,New_Images,007703.jpg,007703,NONE,Unmasked,UNRECOGNIZED,0.2499,0.35,TN,CORRECTLY_REJECTED_UNKNOWN
1805,New_Images,007995.jpg,007995,NONE,Unmasked,UNRECOGNIZED,0.2106,0.35,TN,CORRECTLY_REJECTED_UNKNOWN
1806,New_Images,008042.jpg,008042,NONE,Unmasked,UNRECOGNIZED,0.2667,0.35,TN,CORRECTLY_REJECTED_UNKNOWN
1807,Masked Images,001033__K95__masked.jpg,001033,K95,KN95 Mask,001033,0.5888,0.35,TP,CORRECT_MATCH
1808,New_Images,007700.jpg,007700,NONE,Unmasked,NO_FACE_DETECTED,0.0,0.35,TN,No Face Detected by SCRFD
1809,New_Images,007038.jpg,007038,NONE,Unmasked,UNRECOGNIZED,0.2601,0.35,TN,CORRECTLY_REJECTED_UNKNOWN
1810,New_Images,007087.jpg,007087,NONE,Unmasked,UNRECOGNIZED,0.2415,0.35,TN,CORRECTLY_REJECTED_UNKNOWN
1811,New_Images,005362.jpg,005362,NONE,Unmasked,UNRECOGNIZED,0.308,0.35,TN,CORRECTLY_REJECTED_UNKNOWN
1812,New_Images,009453.jpg,009453,NONE,Unmasked,UNRECOGNIZED,0.3045,0.35,TN,CORRECTLY_REJECTED_UNKNOWN
1813,Masked Images,000298__GAS__masked.jpg,000298,GAS,Gas Mask,000298,0.8613,0.35,TP,CORRECT_MATCH
1814,New_Images,009018.jpg,009018,NONE,Unmasked,UNRECOGNIZED,0.2719,0.35,TN,CORRECTLY_REJECTED_UNKNOWN
1815,New_Images,006771.jpg,006771,NONE,Unmasked,NO_FACE_DETECTED,0.0,0.35,TN,No Face Detected by SCRFD
1816,New_Images,006277.jpg,006277,NONE,Unmasked,UNRECOGNIZED,0.2123,0.35,TN,CORRECTLY_REJECTED_UNKNOWN
1817,Masked Images,000222__N95__masked.jpg,000222,N95,N95 Mask,000222,0.8882,0.35,TP,CORRECT_MATCH
1818,New_Images,005876.jpg,005876,NONE,Unmasked,NO_FACE_DETECTED,0.0,0.35,TN,No Face Detected by SCRFD
1819,Masked Images,000842__SUR__masked.jpg,000842,SUR,Surgical Mask,000842,0.8966,0.35,TP,CORRECT_MATCH
1820,New_Images,007123.jpg,007123,NONE,Unmasked,UNRECOGNIZED,0.2528,0.35,TN,CORRECTLY_REJECTED_UNKNOWN
1821,New_Images,006792.jpg,006792,NONE,Unmasked,UNRECOGNIZED,0.2347,0.35,TN,CORRECTLY_REJECTED_UNKNOWN
1822,New_Images,008029.jpg,008029,NONE,Unmasked,UNRECOGNIZED,0.2509,0.35,TN,CORRECTLY_REJECTED_UNKNOWN
1823,New_Images,007198.jpg,007198,NONE,Unmasked,NO_FACE_DETECTED,0.0,0.35,TN,No Face Detected by SCRFD
1824,New_Images,009348.jpg,009348,NONE,Unmasked,UNRECOGNIZED,0.2501,0.35,TN,CORRECTLY_REJECTED_UNKNOWN
1825,New_Images,008244.jpg,008244,NONE,Unmasked,UNRECOGNIZED,0.2949,0.35,TN,CORRECTLY_REJECTED_UNKNOWN
1826,New_Images,006049.jpg,006049,NONE,Unmasked,UNRECOGNIZED,0.2376,0.35,TN,CORRECTLY_REJECTED_UNKNOWN
1827,New_Images,006517.jpg,006517,NONE,Unmasked,NO_FACE_DETECTED,0.0,0.35,TN,No Face Detected by SCRFD
1828,New_Images,007351.jpg,007351,NONE,Unmasked,UNRECOGNIZED,0.2496,0.35,TN,CORRECTLY_REJECTED_UNKNOWN
1829,New_Images,007729.jpg,007729,NONE,Unmasked,UNRECOGNIZED,0.2757,0.35,TN,CORRECTLY_REJECTED_UNKNOWN
1830,New_Images,007444.jpg,007444,NONE,Unmasked,NO_FACE_DETECTED,0.0,0.35,TN,No Face Detected by SCRFD
1831,New_Images,007896.jpg,007896,NONE,Unmasked,NO_FACE_DETECTED,0.0,0.35,TN,No Face Detected by SCRFD
1832,New_Images,007873.jpg,007873,NONE,Unmasked,UNRECOGNIZED,0.2972,0.35,TN,CORRECTLY_REJECTED_UNKNOWN
1833,New_Images,009463.jpg,009463,NONE,Unmasked,UNRECOGNIZED,0.2351,0.35,TN,CORRECTLY_REJECTED_UNKNOWN
1834,New_Images,005871.jpg,005871,NONE,Unmasked,UNRECOGNIZED,0.2566,0.35,TN,CORRECTLY_REJECTED_UNKNOWN
1835,New_Images,007060.jpg,007060,NONE,Unmasked,UNRECOGNIZED,0.2355,0.35,TN,CORRECTLY_REJECTED_UNKNOWN
1836,Masked Images,000693__K95__masked.jpg,000693,K95,KN95 Mask,000693,0.9635,0.35,TP,CORRECT_MATCH
1837,New_Images,005641.jpg,005641,NONE,Unmasked,UNRECOGNIZED,0.3057,0.35,TN,CORRECTLY_REJECTED_UNKNOWN
1838,New_Images,007572.jpg,007572,NONE,Unmasked,UNRECOGNIZED,0.2477,0.35,TN,CORRECTLY_REJECTED_UNKNOWN
1839,New_Images,005506.jpg,005506,NONE,Unmasked,UNRECOGNIZED,0.282,0.35,TN,CORRECTLY_REJECTED_UNKNOWN
1840,New_Images,009135.jpg,009135,NONE,Unmasked,NO_FACE_DETECTED,0.0,0.35,TN,No Face Detected by SCRFD
1841,New_Images,005331.jpg,005331,NONE,Unmasked,UNRECOGNIZED,0.291,0.35,TN,CORRECTLY_REJECTED_UNKNOWN
1842,New_Images,008767.jpg,008767,NONE,Unmasked,NO_FACE_DETECTED,0.0,0.35,TN,No Face Detected by SCRFD
1843,New_Images,005887.jpg,005887,NONE,Unmasked,UNRECOGNIZED,0.2398,0.35,TN,CORRECTLY_REJECTED_UNKNOWN
1844,New_Images,007552.jpg,007552,NONE,Unmasked,NO_FACE_DETECTED,0.0,0.35,TN,No Face Detected by SCRFD
1845,Masked Images,000436__K95__masked.jpg,000436,K95,KN95 Mask,000436,0.9324,0.35,TP,CORRECT_MATCH
1846,New_Images,005829.jpg,005829,NONE,Unmasked,UNRECOGNIZED,0.2274,0.35,TN,CORRECTLY_REJECTED_UNKNOWN
1847,New_Images,008377.jpg,008377,NONE,Unmasked,UNRECOGNIZED,0.2846,0.35,TN,CORRECTLY_REJECTED_UNKNOWN
1848,Masked Images,000002__N95__masked.jpg,000002,N95,N95 Mask,000002,0.8846,0.35,TP,CORRECT_MATCH
1849,Masked Images,001013__CLT__masked.jpg,001013,CLT,Cloth Mask,001013,0.9442,0.35,TP,CORRECT_MATCH
1850,Masked Images,001117__CLT__masked.jpg,001117,CLT,Cloth Mask,001117,0.9551,0.35,TP,CORRECT_MATCH
1851,Masked Images,000044__SUR__masked.jpg,000044,SUR,Surgical Mask,000044,0.9169,0.35,TP,CORRECT_MATCH
1852,New_Images,005782.jpg,005782,NONE,Unmasked,UNRECOGNIZED,0.2213,0.35,TN,CORRECTLY_REJECTED_UNKNOWN
1853,New_Images,005095.jpg,005095,NONE,Unmasked,UNRECOGNIZED,0.2346,0.35,TN,CORRECTLY_REJECTED_UNKNOWN
1854,New_Images,008167.jpg,008167,NONE,Unmasked,UNRECOGNIZED,0.2442,0.35,TN,CORRECTLY_REJECTED_UNKNOWN
1855,New_Images,008800.jpg,008800,NONE,Unmasked,UNRECOGNIZED,0.2454,0.35,TN,CORRECTLY_REJECTED_UNKNOWN
1856,Masked Images,000198__GAS__masked.jpg,000198,GAS,Gas Mask,000198,0.929,0.35,TP,CORRECT_MATCH
1857,New_Images,007343.jpg,007343,NONE,Unmasked,UNRECOGNIZED,0.3307,0.35,TN,CORRECTLY_REJECTED_UNKNOWN
1858,New_Images,007611.jpg,007611,NONE,Unmasked,UNRECOGNIZED,0.2203,0.35,TN,CORRECTLY_REJECTED_UNKNOWN
1859,New_Images,008132.jpg,008132,NONE,Unmasked,NO_FACE_DETECTED,0.0,0.35,TN,No Face Detected by SCRFD
1860,New_Images,008051.jpg,008051,NONE,Unmasked,UNRECOGNIZED,0.2625,0.35,TN,CORRECTLY_REJECTED_UNKNOWN
1861,New_Images,007337.jpg,007337,NONE,Unmasked,UNRECOGNIZED,0.2258,0.35,TN,CORRECTLY_REJECTED_UNKNOWN
1862,Masked Images,001044__CLT__masked.jpg,001044,CLT,Cloth Mask,001044,0.7042,0.35,TP,CORRECT_MATCH
1863,New_Images,009604.jpg,009604,NONE,Unmasked,NO_FACE_DETECTED,0.0,0.35,TN,No Face Detected by SCRFD
1864,New_Images,008918.jpg,008918,NONE,Unmasked,NO_FACE_DETECTED,0.0,0.35,TN,No Face Detected by SCRFD
1865,New_Images,008753.jpg,008753,NONE,Unmasked,UNRECOGNIZED,0.2254,0.35,TN,CORRECTLY_REJECTED_UNKNOWN
1866,New_Images,009538.jpg,009538,NONE,Unmasked,UNRECOGNIZED,0.25,0.35,TN,CORRECTLY_REJECTED_UNKNOWN
1867,New_Images,008447.jpg,008447,NONE,Unmasked,NO_FACE_DETECTED,0.0,0.35,TN,No Face Detected by SCRFD
1868,Masked Images,000310__N95__masked.jpg,000310,N95,N95 Mask,000310,0.8601,0.35,TP,CORRECT_MATCH
1869,New_Images,005017.jpg,005017,NONE,Unmasked,NO_FACE_DETECTED,0.0,0.35,TN,No Face Detected by SCRFD
1870,New_Images,008248.jpg,008248,NONE,Unmasked,NO_FACE_DETECTED,0.0,0.35,TN,No Face Detected by SCRFD
1871,New_Images,007199.jpg,007199,NONE,Unmasked,NO_FACE_DETECTED,0.0,0.35,TN,No Face Detected by SCRFD
1872,New_Images,008520.jpg,008520,NONE,Unmasked,UNRECOGNIZED,0.2223,0.35,TN,CORRECTLY_REJECTED_UNKNOWN
1873,New_Images,009057.jpg,009057,NONE,Unmasked,NO_FACE_DETECTED,0.0,0.35,TN,No Face Detected by SCRFD
1874,New_Images,007164.jpg,007164,NONE,Unmasked,UNRECOGNIZED,0.2293,0.35,TN,CORRECTLY_REJECTED_UNKNOWN
1875,New_Images,005074.jpg,005074,NONE,Unmasked,UNRECOGNIZED,0.2794,0.35,TN,CORRECTLY_REJECTED_UNKNOWN
1876,New_Images,007047.jpg,007047,NONE,Unmasked,UNRECOGNIZED,0.2536,0.35,TN,CORRECTLY_REJECTED_UNKNOWN
1877,New_Images,007093.jpg,007093,NONE,Unmasked,UNRECOGNIZED,0.2402,0.35,TN,CORRECTLY_REJECTED_UNKNOWN
1878,New_Images,008180.jpg,008180,NONE,Unmasked,NO_FACE_DETECTED,0.0,0.35,TN,No Face Detected by SCRFD
1879,New_Images,006444.jpg,006444,NONE,Unmasked,UNRECOGNIZED,0.2046,0.35,TN,CORRECTLY_REJECTED_UNKNOWN
1880,New_Images,007636.jpg,007636,NONE,Unmasked,NO_FACE_DETECTED,0.0,0.35,TN,No Face Detected by SCRFD
1881,New_Images,006461.jpg,006461,NONE,Unmasked,NO_FACE_DETECTED,0.0,0.35,TN,No Face Detected by SCRFD
1882,New_Images,009206.jpg,009206,NONE,Unmasked,UNRECOGNIZED,0.254,0.35,TN,CORRECTLY_REJECTED_UNKNOWN
1883,New_Images,008555.jpg,008555,NONE,Unmasked,UNRECOGNIZED,0.3115,0.35,TN,CORRECTLY_REJECTED_UNKNOWN
1884,Masked Images,000381__SUR__masked.jpg,000381,SUR,Surgical Mask,000381,0.9439,0.35,TP,CORRECT_MATCH
1885,New_Images,006589.jpg,006589,NONE,Unmasked,UNRECOGNIZED,0.3137,0.35,TN,CORRECTLY_REJECTED_UNKNOWN
1886,New_Images,005594.jpg,005594,NONE,Unmasked,UNRECOGNIZED,0.2898,0.35,TN,CORRECTLY_REJECTED_UNKNOWN
1887,New_Images,005581.jpg,005581,NONE,Unmasked,UNRECOGNIZED,0.2612,0.35,TN,CORRECTLY_REJECTED_UNKNOWN
1888,Masked Images,000757__N95__masked.jpg,000757,N95,N95 Mask,000757,0.6444,0.35,TP,CORRECT_MATCH
1889,New_Images,008667.jpg,008667,NONE,Unmasked,UNRECOGNIZED,0.2573,0.35,TN,CORRECTLY_REJECTED_UNKNOWN
1890,New_Images,007610.jpg,007610,NONE,Unmasked,UNRECOGNIZED,0.2416,0.35,TN,CORRECTLY_REJECTED_UNKNOWN
1891,New_Images,006701.jpg,006701,NONE,Unmasked,NO_FACE_DETECTED,0.0,0.35,TN,No Face Detected by SCRFD
1892,New_Images,005042.jpg,005042,NONE,Unmasked,UNRECOGNIZED,0.2392,0.35,TN,CORRECTLY_REJECTED_UNKNOWN
1893,Masked Images,000474__GAS__masked.jpg,000474,GAS,Gas Mask,000474,0.8784,0.35,TP,CORRECT_MATCH
1894,New_Images,005427.jpg,005427,NONE,Unmasked,UNRECOGNIZED,0.2599,0.35,TN,CORRECTLY_REJECTED_UNKNOWN
1895,New_Images,008440.jpg,008440,NONE,Unmasked,UNRECOGNIZED,0.3468,0.35,TN,CORRECTLY_REJECTED_UNKNOWN
1896,New_Images,005372.jpg,005372,NONE,Unmasked,UNRECOGNIZED,0.2869,0.35,TN,CORRECTLY_REJECTED_UNKNOWN
1897,New_Images,006533.jpg,006533,NONE,Unmasked,NO_FACE_DETECTED,0.0,0.35,TN,No Face Detected by SCRFD
1898,New_Images,006414.jpg,006414,NONE,Unmasked,UNRECOGNIZED,0.2712,0.35,TN,CORRECTLY_REJECTED_UNKNOWN
1899,New_Images,006605.jpg,006605,NONE,Unmasked,NO_FACE_DETECTED,0.0,0.35,TN,No Face Detected by SCRFD
1900,New_Images,007824.jpg,007824,NONE,Unmasked,UNRECOGNIZED,0.2146,0.35,TN,CORRECTLY_REJECTED_UNKNOWN
1901,New_Images,006821.jpg,006821,NONE,Unmasked,UNRECOGNIZED,0.2566,0.35,TN,CORRECTLY_REJECTED_UNKNOWN
1902,New_Images,006182.jpg,006182,NONE,Unmasked,UNRECOGNIZED,0.2398,0.35,TN,CORRECTLY_REJECTED_UNKNOWN
1903,New_Images,005208.jpg,005208,NONE,Unmasked,NO_FACE_DETECTED,0.0,0.35,TN,No Face Detected by SCRFD
1904,Masked Images,000532__K95__masked.jpg,000532,K95,KN95 Mask,000532,0.9459,0.35,TP,CORRECT_MATCH
1905,New_Images,008444.jpg,008444,NONE,Unmasked,UNRECOGNIZED,0.2367,0.35,TN,CORRECTLY_REJECTED_UNKNOWN
1906,New_Images,008699.jpg,008699,NONE,Unmasked,UNRECOGNIZED,0.2464,0.35,TN,CORRECTLY_REJECTED_UNKNOWN
1907,New_Images,007850.jpg,007850,NONE,Unmasked,UNRECOGNIZED,0.2171,0.35,TN,CORRECTLY_REJECTED_UNKNOWN
1908,New_Images,006326.jpg,006326,NONE,Unmasked,UNRECOGNIZED,0.2625,0.35,TN,CORRECTLY_REJECTED_UNKNOWN
1909,New_Images,005433.jpg,005433,NONE,Unmasked,UNRECOGNIZED,0.2283,0.35,TN,CORRECTLY_REJECTED_UNKNOWN
1910,Masked Images,000763__K95__masked.jpg,000763,K95,KN95 Mask,000763,0.9533,0.35,TP,CORRECT_MATCH
1911,New_Images,007571.jpg,007571,NONE,Unmasked,NO_FACE_DETECTED,0.0,0.35,TN,No Face Detected by SCRFD
1912,New_Images,008846.jpg,008846,NONE,Unmasked,NO_FACE_DETECTED,0.0,0.35,TN,No Face Detected by SCRFD
1913,New_Images,009099.jpg,009099,NONE,Unmasked,UNRECOGNIZED,0.2352,0.35,TN,CORRECTLY_REJECTED_UNKNOWN
1914,New_Images,006413.jpg,006413,NONE,Unmasked,UNRECOGNIZED,0.2204,0.35,TN,CORRECTLY_REJECTED_UNKNOWN
1915,New_Images,008166.jpg,008166,NONE,Unmasked,UNRECOGNIZED,0.2962,0.35,TN,CORRECTLY_REJECTED_UNKNOWN
1916,New_Images,005457.jpg,005457,NONE,Unmasked,UNRECOGNIZED,0.2489,0.35,TN,CORRECTLY_REJECTED_UNKNOWN
1917,New_Images,008675.jpg,008675,NONE,Unmasked,UNRECOGNIZED,0.2634,0.35,TN,CORRECTLY_REJECTED_UNKNOWN
1918,New_Images,005697.jpg,005697,NONE,Unmasked,UNRECOGNIZED,0.2725,0.35,TN,CORRECTLY_REJECTED_UNKNOWN
1919,New_Images,005844.jpg,005844,NONE,Unmasked,UNRECOGNIZED,0.2286,0.35,TN,CORRECTLY_REJECTED_UNKNOWN
1920,New_Images,007382.jpg,007382,NONE,Unmasked,UNRECOGNIZED,0.2249,0.35,TN,CORRECTLY_REJECTED_UNKNOWN
1921,New_Images,008538.jpg,008538,NONE,Unmasked,UNRECOGNIZED,0.2821,0.35,TN,CORRECTLY_REJECTED_UNKNOWN
1922,New_Images,009565.jpg,009565,NONE,Unmasked,UNRECOGNIZED,0.2395,0.35,TN,CORRECTLY_REJECTED_UNKNOWN
1923,New_Images,009600.jpg,009600,NONE,Unmasked,NO_FACE_DETECTED,0.0,0.35,TN,No Face Detected by SCRFD
1924,New_Images,007487.jpg,007487,NONE,Unmasked,NO_FACE_DETECTED,0.0,0.35,TN,No Face Detected by SCRFD
1925,Masked Images,000580__CLT__masked.jpg,000580,CLT,Cloth Mask,000580,0.9343,0.35,TP,CORRECT_MATCH
1926,New_Images,008474.jpg,008474,NONE,Unmasked,UNRECOGNIZED,0.2604,0.35,TN,CORRECTLY_REJECTED_UNKNOWN
1927,New_Images,009619.jpg,009619,NONE,Unmasked,UNRECOGNIZED,0.2461,0.35,TN,CORRECTLY_REJECTED_UNKNOWN
1928,Masked Images,001066__CLT__masked.jpg,001066,CLT,Cloth Mask,001066,0.8956,0.35,TP,CORRECT_MATCH
1929,New_Images,008076.jpg,008076,NONE,Unmasked,NO_FACE_DETECTED,0.0,0.35,TN,No Face Detected by SCRFD
1930,New_Images,008422.jpg,008422,NONE,Unmasked,UNRECOGNIZED,0.2784,0.35,TN,CORRECTLY_REJECTED_UNKNOWN
1931,Masked Images,000735__GAS__masked.jpg,000735,GAS,Gas Mask,000735,0.8364,0.35,TP,CORRECT_MATCH
1932,New_Images,006531.jpg,006531,NONE,Unmasked,NO_FACE_DETECTED,0.0,0.35,TN,No Face Detected by SCRFD
1933,New_Images,006084.jpg,006084,NONE,Unmasked,NO_FACE_DETECTED,0.0,0.35,TN,No Face Detected by SCRFD
1934,Masked Images,001156__SUR__masked.jpg,001156,SUR,Surgical Mask,001156,0.8916,0.35,TP,CORRECT_MATCH
1935,New_Images,008200.jpg,008200,NONE,Unmasked,NO_FACE_DETECTED,0.0,0.35,TN,No Face Detected by SCRFD
1936,Masked Images,000766__SUR__masked.jpg,000766,SUR,Surgical Mask,000766,0.9087,0.35,TP,CORRECT_MATCH
1937,New_Images,005323.jpg,005323,NONE,Unmasked,NO_FACE_DETECTED,0.0,0.35,TN,No Face Detected by SCRFD
1938,New_Images,005464.jpg,005464,NONE,Unmasked,UNRECOGNIZED,0.2127,0.35,TN,CORRECTLY_REJECTED_UNKNOWN
1939,New_Images,005843.jpg,005843,NONE,Unmasked,UNRECOGNIZED,0.2336,0.35,TN,CORRECTLY_REJECTED_UNKNOWN
1940,New_Images,008070.jpg,008070,NONE,Unmasked,NO_FACE_DETECTED,0.0,0.35,TN,No Face Detected by SCRFD
1941,New_Images,005490.jpg,005490,NONE,Unmasked,UNRECOGNIZED,0.264,0.35,TN,CORRECTLY_REJECTED_UNKNOWN
1942,New_Images,005945.jpg,005945,NONE,Unmasked,UNRECOGNIZED,0.3265,0.35,TN,CORRECTLY_REJECTED_UNKNOWN
1943,New_Images,006006.jpg,006006,NONE,Unmasked,UNRECOGNIZED,0.208,0.35,TN,CORRECTLY_REJECTED_UNKNOWN
1944,New_Images,005154.jpg,005154,NONE,Unmasked,UNRECOGNIZED,0.2773,0.35,TN,CORRECTLY_REJECTED_UNKNOWN
1945,New_Images,009004.jpg,009004,NONE,Unmasked,UNRECOGNIZED,0.2414,0.35,TN,CORRECTLY_REJECTED_UNKNOWN
1946,New_Images,006546.jpg,006546,NONE,Unmasked,UNRECOGNIZED,0.2673,0.35,TN,CORRECTLY_REJECTED_UNKNOWN
1947,New_Images,005495.jpg,005495,NONE,Unmasked,UNRECOGNIZED,0.2289,0.35,TN,CORRECTLY_REJECTED_UNKNOWN
1948,New_Images,009041.jpg,009041,NONE,Unmasked,UNRECOGNIZED,0.2521,0.35,TN,CORRECTLY_REJECTED_UNKNOWN
1949,New_Images,005179.jpg,005179,NONE,Unmasked,UNRECOGNIZED,0.2595,0.35,TN,CORRECTLY_REJECTED_UNKNOWN
1950,Masked Images,000431__CLT__masked.jpg,000431,CLT,Cloth Mask,000431,0.9478,0.35,TP,CORRECT_MATCH
1951,New_Images,006516.jpg,006516,NONE,Unmasked,UNRECOGNIZED,0.2741,0.35,TN,CORRECTLY_REJECTED_UNKNOWN
1952,Masked Images,000300__N95__masked.jpg,000300,N95,N95 Mask,000300,0.8304,0.35,TP,CORRECT_MATCH
1953,Masked Images,000816__GAS__masked.jpg,000816,GAS,Gas Mask,000816,0.892,0.35,TP,CORRECT_MATCH
1954,New_Images,006146.jpg,006146,NONE,Unmasked,UNRECOGNIZED,0.2516,0.35,TN,CORRECTLY_REJECTED_UNKNOWN
1955,New_Images,005967.jpg,005967,NONE,Unmasked,UNRECOGNIZED,0.3242,0.35,TN,CORRECTLY_REJECTED_UNKNOWN
1956,New_Images,007563.jpg,007563,NONE,Unmasked,UNRECOGNIZED,0.2509,0.35,TN,CORRECTLY_REJECTED_UNKNOWN
1957,Masked Images,001017__N95__masked.jpg,001017,N95,N95 Mask,001017,0.8875,0.35,TP,CORRECT_MATCH
1958,New_Images,006927.jpg,006927,NONE,Unmasked,UNRECOGNIZED,0.2242,0.35,TN,CORRECTLY_REJECTED_UNKNOWN
1959,New_Images,006215.jpg,006215,NONE,Unmasked,NO_FACE_DETECTED,0.0,0.35,TN,No Face Detected by SCRFD
1960,Masked Images,000875__CLT__masked.jpg,000875,CLT,Cloth Mask,000875,0.9468,0.35,TP,CORRECT_MATCH
1961,New_Images,008011.jpg,008011,NONE,Unmasked,NO_FACE_DETECTED,0.0,0.35,TN,No Face Detected by SCRFD
1962,Masked Images,000635__GAS__masked.jpg,000635,GAS,Gas Mask,NO_FACE_DETECTED,0.0,0.35,FN,No Face Detected by SCRFD
1963,New_Images,006276.jpg,006276,NONE,Unmasked,UNRECOGNIZED,0.2565,0.35,TN,CORRECTLY_REJECTED_UNKNOWN
1964,Masked Images,000528__CLT__masked.jpg,000528,CLT,Cloth Mask,000528,0.9211,0.35,TP,CORRECT_MATCH
1965,New_Images,009448.jpg,009448,NONE,Unmasked,NO_FACE_DETECTED,0.0,0.35,TN,No Face Detected by SCRFD
1966,New_Images,009326.jpg,009326,NONE,Unmasked,UNRECOGNIZED,0.3305,0.35,TN,CORRECTLY_REJECTED_UNKNOWN
1967,New_Images,005120.jpg,005120,NONE,Unmasked,UNRECOGNIZED,0.2876,0.35,TN,CORRECTLY_REJECTED_UNKNOWN
1968,New_Images,007722.jpg,007722,NONE,Unmasked,UNRECOGNIZED,0.2326,0.35,TN,CORRECTLY_REJECTED_UNKNOWN
1969,New_Images,006689.jpg,006689,NONE,Unmasked,NO_FACE_DETECTED,0.0,0.35,TN,No Face Detected by SCRFD
1970,New_Images,007062.jpg,007062,NONE,Unmasked,UNRECOGNIZED,0.2783,0.35,TN,CORRECTLY_REJECTED_UNKNOWN
1971,New_Images,009476.jpg,009476,NONE,Unmasked,NO_FACE_DETECTED,0.0,0.35,TN,No Face Detected by SCRFD
1972,New_Images,006862.jpg,006862,NONE,Unmasked,UNRECOGNIZED,0.2877,0.35,TN,CORRECTLY_REJECTED_UNKNOWN
1973,New_Images,006776.jpg,006776,NONE,Unmasked,UNRECOGNIZED,0.2751,0.35,TN,CORRECTLY_REJECTED_UNKNOWN
1974,Masked Images,000404__CLT__masked.jpg,000404,CLT,Cloth Mask,000404,0.943,0.35,TP,CORRECT_MATCH
1975,New_Images,005723.jpg,005723,NONE,Unmasked,UNRECOGNIZED,0.2353,0.35,TN,CORRECTLY_REJECTED_UNKNOWN
1976,New_Images,007917.jpg,007917,NONE,Unmasked,UNRECOGNIZED,0.2282,0.35,TN,CORRECTLY_REJECTED_UNKNOWN
1977,Masked Images,000755__GAS__masked.jpg,000755,GAS,Gas Mask,000755,0.8886,0.35,TP,CORRECT_MATCH
1978,New_Images,006000.jpg,006000,NONE,Unmasked,NO_FACE_DETECTED,0.0,0.35,TN,No Face Detected by SCRFD
1979,New_Images,009290.jpg,009290,NONE,Unmasked,NO_FACE_DETECTED,0.0,0.35,TN,No Face Detected by SCRFD
1980,New_Images,005262.jpg,005262,NONE,Unmasked,UNRECOGNIZED,0.2175,0.35,TN,CORRECTLY_REJECTED_UNKNOWN
1981,Masked Images,000815__CLT__masked.jpg,000815,CLT,Cloth Mask,000815,0.8578,0.35,TP,CORRECT_MATCH
1982,Masked Images,000064__SUR__masked.jpg,000064,SUR,Surgical Mask,000064,0.8891,0.35,TP,CORRECT_MATCH
1983,New_Images,008363.jpg,008363,NONE,Unmasked,NO_FACE_DETECTED,0.0,0.35,TN,No Face Detected by SCRFD
1984,New_Images,008922.jpg,008922,NONE,Unmasked,NO_FACE_DETECTED,0.0,0.35,TN,No Face Detected by SCRFD
1985,New_Images,008108.jpg,008108,NONE,Unmasked,NO_FACE_DETECTED,0.0,0.35,TN,No Face Detected by SCRFD
1986,New_Images,009356.jpg,009356,NONE,Unmasked,UNRECOGNIZED,0.2941,0.35,TN,CORRECTLY_REJECTED_UNKNOWN
1987,New_Images,008431.jpg,008431,NONE,Unmasked,UNRECOGNIZED,0.2476,0.35,TN,CORRECTLY_REJECTED_UNKNOWN
1988,New_Images,007293.jpg,007293,NONE,Unmasked,UNRECOGNIZED,0.239,0.35,TN,CORRECTLY_REJECTED_UNKNOWN
1989,New_Images,008957.jpg,008957,NONE,Unmasked,UNRECOGNIZED,0.326,0.35,TN,CORRECTLY_REJECTED_UNKNOWN
1990,Masked Images,000364__GAS__masked.jpg,000364,GAS,Gas Mask,000364,0.9095,0.35,TP,CORRECT_MATCH
1991,New_Images,008897.jpg,008897,NONE,Unmasked,UNRECOGNIZED,0.2656,0.35,TN,CORRECTLY_REJECTED_UNKNOWN
1992,New_Images,009154.jpg,009154,NONE,Unmasked,NO_FACE_DETECTED,0.0,0.35,TN,No Face Detected by SCRFD
1993,New_Images,008129.jpg,008129,NONE,Unmasked,NO_FACE_DETECTED,0.0,0.35,TN,No Face Detected by SCRFD
1994,Masked Images,000092__K95__masked.jpg,000092,K95,KN95 Mask,000092,0.9358,0.35,TP,CORRECT_MATCH
1995,Masked Images,000268__SUR__masked.jpg,000268,SUR,Surgical Mask,000268,0.8666,0.35,TP,CORRECT_MATCH
1996,New_Images,007592.jpg,007592,NONE,Unmasked,NO_FACE_DETECTED,0.0,0.35,TN,No Face Detected by SCRFD
1997,New_Images,005519.jpg,005519,NONE,Unmasked,UNRECOGNIZED,0.2601,0.35,TN,CORRECTLY_REJECTED_UNKNOWN
1998,New_Images,005561.jpg,005561,NONE,Unmasked,UNRECOGNIZED,0.277,0.35,TN,CORRECTLY_REJECTED_UNKNOWN
1999,New_Images,007030.jpg,007030,NONE,Unmasked,UNRECOGNIZED,0.2107,0.35,TN,CORRECTLY_REJECTED_UNKNOWN
2000,New_Images,006438.jpg,006438,NONE,Unmasked,UNRECOGNIZED,0.2602,0.35,TN,CORRECTLY_REJECTED_UNKNOWN
2001,New_Images,007936.jpg,007936,NONE,Unmasked,UNRECOGNIZED,0.2105,0.35,TN,CORRECTLY_REJECTED_UNKNOWN
2002,Masked Images,000281__CLT__masked.jpg,000281,CLT,Cloth Mask,000281,0.8843,0.35,TP,CORRECT_MATCH
2003,New_Images,005520.jpg,005520,NONE,Unmasked,UNRECOGNIZED,0.2687,0.35,TN,CORRECTLY_REJECTED_UNKNOWN
2004,New_Images,007959.jpg,007959,NONE,Unmasked,UNRECOGNIZED,0.2114,0.35,TN,CORRECTLY_REJECTED_UNKNOWN
2005,New_Images,006230.jpg,006230,NONE,Unmasked,UNRECOGNIZED,0.2668,0.35,TN,CORRECTLY_REJECTED_UNKNOWN
2006,New_Images,008446.jpg,008446,NONE,Unmasked,UNRECOGNIZED,0.2789,0.35,TN,CORRECTLY_REJECTED_UNKNOWN
2007,Masked Images,000427__GAS__masked.jpg,000427,GAS,Gas Mask,000427,0.8881,0.35,TP,CORRECT_MATCH
2008,New_Images,006299.jpg,006299,NONE,Unmasked,UNRECOGNIZED,0.27,0.35,TN,CORRECTLY_REJECTED_UNKNOWN
2009,Masked Images,000048__GAS__masked.jpg,000048,GAS,Gas Mask,NO_FACE_DETECTED,0.0,0.35,FN,No Face Detected by SCRFD
2010,New_Images,007191.jpg,007191,NONE,Unmasked,UNRECOGNIZED,0.251,0.35,TN,CORRECTLY_REJECTED_UNKNOWN
2011,New_Images,005527.jpg,005527,NONE,Unmasked,UNRECOGNIZED,0.2503,0.35,TN,CORRECTLY_REJECTED_UNKNOWN
2012,New_Images,005741.jpg,005741,NONE,Unmasked,NO_FACE_DETECTED,0.0,0.35,TN,No Face Detected by SCRFD
2013,Masked Images,000555__SUR__masked.jpg,000555,SUR,Surgical Mask,000555,0.9215,0.35,TP,CORRECT_MATCH
2014,New_Images,005063.jpg,005063,NONE,Unmasked,NO_FACE_DETECTED,0.0,0.35,TN,No Face Detected by SCRFD
2015,New_Images,008527.jpg,008527,NONE,Unmasked,UNRECOGNIZED,0.2254,0.35,TN,CORRECTLY_REJECTED_UNKNOWN
2016,New_Images,008464.jpg,008464,NONE,Unmasked,UNRECOGNIZED,0.2443,0.35,TN,CORRECTLY_REJECTED_UNKNOWN
2017,New_Images,005183.jpg,005183,NONE,Unmasked,UNRECOGNIZED,0.2702,0.35,TN,CORRECTLY_REJECTED_UNKNOWN
2018,New_Images,009023.jpg,009023,NONE,Unmasked,NO_FACE_DETECTED,0.0,0.35,TN,No Face Detected by SCRFD
2019,New_Images,008707.jpg,008707,NONE,Unmasked,NO_FACE_DETECTED,0.0,0.35,TN,No Face Detected by SCRFD
2020,New_Images,007560.jpg,007560,NONE,Unmasked,NO_FACE_DETECTED,0.0,0.35,TN,No Face Detected by SCRFD
2021,New_Images,007165.jpg,007165,NONE,Unmasked,UNRECOGNIZED,0.261,0.35,TN,CORRECTLY_REJECTED_UNKNOWN
2022,Masked Images,000852__SUR__masked.jpg,000852,SUR,Surgical Mask,000852,0.8931,0.35,TP,CORRECT_MATCH
2023,New_Images,006157.jpg,006157,NONE,Unmasked,NO_FACE_DETECTED,0.0,0.35,TN,No Face Detected by SCRFD
2024,Masked Images,000428__SUR__masked.jpg,000428,SUR,Surgical Mask,000428,0.9242,0.35,TP,CORRECT_MATCH
2025,New_Images,009297.jpg,009297,NONE,Unmasked,UNRECOGNIZED,0.2094,0.35,TN,CORRECTLY_REJECTED_UNKNOWN
2026,Masked Images,000480__SUR__masked.jpg,000480,SUR,Surgical Mask,000480,0.8611,0.35,TP,CORRECT_MATCH
2027,New_Images,005875.jpg,005875,NONE,Unmasked,UNRECOGNIZED,0.2617,0.35,TN,CORRECTLY_REJECTED_UNKNOWN
2028,New_Images,007923.jpg,007923,NONE,Unmasked,NO_FACE_DETECTED,0.0,0.35,TN,No Face Detected by SCRFD
2029,New_Images,005563.jpg,005563,NONE,Unmasked,NO_FACE_DETECTED,0.0,0.35,TN,No Face Detected by SCRFD
2030,New_Images,009107.jpg,009107,NONE,Unmasked,UNRECOGNIZED,0.2616,0.35,TN,CORRECTLY_REJECTED_UNKNOWN
2031,Masked Images,000027__GAS__masked.jpg,000027,GAS,Gas Mask,000027,0.8796,0.35,TP,CORRECT_MATCH
2032,Masked Images,000266__CLT__masked.jpg,000266,CLT,Cloth Mask,000266,0.8439,0.35,TP,CORRECT_MATCH
2033,Masked Images,000305__N95__masked.jpg,000305,N95,N95 Mask,000305,0.9356,0.35,TP,CORRECT_MATCH
2034,New_Images,008945.jpg,008945,NONE,Unmasked,NO_FACE_DETECTED,0.0,0.35,TN,No Face Detected by SCRFD
2035,New_Images,005509.jpg,005509,NONE,Unmasked,UNRECOGNIZED,0.2434,0.35,TN,CORRECTLY_REJECTED_UNKNOWN
2036,Masked Images,000225__CLT__masked.jpg,000225,CLT,Cloth Mask,000225,0.9019,0.35,TP,CORRECT_MATCH
2037,Masked Images,000981__N95__masked.jpg,000981,N95,N95 Mask,000981,0.8755,0.35,TP,CORRECT_MATCH
2038,New_Images,009168.jpg,009168,NONE,Unmasked,UNRECOGNIZED,0.2232,0.35,TN,CORRECTLY_REJECTED_UNKNOWN
2039,Masked Images,000536__N95__masked.jpg,000536,N95,N95 Mask,000536,0.9026,0.35,TP,CORRECT_MATCH
2040,New_Images,008053.jpg,008053,NONE,Unmasked,UNRECOGNIZED,0.2461,0.35,TN,CORRECTLY_REJECTED_UNKNOWN
2041,New_Images,007876.jpg,007876,NONE,Unmasked,UNRECOGNIZED,0.2329,0.35,TN,CORRECTLY_REJECTED_UNKNOWN
2042,New_Images,005001.jpg,005001,NONE,Unmasked,UNRECOGNIZED,0.2763,0.35,TN,CORRECTLY_REJECTED_UNKNOWN
2043,New_Images,008104.jpg,008104,NONE,Unmasked,UNRECOGNIZED,0.2313,0.35,TN,CORRECTLY_REJECTED_UNKNOWN
2044,New_Images,009093.jpg,009093,NONE,Unmasked,NO_FACE_DETECTED,0.0,0.35,TN,No Face Detected by SCRFD
2045,New_Images,007277.jpg,007277,NONE,Unmasked,UNRECOGNIZED,0.2056,0.35,TN,CORRECTLY_REJECTED_UNKNOWN
2046,New_Images,006709.jpg,006709,NONE,Unmasked,UNRECOGNIZED,0.241,0.35,TN,CORRECTLY_REJECTED_UNKNOWN
2047,New_Images,008199.jpg,008199,NONE,Unmasked,UNRECOGNIZED,0.2468,0.35,TN,CORRECTLY_REJECTED_UNKNOWN
2048,New_Images,009620.jpg,009620,NONE,Unmasked,NO_FACE_DETECTED,0.0,0.35,TN,No Face Detected by SCRFD
2049,New_Images,008285.jpg,008285,NONE,Unmasked,UNRECOGNIZED,0.3185,0.35,TN,CORRECTLY_REJECTED_UNKNOWN
2050,New_Images,007971.jpg,007971,NONE,Unmasked,NO_FACE_DETECTED,0.0,0.35,TN,No Face Detected by SCRFD
2051,New_Images,009077.jpg,009077,NONE,Unmasked,NO_FACE_DETECTED,0.0,0.35,TN,No Face Detected by SCRFD
2052,New_Images,009331.jpg,009331,NONE,Unmasked,UNRECOGNIZED,0.2499,0.35,TN,CORRECTLY_REJECTED_UNKNOWN
2053,New_Images,006920.jpg,006920,NONE,Unmasked,UNRECOGNIZED,0.246,0.35,TN,CORRECTLY_REJECTED_UNKNOWN
2054,New_Images,006733.jpg,006733,NONE,Unmasked,NO_FACE_DETECTED,0.0,0.35,TN,No Face Detected by SCRFD
2055,New_Images,006195.jpg,006195,NONE,Unmasked,NO_FACE_DETECTED,0.0,0.35,TN,No Face Detected by SCRFD
2056,New_Images,008125.jpg,008125,NONE,Unmasked,UNRECOGNIZED,0.2547,0.35,TN,CORRECTLY_REJECTED_UNKNOWN
2057,New_Images,005205.jpg,005205,NONE,Unmasked,NO_FACE_DETECTED,0.0,0.35,TN,No Face Detected by SCRFD
2058,Masked Images,000914__SUR__masked.jpg,000914,SUR,Surgical Mask,000914,0.9253,0.35,TP,CORRECT_MATCH
2059,Masked Images,000179__SUR__masked.jpg,000179,SUR,Surgical Mask,000179,0.9295,0.35,TP,CORRECT_MATCH
2060,New_Images,008574.jpg,008574,NONE,Unmasked,UNRECOGNIZED,0.244,0.35,TN,CORRECTLY_REJECTED_UNKNOWN
2061,New_Images,007689.jpg,007689,NONE,Unmasked,UNRECOGNIZED,0.2726,0.35,TN,CORRECTLY_REJECTED_UNKNOWN
2062,Masked Images,000391__SUR__masked.jpg,000391,SUR,Surgical Mask,000391,0.9075,0.35,TP,CORRECT_MATCH
2063,New_Images,008284.jpg,008284,NONE,Unmasked,UNRECOGNIZED,0.2775,0.35,TN,CORRECTLY_REJECTED_UNKNOWN
2064,New_Images,009265.jpg,009265,NONE,Unmasked,NO_FACE_DETECTED,0.0,0.35,TN,No Face Detected by SCRFD
2065,New_Images,005760.jpg,005760,NONE,Unmasked,UNRECOGNIZED,0.2807,0.35,TN,CORRECTLY_REJECTED_UNKNOWN
2066,New_Images,007368.jpg,007368,NONE,Unmasked,UNRECOGNIZED,0.2574,0.35,TN,CORRECTLY_REJECTED_UNKNOWN
2067,New_Images,008503.jpg,008503,NONE,Unmasked,NO_FACE_DETECTED,0.0,0.35,TN,No Face Detected by SCRFD
2068,Masked Images,000883__SUR__masked.jpg,000883,SUR,Surgical Mask,000883,0.8942,0.35,TP,CORRECT_MATCH
2069,New_Images,006239.jpg,006239,NONE,Unmasked,UNRECOGNIZED,0.2367,0.35,TN,CORRECTLY_REJECTED_UNKNOWN
2070,Masked Images,000519__GAS__masked.jpg,000519,GAS,Gas Mask,000519,0.9127,0.35,TP,CORRECT_MATCH
2071,New_Images,005528.jpg,005528,NONE,Unmasked,UNRECOGNIZED,0.265,0.35,TN,CORRECTLY_REJECTED_UNKNOWN
2072,New_Images,007001.jpg,007001,NONE,Unmasked,UNRECOGNIZED,0.2733,0.35,TN,CORRECTLY_REJECTED_UNKNOWN
2073,New_Images,006831.jpg,006831,NONE,Unmasked,UNRECOGNIZED,0.255,0.35,TN,CORRECTLY_REJECTED_UNKNOWN
2074,New_Images,006410.jpg,006410,NONE,Unmasked,004533,0.3765,0.35,FP,MISIDENTIFIED_AS_004533
2075,New_Images,006429.jpg,006429,NONE,Unmasked,UNRECOGNIZED,0.2538,0.35,TN,CORRECTLY_REJECTED_UNKNOWN
2076,Masked Images,000457__K95__masked.jpg,000457,K95,KN95 Mask,000457,0.9007,0.35,TP,CORRECT_MATCH
2077,New_Images,007475.jpg,007475,NONE,Unmasked,UNRECOGNIZED,0.2463,0.35,TN,CORRECTLY_REJECTED_UNKNOWN
2078,New_Images,008795.jpg,008795,NONE,Unmasked,NO_FACE_DETECTED,0.0,0.35,TN,No Face Detected by SCRFD
2079,New_Images,006545.jpg,006545,NONE,Unmasked,NO_FACE_DETECTED,0.0,0.35,TN,No Face Detected by SCRFD
2080,Masked Images,000862__SUR__masked.jpg,000862,SUR,Surgical Mask,000862,0.8945,0.35,TP,CORRECT_MATCH
2081,Masked Images,000324__SUR__masked.jpg,000324,SUR,Surgical Mask,000324,0.9211,0.35,TP,CORRECT_MATCH
2082,Masked Images,000991__N95__masked.jpg,000991,N95,N95 Mask,000991,0.7207,0.35,TP,CORRECT_MATCH
2083,Masked Images,001153__CLT__masked.jpg,001153,CLT,Cloth Mask,001153,0.9214,0.35,TP,CORRECT_MATCH
2084,New_Images,005717.jpg,005717,NONE,Unmasked,NO_FACE_DETECTED,0.0,0.35,TN,No Face Detected by SCRFD
2085,New_Images,005165.jpg,005165,NONE,Unmasked,UNRECOGNIZED,0.3381,0.35,TN,CORRECTLY_REJECTED_UNKNOWN
2086,New_Images,009596.jpg,009596,NONE,Unmasked,UNRECOGNIZED,0.3475,0.35,TN,CORRECTLY_REJECTED_UNKNOWN
2087,New_Images,007218.jpg,007218,NONE,Unmasked,UNRECOGNIZED,0.2778,0.35,TN,CORRECTLY_REJECTED_UNKNOWN
2088,New_Images,005153.jpg,005153,NONE,Unmasked,UNRECOGNIZED,0.2318,0.35,TN,CORRECTLY_REJECTED_UNKNOWN
2089,Masked Images,001107__GAS__masked.jpg,001107,GAS,Gas Mask,001107,0.8281,0.35,TP,CORRECT_MATCH
2090,New_Images,005995.jpg,005995,NONE,Unmasked,UNRECOGNIZED,0.3342,0.35,TN,CORRECTLY_REJECTED_UNKNOWN
2091,New_Images,008508.jpg,008508,NONE,Unmasked,UNRECOGNIZED,0.2516,0.35,TN,CORRECTLY_REJECTED_UNKNOWN
2092,New_Images,007836.jpg,007836,NONE,Unmasked,NO_FACE_DETECTED,0.0,0.35,TN,No Face Detected by SCRFD
2093,New_Images,007790.jpg,007790,NONE,Unmasked,UNRECOGNIZED,0.2627,0.35,TN,CORRECTLY_REJECTED_UNKNOWN
2094,New_Images,009330.jpg,009330,NONE,Unmasked,NO_FACE_DETECTED,0.0,0.35,TN,No Face Detected by SCRFD
2095,Masked Images,000325__N95__masked.jpg,000325,N95,N95 Mask,000325,0.8709,0.35,TP,CORRECT_MATCH
2096,New_Images,005478.jpg,005478,NONE,Unmasked,UNRECOGNIZED,0.2432,0.35,TN,CORRECTLY_REJECTED_UNKNOWN
2097,New_Images,008856.jpg,008856,NONE,Unmasked,UNRECOGNIZED,0.2776,0.35,TN,CORRECTLY_REJECTED_UNKNOWN
2098,New_Images,006849.jpg,006849,NONE,Unmasked,UNRECOGNIZED,0.2155,0.35,TN,CORRECTLY_REJECTED_UNKNOWN
2099,New_Images,007964.jpg,007964,NONE,Unmasked,UNRECOGNIZED,0.2901,0.35,TN,CORRECTLY_REJECTED_UNKNOWN
2100,New_Images,006376.jpg,006376,NONE,Unmasked,UNRECOGNIZED,0.2089,0.35,TN,CORRECTLY_REJECTED_UNKNOWN
2101,New_Images,006468.jpg,006468,NONE,Unmasked,NO_FACE_DETECTED,0.0,0.35,TN,No Face Detected by SCRFD
2102,New_Images,005388.jpg,005388,NONE,Unmasked,NO_FACE_DETECTED,0.0,0.35,TN,No Face Detected by SCRFD
2103,New_Images,008500.jpg,008500,NONE,Unmasked,UNRECOGNIZED,0.2115,0.35,TN,CORRECTLY_REJECTED_UNKNOWN
2104,Masked Images,000983__CLT__masked.jpg,000983,CLT,Cloth Mask,NO_FACE_DETECTED,0.0,0.35,FN,No Face Detected by SCRFD
2105,New_Images,008402.jpg,008402,NONE,Unmasked,UNRECOGNIZED,0.2437,0.35,TN,CORRECTLY_REJECTED_UNKNOWN
2106,New_Images,007591.jpg,007591,NONE,Unmasked,UNRECOGNIZED,0.2736,0.35,TN,CORRECTLY_REJECTED_UNKNOWN
2107,New_Images,005009.jpg,005009,NONE,Unmasked,NO_FACE_DETECTED,0.0,0.35,TN,No Face Detected by SCRFD
2108,New_Images,008728.jpg,008728,NONE,Unmasked,UNRECOGNIZED,0.216,0.35,TN,CORRECTLY_REJECTED_UNKNOWN
2109,New_Images,007545.jpg,007545,NONE,Unmasked,UNRECOGNIZED,0.2839,0.35,TN,CORRECTLY_REJECTED_UNKNOWN
2110,New_Images,005878.jpg,005878,NONE,Unmasked,UNRECOGNIZED,0.2408,0.35,TN,CORRECTLY_REJECTED_UNKNOWN
2111,New_Images,005582.jpg,005582,NONE,Unmasked,UNRECOGNIZED,0.2617,0.35,TN,CORRECTLY_REJECTED_UNKNOWN
2112,Masked Images,001010__SUR__masked.jpg,001010,SUR,Surgical Mask,001010,0.8827,0.35,TP,CORRECT_MATCH
2113,New_Images,008012.jpg,008012,NONE,Unmasked,UNRECOGNIZED,0.2186,0.35,TN,CORRECTLY_REJECTED_UNKNOWN
2114,Masked Images,000449__SUR__masked.jpg,000449,SUR,Surgical Mask,000449,0.9219,0.35,TP,CORRECT_MATCH
2115,New_Images,005122.jpg,005122,NONE,Unmasked,NO_FACE_DETECTED,0.0,0.35,TN,No Face Detected by SCRFD
2116,New_Images,006904.jpg,006904,NONE,Unmasked,UNRECOGNIZED,0.2482,0.35,TN,CORRECTLY_REJECTED_UNKNOWN
2117,Masked Images,000008__SUR__masked.jpg,000008,SUR,Surgical Mask,000008,0.9268,0.35,TP,CORRECT_MATCH
2118,New_Images,008628.jpg,008628,NONE,Unmasked,001733,0.3537,0.35,FP,MISIDENTIFIED_AS_001733
2119,New_Images,007096.jpg,007096,NONE,Unmasked,NO_FACE_DETECTED,0.0,0.35,TN,No Face Detected by SCRFD
2120,New_Images,008604.jpg,008604,NONE,Unmasked,UNRECOGNIZED,0.2162,0.35,TN,CORRECTLY_REJECTED_UNKNOWN
2121,Masked Images,000989__GAS__masked.jpg,000989,GAS,Gas Mask,000989,0.8658,0.35,TP,CORRECT_MATCH
2122,Masked Images,000102__K95__masked.jpg,000102,K95,KN95 Mask,000102,0.7903,0.35,TP,CORRECT_MATCH
2123,New_Images,005542.jpg,005542,NONE,Unmasked,NO_FACE_DETECTED,0.0,0.35,TN,No Face Detected by SCRFD
2124,New_Images,009374.jpg,009374,NONE,Unmasked,UNRECOGNIZED,0.2436,0.35,TN,CORRECTLY_REJECTED_UNKNOWN
2125,New_Images,008448.jpg,008448,NONE,Unmasked,NO_FACE_DETECTED,0.0,0.35,TN,No Face Detected by SCRFD
2126,Masked Images,001040__GAS__masked.jpg,001040,GAS,Gas Mask,001040,0.9075,0.35,TP,CORRECT_MATCH
2127,New_Images,008383.jpg,008383,NONE,Unmasked,NO_FACE_DETECTED,0.0,0.35,TN,No Face Detected by SCRFD
2128,New_Images,009514.jpg,009514,NONE,Unmasked,NO_FACE_DETECTED,0.0,0.35,TN,No Face Detected by SCRFD
2129,New_Images,007385.jpg,007385,NONE,Unmasked,NO_FACE_DETECTED,0.0,0.35,TN,No Face Detected by SCRFD
2130,New_Images,005763.jpg,005763,NONE,Unmasked,UNRECOGNIZED,0.2448,0.35,TN,CORRECTLY_REJECTED_UNKNOWN
2131,New_Images,008469.jpg,008469,NONE,Unmasked,NO_FACE_DETECTED,0.0,0.35,TN,No Face Detected by SCRFD
2132,New_Images,005107.jpg,005107,NONE,Unmasked,UNRECOGNIZED,0.2454,0.35,TN,CORRECTLY_REJECTED_UNKNOWN
2133,New_Images,005057.jpg,005057,NONE,Unmasked,UNRECOGNIZED,0.2814,0.35,TN,CORRECTLY_REJECTED_UNKNOWN
2134,Masked Images,000853__N95__masked.jpg,000853,N95,N95 Mask,000853,0.8933,0.35,TP,CORRECT_MATCH
2135,New_Images,007902.jpg,007902,NONE,Unmasked,UNRECOGNIZED,0.2526,0.35,TN,CORRECTLY_REJECTED_UNKNOWN
2136,Masked Images,000035__K95__masked.jpg,000035,K95,KN95 Mask,000035,0.9476,0.35,TP,CORRECT_MATCH
2137,New_Images,005733.jpg,005733,NONE,Unmasked,NO_FACE_DETECTED,0.0,0.35,TN,No Face Detected by SCRFD
2138,New_Images,007888.jpg,007888,NONE,Unmasked,UNRECOGNIZED,0.2425,0.35,TN,CORRECTLY_REJECTED_UNKNOWN
2139,New_Images,006243.jpg,006243,NONE,Unmasked,UNRECOGNIZED,0.2842,0.35,TN,CORRECTLY_REJECTED_UNKNOWN
2140,New_Images,005135.jpg,005135,NONE,Unmasked,UNRECOGNIZED,0.2757,0.35,TN,CORRECTLY_REJECTED_UNKNOWN
2141,New_Images,005019.jpg,005019,NONE,Unmasked,UNRECOGNIZED,0.2564,0.35,TN,CORRECTLY_REJECTED_UNKNOWN
2142,New_Images,009613.jpg,009613,NONE,Unmasked,NO_FACE_DETECTED,0.0,0.35,TN,No Face Detected by SCRFD
2143,New_Images,007024.jpg,007024,NONE,Unmasked,NO_FACE_DETECTED,0.0,0.35,TN,No Face Detected by SCRFD
2144,New_Images,005505.jpg,005505,NONE,Unmasked,NO_FACE_DETECTED,0.0,0.35,TN,No Face Detected by SCRFD
2145,New_Images,006995.jpg,006995,NONE,Unmasked,UNRECOGNIZED,0.2313,0.35,TN,CORRECTLY_REJECTED_UNKNOWN
2146,New_Images,005975.jpg,005975,NONE,Unmasked,NO_FACE_DETECTED,0.0,0.35,TN,No Face Detected by SCRFD
2147,Masked Images,000948__GAS__masked.jpg,000948,GAS,Gas Mask,000948,0.9183,0.35,TP,CORRECT_MATCH
2148,New_Images,006682.jpg,006682,NONE,Unmasked,UNRECOGNIZED,0.2843,0.35,TN,CORRECTLY_REJECTED_UNKNOWN
2149,New_Images,009542.jpg,009542,NONE,Unmasked,NO_FACE_DETECTED,0.0,0.35,TN,No Face Detected by SCRFD
2150,New_Images,005919.jpg,005919,NONE,Unmasked,NO_FACE_DETECTED,0.0,0.35,TN,No Face Detected by SCRFD
2151,New_Images,008689.jpg,008689,NONE,Unmasked,UNRECOGNIZED,0.2538,0.35,TN,CORRECTLY_REJECTED_UNKNOWN
2152,New_Images,005390.jpg,005390,NONE,Unmasked,UNRECOGNIZED,0.2748,0.35,TN,CORRECTLY_REJECTED_UNKNOWN
2153,New_Images,008081.jpg,008081,NONE,Unmasked,NO_FACE_DETECTED,0.0,0.35,TN,No Face Detected by SCRFD
2154,New_Images,008848.jpg,008848,NONE,Unmasked,UNRECOGNIZED,0.2352,0.35,TN,CORRECTLY_REJECTED_UNKNOWN
2155,New_Images,009496.jpg,009496,NONE,Unmasked,UNRECOGNIZED,0.2578,0.35,TN,CORRECTLY_REJECTED_UNKNOWN
2156,New_Images,005567.jpg,005567,NONE,Unmasked,UNRECOGNIZED,0.2409,0.35,TN,CORRECTLY_REJECTED_UNKNOWN
2157,New_Images,008953.jpg,008953,NONE,Unmasked,UNRECOGNIZED,0.2864,0.35,TN,CORRECTLY_REJECTED_UNKNOWN
2158,New_Images,005181.jpg,005181,NONE,Unmasked,UNRECOGNIZED,0.2407,0.35,TN,CORRECTLY_REJECTED_UNKNOWN
2159,Masked Images,000954__GAS__masked.jpg,000954,GAS,Gas Mask,000954,0.9406,0.35,TP,CORRECT_MATCH
2160,New_Images,006969.jpg,006969,NONE,Unmasked,UNRECOGNIZED,0.3203,0.35,TN,CORRECTLY_REJECTED_UNKNOWN
2161,Masked Images,000155__GAS__masked.jpg,000155,GAS,Gas Mask,000155,0.8883,0.35,TP,CORRECT_MATCH
2162,Masked Images,000764__CLT__masked.jpg,000764,CLT,Cloth Mask,000764,0.8826,0.35,TP,CORRECT_MATCH
2163,New_Images,008741.jpg,008741,NONE,Unmasked,NO_FACE_DETECTED,0.0,0.35,TN,No Face Detected by SCRFD
2164,New_Images,007758.jpg,007758,NONE,Unmasked,UNRECOGNIZED,0.2545,0.35,TN,CORRECTLY_REJECTED_UNKNOWN
2165,New_Images,005353.jpg,005353,NONE,Unmasked,UNRECOGNIZED,0.2502,0.35,TN,CORRECTLY_REJECTED_UNKNOWN
2166,New_Images,005795.jpg,005795,NONE,Unmasked,NO_FACE_DETECTED,0.0,0.35,TN,No Face Detected by SCRFD
2167,New_Images,006532.jpg,006532,NONE,Unmasked,UNRECOGNIZED,0.2911,0.35,TN,CORRECTLY_REJECTED_UNKNOWN
2168,New_Images,006078.jpg,006078,NONE,Unmasked,UNRECOGNIZED,0.1985,0.35,TN,CORRECTLY_REJECTED_UNKNOWN
2169,New_Images,006762.jpg,006762,NONE,Unmasked,UNRECOGNIZED,0.2539,0.35,TN,CORRECTLY_REJECTED_UNKNOWN
2170,Masked Images,000194__SUR__masked.jpg,000194,SUR,Surgical Mask,000194,0.9159,0.35,TP,CORRECT_MATCH
2171,New_Images,006242.jpg,006242,NONE,Unmasked,UNRECOGNIZED,0.2647,0.35,TN,CORRECTLY_REJECTED_UNKNOWN
2172,New_Images,005947.jpg,005947,NONE,Unmasked,UNRECOGNIZED,0.2805,0.35,TN,CORRECTLY_REJECTED_UNKNOWN
2173,Masked Images,000970__SUR__masked.jpg,000970,SUR,Surgical Mask,000970,0.8966,0.35,TP,CORRECT_MATCH
2174,Masked Images,000497__K95__masked.jpg,000497,K95,KN95 Mask,000497,0.9178,0.35,TP,CORRECT_MATCH
2175,New_Images,009512.jpg,009512,NONE,Unmasked,UNRECOGNIZED,0.2896,0.35,TN,CORRECTLY_REJECTED_UNKNOWN
2176,New_Images,006885.jpg,006885,NONE,Unmasked,UNRECOGNIZED,0.2486,0.35,TN,CORRECTLY_REJECTED_UNKNOWN
2177,New_Images,008164.jpg,008164,NONE,Unmasked,UNRECOGNIZED,0.242,0.35,TN,CORRECTLY_REJECTED_UNKNOWN
2178,New_Images,005369.jpg,005369,NONE,Unmasked,UNRECOGNIZED,0.244,0.35,TN,CORRECTLY_REJECTED_UNKNOWN
2179,New_Images,006086.jpg,006086,NONE,Unmasked,NO_FACE_DETECTED,0.0,0.35,TN,No Face Detected by SCRFD
2180,New_Images,006125.jpg,006125,NONE,Unmasked,UNRECOGNIZED,0.2772,0.35,TN,CORRECTLY_REJECTED_UNKNOWN
2181,New_Images,007052.jpg,007052,NONE,Unmasked,UNRECOGNIZED,0.2194,0.35,TN,CORRECTLY_REJECTED_UNKNOWN
2182,New_Images,008522.jpg,008522,NONE,Unmasked,NO_FACE_DETECTED,0.0,0.35,TN,No Face Detected by SCRFD
2183,New_Images,009250.jpg,009250,NONE,Unmasked,UNRECOGNIZED,0.2801,0.35,TN,CORRECTLY_REJECTED_UNKNOWN
2184,New_Images,009170.jpg,009170,NONE,Unmasked,UNRECOGNIZED,0.2604,0.35,TN,CORRECTLY_REJECTED_UNKNOWN
2185,New_Images,007831.jpg,007831,NONE,Unmasked,UNRECOGNIZED,0.2633,0.35,TN,CORRECTLY_REJECTED_UNKNOWN
2186,New_Images,008451.jpg,008451,NONE,Unmasked,NO_FACE_DETECTED,0.0,0.35,TN,No Face Detected by SCRFD
2187,Masked Images,001116__K95__masked.jpg,001116,K95,KN95 Mask,001116,0.8922,0.35,TP,CORRECT_MATCH
2188,New_Images,007027.jpg,007027,NONE,Unmasked,UNRECOGNIZED,0.2192,0.35,TN,CORRECTLY_REJECTED_UNKNOWN
2189,New_Images,009221.jpg,009221,NONE,Unmasked,UNRECOGNIZED,0.3007,0.35,TN,CORRECTLY_REJECTED_UNKNOWN
2190,Masked Images,001155__GAS__masked.jpg,001155,GAS,Gas Mask,001155,0.9038,0.35,TP,CORRECT_MATCH
2191,New_Images,009068.jpg,009068,NONE,Unmasked,UNRECOGNIZED,0.2365,0.35,TN,CORRECTLY_REJECTED_UNKNOWN
2192,New_Images,007185.jpg,007185,NONE,Unmasked,UNRECOGNIZED,0.2319,0.35,TN,CORRECTLY_REJECTED_UNKNOWN
2193,New_Images,009347.jpg,009347,NONE,Unmasked,UNRECOGNIZED,0.2368,0.35,TN,CORRECTLY_REJECTED_UNKNOWN
2194,Masked Images,000508__CLT__masked.jpg,000508,CLT,Cloth Mask,000508,0.8261,0.35,TP,CORRECT_MATCH
2195,New_Images,007354.jpg,007354,NONE,Unmasked,NO_FACE_DETECTED,0.0,0.35,TN,No Face Detected by SCRFD
2196,New_Images,006265.jpg,006265,NONE,Unmasked,UNRECOGNIZED,0.3217,0.35,TN,CORRECTLY_REJECTED_UNKNOWN
2197,New_Images,006202.jpg,006202,NONE,Unmasked,UNRECOGNIZED,0.2289,0.35,TN,CORRECTLY_REJECTED_UNKNOWN
2198,New_Images,006353.jpg,006353,NONE,Unmasked,UNRECOGNIZED,0.2091,0.35,TN,CORRECTLY_REJECTED_UNKNOWN
2199,Masked Images,001099__N95__masked.jpg,001099,N95,N95 Mask,001099,0.8447,0.35,TP,CORRECT_MATCH
2200,New_Images,005981.jpg,005981,NONE,Unmasked,NO_FACE_DETECTED,0.0,0.35,TN,No Face Detected by SCRFD
2201,New_Images,006005.jpg,006005,NONE,Unmasked,NO_FACE_DETECTED,0.0,0.35,TN,No Face Detected by SCRFD
2202,New_Images,005283.jpg,005283,NONE,Unmasked,NO_FACE_DETECTED,0.0,0.35,TN,No Face Detected by SCRFD
2203,New_Images,008766.jpg,008766,NONE,Unmasked,NO_FACE_DETECTED,0.0,0.35,TN,No Face Detected by SCRFD
2204,New_Images,009294.jpg,009294,NONE,Unmasked,UNRECOGNIZED,0.192,0.35,TN,CORRECTLY_REJECTED_UNKNOWN
2205,New_Images,009166.jpg,009166,NONE,Unmasked,UNRECOGNIZED,0.3159,0.35,TN,CORRECTLY_REJECTED_UNKNOWN
2206,New_Images,009510.jpg,009510,NONE,Unmasked,NO_FACE_DETECTED,0.0,0.35,TN,No Face Detected by SCRFD
2207,Masked Images,000055__N95__masked.jpg,000055,N95,N95 Mask,000055,0.8868,0.35,TP,CORRECT_MATCH
2208,Masked Images,000514__GAS__masked.jpg,000514,GAS,Gas Mask,000514,0.8864,0.35,TP,CORRECT_MATCH
2209,Masked Images,000750__GAS__masked.jpg,000750,GAS,Gas Mask,000750,0.8728,0.35,TP,CORRECT_MATCH
2210,New_Images,007658.jpg,007658,NONE,Unmasked,NO_FACE_DETECTED,0.0,0.35,TN,No Face Detected by SCRFD
2211,Masked Images,000243__SUR__masked.jpg,000243,SUR,Surgical Mask,000243,0.893,0.35,TP,CORRECT_MATCH
2212,New_Images,007762.jpg,007762,NONE,Unmasked,UNRECOGNIZED,0.2302,0.35,TN,CORRECTLY_REJECTED_UNKNOWN
2213,New_Images,007954.jpg,007954,NONE,Unmasked,NO_FACE_DETECTED,0.0,0.35,TN,No Face Detected by SCRFD
2214,New_Images,008833.jpg,008833,NONE,Unmasked,NO_FACE_DETECTED,0.0,0.35,TN,No Face Detected by SCRFD
2215,New_Images,007660.jpg,007660,NONE,Unmasked,NO_FACE_DETECTED,0.0,0.35,TN,No Face Detected by SCRFD
2216,New_Images,008282.jpg,008282,NONE,Unmasked,UNRECOGNIZED,0.2576,0.35,TN,CORRECTLY_REJECTED_UNKNOWN
2217,New_Images,008259.jpg,008259,NONE,Unmasked,UNRECOGNIZED,0.2426,0.35,TN,CORRECTLY_REJECTED_UNKNOWN
2218,New_Images,007788.jpg,007788,NONE,Unmasked,NO_FACE_DETECTED,0.0,0.35,TN,No Face Detected by SCRFD
2219,New_Images,009614.jpg,009614,NONE,Unmasked,NO_FACE_DETECTED,0.0,0.35,TN,No Face Detected by SCRFD
2220,New_Images,007864.jpg,007864,NONE,Unmasked,UNRECOGNIZED,0.2533,0.35,TN,CORRECTLY_REJECTED_UNKNOWN
2221,Masked Images,000288__SUR__masked.jpg,000288,SUR,Surgical Mask,000288,0.8979,0.35,TP,CORRECT_MATCH
2222,New_Images,005463.jpg,005463,NONE,Unmasked,UNRECOGNIZED,0.2436,0.35,TN,CORRECTLY_REJECTED_UNKNOWN
2223,New_Images,009543.jpg,009543,NONE,Unmasked,UNRECOGNIZED,0.2595,0.35,TN,CORRECTLY_REJECTED_UNKNOWN
2224,New_Images,006096.jpg,006096,NONE,Unmasked,NO_FACE_DETECTED,0.0,0.35,TN,No Face Detected by SCRFD
2225,Masked Images,000667__N95__masked.jpg,000667,N95,N95 Mask,000667,0.8439,0.35,TP,CORRECT_MATCH
2226,New_Images,009000.jpg,009000,NONE,Unmasked,UNRECOGNIZED,0.272,0.35,TN,CORRECTLY_REJECTED_UNKNOWN
2227,New_Images,005957.jpg,005957,NONE,Unmasked,UNRECOGNIZED,0.248,0.35,TN,CORRECTLY_REJECTED_UNKNOWN
2228,New_Images,008075.jpg,008075,NONE,Unmasked,UNRECOGNIZED,0.291,0.35,TN,CORRECTLY_REJECTED_UNKNOWN
2229,New_Images,009141.jpg,009141,NONE,Unmasked,UNRECOGNIZED,0.2612,0.35,TN,CORRECTLY_REJECTED_UNKNOWN
2230,New_Images,009203.jpg,009203,NONE,Unmasked,NO_FACE_DETECTED,0.0,0.35,TN,No Face Detected by SCRFD
2231,New_Images,007979.jpg,007979,NONE,Unmasked,NO_FACE_DETECTED,0.0,0.35,TN,No Face Detected by SCRFD
2232,New_Images,008157.jpg,008157,NONE,Unmasked,NO_FACE_DETECTED,0.0,0.35,TN,No Face Detected by SCRFD
2233,New_Images,006322.jpg,006322,NONE,Unmasked,UNRECOGNIZED,0.258,0.35,TN,CORRECTLY_REJECTED_UNKNOWN
2234,New_Images,006060.jpg,006060,NONE,Unmasked,NO_FACE_DETECTED,0.0,0.35,TN,No Face Detected by SCRFD
2235,New_Images,009024.jpg,009024,NONE,Unmasked,UNRECOGNIZED,0.276,0.35,TN,CORRECTLY_REJECTED_UNKNOWN
2236,New_Images,006952.jpg,006952,NONE,Unmasked,NO_FACE_DETECTED,0.0,0.35,TN,No Face Detected by SCRFD
2237,New_Images,005597.jpg,005597,NONE,Unmasked,UNRECOGNIZED,0.2463,0.35,TN,CORRECTLY_REJECTED_UNKNOWN
2238,New_Images,008980.jpg,008980,NONE,Unmasked,UNRECOGNIZED,0.2799,0.35,TN,CORRECTLY_REJECTED_UNKNOWN
2239,New_Images,005915.jpg,005915,NONE,Unmasked,NO_FACE_DETECTED,0.0,0.35,TN,No Face Detected by SCRFD
2240,New_Images,008251.jpg,008251,NONE,Unmasked,UNRECOGNIZED,0.2291,0.35,TN,CORRECTLY_REJECTED_UNKNOWN
2241,New_Images,007892.jpg,007892,NONE,Unmasked,UNRECOGNIZED,0.2389,0.35,TN,CORRECTLY_REJECTED_UNKNOWN
2242,New_Images,007657.jpg,007657,NONE,Unmasked,UNRECOGNIZED,0.2632,0.35,TN,CORRECTLY_REJECTED_UNKNOWN
2243,New_Images,008844.jpg,008844,NONE,Unmasked,UNRECOGNIZED,0.2537,0.35,TN,CORRECTLY_REJECTED_UNKNOWN
2244,Masked Images,000177__CLT__masked.jpg,000177,CLT,Cloth Mask,000177,0.8911,0.35,TP,CORRECT_MATCH
2245,Masked Images,000917__CLT__masked.jpg,000917,CLT,Cloth Mask,000917,0.9365,0.35,TP,CORRECT_MATCH
2246,New_Images,008045.jpg,008045,NONE,Unmasked,NO_FACE_DETECTED,0.0,0.35,TN,No Face Detected by SCRFD
2247,Masked Images,000060__N95__masked.jpg,000060,N95,N95 Mask,000060,0.6221,0.35,TP,CORRECT_MATCH
2248,New_Images,008140.jpg,008140,NONE,Unmasked,UNRECOGNIZED,0.2618,0.35,TN,CORRECTLY_REJECTED_UNKNOWN
2249,New_Images,006751.jpg,006751,NONE,Unmasked,UNRECOGNIZED,0.2815,0.35,TN,CORRECTLY_REJECTED_UNKNOWN
2250,New_Images,006867.jpg,006867,NONE,Unmasked,UNRECOGNIZED,0.264,0.35,TN,CORRECTLY_REJECTED_UNKNOWN
2251,New_Images,005792.jpg,005792,NONE,Unmasked,NO_FACE_DETECTED,0.0,0.35,TN,No Face Detected by SCRFD
2252,New_Images,008786.jpg,008786,NONE,Unmasked,UNRECOGNIZED,0.261,0.35,TN,CORRECTLY_REJECTED_UNKNOWN
2253,New_Images,009550.jpg,009550,NONE,Unmasked,NO_FACE_DETECTED,0.0,0.35,TN,No Face Detected by SCRFD
2254,New_Images,005359.jpg,005359,NONE,Unmasked,UNRECOGNIZED,0.2404,0.35,TN,CORRECTLY_REJECTED_UNKNOWN
2255,New_Images,005586.jpg,005586,NONE,Unmasked,NO_FACE_DETECTED,0.0,0.35,TN,No Face Detected by SCRFD
2256,New_Images,007918.jpg,007918,NONE,Unmasked,NO_FACE_DETECTED,0.0,0.35,TN,No Face Detected by SCRFD
2257,New_Images,006210.jpg,006210,NONE,Unmasked,UNRECOGNIZED,0.2606,0.35,TN,CORRECTLY_REJECTED_UNKNOWN
2258,New_Images,005159.jpg,005159,NONE,Unmasked,UNRECOGNIZED,0.2759,0.35,TN,CORRECTLY_REJECTED_UNKNOWN
2259,New_Images,006568.jpg,006568,NONE,Unmasked,UNRECOGNIZED,0.2979,0.35,TN,CORRECTLY_REJECTED_UNKNOWN
2260,Masked Images,000053__GAS__masked.jpg,000053,GAS,Gas Mask,000053,0.7976,0.35,TP,CORRECT_MATCH
2261,New_Images,008593.jpg,008593,NONE,Unmasked,UNRECOGNIZED,0.2636,0.35,TN,CORRECTLY_REJECTED_UNKNOWN
2262,New_Images,006329.jpg,006329,NONE,Unmasked,UNRECOGNIZED,0.2235,0.35,TN,CORRECTLY_REJECTED_UNKNOWN
2263,New_Images,009355.jpg,009355,NONE,Unmasked,UNRECOGNIZED,0.2265,0.35,TN,CORRECTLY_REJECTED_UNKNOWN
2264,New_Images,006736.jpg,006736,NONE,Unmasked,NO_FACE_DETECTED,0.0,0.35,TN,No Face Detected by SCRFD
2265,New_Images,007173.jpg,007173,NONE,Unmasked,UNRECOGNIZED,0.247,0.35,TN,CORRECTLY_REJECTED_UNKNOWN
2266,New_Images,005443.jpg,005443,NONE,Unmasked,UNRECOGNIZED,0.2865,0.35,TN,CORRECTLY_REJECTED_UNKNOWN
2267,New_Images,008497.jpg,008497,NONE,Unmasked,NO_FACE_DETECTED,0.0,0.35,TN,No Face Detected by SCRFD
2268,New_Images,006845.jpg,006845,NONE,Unmasked,NO_FACE_DETECTED,0.0,0.35,TN,No Face Detected by SCRFD
2269,Masked Images,000241__CLT__masked.jpg,000241,CLT,Cloth Mask,000241,0.8932,0.35,TP,CORRECT_MATCH
2270,New_Images,009288.jpg,009288,NONE,Unmasked,NO_FACE_DETECTED,0.0,0.35,TN,No Face Detected by SCRFD
2271,New_Images,005467.jpg,005467,NONE,Unmasked,UNRECOGNIZED,0.253,0.35,TN,CORRECTLY_REJECTED_UNKNOWN
2272,New_Images,006974.jpg,006974,NONE,Unmasked,UNRECOGNIZED,0.1991,0.35,TN,CORRECTLY_REJECTED_UNKNOWN
2273,New_Images,007851.jpg,007851,NONE,Unmasked,UNRECOGNIZED,0.2754,0.35,TN,CORRECTLY_REJECTED_UNKNOWN
2274,New_Images,007730.jpg,007730,NONE,Unmasked,UNRECOGNIZED,0.265,0.35,TN,CORRECTLY_REJECTED_UNKNOWN
2275,New_Images,007059.jpg,007059,NONE,Unmasked,UNRECOGNIZED,0.2518,0.35,TN,CORRECTLY_REJECTED_UNKNOWN
2276,New_Images,009056.jpg,009056,NONE,Unmasked,UNRECOGNIZED,0.2119,0.35,TN,CORRECTLY_REJECTED_UNKNOWN
2277,New_Images,008966.jpg,008966,NONE,Unmasked,NO_FACE_DETECTED,0.0,0.35,TN,No Face Detected by SCRFD
2278,New_Images,005030.jpg,005030,NONE,Unmasked,NO_FACE_DETECTED,0.0,0.35,TN,No Face Detected by SCRFD
2279,New_Images,007357.jpg,007357,NONE,Unmasked,UNRECOGNIZED,0.2686,0.35,TN,CORRECTLY_REJECTED_UNKNOWN
2280,New_Images,006485.jpg,006485,NONE,Unmasked,UNRECOGNIZED,0.2534,0.35,TN,CORRECTLY_REJECTED_UNKNOWN
2281,Masked Images,000365__SUR__masked.jpg,000365,SUR,Surgical Mask,000365,0.8876,0.35,TP,CORRECT_MATCH
2282,Masked Images,001176__GAS__masked.jpg,001176,GAS,Gas Mask,001176,0.8395,0.35,TP,CORRECT_MATCH
2283,Masked Images,001051__GAS__masked.jpg,001051,GAS,Gas Mask,001051,0.9444,0.35,TP,CORRECT_MATCH
2284,New_Images,007408.jpg,007408,NONE,Unmasked,UNRECOGNIZED,0.247,0.35,TN,CORRECTLY_REJECTED_UNKNOWN
2285,New_Images,006348.jpg,006348,NONE,Unmasked,UNRECOGNIZED,0.2624,0.35,TN,CORRECTLY_REJECTED_UNKNOWN
2286,New_Images,007533.jpg,007533,NONE,Unmasked,UNRECOGNIZED,0.2259,0.35,TN,CORRECTLY_REJECTED_UNKNOWN
2287,New_Images,007798.jpg,007798,NONE,Unmasked,UNRECOGNIZED,0.2481,0.35,TN,CORRECTLY_REJECTED_UNKNOWN
2288,New_Images,007531.jpg,007531,NONE,Unmasked,NO_FACE_DETECTED,0.0,0.35,TN,No Face Detected by SCRFD
2289,Masked Images,000529__GAS__masked.jpg,000529,GAS,Gas Mask,000529,0.786,0.35,TP,CORRECT_MATCH
2290,New_Images,006719.jpg,006719,NONE,Unmasked,NO_FACE_DETECTED,0.0,0.35,TN,No Face Detected by SCRFD
2291,New_Images,007229.jpg,007229,NONE,Unmasked,UNRECOGNIZED,0.225,0.35,TN,CORRECTLY_REJECTED_UNKNOWN
2292,New_Images,009339.jpg,009339,NONE,Unmasked,UNRECOGNIZED,0.249,0.35,TN,CORRECTLY_REJECTED_UNKNOWN
2293,New_Images,007856.jpg,007856,NONE,Unmasked,NO_FACE_DETECTED,0.0,0.35,TN,No Face Detected by SCRFD
2294,New_Images,005675.jpg,005675,NONE,Unmasked,NO_FACE_DETECTED,0.0,0.35,TN,No Face Detected by SCRFD
2295,New_Images,005549.jpg,005549,NONE,Unmasked,UNRECOGNIZED,0.2565,0.35,TN,CORRECTLY_REJECTED_UNKNOWN
2296,New_Images,007771.jpg,007771,NONE,Unmasked,NO_FACE_DETECTED,0.0,0.35,TN,No Face Detected by SCRFD
2297,Masked Images,000906__K95__masked.jpg,000906,K95,KN95 Mask,000906,0.8871,0.35,TP,CORRECT_MATCH
2298,New_Images,008463.jpg,008463,NONE,Unmasked,NO_FACE_DETECTED,0.0,0.35,TN,No Face Detected by SCRFD
2299,New_Images,005665.jpg,005665,NONE,Unmasked,NO_FACE_DETECTED,0.0,0.35,TN,No Face Detected by SCRFD
2300,Masked Images,000703__K95__masked.jpg,000703,K95,KN95 Mask,000703,0.9024,0.35,TP,CORRECT_MATCH
2301,Masked Images,000038__GAS__masked.jpg,000038,GAS,Gas Mask,000038,0.8865,0.35,TP,CORRECT_MATCH
2302,New_Images,009266.jpg,009266,NONE,Unmasked,UNRECOGNIZED,0.2365,0.35,TN,CORRECTLY_REJECTED_UNKNOWN
2303,Masked Images,000299__SUR__masked.jpg,000299,SUR,Surgical Mask,000299,0.923,0.35,TP,CORRECT_MATCH
2304,Masked Images,000614__SUR__masked.jpg,000614,SUR,Surgical Mask,000614,0.8077,0.35,TP,CORRECT_MATCH
2305,Masked Images,000571__SUR__masked.jpg,000571,SUR,Surgical Mask,000571,0.9236,0.35,TP,CORRECT_MATCH
2306,New_Images,005430.jpg,005430,NONE,Unmasked,UNRECOGNIZED,0.2302,0.35,TN,CORRECTLY_REJECTED_UNKNOWN
2307,New_Images,008541.jpg,008541,NONE,Unmasked,NO_FACE_DETECTED,0.0,0.35,TN,No Face Detected by SCRFD
2308,New_Images,006674.jpg,006674,NONE,Unmasked,NO_FACE_DETECTED,0.0,0.35,TN,No Face Detected by SCRFD
2309,New_Images,008163.jpg,008163,NONE,Unmasked,UNRECOGNIZED,0.272,0.35,TN,CORRECTLY_REJECTED_UNKNOWN
2310,New_Images,009312.jpg,009312,NONE,Unmasked,UNRECOGNIZED,0.2578,0.35,TN,CORRECTLY_REJECTED_UNKNOWN
2311,New_Images,009291.jpg,009291,NONE,Unmasked,UNRECOGNIZED,0.2214,0.35,TN,CORRECTLY_REJECTED_UNKNOWN
2312,New_Images,006652.jpg,006652,NONE,Unmasked,UNRECOGNIZED,0.2024,0.35,TN,CORRECTLY_REJECTED_UNKNOWN
2313,Masked Images,000386__SUR__masked.jpg,000386,SUR,Surgical Mask,000386,0.8964,0.35,TP,CORRECT_MATCH
2314,New_Images,008815.jpg,008815,NONE,Unmasked,NO_FACE_DETECTED,0.0,0.35,TN,No Face Detected by SCRFD
2315,New_Images,008310.jpg,008310,NONE,Unmasked,NO_FACE_DETECTED,0.0,0.35,TN,No Face Detected by SCRFD
2316,Masked Images,000309__SUR__masked.jpg,000309,SUR,Surgical Mask,000309,0.6028,0.35,TP,CORRECT_MATCH
2317,New_Images,008584.jpg,008584,NONE,Unmasked,UNRECOGNIZED,0.2635,0.35,TN,CORRECTLY_REJECTED_UNKNOWN
2318,Masked Images,000567__N95__masked.jpg,000567,N95,N95 Mask,000567,0.6327,0.35,TP,CORRECT_MATCH
2319,New_Images,005592.jpg,005592,NONE,Unmasked,UNRECOGNIZED,0.2427,0.35,TN,CORRECTLY_REJECTED_UNKNOWN
2320,New_Images,008809.jpg,008809,NONE,Unmasked,NO_FACE_DETECTED,0.0,0.35,TN,No Face Detected by SCRFD
2321,New_Images,007968.jpg,007968,NONE,Unmasked,UNRECOGNIZED,0.2445,0.35,TN,CORRECTLY_REJECTED_UNKNOWN
2322,New_Images,007468.jpg,007468,NONE,Unmasked,UNRECOGNIZED,0.2273,0.35,TN,CORRECTLY_REJECTED_UNKNOWN
2323,New_Images,006706.jpg,006706,NONE,Unmasked,UNRECOGNIZED,0.2926,0.35,TN,CORRECTLY_REJECTED_UNKNOWN
2324,New_Images,009175.jpg,009175,NONE,Unmasked,NO_FACE_DETECTED,0.0,0.35,TN,No Face Detected by SCRFD
2325,New_Images,007413.jpg,007413,NONE,Unmasked,UNRECOGNIZED,0.2112,0.35,TN,CORRECTLY_REJECTED_UNKNOWN
2326,Masked Images,000961__N95__masked.jpg,000961,N95,N95 Mask,000961,0.8892,0.35,TP,CORRECT_MATCH
2327,New_Images,009576.jpg,009576,NONE,Unmasked,NO_FACE_DETECTED,0.0,0.35,TN,No Face Detected by SCRFD
2328,New_Images,007075.jpg,007075,NONE,Unmasked,UNRECOGNIZED,0.2686,0.35,TN,CORRECTLY_REJECTED_UNKNOWN
2329,New_Images,009469.jpg,009469,NONE,Unmasked,UNRECOGNIZED,0.2288,0.35,TN,CORRECTLY_REJECTED_UNKNOWN
2330,Masked Images,000908__GAS__masked.jpg,000908,GAS,Gas Mask,000908,0.7887,0.35,TP,CORRECT_MATCH
2331,New_Images,009454.jpg,009454,NONE,Unmasked,NO_FACE_DETECTED,0.0,0.35,TN,No Face Detected by SCRFD
2332,Masked Images,000410__GAS__masked.jpg,000410,GAS,Gas Mask,000410,0.8499,0.35,TP,CORRECT_MATCH
2333,Masked Images,000394__CLT__masked.jpg,000394,CLT,Cloth Mask,000394,0.9283,0.35,TP,CORRECT_MATCH
2334,New_Images,007947.jpg,007947,NONE,Unmasked,UNRECOGNIZED,0.2465,0.35,TN,CORRECTLY_REJECTED_UNKNOWN
2335,New_Images,006943.jpg,006943,NONE,Unmasked,UNRECOGNIZED,0.2359,0.35,TN,CORRECTLY_REJECTED_UNKNOWN
2336,New_Images,009013.jpg,009013,NONE,Unmasked,UNRECOGNIZED,0.2753,0.35,TN,CORRECTLY_REJECTED_UNKNOWN
2337,New_Images,005486.jpg,005486,NONE,Unmasked,UNRECOGNIZED,0.2287,0.35,TN,CORRECTLY_REJECTED_UNKNOWN
2338,Masked Images,000229__K95__masked.jpg,000229,K95,KN95 Mask,000229,0.925,0.35,TP,CORRECT_MATCH
2339,Masked Images,000708__K95__masked.jpg,000708,K95,KN95 Mask,000708,0.9349,0.35,TP,CORRECT_MATCH
2340,New_Images,008293.jpg,008293,NONE,Unmasked,NO_FACE_DETECTED,0.0,0.35,TN,No Face Detected by SCRFD
2341,Masked Images,000357__K95__masked.jpg,000357,K95,KN95 Mask,000357,0.9165,0.35,TP,CORRECT_MATCH
2342,Masked Images,001063__SUR__masked.jpg,001063,SUR,Surgical Mask,001063,0.8864,0.35,TP,CORRECT_MATCH
2343,New_Images,008059.jpg,008059,NONE,Unmasked,NO_FACE_DETECTED,0.0,0.35,TN,No Face Detected by SCRFD
2344,New_Images,007250.jpg,007250,NONE,Unmasked,UNRECOGNIZED,0.2701,0.35,TN,CORRECTLY_REJECTED_UNKNOWN
2345,Masked Images,001164__K95__masked.jpg,001164,K95,KN95 Mask,001164,0.9475,0.35,TP,CORRECT_MATCH
2346,Masked Images,000682__N95__masked.jpg,000682,N95,N95 Mask,000682,0.8535,0.35,TP,CORRECT_MATCH
2347,New_Images,007777.jpg,007777,NONE,Unmasked,UNRECOGNIZED,0.2504,0.35,TN,CORRECTLY_REJECTED_UNKNOWN
2348,New_Images,007050.jpg,007050,NONE,Unmasked,UNRECOGNIZED,0.3334,0.35,TN,CORRECTLY_REJECTED_UNKNOWN
2349,New_Images,007369.jpg,007369,NONE,Unmasked,NO_FACE_DETECTED,0.0,0.35,TN,No Face Detected by SCRFD
2350,New_Images,009575.jpg,009575,NONE,Unmasked,UNRECOGNIZED,0.2493,0.35,TN,CORRECTLY_REJECTED_UNKNOWN
2351,Masked Images,000005__K95__masked.jpg,000005,K95,KN95 Mask,000005,0.8614,0.35,TP,CORRECT_MATCH
2352,New_Images,005732.jpg,005732,NONE,Unmasked,UNRECOGNIZED,0.2597,0.35,TN,CORRECTLY_REJECTED_UNKNOWN
2353,New_Images,006306.jpg,006306,NONE,Unmasked,UNRECOGNIZED,0.3078,0.35,TN,CORRECTLY_REJECTED_UNKNOWN
2354,New_Images,007544.jpg,007544,NONE,Unmasked,NO_FACE_DETECTED,0.0,0.35,TN,No Face Detected by SCRFD
2355,New_Images,009518.jpg,009518,NONE,Unmasked,UNRECOGNIZED,0.2247,0.35,TN,CORRECTLY_REJECTED_UNKNOWN
2356,New_Images,007281.jpg,007281,NONE,Unmasked,UNRECOGNIZED,0.2339,0.35,TN,CORRECTLY_REJECTED_UNKNOWN
2357,New_Images,008471.jpg,008471,NONE,Unmasked,UNRECOGNIZED,0.2587,0.35,TN,CORRECTLY_REJECTED_UNKNOWN
2358,New_Images,008231.jpg,008231,NONE,Unmasked,NO_FACE_DETECTED,0.0,0.35,TN,No Face Detected by SCRFD
2359,Masked Images,000203__CLT__masked.jpg,000203,CLT,Cloth Mask,000203,0.9217,0.35,TP,CORRECT_MATCH
2360,New_Images,006779.jpg,006779,NONE,Unmasked,UNRECOGNIZED,0.252,0.35,TN,CORRECTLY_REJECTED_UNKNOWN
2361,New_Images,008174.jpg,008174,NONE,Unmasked,NO_FACE_DETECTED,0.0,0.35,TN,No Face Detected by SCRFD
2362,New_Images,005850.jpg,005850,NONE,Unmasked,NO_FACE_DETECTED,0.0,0.35,TN,No Face Detected by SCRFD
2363,New_Images,009585.jpg,009585,NONE,Unmasked,NO_FACE_DETECTED,0.0,0.35,TN,No Face Detected by SCRFD
2364,Masked Images,000560__GAS__masked.jpg,000560,GAS,Gas Mask,000560,0.9182,0.35,TP,CORRECT_MATCH
2365,New_Images,006104.jpg,006104,NONE,Unmasked,NO_FACE_DETECTED,0.0,0.35,TN,No Face Detected by SCRFD
2366,New_Images,005246.jpg,005246,NONE,Unmasked,UNRECOGNIZED,0.2784,0.35,TN,CORRECTLY_REJECTED_UNKNOWN
2367,New_Images,005024.jpg,005024,NONE,Unmasked,UNRECOGNIZED,0.2465,0.35,TN,CORRECTLY_REJECTED_UNKNOWN
2368,New_Images,005185.jpg,005185,NONE,Unmasked,NO_FACE_DETECTED,0.0,0.35,TN,No Face Detected by SCRFD
2369,New_Images,006579.jpg,006579,NONE,Unmasked,UNRECOGNIZED,0.2714,0.35,TN,CORRECTLY_REJECTED_UNKNOWN
2370,New_Images,005889.jpg,005889,NONE,Unmasked,UNRECOGNIZED,0.2494,0.35,TN,CORRECTLY_REJECTED_UNKNOWN
2371,New_Images,006855.jpg,006855,NONE,Unmasked,UNRECOGNIZED,0.3154,0.35,TN,CORRECTLY_REJECTED_UNKNOWN
2372,New_Images,008632.jpg,008632,NONE,Unmasked,UNRECOGNIZED,0.2702,0.35,TN,CORRECTLY_REJECTED_UNKNOWN
2373,New_Images,007034.jpg,007034,NONE,Unmasked,UNRECOGNIZED,0.2665,0.35,TN,CORRECTLY_REJECTED_UNKNOWN
2374,New_Images,009460.jpg,009460,NONE,Unmasked,NO_FACE_DETECTED,0.0,0.35,TN,No Face Detected by SCRFD
2375,New_Images,006052.jpg,006052,NONE,Unmasked,NO_FACE_DETECTED,0.0,0.35,TN,No Face Detected by SCRFD
2376,New_Images,006576.jpg,006576,NONE,Unmasked,UNRECOGNIZED,0.2334,0.35,TN,CORRECTLY_REJECTED_UNKNOWN
2377,New_Images,005330.jpg,005330,NONE,Unmasked,UNRECOGNIZED,0.2429,0.35,TN,CORRECTLY_REJECTED_UNKNOWN
2378,New_Images,005740.jpg,005740,NONE,Unmasked,UNRECOGNIZED,0.2394,0.35,TN,CORRECTLY_REJECTED_UNKNOWN
2379,New_Images,006250.jpg,006250,NONE,Unmasked,NO_FACE_DETECTED,0.0,0.35,TN,No Face Detected by SCRFD
2380,Masked Images,000013__SUR__masked.jpg,000013,SUR,Surgical Mask,000013,0.9318,0.35,TP,CORRECT_MATCH
2381,New_Images,005203.jpg,005203,NONE,Unmasked,UNRECOGNIZED,0.2247,0.35,TN,CORRECTLY_REJECTED_UNKNOWN
2382,New_Images,005862.jpg,005862,NONE,Unmasked,UNRECOGNIZED,0.2212,0.35,TN,CORRECTLY_REJECTED_UNKNOWN
2383,New_Images,005725.jpg,005725,NONE,Unmasked,NO_FACE_DETECTED,0.0,0.35,TN,No Face Detected by SCRFD
2384,New_Images,007667.jpg,007667,NONE,Unmasked,UNRECOGNIZED,0.2215,0.35,TN,CORRECTLY_REJECTED_UNKNOWN
2385,New_Images,005002.jpg,005002,NONE,Unmasked,UNRECOGNIZED,0.252,0.35,TN,CORRECTLY_REJECTED_UNKNOWN
2386,New_Images,007848.jpg,007848,NONE,Unmasked,NO_FACE_DETECTED,0.0,0.35,TN,No Face Detected by SCRFD
2387,New_Images,005513.jpg,005513,NONE,Unmasked,NO_FACE_DETECTED,0.0,0.35,TN,No Face Detected by SCRFD
2388,New_Images,006599.jpg,006599,NONE,Unmasked,UNRECOGNIZED,0.2844,0.35,TN,CORRECTLY_REJECTED_UNKNOWN
2389,New_Images,008047.jpg,008047,NONE,Unmasked,UNRECOGNIZED,0.2151,0.35,TN,CORRECTLY_REJECTED_UNKNOWN
2390,New_Images,008558.jpg,008558,NONE,Unmasked,UNRECOGNIZED,0.257,0.35,TN,CORRECTLY_REJECTED_UNKNOWN
2391,New_Images,008649.jpg,008649,NONE,Unmasked,UNRECOGNIZED,0.2388,0.35,TN,CORRECTLY_REJECTED_UNKNOWN
2392,New_Images,005559.jpg,005559,NONE,Unmasked,UNRECOGNIZED,0.2757,0.35,TN,CORRECTLY_REJECTED_UNKNOWN
2393,New_Images,009292.jpg,009292,NONE,Unmasked,UNRECOGNIZED,0.2903,0.35,TN,CORRECTLY_REJECTED_UNKNOWN
2394,New_Images,006939.jpg,006939,NONE,Unmasked,NO_FACE_DETECTED,0.0,0.35,TN,No Face Detected by SCRFD
2395,Masked Images,000611__K95__masked.jpg,000611,K95,KN95 Mask,000611,0.9335,0.35,TP,CORRECT_MATCH
2396,New_Images,006391.jpg,006391,NONE,Unmasked,NO_FACE_DETECTED,0.0,0.35,TN,No Face Detected by SCRFD
2397,New_Images,005471.jpg,005471,NONE,Unmasked,UNRECOGNIZED,0.268,0.35,TN,CORRECTLY_REJECTED_UNKNOWN
2398,New_Images,006301.jpg,006301,NONE,Unmasked,NO_FACE_DETECTED,0.0,0.35,TN,No Face Detected by SCRFD
2399,New_Images,005182.jpg,005182,NONE,Unmasked,UNRECOGNIZED,0.2612,0.35,TN,CORRECTLY_REJECTED_UNKNOWN
2400,New_Images,007622.jpg,007622,NONE,Unmasked,NO_FACE_DETECTED,0.0,0.35,TN,No Face Detected by SCRFD
2401,New_Images,007736.jpg,007736,NONE,Unmasked,UNRECOGNIZED,0.2488,0.35,TN,CORRECTLY_REJECTED_UNKNOWN
2402,Masked Images,000569__CLT__masked.jpg,000569,CLT,Cloth Mask,000569,0.9579,0.35,TP,CORRECT_MATCH
2403,Masked Images,000544__GAS__masked.jpg,000544,GAS,Gas Mask,000544,0.9219,0.35,TP,CORRECT_MATCH
2404,Masked Images,001177__SUR__masked.jpg,001177,SUR,Surgical Mask,001177,0.9126,0.35,TP,CORRECT_MATCH
2405,New_Images,008089.jpg,008089,NONE,Unmasked,UNRECOGNIZED,0.2334,0.35,TN,CORRECTLY_REJECTED_UNKNOWN
2406,New_Images,005548.jpg,005548,NONE,Unmasked,UNRECOGNIZED,0.2349,0.35,TN,CORRECTLY_REJECTED_UNKNOWN
2407,New_Images,008735.jpg,008735,NONE,Unmasked,NO_FACE_DETECTED,0.0,0.35,TN,No Face Detected by SCRFD
2408,New_Images,006698.jpg,006698,NONE,Unmasked,UNRECOGNIZED,0.2402,0.35,TN,CORRECTLY_REJECTED_UNKNOWN
2409,New_Images,005970.jpg,005970,NONE,Unmasked,UNRECOGNIZED,0.2532,0.35,TN,CORRECTLY_REJECTED_UNKNOWN
2410,New_Images,007517.jpg,007517,NONE,Unmasked,UNRECOGNIZED,0.2773,0.35,TN,CORRECTLY_REJECTED_UNKNOWN
2411,New_Images,008501.jpg,008501,NONE,Unmasked,UNRECOGNIZED,0.2554,0.35,TN,CORRECTLY_REJECTED_UNKNOWN
2412,New_Images,008850.jpg,008850,NONE,Unmasked,UNRECOGNIZED,0.2431,0.35,TN,CORRECTLY_REJECTED_UNKNOWN
2413,New_Images,005061.jpg,005061,NONE,Unmasked,UNRECOGNIZED,0.2694,0.35,TN,CORRECTLY_REJECTED_UNKNOWN
2414,New_Images,007141.jpg,007141,NONE,Unmasked,UNRECOGNIZED,0.2809,0.35,TN,CORRECTLY_REJECTED_UNKNOWN
2415,New_Images,006793.jpg,006793,NONE,Unmasked,UNRECOGNIZED,0.2627,0.35,TN,CORRECTLY_REJECTED_UNKNOWN
2416,New_Images,007253.jpg,007253,NONE,Unmasked,NO_FACE_DETECTED,0.0,0.35,TN,No Face Detected by SCRFD
2417,New_Images,005014.jpg,005014,NONE,Unmasked,UNRECOGNIZED,0.2547,0.35,TN,CORRECTLY_REJECTED_UNKNOWN
2418,New_Images,007393.jpg,007393,NONE,Unmasked,UNRECOGNIZED,0.2354,0.35,TN,CORRECTLY_REJECTED_UNKNOWN
2419,New_Images,008805.jpg,008805,NONE,Unmasked,NO_FACE_DETECTED,0.0,0.35,TN,No Face Detected by SCRFD
2420,New_Images,007454.jpg,007454,NONE,Unmasked,UNRECOGNIZED,0.2999,0.35,TN,CORRECTLY_REJECTED_UNKNOWN
2421,Masked Images,000261__CLT__masked.jpg,000261,CLT,Cloth Mask,000261,0.9027,0.35,TP,CORRECT_MATCH
2422,New_Images,006445.jpg,006445,NONE,Unmasked,UNRECOGNIZED,0.2178,0.35,TN,CORRECTLY_REJECTED_UNKNOWN
2423,Masked Images,000878__N95__masked.jpg,000878,N95,N95 Mask,000878,0.8592,0.35,TP,CORRECT_MATCH
2424,New_Images,008887.jpg,008887,NONE,Unmasked,UNRECOGNIZED,0.3096,0.35,TN,CORRECTLY_REJECTED_UNKNOWN
2425,Masked Images,000710__GAS__masked.jpg,000710,GAS,Gas Mask,000710,0.8879,0.35,TP,CORRECT_MATCH
2426,New_Images,005616.jpg,005616,NONE,Unmasked,NO_FACE_DETECTED,0.0,0.35,TN,No Face Detected by SCRFD
2427,New_Images,005299.jpg,005299,NONE,Unmasked,UNRECOGNIZED,0.2432,0.35,TN,CORRECTLY_REJECTED_UNKNOWN
2428,New_Images,006271.jpg,006271,NONE,Unmasked,UNRECOGNIZED,0.2551,0.35,TN,CORRECTLY_REJECTED_UNKNOWN
2429,Masked Images,000893__GAS__masked.jpg,000893,GAS,Gas Mask,000893,0.8434,0.35,TP,CORRECT_MATCH
2430,New_Images,006935.jpg,006935,NONE,Unmasked,UNRECOGNIZED,0.2364,0.35,TN,CORRECTLY_REJECTED_UNKNOWN
2431,New_Images,006853.jpg,006853,NONE,Unmasked,UNRECOGNIZED,0.2469,0.35,TN,CORRECTLY_REJECTED_UNKNOWN
2432,New_Images,005661.jpg,005661,NONE,Unmasked,UNRECOGNIZED,0.2187,0.35,TN,CORRECTLY_REJECTED_UNKNOWN
2433,Masked Images,000377__N95__masked.jpg,000377,N95,N95 Mask,000377,0.912,0.35,TP,CORRECT_MATCH
2434,New_Images,008353.jpg,008353,NONE,Unmasked,UNRECOGNIZED,0.2638,0.35,TN,CORRECTLY_REJECTED_UNKNOWN
2435,New_Images,008468.jpg,008468,NONE,Unmasked,NO_FACE_DETECTED,0.0,0.35,TN,No Face Detected by SCRFD
2436,New_Images,007163.jpg,007163,NONE,Unmasked,UNRECOGNIZED,0.2245,0.35,TN,CORRECTLY_REJECTED_UNKNOWN
2437,New_Images,009074.jpg,009074,NONE,Unmasked,UNRECOGNIZED,0.2259,0.35,TN,CORRECTLY_REJECTED_UNKNOWN
2438,New_Images,007294.jpg,007294,NONE,Unmasked,UNRECOGNIZED,0.2685,0.35,TN,CORRECTLY_REJECTED_UNKNOWN
2439,New_Images,008759.jpg,008759,NONE,Unmasked,UNRECOGNIZED,0.2344,0.35,TN,CORRECTLY_REJECTED_UNKNOWN
2440,Masked Images,000443__GAS__masked.jpg,000443,GAS,Gas Mask,000443,0.9153,0.35,TP,CORRECT_MATCH
2441,New_Images,009523.jpg,009523,NONE,Unmasked,UNRECOGNIZED,0.2731,0.35,TN,CORRECTLY_REJECTED_UNKNOWN
2442,New_Images,007687.jpg,007687,NONE,Unmasked,NO_FACE_DETECTED,0.0,0.35,TN,No Face Detected by SCRFD
2443,New_Images,007312.jpg,007312,NONE,Unmasked,NO_FACE_DETECTED,0.0,0.35,TN,No Face Detected by SCRFD
2444,New_Images,005670.jpg,005670,NONE,Unmasked,UNRECOGNIZED,0.2062,0.35,TN,CORRECTLY_REJECTED_UNKNOWN
2445,New_Images,008176.jpg,008176,NONE,Unmasked,UNRECOGNIZED,0.3009,0.35,TN,CORRECTLY_REJECTED_UNKNOWN
2446,New_Images,006786.jpg,006786,NONE,Unmasked,UNRECOGNIZED,0.2362,0.35,TN,CORRECTLY_REJECTED_UNKNOWN
2447,New_Images,005365.jpg,005365,NONE,Unmasked,UNRECOGNIZED,0.2265,0.35,TN,CORRECTLY_REJECTED_UNKNOWN
2448,New_Images,006686.jpg,006686,NONE,Unmasked,UNRECOGNIZED,0.2444,0.35,TN,CORRECTLY_REJECTED_UNKNOWN
2449,New_Images,006629.jpg,006629,NONE,Unmasked,UNRECOGNIZED,0.2385,0.35,TN,CORRECTLY_REJECTED_UNKNOWN
2450,New_Images,007508.jpg,007508,NONE,Unmasked,NO_FACE_DETECTED,0.0,0.35,TN,No Face Detected by SCRFD
2451,New_Images,007068.jpg,007068,NONE,Unmasked,UNRECOGNIZED,0.3142,0.35,TN,CORRECTLY_REJECTED_UNKNOWN
2452,Masked Images,000488__CLT__masked.jpg,000488,CLT,Cloth Mask,000488,0.9095,0.35,TP,CORRECT_MATCH
2453,New_Images,006386.jpg,006386,NONE,Unmasked,UNRECOGNIZED,0.2898,0.35,TN,CORRECTLY_REJECTED_UNKNOWN
2454,New_Images,006114.jpg,006114,NONE,Unmasked,UNRECOGNIZED,0.2941,0.35,TN,CORRECTLY_REJECTED_UNKNOWN
2455,New_Images,005891.jpg,005891,NONE,Unmasked,NO_FACE_DETECTED,0.0,0.35,TN,No Face Detected by SCRFD
2456,New_Images,008730.jpg,008730,NONE,Unmasked,UNRECOGNIZED,0.267,0.35,TN,CORRECTLY_REJECTED_UNKNOWN
2457,New_Images,005736.jpg,005736,NONE,Unmasked,UNRECOGNIZED,0.2175,0.35,TN,CORRECTLY_REJECTED_UNKNOWN
2458,Masked Images,000719__CLT__masked.jpg,000719,CLT,Cloth Mask,000719,0.9044,0.35,TP,CORRECT_MATCH
2459,New_Images,008096.jpg,008096,NONE,Unmasked,UNRECOGNIZED,0.2987,0.35,TN,CORRECTLY_REJECTED_UNKNOWN
2460,New_Images,006065.jpg,006065,NONE,Unmasked,NO_FACE_DETECTED,0.0,0.35,TN,No Face Detected by SCRFD
2461,Masked Images,000955__SUR__masked.jpg,000955,SUR,Surgical Mask,000955,0.7997,0.35,TP,CORRECT_MATCH
2462,New_Images,008479.jpg,008479,NONE,Unmasked,UNRECOGNIZED,0.2504,0.35,TN,CORRECTLY_REJECTED_UNKNOWN
2463,Masked Images,000141__CLT__masked.jpg,000141,CLT,Cloth Mask,000141,0.9283,0.35,TP,CORRECT_MATCH
2464,New_Images,007984.jpg,007984,NONE,Unmasked,UNRECOGNIZED,0.2895,0.35,TN,CORRECTLY_REJECTED_UNKNOWN
2465,Masked Images,000937__CLT__masked.jpg,000937,CLT,Cloth Mask,000937,0.9597,0.35,TP,CORRECT_MATCH
2466,Masked Images,000132__N95__masked.jpg,000132,N95,N95 Mask,000132,0.8369,0.35,TP,CORRECT_MATCH
2467,New_Images,006178.jpg,006178,NONE,Unmasked,UNRECOGNIZED,0.1875,0.35,TN,CORRECTLY_REJECTED_UNKNOWN
2468,New_Images,006704.jpg,006704,NONE,Unmasked,UNRECOGNIZED,0.2702,0.35,TN,CORRECTLY_REJECTED_UNKNOWN
2469,Masked Images,000716__SUR__masked.jpg,000716,SUR,Surgical Mask,000716,0.8996,0.35,TP,CORRECT_MATCH
2470,New_Images,008357.jpg,008357,NONE,Unmasked,NO_FACE_DETECTED,0.0,0.35,TN,No Face Detected by SCRFD
2471,New_Images,007747.jpg,007747,NONE,Unmasked,NO_FACE_DETECTED,0.0,0.35,TN,No Face Detected by SCRFD
2472,New_Images,009603.jpg,009603,NONE,Unmasked,NO_FACE_DETECTED,0.0,0.35,TN,No Face Detected by SCRFD
2473,New_Images,005877.jpg,005877,NONE,Unmasked,UNRECOGNIZED,0.2344,0.35,TN,CORRECTLY_REJECTED_UNKNOWN
2474,New_Images,007935.jpg,007935,NONE,Unmasked,NO_FACE_DETECTED,0.0,0.35,TN,No Face Detected by SCRFD
2475,New_Images,007476.jpg,007476,NONE,Unmasked,UNRECOGNIZED,0.2323,0.35,TN,CORRECTLY_REJECTED_UNKNOWN
2476,New_Images,007070.jpg,007070,NONE,Unmasked,UNRECOGNIZED,0.2488,0.35,TN,CORRECTLY_REJECTED_UNKNOWN
2477,New_Images,007523.jpg,007523,NONE,Unmasked,UNRECOGNIZED,0.2723,0.35,TN,CORRECTLY_REJECTED_UNKNOWN
2478,New_Images,006665.jpg,006665,NONE,Unmasked,UNRECOGNIZED,0.2503,0.35,TN,CORRECTLY_REJECTED_UNKNOWN
2479,Masked Images,000831__GAS__masked.jpg,000831,GAS,Gas Mask,000831,0.8806,0.35,TP,CORRECT_MATCH
2480,New_Images,009031.jpg,009031,NONE,Unmasked,NO_FACE_DETECTED,0.0,0.35,TN,No Face Detected by SCRFD
2481,New_Images,005847.jpg,005847,NONE,Unmasked,UNRECOGNIZED,0.2148,0.35,TN,CORRECTLY_REJECTED_UNKNOWN
2482,Masked Images,000043__GAS__masked.jpg,000043,GAS,Gas Mask,000043,0.91,0.35,TP,CORRECT_MATCH
2483,New_Images,005333.jpg,005333,NONE,Unmasked,UNRECOGNIZED,0.2421,0.35,TN,CORRECTLY_REJECTED_UNKNOWN
2484,New_Images,006660.jpg,006660,NONE,Unmasked,NO_FACE_DETECTED,0.0,0.35,TN,No Face Detected by SCRFD
2485,New_Images,005710.jpg,005710,NONE,Unmasked,UNRECOGNIZED,0.2215,0.35,TN,CORRECTLY_REJECTED_UNKNOWN
2486,New_Images,007376.jpg,007376,NONE,Unmasked,UNRECOGNIZED,0.2394,0.35,TN,CORRECTLY_REJECTED_UNKNOWN
2487,Masked Images,000797__N95__masked.jpg,000797,N95,N95 Mask,000797,0.9008,0.35,TP,CORRECT_MATCH
2488,Masked Images,000602__GAS__masked.jpg,000602,GAS,Gas Mask,000602,0.8575,0.35,TP,CORRECT_MATCH
2489,New_Images,008020.jpg,008020,NONE,Unmasked,UNRECOGNIZED,0.3263,0.35,TN,CORRECTLY_REJECTED_UNKNOWN
2490,New_Images,009075.jpg,009075,NONE,Unmasked,NO_FACE_DETECTED,0.0,0.35,TN,No Face Detected by SCRFD
2491,Masked Images,000714__CLT__masked.jpg,000714,CLT,Cloth Mask,000714,0.9443,0.35,TP,CORRECT_MATCH
2492,New_Images,006607.jpg,006607,NONE,Unmasked,UNRECOGNIZED,0.2111,0.35,TN,CORRECTLY_REJECTED_UNKNOWN
2493,New_Images,008952.jpg,008952,NONE,Unmasked,UNRECOGNIZED,0.2283,0.35,TN,CORRECTLY_REJECTED_UNKNOWN
2494,New_Images,007089.jpg,007089,NONE,Unmasked,UNRECOGNIZED,0.2706,0.35,TN,CORRECTLY_REJECTED_UNKNOWN
2495,New_Images,008168.jpg,008168,NONE,Unmasked,UNRECOGNIZED,0.2666,0.35,TN,CORRECTLY_REJECTED_UNKNOWN
2496,New_Images,009320.jpg,009320,NONE,Unmasked,NO_FACE_DETECTED,0.0,0.35,TN,No Face Detected by SCRFD
2497,New_Images,005595.jpg,005595,NONE,Unmasked,UNRECOGNIZED,0.2283,0.35,TN,CORRECTLY_REJECTED_UNKNOWN
2498,New_Images,007843.jpg,007843,NONE,Unmasked,UNRECOGNIZED,0.2297,0.35,TN,CORRECTLY_REJECTED_UNKNOWN
2499,New_Images,007827.jpg,007827,NONE,Unmasked,UNRECOGNIZED,0.2644,0.35,TN,CORRECTLY_REJECTED_UNKNOWN
2500,New_Images,008900.jpg,008900,NONE,Unmasked,NO_FACE_DETECTED,0.0,0.35,TN,No Face Detected by SCRFD
2501,New_Images,006305.jpg,006305,NONE,Unmasked,UNRECOGNIZED,0.2345,0.35,TN,CORRECTLY_REJECTED_UNKNOWN
2502,New_Images,007644.jpg,007644,NONE,Unmasked,UNRECOGNIZED,0.2261,0.35,TN,CORRECTLY_REJECTED_UNKNOWN
2503,New_Images,006387.jpg,006387,NONE,Unmasked,NO_FACE_DETECTED,0.0,0.35,TN,No Face Detected by SCRFD
2504,New_Images,005955.jpg,005955,NONE,Unmasked,UNRECOGNIZED,0.2281,0.35,TN,CORRECTLY_REJECTED_UNKNOWN
2505,Masked Images,000608__GAS__masked.jpg,000608,GAS,Gas Mask,000608,0.7924,0.35,TP,CORRECT_MATCH
2506,New_Images,007916.jpg,007916,NONE,Unmasked,UNRECOGNIZED,0.2891,0.35,TN,CORRECTLY_REJECTED_UNKNOWN
2507,Masked Images,000780__GAS__masked.jpg,000780,GAS,Gas Mask,000780,0.9086,0.35,TP,CORRECT_MATCH
2508,New_Images,009322.jpg,009322,NONE,Unmasked,UNRECOGNIZED,0.2666,0.35,TN,CORRECTLY_REJECTED_UNKNOWN
2509,New_Images,008294.jpg,008294,NONE,Unmasked,NO_FACE_DETECTED,0.0,0.35,TN,No Face Detected by SCRFD
2510,Masked Images,001012__K95__masked.jpg,001012,K95,KN95 Mask,001012,0.8812,0.35,TP,CORRECT_MATCH
2511,New_Images,007726.jpg,007726,NONE,Unmasked,UNRECOGNIZED,0.2643,0.35,TN,CORRECTLY_REJECTED_UNKNOWN
2512,New_Images,009045.jpg,009045,NONE,Unmasked,UNRECOGNIZED,0.2814,0.35,TN,CORRECTLY_REJECTED_UNKNOWN
2513,New_Images,007464.jpg,007464,NONE,Unmasked,NO_FACE_DETECTED,0.0,0.35,TN,No Face Detected by SCRFD
2514,Masked Images,000368__K95__masked.jpg,000368,K95,KN95 Mask,000368,0.9204,0.35,TP,CORRECT_MATCH
2515,New_Images,008452.jpg,008452,NONE,Unmasked,UNRECOGNIZED,0.2253,0.35,TN,CORRECTLY_REJECTED_UNKNOWN
2516,New_Images,009035.jpg,009035,NONE,Unmasked,UNRECOGNIZED,0.247,0.35,TN,CORRECTLY_REJECTED_UNKNOWN
2517,Masked Images,000737__N95__masked.jpg,000737,N95,N95 Mask,000737,0.8463,0.35,TP,CORRECT_MATCH
2518,New_Images,006560.jpg,006560,NONE,Unmasked,UNRECOGNIZED,0.2968,0.35,TN,CORRECTLY_REJECTED_UNKNOWN
2519,New_Images,005304.jpg,005304,NONE,Unmasked,UNRECOGNIZED,0.2739,0.35,TN,CORRECTLY_REJECTED_UNKNOWN
2520,New_Images,009110.jpg,009110,NONE,Unmasked,UNRECOGNIZED,0.2165,0.35,TN,CORRECTLY_REJECTED_UNKNOWN
2521,Masked Images,000492__K95__masked.jpg,000492,K95,KN95 Mask,000492,0.937,0.35,TP,CORRECT_MATCH
2522,New_Images,006678.jpg,006678,NONE,Unmasked,UNRECOGNIZED,0.2833,0.35,TN,CORRECTLY_REJECTED_UNKNOWN
2523,New_Images,005470.jpg,005470,NONE,Unmasked,UNRECOGNIZED,0.2499,0.35,TN,CORRECTLY_REJECTED_UNKNOWN
2524,New_Images,006366.jpg,006366,NONE,Unmasked,NO_FACE_DETECTED,0.0,0.35,TN,No Face Detected by SCRFD
2525,New_Images,005454.jpg,005454,NONE,Unmasked,UNRECOGNIZED,0.232,0.35,TN,CORRECTLY_REJECTED_UNKNOWN
2526,New_Images,007282.jpg,007282,NONE,Unmasked,NO_FACE_DETECTED,0.0,0.35,TN,No Face Detected by SCRFD
2527,New_Images,005146.jpg,005146,NONE,Unmasked,NO_FACE_DETECTED,0.0,0.35,TN,No Face Detected by SCRFD
2528,New_Images,006024.jpg,006024,NONE,Unmasked,NO_FACE_DETECTED,0.0,0.35,TN,No Face Detected by SCRFD
2529,New_Images,005867.jpg,005867,NONE,Unmasked,UNRECOGNIZED,0.27,0.35,TN,CORRECTLY_REJECTED_UNKNOWN
2530,Masked Images,001113__GAS__masked.jpg,001113,GAS,Gas Mask,001113,0.5766,0.35,TP,CORRECT_MATCH
2531,New_Images,008866.jpg,008866,NONE,Unmasked,002581,0.3567,0.35,FP,MISIDENTIFIED_AS_002581
2532,New_Images,007875.jpg,007875,NONE,Unmasked,UNRECOGNIZED,0.2355,0.35,TN,CORRECTLY_REJECTED_UNKNOWN
2533,Masked Images,000839__K95__masked.jpg,000839,K95,KN95 Mask,000839,0.9545,0.35,TP,CORRECT_MATCH
2534,New_Images,005198.jpg,005198,NONE,Unmasked,NO_FACE_DETECTED,0.0,0.35,TN,No Face Detected by SCRFD
2535,New_Images,007458.jpg,007458,NONE,Unmasked,UNRECOGNIZED,0.2629,0.35,TN,CORRECTLY_REJECTED_UNKNOWN
2536,New_Images,009030.jpg,009030,NONE,Unmasked,UNRECOGNIZED,0.2529,0.35,TN,CORRECTLY_REJECTED_UNKNOWN
2537,New_Images,009491.jpg,009491,NONE,Unmasked,UNRECOGNIZED,0.2335,0.35,TN,CORRECTLY_REJECTED_UNKNOWN
2538,New_Images,009231.jpg,009231,NONE,Unmasked,UNRECOGNIZED,0.2426,0.35,TN,CORRECTLY_REJECTED_UNKNOWN
2539,New_Images,008970.jpg,008970,NONE,Unmasked,NO_FACE_DETECTED,0.0,0.35,TN,No Face Detected by SCRFD
2540,Masked Images,000274__N95__masked.jpg,000274,N95,N95 Mask,000274,0.8992,0.35,TP,CORRECT_MATCH
2541,New_Images,005003.jpg,005003,NONE,Unmasked,UNRECOGNIZED,0.2774,0.35,TN,CORRECTLY_REJECTED_UNKNOWN
2542,New_Images,008148.jpg,008148,NONE,Unmasked,UNRECOGNIZED,0.2432,0.35,TN,CORRECTLY_REJECTED_UNKNOWN
2543,Masked Images,000913__GAS__masked.jpg,000913,GAS,Gas Mask,000913,0.8813,0.35,TP,CORRECT_MATCH
2544,Masked Images,000021__CLT__masked.jpg,000021,CLT,Cloth Mask,000021,0.9187,0.35,TP,CORRECT_MATCH
2545,New_Images,009067.jpg,009067,NONE,Unmasked,UNRECOGNIZED,0.2404,0.35,TN,CORRECTLY_REJECTED_UNKNOWN
2546,New_Images,005622.jpg,005622,NONE,Unmasked,UNRECOGNIZED,0.2102,0.35,TN,CORRECTLY_REJECTED_UNKNOWN
2547,New_Images,006522.jpg,006522,NONE,Unmasked,UNRECOGNIZED,0.2442,0.35,TN,CORRECTLY_REJECTED_UNKNOWN
2548,New_Images,007516.jpg,007516,NONE,Unmasked,UNRECOGNIZED,0.2686,0.35,TN,CORRECTLY_REJECTED_UNKNOWN
2549,Masked Images,000840__CLT__masked.jpg,000840,CLT,Cloth Mask,000840,0.9101,0.35,TP,CORRECT_MATCH
2550,New_Images,006378.jpg,006378,NONE,Unmasked,UNRECOGNIZED,0.2379,0.35,TN,CORRECTLY_REJECTED_UNKNOWN
2551,Masked Images,000125__GAS__masked.jpg,000125,GAS,Gas Mask,000125,0.9173,0.35,TP,CORRECT_MATCH
2552,New_Images,006555.jpg,006555,NONE,Unmasked,NO_FACE_DETECTED,0.0,0.35,TN,No Face Detected by SCRFD
2553,New_Images,005633.jpg,005633,NONE,Unmasked,NO_FACE_DETECTED,0.0,0.35,TN,No Face Detected by SCRFD
2554,New_Images,007194.jpg,007194,NONE,Unmasked,NO_FACE_DETECTED,0.0,0.35,TN,No Face Detected by SCRFD
2555,Masked Images,000786__SUR__masked.jpg,000786,SUR,Surgical Mask,000786,0.8894,0.35,TP,CORRECT_MATCH
2556,New_Images,005522.jpg,005522,NONE,Unmasked,UNRECOGNIZED,0.2398,0.35,TN,CORRECTLY_REJECTED_UNKNOWN
2557,New_Images,008657.jpg,008657,NONE,Unmasked,NO_FACE_DETECTED,0.0,0.35,TN,No Face Detected by SCRFD
2558,New_Images,005755.jpg,005755,NONE,Unmasked,NO_FACE_DETECTED,0.0,0.35,TN,No Face Detected by SCRFD
2559,New_Images,009268.jpg,009268,NONE,Unmasked,UNRECOGNIZED,0.2394,0.35,TN,CORRECTLY_REJECTED_UNKNOWN
2560,New_Images,006156.jpg,006156,NONE,Unmasked,UNRECOGNIZED,0.2433,0.35,TN,CORRECTLY_REJECTED_UNKNOWN
2561,New_Images,005218.jpg,005218,NONE,Unmasked,UNRECOGNIZED,0.2113,0.35,TN,CORRECTLY_REJECTED_UNKNOWN
2562,New_Images,007775.jpg,007775,NONE,Unmasked,UNRECOGNIZED,0.2922,0.35,TN,CORRECTLY_REJECTED_UNKNOWN
2563,New_Images,008386.jpg,008386,NONE,Unmasked,NO_FACE_DETECTED,0.0,0.35,TN,No Face Detected by SCRFD
2564,Masked Images,000745__GAS__masked.jpg,000745,GAS,Gas Mask,000745,0.9334,0.35,TP,CORRECT_MATCH
2565,New_Images,005976.jpg,005976,NONE,Unmasked,UNRECOGNIZED,0.2531,0.35,TN,CORRECTLY_REJECTED_UNKNOWN
2566,Masked Images,001035__GAS__masked.jpg,001035,GAS,Gas Mask,001035,0.935,0.35,TP,CORRECT_MATCH
2567,New_Images,007065.jpg,007065,NONE,Unmasked,UNRECOGNIZED,0.2562,0.35,TN,CORRECTLY_REJECTED_UNKNOWN
2568,New_Images,006486.jpg,006486,NONE,Unmasked,UNRECOGNIZED,0.2741,0.35,TN,CORRECTLY_REJECTED_UNKNOWN
2569,New_Images,008819.jpg,008819,NONE,Unmasked,UNRECOGNIZED,0.2414,0.35,TN,CORRECTLY_REJECTED_UNKNOWN
2570,Masked Images,000097__K95__masked.jpg,000097,K95,KN95 Mask,000097,0.9297,0.35,TP,CORRECT_MATCH
2571,Masked Images,000496__N95__masked.jpg,000496,N95,N95 Mask,000496,0.8644,0.35,TP,CORRECT_MATCH
2572,Masked Images,000197__CLT__masked.jpg,000197,CLT,Cloth Mask,000197,0.8932,0.35,TP,CORRECT_MATCH
2573,New_Images,005092.jpg,005092,NONE,Unmasked,UNRECOGNIZED,0.2492,0.35,TN,CORRECTLY_REJECTED_UNKNOWN
2574,New_Images,007157.jpg,007157,NONE,Unmasked,UNRECOGNIZED,0.2635,0.35,TN,CORRECTLY_REJECTED_UNKNOWN
2575,New_Images,006940.jpg,006940,NONE,Unmasked,UNRECOGNIZED,0.2243,0.35,TN,CORRECTLY_REJECTED_UNKNOWN
2576,New_Images,005716.jpg,005716,NONE,Unmasked,UNRECOGNIZED,0.2929,0.35,TN,CORRECTLY_REJECTED_UNKNOWN
2577,New_Images,007767.jpg,007767,NONE,Unmasked,UNRECOGNIZED,0.2236,0.35,TN,CORRECTLY_REJECTED_UNKNOWN
2578,Masked Images,000421__GAS__masked.jpg,000421,GAS,Gas Mask,000421,0.9251,0.35,TP,CORRECT_MATCH
2579,New_Images,005813.jpg,005813,NONE,Unmasked,UNRECOGNIZED,0.2096,0.35,TN,CORRECTLY_REJECTED_UNKNOWN
2580,New_Images,006449.jpg,006449,NONE,Unmasked,UNRECOGNIZED,0.2135,0.35,TN,CORRECTLY_REJECTED_UNKNOWN
2581,New_Images,008875.jpg,008875,NONE,Unmasked,NO_FACE_DETECTED,0.0,0.35,TN,No Face Detected by SCRFD
2582,New_Images,008591.jpg,008591,NONE,Unmasked,UNRECOGNIZED,0.2089,0.35,TN,CORRECTLY_REJECTED_UNKNOWN
2583,New_Images,008103.jpg,008103,NONE,Unmasked,UNRECOGNIZED,0.2845,0.35,TN,CORRECTLY_REJECTED_UNKNOWN
2584,New_Images,005728.jpg,005728,NONE,Unmasked,NO_FACE_DETECTED,0.0,0.35,TN,No Face Detected by SCRFD
2585,New_Images,005268.jpg,005268,NONE,Unmasked,UNRECOGNIZED,0.2125,0.35,TN,CORRECTLY_REJECTED_UNKNOWN
2586,New_Images,005140.jpg,005140,NONE,Unmasked,UNRECOGNIZED,0.2678,0.35,TN,CORRECTLY_REJECTED_UNKNOWN
2587,New_Images,005289.jpg,005289,NONE,Unmasked,NO_FACE_DETECTED,0.0,0.35,TN,No Face Detected by SCRFD
2588,New_Images,009397.jpg,009397,NONE,Unmasked,UNRECOGNIZED,0.2981,0.35,TN,CORRECTLY_REJECTED_UNKNOWN
2589,Masked Images,000500__SUR__masked.jpg,000500,SUR,Surgical Mask,000500,0.9196,0.35,TP,CORRECT_MATCH
2590,New_Images,006635.jpg,006635,NONE,Unmasked,UNRECOGNIZED,0.2678,0.35,TN,CORRECTLY_REJECTED_UNKNOWN
2591,New_Images,007094.jpg,007094,NONE,Unmasked,UNRECOGNIZED,0.2236,0.35,TN,CORRECTLY_REJECTED_UNKNOWN
2592,New_Images,007807.jpg,007807,NONE,Unmasked,UNRECOGNIZED,0.2809,0.35,TN,CORRECTLY_REJECTED_UNKNOWN
2593,New_Images,008087.jpg,008087,NONE,Unmasked,UNRECOGNIZED,0.251,0.35,TN,CORRECTLY_REJECTED_UNKNOWN
2594,New_Images,009461.jpg,009461,NONE,Unmasked,UNRECOGNIZED,0.205,0.35,TN,CORRECTLY_REJECTED_UNKNOWN
2595,New_Images,008789.jpg,008789,NONE,Unmasked,UNRECOGNIZED,0.2347,0.35,TN,CORRECTLY_REJECTED_UNKNOWN
2596,New_Images,007909.jpg,007909,NONE,Unmasked,NO_FACE_DETECTED,0.0,0.35,TN,No Face Detected by SCRFD
2597,New_Images,008142.jpg,008142,NONE,Unmasked,UNRECOGNIZED,0.2781,0.35,TN,CORRECTLY_REJECTED_UNKNOWN
2598,New_Images,005912.jpg,005912,NONE,Unmasked,UNRECOGNIZED,0.2445,0.35,TN,CORRECTLY_REJECTED_UNKNOWN
2599,New_Images,008841.jpg,008841,NONE,Unmasked,UNRECOGNIZED,0.2481,0.35,TN,CORRECTLY_REJECTED_UNKNOWN
2600,New_Images,009556.jpg,009556,NONE,Unmasked,NO_FACE_DETECTED,0.0,0.35,TN,No Face Detected by SCRFD
2601,New_Images,005465.jpg,005465,NONE,Unmasked,UNRECOGNIZED,0.2681,0.35,TN,CORRECTLY_REJECTED_UNKNOWN
2602,New_Images,005395.jpg,005395,NONE,Unmasked,NO_FACE_DETECTED,0.0,0.35,TN,No Face Detected by SCRFD
2603,New_Images,005688.jpg,005688,NONE,Unmasked,UNRECOGNIZED,0.2473,0.35,TN,CORRECTLY_REJECTED_UNKNOWN
2604,New_Images,007193.jpg,007193,NONE,Unmasked,UNRECOGNIZED,0.246,0.35,TN,CORRECTLY_REJECTED_UNKNOWN
2605,New_Images,008277.jpg,008277,NONE,Unmasked,NO_FACE_DETECTED,0.0,0.35,TN,No Face Detected by SCRFD
2606,New_Images,006240.jpg,006240,NONE,Unmasked,UNRECOGNIZED,0.2596,0.35,TN,CORRECTLY_REJECTED_UNKNOWN
2607,New_Images,009293.jpg,009293,NONE,Unmasked,NO_FACE_DETECTED,0.0,0.35,TN,No Face Detected by SCRFD
2608,New_Images,009597.jpg,009597,NONE,Unmasked,UNRECOGNIZED,0.2971,0.35,TN,CORRECTLY_REJECTED_UNKNOWN
2609,New_Images,009443.jpg,009443,NONE,Unmasked,UNRECOGNIZED,0.2378,0.35,TN,CORRECTLY_REJECTED_UNKNOWN
2610,Masked Images,000943__GAS__masked.jpg,000943,GAS,Gas Mask,000943,0.8798,0.35,TP,CORRECT_MATCH
2611,Masked Images,001097__GAS__masked.jpg,001097,GAS,Gas Mask,001097,0.8915,0.35,TP,CORRECT_MATCH
2612,New_Images,008107.jpg,008107,NONE,Unmasked,NO_FACE_DETECTED,0.0,0.35,TN,No Face Detected by SCRFD
2613,New_Images,007976.jpg,007976,NONE,Unmasked,UNRECOGNIZED,0.2228,0.35,TN,CORRECTLY_REJECTED_UNKNOWN
2614,Masked Images,000458__CLT__masked.jpg,000458,CLT,Cloth Mask,000458,0.6554,0.35,TP,CORRECT_MATCH
2615,New_Images,007370.jpg,007370,NONE,Unmasked,UNRECOGNIZED,0.2441,0.35,TN,CORRECTLY_REJECTED_UNKNOWN
2616,New_Images,007800.jpg,007800,NONE,Unmasked,UNRECOGNIZED,0.2202,0.35,TN,CORRECTLY_REJECTED_UNKNOWN
2617,New_Images,005499.jpg,005499,NONE,Unmasked,UNRECOGNIZED,0.2495,0.35,TN,CORRECTLY_REJECTED_UNKNOWN
2618,New_Images,006169.jpg,006169,NONE,Unmasked,NO_FACE_DETECTED,0.0,0.35,TN,No Face Detected by SCRFD
2619,New_Images,008588.jpg,008588,NONE,Unmasked,UNRECOGNIZED,0.2513,0.35,TN,CORRECTLY_REJECTED_UNKNOWN
2620,New_Images,006372.jpg,006372,NONE,Unmasked,UNRECOGNIZED,0.286,0.35,TN,CORRECTLY_REJECTED_UNKNOWN
2621,Masked Images,000712__N95__masked.jpg,000712,N95,N95 Mask,000712,0.9181,0.35,TP,CORRECT_MATCH
2622,New_Images,005317.jpg,005317,NONE,Unmasked,UNRECOGNIZED,0.2438,0.35,TN,CORRECTLY_REJECTED_UNKNOWN
2623,New_Images,007140.jpg,007140,NONE,Unmasked,UNRECOGNIZED,0.2948,0.35,TN,CORRECTLY_REJECTED_UNKNOWN
2624,New_Images,007247.jpg,007247,NONE,Unmasked,UNRECOGNIZED,0.2066,0.35,TN,CORRECTLY_REJECTED_UNKNOWN
2625,Masked Images,000369__CLT__masked.jpg,000369,CLT,Cloth Mask,000369,0.9242,0.35,TP,CORRECT_MATCH
2626,New_Images,007237.jpg,007237,NONE,Unmasked,NO_FACE_DETECTED,0.0,0.35,TN,No Face Detected by SCRFD
2627,New_Images,006772.jpg,006772,NONE,Unmasked,NO_FACE_DETECTED,0.0,0.35,TN,No Face Detected by SCRFD
2628,New_Images,006062.jpg,006062,NONE,Unmasked,UNRECOGNIZED,0.2683,0.35,TN,CORRECTLY_REJECTED_UNKNOWN
2629,New_Images,008629.jpg,008629,NONE,Unmasked,UNRECOGNIZED,0.2946,0.35,TN,CORRECTLY_REJECTED_UNKNOWN
2630,Masked Images,000162__SUR__masked.jpg,000162,SUR,Surgical Mask,000162,0.8989,0.35,TP,CORRECT_MATCH
2631,New_Images,006089.jpg,006089,NONE,Unmasked,NO_FACE_DETECTED,0.0,0.35,TN,No Face Detected by SCRFD
2632,New_Images,005576.jpg,005576,NONE,Unmasked,UNRECOGNIZED,0.2006,0.35,TN,CORRECTLY_REJECTED_UNKNOWN
2633,New_Images,005938.jpg,005938,NONE,Unmasked,UNRECOGNIZED,0.2879,0.35,TN,CORRECTLY_REJECTED_UNKNOWN
2634,New_Images,008601.jpg,008601,NONE,Unmasked,NO_FACE_DETECTED,0.0,0.35,TN,No Face Detected by SCRFD
2635,New_Images,007147.jpg,007147,NONE,Unmasked,NO_FACE_DETECTED,0.0,0.35,TN,No Face Detected by SCRFD
2636,New_Images,006247.jpg,006247,NONE,Unmasked,NO_FACE_DETECTED,0.0,0.35,TN,No Face Detected by SCRFD
2637,New_Images,006717.jpg,006717,NONE,Unmasked,UNRECOGNIZED,0.2642,0.35,TN,CORRECTLY_REJECTED_UNKNOWN
2638,New_Images,006597.jpg,006597,NONE,Unmasked,UNRECOGNIZED,0.291,0.35,TN,CORRECTLY_REJECTED_UNKNOWN
2639,New_Images,007989.jpg,007989,NONE,Unmasked,NO_FACE_DETECTED,0.0,0.35,TN,No Face Detected by SCRFD
2640,New_Images,008652.jpg,008652,NONE,Unmasked,UNRECOGNIZED,0.2661,0.35,TN,CORRECTLY_REJECTED_UNKNOWN
2641,New_Images,007885.jpg,007885,NONE,Unmasked,UNRECOGNIZED,0.241,0.35,TN,CORRECTLY_REJECTED_UNKNOWN
2642,New_Images,008958.jpg,008958,NONE,Unmasked,NO_FACE_DETECTED,0.0,0.35,TN,No Face Detected by SCRFD
2643,New_Images,009005.jpg,009005,NONE,Unmasked,UNRECOGNIZED,0.2404,0.35,TN,CORRECTLY_REJECTED_UNKNOWN
2644,New_Images,008571.jpg,008571,NONE,Unmasked,UNRECOGNIZED,0.2381,0.35,TN,CORRECTLY_REJECTED_UNKNOWN
2645,New_Images,008907.jpg,008907,NONE,Unmasked,UNRECOGNIZED,0.2907,0.35,TN,CORRECTLY_REJECTED_UNKNOWN
2646,New_Images,007599.jpg,007599,NONE,Unmasked,NO_FACE_DETECTED,0.0,0.35,TN,No Face Detected by SCRFD
2647,New_Images,008550.jpg,008550,NONE,Unmasked,NO_FACE_DETECTED,0.0,0.35,TN,No Face Detected by SCRFD
2648,New_Images,008249.jpg,008249,NONE,Unmasked,UNRECOGNIZED,0.2836,0.35,TN,CORRECTLY_REJECTED_UNKNOWN
2649,New_Images,008490.jpg,008490,NONE,Unmasked,NO_FACE_DETECTED,0.0,0.35,TN,No Face Detected by SCRFD
2650,New_Images,005538.jpg,005538,NONE,Unmasked,UNRECOGNIZED,0.2054,0.35,TN,CORRECTLY_REJECTED_UNKNOWN
2651,Masked Images,000302__CLT__masked.jpg,000302,CLT,Cloth Mask,000302,0.9061,0.35,TP,CORRECT_MATCH
2652,New_Images,009160.jpg,009160,NONE,Unmasked,UNRECOGNIZED,0.26,0.35,TN,CORRECTLY_REJECTED_UNKNOWN
2653,New_Images,005658.jpg,005658,NONE,Unmasked,UNRECOGNIZED,0.2368,0.35,TN,CORRECTLY_REJECTED_UNKNOWN
2654,Masked Images,000892__CLT__masked.jpg,000892,CLT,Cloth Mask,000892,0.9552,0.35,TP,CORRECT_MATCH
2655,New_Images,005753.jpg,005753,NONE,Unmasked,UNRECOGNIZED,0.3055,0.35,TN,CORRECTLY_REJECTED_UNKNOWN
2656,Masked Images,000115__SUR__masked.jpg,000115,SUR,Surgical Mask,000115,0.9385,0.35,TP,CORRECT_MATCH
2657,New_Images,009627.jpg,009627,NONE,Unmasked,UNRECOGNIZED,0.2803,0.35,TN,CORRECTLY_REJECTED_UNKNOWN
2658,Masked Images,000767__N95__masked.jpg,000767,N95,N95 Mask,000767,0.8853,0.35,TP,CORRECT_MATCH
2659,New_Images,007559.jpg,007559,NONE,Unmasked,UNRECOGNIZED,0.275,0.35,TN,CORRECTLY_REJECTED_UNKNOWN
2660,New_Images,006288.jpg,006288,NONE,Unmasked,UNRECOGNIZED,0.2359,0.35,TN,CORRECTLY_REJECTED_UNKNOWN
2661,Masked Images,000850__CLT__masked.jpg,000850,CLT,Cloth Mask,000850,0.8602,0.35,TP,CORRECT_MATCH
2662,New_Images,006672.jpg,006672,NONE,Unmasked,UNRECOGNIZED,0.231,0.35,TN,CORRECTLY_REJECTED_UNKNOWN
2663,New_Images,008120.jpg,008120,NONE,Unmasked,NO_FACE_DETECTED,0.0,0.35,TN,No Face Detected by SCRFD
2664,New_Images,005358.jpg,005358,NONE,Unmasked,NO_FACE_DETECTED,0.0,0.35,TN,No Face Detected by SCRFD
2665,New_Images,008518.jpg,008518,NONE,Unmasked,NO_FACE_DETECTED,0.0,0.35,TN,No Face Detected by SCRFD
2666,New_Images,006687.jpg,006687,NONE,Unmasked,NO_FACE_DETECTED,0.0,0.35,TN,No Face Detected by SCRFD
2667,New_Images,005403.jpg,005403,NONE,Unmasked,UNRECOGNIZED,0.2383,0.35,TN,CORRECTLY_REJECTED_UNKNOWN
2668,New_Images,005197.jpg,005197,NONE,Unmasked,UNRECOGNIZED,0.2283,0.35,TN,CORRECTLY_REJECTED_UNKNOWN
2669,New_Images,007349.jpg,007349,NONE,Unmasked,UNRECOGNIZED,0.2574,0.35,TN,CORRECTLY_REJECTED_UNKNOWN
2670,New_Images,006221.jpg,006221,NONE,Unmasked,NO_FACE_DETECTED,0.0,0.35,TN,No Face Detected by SCRFD
2671,New_Images,008949.jpg,008949,NONE,Unmasked,UNRECOGNIZED,0.3124,0.35,TN,CORRECTLY_REJECTED_UNKNOWN
2672,New_Images,006455.jpg,006455,NONE,Unmasked,UNRECOGNIZED,0.3314,0.35,TN,CORRECTLY_REJECTED_UNKNOWN
2673,New_Images,007948.jpg,007948,NONE,Unmasked,UNRECOGNIZED,0.2917,0.35,TN,CORRECTLY_REJECTED_UNKNOWN
2674,New_Images,008595.jpg,008595,NONE,Unmasked,NO_FACE_DETECTED,0.0,0.35,TN,No Face Detected by SCRFD
2675,New_Images,009418.jpg,009418,NONE,Unmasked,UNRECOGNIZED,0.2587,0.35,TN,CORRECTLY_REJECTED_UNKNOWN
2676,Masked Images,000758__K95__masked.jpg,000758,K95,KN95 Mask,000758,0.9311,0.35,TP,CORRECT_MATCH
2677,New_Images,008745.jpg,008745,NONE,Unmasked,NO_FACE_DETECTED,0.0,0.35,TN,No Face Detected by SCRFD
2678,New_Images,007257.jpg,007257,NONE,Unmasked,NO_FACE_DETECTED,0.0,0.35,TN,No Face Detected by SCRFD
2679,New_Images,008568.jpg,008568,NONE,Unmasked,UNRECOGNIZED,0.2842,0.35,TN,CORRECTLY_REJECTED_UNKNOWN
2680,New_Images,008335.jpg,008335,NONE,Unmasked,UNRECOGNIZED,0.2816,0.35,TN,CORRECTLY_REJECTED_UNKNOWN
2681,New_Images,006936.jpg,006936,NONE,Unmasked,UNRECOGNIZED,0.2329,0.35,TN,CORRECTLY_REJECTED_UNKNOWN
2682,New_Images,006928.jpg,006928,NONE,Unmasked,UNRECOGNIZED,0.245,0.35,TN,CORRECTLY_REJECTED_UNKNOWN
2683,Masked Images,000585__K95__masked.jpg,000585,K95,KN95 Mask,000585,0.9678,0.35,TP,CORRECT_MATCH
2684,New_Images,006297.jpg,006297,NONE,Unmasked,UNRECOGNIZED,0.3179,0.35,TN,CORRECTLY_REJECTED_UNKNOWN
2685,New_Images,006529.jpg,006529,NONE,Unmasked,UNRECOGNIZED,0.2394,0.35,TN,CORRECTLY_REJECTED_UNKNOWN
2686,New_Images,006742.jpg,006742,NONE,Unmasked,NO_FACE_DETECTED,0.0,0.35,TN,No Face Detected by SCRFD
2687,New_Images,005234.jpg,005234,NONE,Unmasked,UNRECOGNIZED,0.293,0.35,TN,CORRECTLY_REJECTED_UNKNOWN
2688,New_Images,005666.jpg,005666,NONE,Unmasked,NO_FACE_DETECTED,0.0,0.35,TN,No Face Detected by SCRFD
2689,New_Images,005212.jpg,005212,NONE,Unmasked,NO_FACE_DETECTED,0.0,0.35,TN,No Face Detected by SCRFD
2690,New_Images,008955.jpg,008955,NONE,Unmasked,NO_FACE_DETECTED,0.0,0.35,TN,No Face Detected by SCRFD
2691,New_Images,006403.jpg,006403,NONE,Unmasked,UNRECOGNIZED,0.2521,0.35,TN,CORRECTLY_REJECTED_UNKNOWN
2692,New_Images,005223.jpg,005223,NONE,Unmasked,UNRECOGNIZED,0.2184,0.35,TN,CORRECTLY_REJECTED_UNKNOWN
2693,New_Images,008724.jpg,008724,NONE,Unmasked,NO_FACE_DETECTED,0.0,0.35,TN,No Face Detected by SCRFD
2694,New_Images,006756.jpg,006756,NONE,Unmasked,UNRECOGNIZED,0.2644,0.35,TN,CORRECTLY_REJECTED_UNKNOWN
2695,New_Images,005110.jpg,005110,NONE,Unmasked,UNRECOGNIZED,0.2735,0.35,TN,CORRECTLY_REJECTED_UNKNOWN
2696,New_Images,007017.jpg,007017,NONE,Unmasked,UNRECOGNIZED,0.2472,0.35,TN,CORRECTLY_REJECTED_UNKNOWN
2697,New_Images,006740.jpg,006740,NONE,Unmasked,UNRECOGNIZED,0.2593,0.35,TN,CORRECTLY_REJECTED_UNKNOWN
2698,New_Images,008693.jpg,008693,NONE,Unmasked,UNRECOGNIZED,0.2626,0.35,TN,CORRECTLY_REJECTED_UNKNOWN
2699,Masked Images,000832__SUR__masked.jpg,000832,SUR,Surgical Mask,000832,0.8697,0.35,TP,CORRECT_MATCH
2700,New_Images,007245.jpg,007245,NONE,Unmasked,NO_FACE_DETECTED,0.0,0.35,TN,No Face Detected by SCRFD
2701,New_Images,007900.jpg,007900,NONE,Unmasked,UNRECOGNIZED,0.3077,0.35,TN,CORRECTLY_REJECTED_UNKNOWN
2702,New_Images,008329.jpg,008329,NONE,Unmasked,UNRECOGNIZED,0.2276,0.35,TN,CORRECTLY_REJECTED_UNKNOWN
2703,New_Images,007600.jpg,007600,NONE,Unmasked,UNRECOGNIZED,0.2632,0.35,TN,CORRECTLY_REJECTED_UNKNOWN
2704,Masked Images,001047__SUR__masked.jpg,001047,SUR,Surgical Mask,001047,0.911,0.35,TP,CORRECT_MATCH
2705,New_Images,009495.jpg,009495,NONE,Unmasked,UNRECOGNIZED,0.2343,0.35,TN,CORRECTLY_REJECTED_UNKNOWN
2706,New_Images,005342.jpg,005342,NONE,Unmasked,UNRECOGNIZED,0.2768,0.35,TN,CORRECTLY_REJECTED_UNKNOWN
2707,New_Images,006675.jpg,006675,NONE,Unmasked,UNRECOGNIZED,0.2602,0.35,TN,CORRECTLY_REJECTED_UNKNOWN
2708,New_Images,007301.jpg,007301,NONE,Unmasked,UNRECOGNIZED,0.234,0.35,TN,CORRECTLY_REJECTED_UNKNOWN
2709,New_Images,007389.jpg,007389,NONE,Unmasked,UNRECOGNIZED,0.301,0.35,TN,CORRECTLY_REJECTED_UNKNOWN
2710,New_Images,005587.jpg,005587,NONE,Unmasked,UNRECOGNIZED,0.2349,0.35,TN,CORRECTLY_REJECTED_UNKNOWN
2711,Masked Images,001172__SUR__masked.jpg,001172,SUR,Surgical Mask,001172,0.8648,0.35,TP,CORRECT_MATCH
2712,New_Images,005643.jpg,005643,NONE,Unmasked,UNRECOGNIZED,0.2756,0.35,TN,CORRECTLY_REJECTED_UNKNOWN
2713,Masked Images,000715__GAS__masked.jpg,000715,GAS,Gas Mask,000715,0.9148,0.35,TP,CORRECT_MATCH
2714,Masked Images,000277__GAS__masked.jpg,000277,GAS,Gas Mask,000277,0.9248,0.35,TP,CORRECT_MATCH
2715,New_Images,008803.jpg,008803,NONE,Unmasked,UNRECOGNIZED,0.2537,0.35,TN,CORRECTLY_REJECTED_UNKNOWN
2716,New_Images,005882.jpg,005882,NONE,Unmasked,NO_FACE_DETECTED,0.0,0.35,TN,No Face Detected by SCRFD
2717,New_Images,006873.jpg,006873,NONE,Unmasked,UNRECOGNIZED,0.3011,0.35,TN,CORRECTLY_REJECTED_UNKNOWN
2718,New_Images,005096.jpg,005096,NONE,Unmasked,NO_FACE_DETECTED,0.0,0.35,TN,No Face Detected by SCRFD
2719,Masked Images,001141__N95__masked.jpg,001141,N95,N95 Mask,001141,0.8564,0.35,TP,CORRECT_MATCH
2720,New_Images,007675.jpg,007675,NONE,Unmasked,UNRECOGNIZED,0.2118,0.35,TN,CORRECTLY_REJECTED_UNKNOWN
2721,New_Images,006585.jpg,006585,NONE,Unmasked,UNRECOGNIZED,0.2401,0.35,TN,CORRECTLY_REJECTED_UNKNOWN
2722,New_Images,008494.jpg,008494,NONE,Unmasked,UNRECOGNIZED,0.2293,0.35,TN,CORRECTLY_REJECTED_UNKNOWN
2723,New_Images,008071.jpg,008071,NONE,Unmasked,UNRECOGNIZED,0.1919,0.35,TN,CORRECTLY_REJECTED_UNKNOWN
2724,New_Images,005997.jpg,005997,NONE,Unmasked,NO_FACE_DETECTED,0.0,0.35,TN,No Face Detected by SCRFD
2725,New_Images,006205.jpg,006205,NONE,Unmasked,UNRECOGNIZED,0.2334,0.35,TN,CORRECTLY_REJECTED_UNKNOWN
2726,New_Images,008835.jpg,008835,NONE,Unmasked,NO_FACE_DETECTED,0.0,0.35,TN,No Face Detected by SCRFD
2727,New_Images,009409.jpg,009409,NONE,Unmasked,UNRECOGNIZED,0.2699,0.35,TN,CORRECTLY_REJECTED_UNKNOWN
2728,New_Images,008188.jpg,008188,NONE,Unmasked,UNRECOGNIZED,0.2387,0.35,TN,CORRECTLY_REJECTED_UNKNOWN
2729,New_Images,008153.jpg,008153,NONE,Unmasked,UNRECOGNIZED,0.2165,0.35,TN,CORRECTLY_REJECTED_UNKNOWN
2730,New_Images,009497.jpg,009497,NONE,Unmasked,UNRECOGNIZED,0.2057,0.35,TN,CORRECTLY_REJECTED_UNKNOWN
2731,New_Images,005058.jpg,005058,NONE,Unmasked,UNRECOGNIZED,0.2475,0.35,TN,CORRECTLY_REJECTED_UNKNOWN
2732,New_Images,008253.jpg,008253,NONE,Unmasked,UNRECOGNIZED,0.2348,0.35,TN,CORRECTLY_REJECTED_UNKNOWN
2733,New_Images,008820.jpg,008820,NONE,Unmasked,UNRECOGNIZED,0.257,0.35,TN,CORRECTLY_REJECTED_UNKNOWN
2734,New_Images,005191.jpg,005191,NONE,Unmasked,NO_FACE_DETECTED,0.0,0.35,TN,No Face Detected by SCRFD
2735,New_Images,006938.jpg,006938,NONE,Unmasked,NO_FACE_DETECTED,0.0,0.35,TN,No Face Detected by SCRFD
2736,New_Images,008598.jpg,008598,NONE,Unmasked,NO_FACE_DETECTED,0.0,0.35,TN,No Face Detected by SCRFD
2737,Masked Images,000402__N95__masked.jpg,000402,N95,N95 Mask,000402,0.908,0.35,TP,CORRECT_MATCH
2738,New_Images,006133.jpg,006133,NONE,Unmasked,UNRECOGNIZED,0.2836,0.35,TN,CORRECTLY_REJECTED_UNKNOWN
2739,New_Images,005312.jpg,005312,NONE,Unmasked,UNRECOGNIZED,0.2396,0.35,TN,CORRECTLY_REJECTED_UNKNOWN
2740,Masked Images,000388__K95__masked.jpg,000388,K95,KN95 Mask,000388,0.9479,0.35,TP,CORRECT_MATCH
2741,New_Images,008883.jpg,008883,NONE,Unmasked,UNRECOGNIZED,0.2248,0.35,TN,CORRECTLY_REJECTED_UNKNOWN
2742,Masked Images,000447__CLT__masked.jpg,000447,CLT,Cloth Mask,000447,0.8642,0.35,TP,CORRECT_MATCH
2743,New_Images,005534.jpg,005534,NONE,Unmasked,UNRECOGNIZED,0.2522,0.35,TN,CORRECTLY_REJECTED_UNKNOWN
2744,New_Images,005961.jpg,005961,NONE,Unmasked,UNRECOGNIZED,0.2579,0.35,TN,CORRECTLY_REJECTED_UNKNOWN
2745,New_Images,006135.jpg,006135,NONE,Unmasked,UNRECOGNIZED,0.2565,0.35,TN,CORRECTLY_REJECTED_UNKNOWN
2746,New_Images,009357.jpg,009357,NONE,Unmasked,UNRECOGNIZED,0.2818,0.35,TN,CORRECTLY_REJECTED_UNKNOWN
2747,New_Images,005701.jpg,005701,NONE,Unmasked,UNRECOGNIZED,0.2028,0.35,TN,CORRECTLY_REJECTED_UNKNOWN
2748,New_Images,008989.jpg,008989,NONE,Unmasked,UNRECOGNIZED,0.2652,0.35,TN,CORRECTLY_REJECTED_UNKNOWN
2749,New_Images,007940.jpg,007940,NONE,Unmasked,NO_FACE_DETECTED,0.0,0.35,TN,No Face Detected by SCRFD
2750,New_Images,008038.jpg,008038,NONE,Unmasked,UNRECOGNIZED,0.2275,0.35,TN,CORRECTLY_REJECTED_UNKNOWN
2751,New_Images,009527.jpg,009527,NONE,Unmasked,UNRECOGNIZED,0.2282,0.35,TN,CORRECTLY_REJECTED_UNKNOWN
2752,Masked Images,000442__CLT__masked.jpg,000442,CLT,Cloth Mask,000442,0.9351,0.35,TP,CORRECT_MATCH
2753,Masked Images,001144__GAS__masked.jpg,001144,GAS,Gas Mask,001144,0.9105,0.35,TP,CORRECT_MATCH
2754,New_Images,005337.jpg,005337,NONE,Unmasked,UNRECOGNIZED,0.2707,0.35,TN,CORRECTLY_REJECTED_UNKNOWN
2755,New_Images,005684.jpg,005684,NONE,Unmasked,UNRECOGNIZED,0.2176,0.35,TN,CORRECTLY_REJECTED_UNKNOWN
2756,New_Images,007041.jpg,007041,NONE,Unmasked,NO_FACE_DETECTED,0.0,0.35,TN,No Face Detected by SCRFD
2757,New_Images,007225.jpg,007225,NONE,Unmasked,UNRECOGNIZED,0.2808,0.35,TN,CORRECTLY_REJECTED_UNKNOWN
2758,Masked Images,000395__GAS__masked.jpg,000395,GAS,Gas Mask,000395,0.4432,0.35,TP,CORRECT_MATCH
2759,New_Images,007997.jpg,007997,NONE,Unmasked,UNRECOGNIZED,0.2559,0.35,TN,CORRECTLY_REJECTED_UNKNOWN
2760,New_Images,007934.jpg,007934,NONE,Unmasked,NO_FACE_DETECTED,0.0,0.35,TN,No Face Detected by SCRFD
2761,New_Images,008633.jpg,008633,NONE,Unmasked,UNRECOGNIZED,0.245,0.35,TN,CORRECTLY_REJECTED_UNKNOWN
2762,New_Images,005458.jpg,005458,NONE,Unmasked,UNRECOGNIZED,0.2692,0.35,TN,CORRECTLY_REJECTED_UNKNOWN
2763,New_Images,006628.jpg,006628,NONE,Unmasked,NO_FACE_DETECTED,0.0,0.35,TN,No Face Detected by SCRFD
2764,New_Images,006459.jpg,006459,NONE,Unmasked,UNRECOGNIZED,0.2574,0.35,TN,CORRECTLY_REJECTED_UNKNOWN
2765,New_Images,006800.jpg,006800,NONE,Unmasked,UNRECOGNIZED,0.23,0.35,TN,CORRECTLY_REJECTED_UNKNOWN
2766,New_Images,009332.jpg,009332,NONE,Unmasked,UNRECOGNIZED,0.2408,0.35,TN,CORRECTLY_REJECTED_UNKNOWN
2767,Masked Images,001137__K95__masked.jpg,001137,K95,KN95 Mask,001137,0.8842,0.35,TP,CORRECT_MATCH
2768,New_Images,008112.jpg,008112,NONE,Unmasked,UNRECOGNIZED,0.2778,0.35,TN,CORRECTLY_REJECTED_UNKNOWN
2769,New_Images,008039.jpg,008039,NONE,Unmasked,UNRECOGNIZED,0.2205,0.35,TN,CORRECTLY_REJECTED_UNKNOWN
2770,New_Images,009605.jpg,009605,NONE,Unmasked,UNRECOGNIZED,0.2253,0.35,TN,CORRECTLY_REJECTED_UNKNOWN
2771,New_Images,006811.jpg,006811,NONE,Unmasked,UNRECOGNIZED,0.2222,0.35,TN,CORRECTLY_REJECTED_UNKNOWN
2772,New_Images,009120.jpg,009120,NONE,Unmasked,NO_FACE_DETECTED,0.0,0.35,TN,No Face Detected by SCRFD
2773,Masked Images,000372__N95__masked.jpg,000372,N95,N95 Mask,000372,0.6456,0.35,TP,CORRECT_MATCH
2774,New_Images,005419.jpg,005419,NONE,Unmasked,UNRECOGNIZED,0.2298,0.35,TN,CORRECTLY_REJECTED_UNKNOWN
2775,New_Images,009398.jpg,009398,NONE,Unmasked,NO_FACE_DETECTED,0.0,0.35,TN,No Face Detected by SCRFD
2776,New_Images,006262.jpg,006262,NONE,Unmasked,UNRECOGNIZED,0.2506,0.35,TN,CORRECTLY_REJECTED_UNKNOWN
2777,Masked Images,000791__SUR__masked.jpg,000791,SUR,Surgical Mask,000791,0.8461,0.35,TP,CORRECT_MATCH
2778,New_Images,005631.jpg,005631,NONE,Unmasked,NO_FACE_DETECTED,0.0,0.35,TN,No Face Detected by SCRFD
2779,New_Images,005400.jpg,005400,NONE,Unmasked,UNRECOGNIZED,0.3108,0.35,TN,CORRECTLY_REJECTED_UNKNOWN
2780,New_Images,008812.jpg,008812,NONE,Unmasked,NO_FACE_DETECTED,0.0,0.35,TN,No Face Detected by SCRFD
2781,New_Images,005320.jpg,005320,NONE,Unmasked,NO_FACE_DETECTED,0.0,0.35,TN,No Face Detected by SCRFD
2782,New_Images,008165.jpg,008165,NONE,Unmasked,UNRECOGNIZED,0.2894,0.35,TN,CORRECTLY_REJECTED_UNKNOWN
2783,New_Images,008895.jpg,008895,NONE,Unmasked,UNRECOGNIZED,0.2539,0.35,TN,CORRECTLY_REJECTED_UNKNOWN
2784,New_Images,005708.jpg,005708,NONE,Unmasked,UNRECOGNIZED,0.253,0.35,TN,CORRECTLY_REJECTED_UNKNOWN
2785,New_Images,007845.jpg,007845,NONE,Unmasked,NO_FACE_DETECTED,0.0,0.35,TN,No Face Detected by SCRFD
2786,New_Images,006460.jpg,006460,NONE,Unmasked,NO_FACE_DETECTED,0.0,0.35,TN,No Face Detected by SCRFD
2787,New_Images,008358.jpg,008358,NONE,Unmasked,NO_FACE_DETECTED,0.0,0.35,TN,No Face Detected by SCRFD
2788,New_Images,005199.jpg,005199,NONE,Unmasked,UNRECOGNIZED,0.2405,0.35,TN,CORRECTLY_REJECTED_UNKNOWN
2789,New_Images,009519.jpg,009519,NONE,Unmasked,NO_FACE_DETECTED,0.0,0.35,TN,No Face Detected by SCRFD
2790,New_Images,006302.jpg,006302,NONE,Unmasked,NO_FACE_DETECTED,0.0,0.35,TN,No Face Detected by SCRFD
2791,New_Images,006377.jpg,006377,NONE,Unmasked,UNRECOGNIZED,0.2357,0.35,TN,CORRECTLY_REJECTED_UNKNOWN
2792,New_Images,007584.jpg,007584,NONE,Unmasked,UNRECOGNIZED,0.2208,0.35,TN,CORRECTLY_REJECTED_UNKNOWN
2793,New_Images,005258.jpg,005258,NONE,Unmasked,NO_FACE_DETECTED,0.0,0.35,TN,No Face Detected by SCRFD
2794,Masked Images,000330__N95__masked.jpg,000330,N95,N95 Mask,000330,0.8934,0.35,TP,CORRECT_MATCH
2795,Masked Images,000985__SUR__masked.jpg,000985,SUR,Surgical Mask,000985,0.5956,0.35,TP,CORRECT_MATCH
2796,New_Images,005653.jpg,005653,NONE,Unmasked,UNRECOGNIZED,0.2249,0.35,TN,CORRECTLY_REJECTED_UNKNOWN
2797,Masked Images,000422__SUR__masked.jpg,000422,SUR,Surgical Mask,000422,0.8955,0.35,TP,CORRECT_MATCH
2798,Masked Images,000236__GAS__masked.jpg,000236,GAS,Gas Mask,000236,0.9159,0.35,TP,CORRECT_MATCH
2799,New_Images,005279.jpg,005279,NONE,Unmasked,UNRECOGNIZED,0.2217,0.35,TN,CORRECTLY_REJECTED_UNKNOWN
2800,New_Images,008696.jpg,008696,NONE,Unmasked,UNRECOGNIZED,0.2479,0.35,TN,CORRECTLY_REJECTED_UNKNOWN
2801,Masked Images,000341__N95__masked.jpg,000341,N95,N95 Mask,000341,0.8987,0.35,TP,CORRECT_MATCH
2802,New_Images,006790.jpg,006790,NONE,Unmasked,UNRECOGNIZED,0.3039,0.35,TN,CORRECTLY_REJECTED_UNKNOWN
2803,New_Images,008055.jpg,008055,NONE,Unmasked,UNRECOGNIZED,0.2489,0.35,TN,CORRECTLY_REJECTED_UNKNOWN
2804,New_Images,005221.jpg,005221,NONE,Unmasked,NO_FACE_DETECTED,0.0,0.35,TN,No Face Detected by SCRFD
2805,New_Images,006077.jpg,006077,NONE,Unmasked,UNRECOGNIZED,0.2779,0.35,TN,CORRECTLY_REJECTED_UNKNOWN
2806,New_Images,008556.jpg,008556,NONE,Unmasked,UNRECOGNIZED,0.2412,0.35,TN,CORRECTLY_REJECTED_UNKNOWN
2807,New_Images,005456.jpg,005456,NONE,Unmasked,UNRECOGNIZED,0.2151,0.35,TN,CORRECTLY_REJECTED_UNKNOWN
2808,New_Images,008502.jpg,008502,NONE,Unmasked,UNRECOGNIZED,0.2358,0.35,TN,CORRECTLY_REJECTED_UNKNOWN
2809,Masked Images,001020__GAS__masked.jpg,001020,GAS,Gas Mask,001020,0.8771,0.35,TP,CORRECT_MATCH
2810,New_Images,008410.jpg,008410,NONE,Unmasked,NO_FACE_DETECTED,0.0,0.35,TN,No Face Detected by SCRFD
2811,New_Images,007171.jpg,007171,NONE,Unmasked,UNRECOGNIZED,0.2485,0.35,TN,CORRECTLY_REJECTED_UNKNOWN
2812,New_Images,007399.jpg,007399,NONE,Unmasked,NO_FACE_DETECTED,0.0,0.35,TN,No Face Detected by SCRFD
2813,Masked Images,000335__SUR__masked.jpg,000335,SUR,Surgical Mask,000335,0.9014,0.35,TP,CORRECT_MATCH
2814,New_Images,008986.jpg,008986,NONE,Unmasked,UNRECOGNIZED,0.2238,0.35,TN,CORRECTLY_REJECTED_UNKNOWN
2815,New_Images,007427.jpg,007427,NONE,Unmasked,NO_FACE_DETECTED,0.0,0.35,TN,No Face Detected by SCRFD
2816,New_Images,009475.jpg,009475,NONE,Unmasked,UNRECOGNIZED,0.218,0.35,TN,CORRECTLY_REJECTED_UNKNOWN
2817,New_Images,008274.jpg,008274,NONE,Unmasked,UNRECOGNIZED,0.2639,0.35,TN,CORRECTLY_REJECTED_UNKNOWN
2818,New_Images,006757.jpg,006757,NONE,Unmasked,UNRECOGNIZED,0.2294,0.35,TN,CORRECTLY_REJECTED_UNKNOWN
2819,New_Images,005151.jpg,005151,NONE,Unmasked,UNRECOGNIZED,0.2422,0.35,TN,CORRECTLY_REJECTED_UNKNOWN
2820,New_Images,006741.jpg,006741,NONE,Unmasked,UNRECOGNIZED,0.2477,0.35,TN,CORRECTLY_REJECTED_UNKNOWN
2821,Masked Images,000142__GAS__masked.jpg,000142,GAS,Gas Mask,000142,0.907,0.35,TP,CORRECT_MATCH
2822,New_Images,006558.jpg,006558,NONE,Unmasked,NO_FACE_DETECTED,0.0,0.35,TN,No Face Detected by SCRFD
2823,New_Images,007581.jpg,007581,NONE,Unmasked,UNRECOGNIZED,0.2565,0.35,TN,CORRECTLY_REJECTED_UNKNOWN
2824,New_Images,007275.jpg,007275,NONE,Unmasked,NO_FACE_DETECTED,0.0,0.35,TN,No Face Detected by SCRFD
2825,New_Images,009360.jpg,009360,NONE,Unmasked,UNRECOGNIZED,0.2249,0.35,TN,CORRECTLY_REJECTED_UNKNOWN
2826,New_Images,006666.jpg,006666,NONE,Unmasked,UNRECOGNIZED,0.2296,0.35,TN,CORRECTLY_REJECTED_UNKNOWN
2827,New_Images,006781.jpg,006781,NONE,Unmasked,UNRECOGNIZED,0.2612,0.35,TN,CORRECTLY_REJECTED_UNKNOWN
2828,Masked Images,000205__SUR__masked.jpg,000205,SUR,Surgical Mask,000205,0.9229,0.35,TP,CORRECT_MATCH
2829,New_Images,008305.jpg,008305,NONE,Unmasked,UNRECOGNIZED,0.2494,0.35,TN,CORRECTLY_REJECTED_UNKNOWN
2830,New_Images,005810.jpg,005810,NONE,Unmasked,NO_FACE_DETECTED,0.0,0.35,TN,No Face Detected by SCRFD
2831,New_Images,006184.jpg,006184,NONE,Unmasked,UNRECOGNIZED,0.2444,0.35,TN,CORRECTLY_REJECTED_UNKNOWN
2832,Masked Images,000899__SUR__masked.jpg,000899,SUR,Surgical Mask,000899,0.8782,0.35,TP,CORRECT_MATCH
2833,New_Images,008265.jpg,008265,NONE,Unmasked,UNRECOGNIZED,0.2274,0.35,TN,CORRECTLY_REJECTED_UNKNOWN
2834,New_Images,008380.jpg,008380,NONE,Unmasked,UNRECOGNIZED,0.2121,0.35,TN,CORRECTLY_REJECTED_UNKNOWN
2835,New_Images,007078.jpg,007078,NONE,Unmasked,UNRECOGNIZED,0.2808,0.35,TN,CORRECTLY_REJECTED_UNKNOWN
2836,New_Images,008776.jpg,008776,NONE,Unmasked,NO_FACE_DETECTED,0.0,0.35,TN,No Face Detected by SCRFD
2837,New_Images,008091.jpg,008091,NONE,Unmasked,UNRECOGNIZED,0.243,0.35,TN,CORRECTLY_REJECTED_UNKNOWN
2838,New_Images,008218.jpg,008218,NONE,Unmasked,UNRECOGNIZED,0.2732,0.35,TN,CORRECTLY_REJECTED_UNKNOWN
2839,New_Images,006504.jpg,006504,NONE,Unmasked,UNRECOGNIZED,0.2753,0.35,TN,CORRECTLY_REJECTED_UNKNOWN
2840,New_Images,005640.jpg,005640,NONE,Unmasked,NO_FACE_DETECTED,0.0,0.35,TN,No Face Detected by SCRFD
2841,New_Images,005910.jpg,005910,NONE,Unmasked,UNRECOGNIZED,0.2197,0.35,TN,CORRECTLY_REJECTED_UNKNOWN
2842,New_Images,007822.jpg,007822,NONE,Unmasked,UNRECOGNIZED,0.2313,0.35,TN,CORRECTLY_REJECTED_UNKNOWN
2843,New_Images,007589.jpg,007589,NONE,Unmasked,UNRECOGNIZED,0.1905,0.35,TN,CORRECTLY_REJECTED_UNKNOWN
2844,Masked Images,000042__CLT__masked.jpg,000042,CLT,Cloth Mask,000042,0.9257,0.35,TP,CORRECT_MATCH
2845,New_Images,006471.jpg,006471,NONE,Unmasked,UNRECOGNIZED,0.2393,0.35,TN,CORRECTLY_REJECTED_UNKNOWN
2846,Masked Images,000247__GAS__masked.jpg,000247,GAS,Gas Mask,000247,0.6856,0.35,TP,CORRECT_MATCH
2847,New_Images,008356.jpg,008356,NONE,Unmasked,NO_FACE_DETECTED,0.0,0.35,TN,No Face Detected by SCRFD
2848,New_Images,009298.jpg,009298,NONE,Unmasked,UNRECOGNIZED,0.2587,0.35,TN,CORRECTLY_REJECTED_UNKNOWN
2849,New_Images,008391.jpg,008391,NONE,Unmasked,UNRECOGNIZED,0.2858,0.35,TN,CORRECTLY_REJECTED_UNKNOWN
2850,New_Images,006981.jpg,006981,NONE,Unmasked,UNRECOGNIZED,0.2123,0.35,TN,CORRECTLY_REJECTED_UNKNOWN
2851,New_Images,008189.jpg,008189,NONE,Unmasked,NO_FACE_DETECTED,0.0,0.35,TN,No Face Detected by SCRFD
2852,New_Images,007793.jpg,007793,NONE,Unmasked,UNRECOGNIZED,0.3461,0.35,TN,CORRECTLY_REJECTED_UNKNOWN
2853,New_Images,007022.jpg,007022,NONE,Unmasked,UNRECOGNIZED,0.2665,0.35,TN,CORRECTLY_REJECTED_UNKNOWN
2854,New_Images,006524.jpg,006524,NONE,Unmasked,UNRECOGNIZED,0.2883,0.35,TN,CORRECTLY_REJECTED_UNKNOWN
2855,New_Images,007125.jpg,007125,NONE,Unmasked,UNRECOGNIZED,0.2825,0.35,TN,CORRECTLY_REJECTED_UNKNOWN
2856,Masked Images,000350__SUR__masked.jpg,000350,SUR,Surgical Mask,000350,0.8533,0.35,TP,CORRECT_MATCH
2857,New_Images,006664.jpg,006664,NONE,Unmasked,NO_FACE_DETECTED,0.0,0.35,TN,No Face Detected by SCRFD
2858,New_Images,006905.jpg,006905,NONE,Unmasked,UNRECOGNIZED,0.2412,0.35,TN,CORRECTLY_REJECTED_UNKNOWN
2859,Masked Images,000960__SUR__masked.jpg,000960,SUR,Surgical Mask,000960,0.9036,0.35,TP,CORRECT_MATCH
2860,New_Images,006718.jpg,006718,NONE,Unmasked,UNRECOGNIZED,0.2459,0.35,TN,CORRECTLY_REJECTED_UNKNOWN
2861,Masked Images,001032__N95__masked.jpg,001032,N95,N95 Mask,001032,0.8536,0.35,TP,CORRECT_MATCH
2862,New_Images,006177.jpg,006177,NONE,Unmasked,NO_FACE_DETECTED,0.0,0.35,TN,No Face Detected by SCRFD
2863,New_Images,005743.jpg,005743,NONE,Unmasked,UNRECOGNIZED,0.3183,0.35,TN,CORRECTLY_REJECTED_UNKNOWN
2864,New_Images,007550.jpg,007550,NONE,Unmasked,NO_FACE_DETECTED,0.0,0.35,TN,No Face Detected by SCRFD
2865,New_Images,006766.jpg,006766,NONE,Unmasked,NO_FACE_DETECTED,0.0,0.35,TN,No Face Detected by SCRFD
2866,New_Images,006881.jpg,006881,NONE,Unmasked,NO_FACE_DETECTED,0.0,0.35,TN,No Face Detected by SCRFD
2867,New_Images,005488.jpg,005488,NONE,Unmasked,UNRECOGNIZED,0.2675,0.35,TN,CORRECTLY_REJECTED_UNKNOWN
2868,Masked Images,001134__GAS__masked.jpg,001134,GAS,Gas Mask,001134,0.8958,0.35,TP,CORRECT_MATCH
2869,New_Images,008349.jpg,008349,NONE,Unmasked,UNRECOGNIZED,0.2655,0.35,TN,CORRECTLY_REJECTED_UNKNOWN
2870,New_Images,008320.jpg,008320,NONE,Unmasked,UNRECOGNIZED,0.2448,0.35,TN,CORRECTLY_REJECTED_UNKNOWN
2871,New_Images,006019.jpg,006019,NONE,Unmasked,UNRECOGNIZED,0.2554,0.35,TN,CORRECTLY_REJECTED_UNKNOWN
2872,New_Images,007711.jpg,007711,NONE,Unmasked,UNRECOGNIZED,0.2271,0.35,TN,CORRECTLY_REJECTED_UNKNOWN
2873,Masked Images,000818__N95__masked.jpg,000818,N95,N95 Mask,000818,0.6952,0.35,TP,CORRECT_MATCH
2874,New_Images,006900.jpg,006900,NONE,Unmasked,UNRECOGNIZED,0.2647,0.35,TN,CORRECTLY_REJECTED_UNKNOWN
2875,Masked Images,000640__GAS__masked.jpg,000640,GAS,Gas Mask,000640,0.9225,0.35,TP,CORRECT_MATCH
2876,New_Images,007180.jpg,007180,NONE,Unmasked,UNRECOGNIZED,0.2656,0.35,TN,CORRECTLY_REJECTED_UNKNOWN
2877,Masked Images,000415__GAS__masked.jpg,000415,GAS,Gas Mask,000415,0.8705,0.35,TP,CORRECT_MATCH
2878,Masked Images,000463__CLT__masked.jpg,000463,CLT,Cloth Mask,000463,0.9281,0.35,TP,CORRECT_MATCH
2879,Masked Images,000765__GAS__masked.jpg,000765,GAS,Gas Mask,000765,0.9074,0.35,TP,CORRECT_MATCH
2880,New_Images,007818.jpg,007818,NONE,Unmasked,UNRECOGNIZED,0.1916,0.35,TN,CORRECTLY_REJECTED_UNKNOWN
2881,New_Images,006623.jpg,006623,NONE,Unmasked,UNRECOGNIZED,0.2275,0.35,TN,CORRECTLY_REJECTED_UNKNOWN
2882,New_Images,006721.jpg,006721,NONE,Unmasked,NO_FACE_DETECTED,0.0,0.35,TN,No Face Detected by SCRFD
2883,New_Images,009522.jpg,009522,NONE,Unmasked,UNRECOGNIZED,0.2568,0.35,TN,CORRECTLY_REJECTED_UNKNOWN
2884,Masked Images,000075__SUR__masked.jpg,000075,SUR,Surgical Mask,000075,0.8558,0.35,TP,CORRECT_MATCH
2885,New_Images,005037.jpg,005037,NONE,Unmasked,NO_FACE_DETECTED,0.0,0.35,TN,No Face Detected by SCRFD
2886,New_Images,006057.jpg,006057,NONE,Unmasked,NO_FACE_DETECTED,0.0,0.35,TN,No Face Detected by SCRFD
2887,Masked Images,001167__SUR__masked.jpg,001167,SUR,Surgical Mask,001167,0.8648,0.35,TP,CORRECT_MATCH
2888,New_Images,008934.jpg,008934,NONE,Unmasked,NO_FACE_DETECTED,0.0,0.35,TN,No Face Detected by SCRFD
2889,New_Images,009007.jpg,009007,NONE,Unmasked,UNRECOGNIZED,0.2721,0.35,TN,CORRECTLY_REJECTED_UNKNOWN
2890,New_Images,008995.jpg,008995,NONE,Unmasked,UNRECOGNIZED,0.2753,0.35,TN,CORRECTLY_REJECTED_UNKNOWN
2891,New_Images,005547.jpg,005547,NONE,Unmasked,UNRECOGNIZED,0.2808,0.35,TN,CORRECTLY_REJECTED_UNKNOWN
2892,New_Images,007664.jpg,007664,NONE,Unmasked,NO_FACE_DETECTED,0.0,0.35,TN,No Face Detected by SCRFD
2893,New_Images,006042.jpg,006042,NONE,Unmasked,UNRECOGNIZED,0.2411,0.35,TN,CORRECTLY_REJECTED_UNKNOWN
2894,New_Images,007139.jpg,007139,NONE,Unmasked,UNRECOGNIZED,0.2682,0.35,TN,CORRECTLY_REJECTED_UNKNOWN
2895,New_Images,009073.jpg,009073,NONE,Unmasked,UNRECOGNIZED,0.2335,0.35,TN,CORRECTLY_REJECTED_UNKNOWN
2896,New_Images,009063.jpg,009063,NONE,Unmasked,NO_FACE_DETECTED,0.0,0.35,TN,No Face Detected by SCRFD
2897,New_Images,008084.jpg,008084,NONE,Unmasked,NO_FACE_DETECTED,0.0,0.35,TN,No Face Detected by SCRFD
2898,New_Images,005842.jpg,005842,NONE,Unmasked,UNRECOGNIZED,0.2346,0.35,TN,CORRECTLY_REJECTED_UNKNOWN
2899,New_Images,007509.jpg,007509,NONE,Unmasked,UNRECOGNIZED,0.2901,0.35,TN,CORRECTLY_REJECTED_UNKNOWN
2900,New_Images,006594.jpg,006594,NONE,Unmasked,UNRECOGNIZED,0.3274,0.35,TN,CORRECTLY_REJECTED_UNKNOWN
2901,New_Images,007684.jpg,007684,NONE,Unmasked,NO_FACE_DETECTED,0.0,0.35,TN,No Face Detected by SCRFD
2902,New_Images,008221.jpg,008221,NONE,Unmasked,NO_FACE_DETECTED,0.0,0.35,TN,No Face Detected by SCRFD
2903,Masked Images,000265__K95__masked.jpg,000265,K95,KN95 Mask,000265,0.9111,0.35,TP,CORRECT_MATCH
2904,New_Images,008679.jpg,008679,NONE,Unmasked,UNRECOGNIZED,0.1965,0.35,TN,CORRECTLY_REJECTED_UNKNOWN
2905,New_Images,005730.jpg,005730,NONE,Unmasked,UNRECOGNIZED,0.2562,0.35,TN,CORRECTLY_REJECTED_UNKNOWN
2906,New_Images,005934.jpg,005934,NONE,Unmasked,UNRECOGNIZED,0.2782,0.35,TN,CORRECTLY_REJECTED_UNKNOWN
2907,New_Images,009366.jpg,009366,NONE,Unmasked,UNRECOGNIZED,0.2319,0.35,TN,CORRECTLY_REJECTED_UNKNOWN
2908,New_Images,007190.jpg,007190,NONE,Unmasked,UNRECOGNIZED,0.2259,0.35,TN,CORRECTLY_REJECTED_UNKNOWN
2909,Masked Images,000649__CLT__masked.jpg,000649,CLT,Cloth Mask,000649,0.9342,0.35,TP,CORRECT_MATCH
2910,New_Images,009390.jpg,009390,NONE,Unmasked,UNRECOGNIZED,0.3044,0.35,TN,CORRECTLY_REJECTED_UNKNOWN
2911,Masked Images,000297__CLT__masked.jpg,000297,CLT,Cloth Mask,000297,0.9561,0.35,TP,CORRECT_MATCH
2912,New_Images,009140.jpg,009140,NONE,Unmasked,UNRECOGNIZED,0.2479,0.35,TN,CORRECTLY_REJECTED_UNKNOWN
2913,New_Images,006446.jpg,006446,NONE,Unmasked,UNRECOGNIZED,0.2778,0.35,TN,CORRECTLY_REJECTED_UNKNOWN
2914,New_Images,007226.jpg,007226,NONE,Unmasked,NO_FACE_DETECTED,0.0,0.35,TN,No Face Detected by SCRFD
2915,New_Images,005552.jpg,005552,NONE,Unmasked,UNRECOGNIZED,0.2288,0.35,TN,CORRECTLY_REJECTED_UNKNOWN
2916,New_Images,009535.jpg,009535,NONE,Unmasked,UNRECOGNIZED,0.2681,0.35,TN,CORRECTLY_REJECTED_UNKNOWN
2917,Masked Images,000213__CLT__masked.jpg,000213,CLT,Cloth Mask,000213,0.9324,0.35,TP,CORRECT_MATCH
2918,New_Images,007938.jpg,007938,NONE,Unmasked,UNRECOGNIZED,0.3127,0.35,TN,CORRECTLY_REJECTED_UNKNOWN
2919,New_Images,008418.jpg,008418,NONE,Unmasked,NO_FACE_DETECTED,0.0,0.35,TN,No Face Detected by SCRFD
2920,Masked Images,000146__CLT__masked.jpg,000146,CLT,Cloth Mask,000146,0.8968,0.35,TP,CORRECT_MATCH
2921,New_Images,006009.jpg,006009,NONE,Unmasked,UNRECOGNIZED,0.2578,0.35,TN,CORRECTLY_REJECTED_UNKNOWN
2922,Masked Images,000258__SUR__masked.jpg,000258,SUR,Surgical Mask,000258,0.8915,0.35,TP,CORRECT_MATCH
2923,New_Images,006796.jpg,006796,NONE,Unmasked,NO_FACE_DETECTED,0.0,0.35,TN,No Face Detected by SCRFD
2924,New_Images,007694.jpg,007694,NONE,Unmasked,UNRECOGNIZED,0.2297,0.35,TN,CORRECTLY_REJECTED_UNKNOWN
2925,New_Images,008013.jpg,008013,NONE,Unmasked,UNRECOGNIZED,0.2193,0.35,TN,CORRECTLY_REJECTED_UNKNOWN
2926,New_Images,008526.jpg,008526,NONE,Unmasked,UNRECOGNIZED,0.2526,0.35,TN,CORRECTLY_REJECTED_UNKNOWN
2927,New_Images,008257.jpg,008257,NONE,Unmasked,UNRECOGNIZED,0.2802,0.35,TN,CORRECTLY_REJECTED_UNKNOWN
2928,New_Images,006946.jpg,006946,NONE,Unmasked,NO_FACE_DETECTED,0.0,0.35,TN,No Face Detected by SCRFD
2929,Masked Images,000724__CLT__masked.jpg,000724,CLT,Cloth Mask,000724,0.9041,0.35,TP,CORRECT_MATCH
2930,New_Images,008888.jpg,008888,NONE,Unmasked,NO_FACE_DETECTED,0.0,0.35,TN,No Face Detected by SCRFD
2931,Masked Images,000720__GAS__masked.jpg,000720,GAS,Gas Mask,000720,0.8333,0.35,TP,CORRECT_MATCH
2932,New_Images,005750.jpg,005750,NONE,Unmasked,UNRECOGNIZED,0.2224,0.35,TN,CORRECTLY_REJECTED_UNKNOWN
2933,New_Images,005872.jpg,005872,NONE,Unmasked,NO_FACE_DETECTED,0.0,0.35,TN,No Face Detected by SCRFD
2934,New_Images,006491.jpg,006491,NONE,Unmasked,UNRECOGNIZED,0.2501,0.35,TN,CORRECTLY_REJECTED_UNKNOWN
2935,New_Images,009262.jpg,009262,NONE,Unmasked,UNRECOGNIZED,0.2396,0.35,TN,CORRECTLY_REJECTED_UNKNOWN
2936,Masked Images,001092__GAS__masked.jpg,001092,GAS,Gas Mask,001092,0.8556,0.35,TP,CORRECT_MATCH
2937,New_Images,007583.jpg,007583,NONE,Unmasked,NO_FACE_DETECTED,0.0,0.35,TN,No Face Detected by SCRFD
2938,New_Images,007551.jpg,007551,NONE,Unmasked,NO_FACE_DETECTED,0.0,0.35,TN,No Face Detected by SCRFD
2939,New_Images,008959.jpg,008959,NONE,Unmasked,NO_FACE_DETECTED,0.0,0.35,TN,No Face Detected by SCRFD
2940,New_Images,006118.jpg,006118,NONE,Unmasked,UNRECOGNIZED,0.2584,0.35,TN,CORRECTLY_REJECTED_UNKNOWN
2941,New_Images,005908.jpg,005908,NONE,Unmasked,NO_FACE_DETECTED,0.0,0.35,TN,No Face Detected by SCRFD
2942,Masked Images,001042__N95__masked.jpg,001042,N95,N95 Mask,001042,0.9234,0.35,TP,CORRECT_MATCH
2943,New_Images,006196.jpg,006196,NONE,Unmasked,UNRECOGNIZED,0.2436,0.35,TN,CORRECTLY_REJECTED_UNKNOWN
2944,New_Images,007274.jpg,007274,NONE,Unmasked,NO_FACE_DETECTED,0.0,0.35,TN,No Face Detected by SCRFD
2945,Masked Images,000977__K95__masked.jpg,000977,K95,KN95 Mask,000977,0.9428,0.35,TP,CORRECT_MATCH
2946,New_Images,005214.jpg,005214,NONE,Unmasked,UNRECOGNIZED,0.3486,0.35,TN,CORRECTLY_REJECTED_UNKNOWN
2947,Masked Images,000835__CLT__masked.jpg,000835,CLT,Cloth Mask,000835,0.927,0.35,TP,CORRECT_MATCH
2948,Masked Images,000655__GAS__masked.jpg,000655,GAS,Gas Mask,000655,0.9032,0.35,TP,CORRECT_MATCH
2949,New_Images,008150.jpg,008150,NONE,Unmasked,UNRECOGNIZED,0.2501,0.35,TN,CORRECTLY_REJECTED_UNKNOWN
2950,New_Images,005573.jpg,005573,NONE,Unmasked,UNRECOGNIZED,0.2611,0.35,TN,CORRECTLY_REJECTED_UNKNOWN
2951,New_Images,006812.jpg,006812,NONE,Unmasked,UNRECOGNIZED,0.2598,0.35,TN,CORRECTLY_REJECTED_UNKNOWN
2952,New_Images,006235.jpg,006235,NONE,Unmasked,NO_FACE_DETECTED,0.0,0.35,TN,No Face Detected by SCRFD
2953,New_Images,006255.jpg,006255,NONE,Unmasked,NO_FACE_DETECTED,0.0,0.35,TN,No Face Detected by SCRFD
2954,New_Images,007450.jpg,007450,NONE,Unmasked,UNRECOGNIZED,0.2695,0.35,TN,CORRECTLY_REJECTED_UNKNOWN
2955,New_Images,007138.jpg,007138,NONE,Unmasked,UNRECOGNIZED,0.2887,0.35,TN,CORRECTLY_REJECTED_UNKNOWN
2956,New_Images,007913.jpg,007913,NONE,Unmasked,NO_FACE_DETECTED,0.0,0.35,TN,No Face Detected by SCRFD
2957,Masked Images,000628__K95__masked.jpg,000628,K95,KN95 Mask,000628,0.9053,0.35,TP,CORRECT_MATCH
2958,Masked Images,000940__N95__masked.jpg,000940,N95,N95 Mask,000940,0.9109,0.35,TP,CORRECT_MATCH
2959,New_Images,006167.jpg,006167,NONE,Unmasked,UNRECOGNIZED,0.2852,0.35,TN,CORRECTLY_REJECTED_UNKNOWN
2960,Masked Images,000202__K95__masked.jpg,000202,K95,KN95 Mask,000202,0.8758,0.35,TP,CORRECT_MATCH
2961,New_Images,005558.jpg,005558,NONE,Unmasked,UNRECOGNIZED,0.2234,0.35,TN,CORRECTLY_REJECTED_UNKNOWN
2962,New_Images,005144.jpg,005144,NONE,Unmasked,UNRECOGNIZED,0.2404,0.35,TN,CORRECTLY_REJECTED_UNKNOWN
2963,New_Images,005381.jpg,005381,NONE,Unmasked,NO_FACE_DETECTED,0.0,0.35,TN,No Face Detected by SCRFD
2964,New_Images,008928.jpg,008928,NONE,Unmasked,UNRECOGNIZED,0.2375,0.35,TN,CORRECTLY_REJECTED_UNKNOWN
2965,New_Images,005174.jpg,005174,NONE,Unmasked,NO_FACE_DETECTED,0.0,0.35,TN,No Face Detected by SCRFD
2966,New_Images,008413.jpg,008413,NONE,Unmasked,NO_FACE_DETECTED,0.0,0.35,TN,No Face Detected by SCRFD
2967,New_Images,006822.jpg,006822,NONE,Unmasked,UNRECOGNIZED,0.2883,0.35,TN,CORRECTLY_REJECTED_UNKNOWN
2968,Masked Images,000425__CLT__masked.jpg,000425,CLT,Cloth Mask,000425,0.9452,0.35,TP,CORRECT_MATCH
2969,New_Images,007641.jpg,007641,NONE,Unmasked,UNRECOGNIZED,0.281,0.35,TN,CORRECTLY_REJECTED_UNKNOWN
2970,New_Images,009422.jpg,009422,NONE,Unmasked,NO_FACE_DETECTED,0.0,0.35,TN,No Face Detected by SCRFD
2971,New_Images,005963.jpg,005963,NONE,Unmasked,UNRECOGNIZED,0.2274,0.35,TN,CORRECTLY_REJECTED_UNKNOWN
2972,New_Images,005336.jpg,005336,NONE,Unmasked,UNRECOGNIZED,0.2402,0.35,TN,CORRECTLY_REJECTED_UNKNOWN
2973,New_Images,008262.jpg,008262,NONE,Unmasked,UNRECOGNIZED,0.2315,0.35,TN,CORRECTLY_REJECTED_UNKNOWN
2974,New_Images,007490.jpg,007490,NONE,Unmasked,UNRECOGNIZED,0.2247,0.35,TN,CORRECTLY_REJECTED_UNKNOWN
2975,New_Images,005334.jpg,005334,NONE,Unmasked,004910,0.3833,0.35,FP,MISIDENTIFIED_AS_004910
2976,New_Images,008236.jpg,008236,NONE,Unmasked,UNRECOGNIZED,0.2603,0.35,TN,CORRECTLY_REJECTED_UNKNOWN
2977,New_Images,007597.jpg,007597,NONE,Unmasked,NO_FACE_DETECTED,0.0,0.35,TN,No Face Detected by SCRFD
2978,New_Images,005772.jpg,005772,NONE,Unmasked,UNRECOGNIZED,0.2339,0.35,TN,CORRECTLY_REJECTED_UNKNOWN
2979,New_Images,009382.jpg,009382,NONE,Unmasked,NO_FACE_DETECTED,0.0,0.35,TN,No Face Detected by SCRFD
2980,New_Images,005022.jpg,005022,NONE,Unmasked,UNRECOGNIZED,0.304,0.35,TN,CORRECTLY_REJECTED_UNKNOWN
2981,New_Images,008670.jpg,008670,NONE,Unmasked,NO_FACE_DETECTED,0.0,0.35,TN,No Face Detected by SCRFD
2982,New_Images,006124.jpg,006124,NONE,Unmasked,UNRECOGNIZED,0.2329,0.35,TN,CORRECTLY_REJECTED_UNKNOWN
2983,New_Images,007441.jpg,007441,NONE,Unmasked,UNRECOGNIZED,0.2335,0.35,TN,CORRECTLY_REJECTED_UNKNOWN
2984,New_Images,008914.jpg,008914,NONE,Unmasked,UNRECOGNIZED,0.2634,0.35,TN,CORRECTLY_REJECTED_UNKNOWN
2985,New_Images,009591.jpg,009591,NONE,Unmasked,UNRECOGNIZED,0.2657,0.35,TN,CORRECTLY_REJECTED_UNKNOWN
2986,New_Images,007077.jpg,007077,NONE,Unmasked,NO_FACE_DETECTED,0.0,0.35,TN,No Face Detected by SCRFD
2987,New_Images,008423.jpg,008423,NONE,Unmasked,NO_FACE_DETECTED,0.0,0.35,TN,No Face Detected by SCRFD
2988,New_Images,006712.jpg,006712,NONE,Unmasked,UNRECOGNIZED,0.2829,0.35,TN,CORRECTLY_REJECTED_UNKNOWN
2989,New_Images,007242.jpg,007242,NONE,Unmasked,UNRECOGNIZED,0.2428,0.35,TN,CORRECTLY_REJECTED_UNKNOWN
2990,New_Images,009446.jpg,009446,NONE,Unmasked,UNRECOGNIZED,0.2649,0.35,TN,CORRECTLY_REJECTED_UNKNOWN
2991,New_Images,007108.jpg,007108,NONE,Unmasked,UNRECOGNIZED,0.2988,0.35,TN,CORRECTLY_REJECTED_UNKNOWN
2992,New_Images,008300.jpg,008300,NONE,Unmasked,NO_FACE_DETECTED,0.0,0.35,TN,No Face Detected by SCRFD
2993,New_Images,008169.jpg,008169,NONE,Unmasked,UNRECOGNIZED,0.2314,0.35,TN,CORRECTLY_REJECTED_UNKNOWN
2994,New_Images,008245.jpg,008245,NONE,Unmasked,UNRECOGNIZED,0.2746,0.35,TN,CORRECTLY_REJECTED_UNKNOWN
2995,New_Images,005104.jpg,005104,NONE,Unmasked,UNRECOGNIZED,0.2197,0.35,TN,CORRECTLY_REJECTED_UNKNOWN
2996,New_Images,005226.jpg,005226,NONE,Unmasked,NO_FACE_DETECTED,0.0,0.35,TN,No Face Detected by SCRFD
2997,Masked Images,000889__SUR__masked.jpg,000889,SUR,Surgical Mask,000889,0.9335,0.35,TP,CORRECT_MATCH
2998,New_Images,005826.jpg,005826,NONE,Unmasked,UNRECOGNIZED,0.2602,0.35,TN,CORRECTLY_REJECTED_UNKNOWN
2999,New_Images,009148.jpg,009148,NONE,Unmasked,NO_FACE_DETECTED,0.0,0.35,TN,No Face Detected by SCRFD
3000,New_Images,006152.jpg,006152,NONE,Unmasked,UNRECOGNIZED,0.2459,0.35,TN,CORRECTLY_REJECTED_UNKNOWN
3001,New_Images,006613.jpg,006613,NONE,Unmasked,UNRECOGNIZED,0.2227,0.35,TN,CORRECTLY_REJECTED_UNKNOWN
3002,New_Images,006829.jpg,006829,NONE,Unmasked,NO_FACE_DETECTED,0.0,0.35,TN,No Face Detected by SCRFD
3003,New_Images,006269.jpg,006269,NONE,Unmasked,UNRECOGNIZED,0.2607,0.35,TN,CORRECTLY_REJECTED_UNKNOWN
3004,Masked Images,000801__SUR__masked.jpg,000801,SUR,Surgical Mask,000801,0.8706,0.35,TP,CORRECT_MATCH
3005,New_Images,008111.jpg,008111,NONE,Unmasked,UNRECOGNIZED,0.2234,0.35,TN,CORRECTLY_REJECTED_UNKNOWN
3006,Masked Images,000175__N95__masked.jpg,000175,N95,N95 Mask,000175,0.8969,0.35,TP,CORRECT_MATCH
3007,New_Images,008206.jpg,008206,NONE,Unmasked,UNRECOGNIZED,0.2775,0.35,TN,CORRECTLY_REJECTED_UNKNOWN
3008,New_Images,006340.jpg,006340,NONE,Unmasked,UNRECOGNIZED,0.2116,0.35,TN,CORRECTLY_REJECTED_UNKNOWN
3009,New_Images,009349.jpg,009349,NONE,Unmasked,NO_FACE_DETECTED,0.0,0.35,TN,No Face Detected by SCRFD
3010,New_Images,005407.jpg,005407,NONE,Unmasked,UNRECOGNIZED,0.2546,0.35,TN,CORRECTLY_REJECTED_UNKNOWN
3011,Masked Images,001139__GAS__masked.jpg,001139,GAS,Gas Mask,001139,0.8508,0.35,TP,CORRECT_MATCH
3012,New_Images,008360.jpg,008360,NONE,Unmasked,NO_FACE_DETECTED,0.0,0.35,TN,No Face Detected by SCRFD
3013,Masked Images,000812__SUR__masked.jpg,000812,SUR,Surgical Mask,000812,0.5598,0.35,TP,CORRECT_MATCH
3014,New_Images,008892.jpg,008892,NONE,Unmasked,UNRECOGNIZED,0.2368,0.35,TN,CORRECTLY_REJECTED_UNKNOWN
3015,New_Images,009528.jpg,009528,NONE,Unmasked,NO_FACE_DETECTED,0.0,0.35,TN,No Face Detected by SCRFD
3016,New_Images,009076.jpg,009076,NONE,Unmasked,UNRECOGNIZED,0.2657,0.35,TN,CORRECTLY_REJECTED_UNKNOWN
3017,New_Images,007750.jpg,007750,NONE,Unmasked,NO_FACE_DETECTED,0.0,0.35,TN,No Face Detected by SCRFD
3018,New_Images,009036.jpg,009036,NONE,Unmasked,UNRECOGNIZED,0.2723,0.35,TN,CORRECTLY_REJECTED_UNKNOWN
3019,New_Images,007263.jpg,007263,NONE,Unmasked,UNRECOGNIZED,0.3126,0.35,TN,CORRECTLY_REJECTED_UNKNOWN
3020,New_Images,008680.jpg,008680,NONE,Unmasked,NO_FACE_DETECTED,0.0,0.35,TN,No Face Detected by SCRFD
3021,New_Images,007232.jpg,007232,NONE,Unmasked,NO_FACE_DETECTED,0.0,0.35,TN,No Face Detected by SCRFD
3022,Masked Images,000864__K95__masked.jpg,000864,K95,KN95 Mask,000864,0.94,0.35,TP,CORRECT_MATCH
3023,New_Images,009204.jpg,009204,NONE,Unmasked,UNRECOGNIZED,0.2204,0.35,TN,CORRECTLY_REJECTED_UNKNOWN
3024,New_Images,008636.jpg,008636,NONE,Unmasked,UNRECOGNIZED,0.2609,0.35,TN,CORRECTLY_REJECTED_UNKNOWN
3025,New_Images,008806.jpg,008806,NONE,Unmasked,NO_FACE_DETECTED,0.0,0.35,TN,No Face Detected by SCRFD
3026,New_Images,007178.jpg,007178,NONE,Unmasked,UNRECOGNIZED,0.2609,0.35,TN,CORRECTLY_REJECTED_UNKNOWN
3027,New_Images,006033.jpg,006033,NONE,Unmasked,UNRECOGNIZED,0.2284,0.35,TN,CORRECTLY_REJECTED_UNKNOWN
3028,New_Images,008264.jpg,008264,NONE,Unmasked,NO_FACE_DETECTED,0.0,0.35,TN,No Face Detected by SCRFD
3029,New_Images,007381.jpg,007381,NONE,Unmasked,UNRECOGNIZED,0.2536,0.35,TN,CORRECTLY_REJECTED_UNKNOWN
3030,New_Images,005553.jpg,005553,NONE,Unmasked,UNRECOGNIZED,0.2681,0.35,TN,CORRECTLY_REJECTED_UNKNOWN
3031,New_Images,006166.jpg,006166,NONE,Unmasked,UNRECOGNIZED,0.237,0.35,TN,CORRECTLY_REJECTED_UNKNOWN
3032,New_Images,007045.jpg,007045,NONE,Unmasked,UNRECOGNIZED,0.2239,0.35,TN,CORRECTLY_REJECTED_UNKNOWN
3033,New_Images,008491.jpg,008491,NONE,Unmasked,UNRECOGNIZED,0.2202,0.35,TN,CORRECTLY_REJECTED_UNKNOWN
3034,Masked Images,000620__N95__masked.jpg,000620,N95,N95 Mask,000620,0.7339,0.35,TP,CORRECT_MATCH
3035,New_Images,006761.jpg,006761,NONE,Unmasked,UNRECOGNIZED,0.2514,0.35,TN,CORRECTLY_REJECTED_UNKNOWN
3036,New_Images,008079.jpg,008079,NONE,Unmasked,UNRECOGNIZED,0.2529,0.35,TN,CORRECTLY_REJECTED_UNKNOWN
3037,New_Images,007613.jpg,007613,NONE,Unmasked,NO_FACE_DETECTED,0.0,0.35,TN,No Face Detected by SCRFD
3038,New_Images,008702.jpg,008702,NONE,Unmasked,UNRECOGNIZED,0.2149,0.35,TN,CORRECTLY_REJECTED_UNKNOWN
3039,New_Images,007859.jpg,007859,NONE,Unmasked,NO_FACE_DETECTED,0.0,0.35,TN,No Face Detected by SCRFD
3040,New_Images,006066.jpg,006066,NONE,Unmasked,UNRECOGNIZED,0.2156,0.35,TN,CORRECTLY_REJECTED_UNKNOWN
3041,Masked Images,000784__CLT__masked.jpg,000784,CLT,Cloth Mask,000784,0.9555,0.35,TP,CORRECT_MATCH
3042,New_Images,005404.jpg,005404,NONE,Unmasked,UNRECOGNIZED,0.2404,0.35,TN,CORRECTLY_REJECTED_UNKNOWN
3043,New_Images,008976.jpg,008976,NONE,Unmasked,NO_FACE_DETECTED,0.0,0.35,TN,No Face Detected by SCRFD
3044,Masked Images,000642__N95__masked.jpg,000642,N95,N95 Mask,000642,0.8713,0.35,TP,CORRECT_MATCH
3045,New_Images,005535.jpg,005535,NONE,Unmasked,UNRECOGNIZED,0.2275,0.35,TN,CORRECTLY_REJECTED_UNKNOWN
3046,New_Images,005568.jpg,005568,NONE,Unmasked,UNRECOGNIZED,0.2158,0.35,TN,CORRECTLY_REJECTED_UNKNOWN
3047,New_Images,006715.jpg,006715,NONE,Unmasked,NO_FACE_DETECTED,0.0,0.35,TN,No Face Detected by SCRFD
3048,New_Images,005168.jpg,005168,NONE,Unmasked,NO_FACE_DETECTED,0.0,0.35,TN,No Face Detected by SCRFD
3049,New_Images,006011.jpg,006011,NONE,Unmasked,NO_FACE_DETECTED,0.0,0.35,TN,No Face Detected by SCRFD
3050,New_Images,008609.jpg,008609,NONE,Unmasked,UNRECOGNIZED,0.2587,0.35,TN,CORRECTLY_REJECTED_UNKNOWN
3051,New_Images,007783.jpg,007783,NONE,Unmasked,UNRECOGNIZED,0.2279,0.35,TN,CORRECTLY_REJECTED_UNKNOWN
3052,New_Images,006498.jpg,006498,NONE,Unmasked,NO_FACE_DETECTED,0.0,0.35,TN,No Face Detected by SCRFD
3053,New_Images,005273.jpg,005273,NONE,Unmasked,UNRECOGNIZED,0.2455,0.35,TN,CORRECTLY_REJECTED_UNKNOWN
3054,Masked Images,000207__K95__masked.jpg,000207,K95,KN95 Mask,000207,0.9371,0.35,TP,CORRECT_MATCH
3055,New_Images,009415.jpg,009415,NONE,Unmasked,NO_FACE_DETECTED,0.0,0.35,TN,No Face Detected by SCRFD
3056,New_Images,009595.jpg,009595,NONE,Unmasked,NO_FACE_DETECTED,0.0,0.35,TN,No Face Detected by SCRFD
3057,New_Images,005612.jpg,005612,NONE,Unmasked,UNRECOGNIZED,0.2541,0.35,TN,CORRECTLY_REJECTED_UNKNOWN
3058,New_Images,006643.jpg,006643,NONE,Unmasked,UNRECOGNIZED,0.2378,0.35,TN,CORRECTLY_REJECTED_UNKNOWN
3059,New_Images,008183.jpg,008183,NONE,Unmasked,NO_FACE_DETECTED,0.0,0.35,TN,No Face Detected by SCRFD
3060,New_Images,007201.jpg,007201,NONE,Unmasked,UNRECOGNIZED,0.2268,0.35,TN,CORRECTLY_REJECTED_UNKNOWN
3061,New_Images,007901.jpg,007901,NONE,Unmasked,UNRECOGNIZED,0.217,0.35,TN,CORRECTLY_REJECTED_UNKNOWN
3062,New_Images,009092.jpg,009092,NONE,Unmasked,UNRECOGNIZED,0.2209,0.35,TN,CORRECTLY_REJECTED_UNKNOWN
3063,New_Images,006143.jpg,006143,NONE,Unmasked,UNRECOGNIZED,0.2532,0.35,TN,CORRECTLY_REJECTED_UNKNOWN
3064,Masked Images,000267__GAS__masked.jpg,000267,GAS,Gas Mask,000267,0.8991,0.35,TP,CORRECT_MATCH
3065,New_Images,007983.jpg,007983,NONE,Unmasked,UNRECOGNIZED,0.2441,0.35,TN,CORRECTLY_REJECTED_UNKNOWN
3066,New_Images,005093.jpg,005093,NONE,Unmasked,NO_FACE_DETECTED,0.0,0.35,TN,No Face Detected by SCRFD
3067,New_Images,005556.jpg,005556,NONE,Unmasked,UNRECOGNIZED,0.3374,0.35,TN,CORRECTLY_REJECTED_UNKNOWN
3068,Masked Images,000939__SUR__masked.jpg,000939,SUR,Surgical Mask,000939,0.8773,0.35,TP,CORRECT_MATCH
3069,New_Images,005998.jpg,005998,NONE,Unmasked,NO_FACE_DETECTED,0.0,0.35,TN,No Face Detected by SCRFD
3070,New_Images,006970.jpg,006970,NONE,Unmasked,UNRECOGNIZED,0.253,0.35,TN,CORRECTLY_REJECTED_UNKNOWN
3071,Masked Images,000615__N95__masked.jpg,000615,N95,N95 Mask,000615,0.8314,0.35,TP,CORRECT_MATCH
3072,New_Images,009423.jpg,009423,NONE,Unmasked,NO_FACE_DETECTED,0.0,0.35,TN,No Face Detected by SCRFD
3073,New_Images,008765.jpg,008765,NONE,Unmasked,UNRECOGNIZED,0.2417,0.35,TN,CORRECTLY_REJECTED_UNKNOWN
3074,New_Images,008008.jpg,008008,NONE,Unmasked,UNRECOGNIZED,0.2326,0.35,TN,CORRECTLY_REJECTED_UNKNOWN
3075,New_Images,008025.jpg,008025,NONE,Unmasked,UNRECOGNIZED,0.2457,0.35,TN,CORRECTLY_REJECTED_UNKNOWN
3076,New_Images,006312.jpg,006312,NONE,Unmasked,UNRECOGNIZED,0.2439,0.35,TN,CORRECTLY_REJECTED_UNKNOWN
3077,New_Images,009217.jpg,009217,NONE,Unmasked,UNRECOGNIZED,0.2682,0.35,TN,CORRECTLY_REJECTED_UNKNOWN
3078,New_Images,005169.jpg,005169,NONE,Unmasked,UNRECOGNIZED,0.2363,0.35,TN,CORRECTLY_REJECTED_UNKNOWN
3079,New_Images,008639.jpg,008639,NONE,Unmasked,UNRECOGNIZED,0.2879,0.35,TN,CORRECTLY_REJECTED_UNKNOWN
3080,New_Images,008443.jpg,008443,NONE,Unmasked,NO_FACE_DETECTED,0.0,0.35,TN,No Face Detected by SCRFD
3081,New_Images,009507.jpg,009507,NONE,Unmasked,UNRECOGNIZED,0.2381,0.35,TN,CORRECTLY_REJECTED_UNKNOWN
3082,New_Images,008611.jpg,008611,NONE,Unmasked,UNRECOGNIZED,0.2896,0.35,TN,CORRECTLY_REJECTED_UNKNOWN
3083,New_Images,005926.jpg,005926,NONE,Unmasked,NO_FACE_DETECTED,0.0,0.35,TN,No Face Detected by SCRFD
3084,New_Images,009127.jpg,009127,NONE,Unmasked,UNRECOGNIZED,0.2754,0.35,TN,CORRECTLY_REJECTED_UNKNOWN
3085,Masked Images,000249__N95__masked.jpg,000249,N95,N95 Mask,000249,0.8807,0.35,TP,CORRECT_MATCH
3086,Masked Images,000923__GAS__masked.jpg,000923,GAS,Gas Mask,000923,0.935,0.35,TP,CORRECT_MATCH
3087,New_Images,006073.jpg,006073,NONE,Unmasked,UNRECOGNIZED,0.2435,0.35,TN,CORRECTLY_REJECTED_UNKNOWN
3088,Masked Images,000994__GAS__masked.jpg,000994,GAS,Gas Mask,000994,0.8922,0.35,TP,CORRECT_MATCH
3089,New_Images,009465.jpg,009465,NONE,Unmasked,NO_FACE_DETECTED,0.0,0.35,TN,No Face Detected by SCRFD
3090,New_Images,009425.jpg,009425,NONE,Unmasked,NO_FACE_DETECTED,0.0,0.35,TN,No Face Detected by SCRFD
3091,New_Images,007897.jpg,007897,NONE,Unmasked,UNRECOGNIZED,0.2432,0.35,TN,CORRECTLY_REJECTED_UNKNOWN
3092,New_Images,006896.jpg,006896,NONE,Unmasked,UNRECOGNIZED,0.265,0.35,TN,CORRECTLY_REJECTED_UNKNOWN
3093,Masked Images,001038__K95__masked.jpg,001038,K95,KN95 Mask,001038,0.7685,0.35,TP,CORRECT_MATCH
3094,New_Images,007479.jpg,007479,NONE,Unmasked,UNRECOGNIZED,0.3163,0.35,TN,CORRECTLY_REJECTED_UNKNOWN
3095,New_Images,008594.jpg,008594,NONE,Unmasked,UNRECOGNIZED,0.2614,0.35,TN,CORRECTLY_REJECTED_UNKNOWN
3096,New_Images,006615.jpg,006615,NONE,Unmasked,NO_FACE_DETECTED,0.0,0.35,TN,No Face Detected by SCRFD
3097,New_Images,006311.jpg,006311,NONE,Unmasked,UNRECOGNIZED,0.2795,0.35,TN,CORRECTLY_REJECTED_UNKNOWN
3098,New_Images,009625.jpg,009625,NONE,Unmasked,UNRECOGNIZED,0.2532,0.35,TN,CORRECTLY_REJECTED_UNKNOWN
3099,Masked Images,000145__K95__masked.jpg,000145,K95,KN95 Mask,000145,0.9008,0.35,TP,CORRECT_MATCH
3100,New_Images,006295.jpg,006295,NONE,Unmasked,UNRECOGNIZED,0.2265,0.35,TN,CORRECTLY_REJECTED_UNKNOWN
3101,Masked Images,000437__CLT__masked.jpg,000437,CLT,Cloth Mask,000437,0.8919,0.35,TP,CORRECT_MATCH
3102,New_Images,008345.jpg,008345,NONE,Unmasked,NO_FACE_DETECTED,0.0,0.35,TN,No Face Detected by SCRFD
3103,Masked Images,000876__GAS__masked.jpg,000876,GAS,Gas Mask,000876,0.8988,0.35,TP,CORRECT_MATCH
3104,New_Images,007943.jpg,007943,NONE,Unmasked,UNRECOGNIZED,0.2196,0.35,TN,CORRECTLY_REJECTED_UNKNOWN
3105,New_Images,009252.jpg,009252,NONE,Unmasked,NO_FACE_DETECTED,0.0,0.35,TN,No Face Detected by SCRFD
3106,New_Images,007791.jpg,007791,NONE,Unmasked,UNRECOGNIZED,0.2719,0.35,TN,CORRECTLY_REJECTED_UNKNOWN
3107,New_Images,005580.jpg,005580,NONE,Unmasked,UNRECOGNIZED,0.3024,0.35,TN,CORRECTLY_REJECTED_UNKNOWN
3108,New_Images,009126.jpg,009126,NONE,Unmasked,UNRECOGNIZED,0.2082,0.35,TN,CORRECTLY_REJECTED_UNKNOWN
3109,Masked Images,000139__N95__masked.jpg,000139,N95,N95 Mask,000139,0.9194,0.35,TP,CORRECT_MATCH
3110,Masked Images,000487__K95__masked.jpg,000487,K95,KN95 Mask,000487,0.954,0.35,TP,CORRECT_MATCH
3111,New_Images,006832.jpg,006832,NONE,Unmasked,UNRECOGNIZED,0.2904,0.35,TN,CORRECTLY_REJECTED_UNKNOWN
3112,New_Images,009381.jpg,009381,NONE,Unmasked,UNRECOGNIZED,0.2504,0.35,TN,CORRECTLY_REJECTED_UNKNOWN
3113,Masked Images,001171__GAS__masked.jpg,001171,GAS,Gas Mask,001171,0.8994,0.35,TP,CORRECT_MATCH
3114,Masked Images,000666__SUR__masked.jpg,000666,SUR,Surgical Mask,000666,0.9016,0.35,TP,CORRECT_MATCH
3115,New_Images,007612.jpg,007612,NONE,Unmasked,UNRECOGNIZED,0.2225,0.35,TN,CORRECTLY_REJECTED_UNKNOWN
3116,New_Images,005749.jpg,005749,NONE,Unmasked,NO_FACE_DETECTED,0.0,0.35,TN,No Face Detected by SCRFD
3117,New_Images,007085.jpg,007085,NONE,Unmasked,UNRECOGNIZED,0.2575,0.35,TN,CORRECTLY_REJECTED_UNKNOWN
3118,New_Images,008722.jpg,008722,NONE,Unmasked,UNRECOGNIZED,0.2293,0.35,TN,CORRECTLY_REJECTED_UNKNOWN
3119,New_Images,005416.jpg,005416,NONE,Unmasked,UNRECOGNIZED,0.2244,0.35,TN,CORRECTLY_REJECTED_UNKNOWN
3120,New_Images,006041.jpg,006041,NONE,Unmasked,UNRECOGNIZED,0.2992,0.35,TN,CORRECTLY_REJECTED_UNKNOWN
3121,New_Images,008381.jpg,008381,NONE,Unmasked,NO_FACE_DETECTED,0.0,0.35,TN,No Face Detected by SCRFD
3122,New_Images,008705.jpg,008705,NONE,Unmasked,UNRECOGNIZED,0.2705,0.35,TN,CORRECTLY_REJECTED_UNKNOWN
3123,New_Images,006808.jpg,006808,NONE,Unmasked,UNRECOGNIZED,0.2387,0.35,TN,CORRECTLY_REJECTED_UNKNOWN
3124,New_Images,008046.jpg,008046,NONE,Unmasked,UNRECOGNIZED,0.2139,0.35,TN,CORRECTLY_REJECTED_UNKNOWN
3125,New_Images,008732.jpg,008732,NONE,Unmasked,UNRECOGNIZED,0.2001,0.35,TN,CORRECTLY_REJECTED_UNKNOWN
3126,New_Images,009106.jpg,009106,NONE,Unmasked,UNRECOGNIZED,0.2823,0.35,TN,CORRECTLY_REJECTED_UNKNOWN
3127,Masked Images,000098__CLT__masked.jpg,000098,CLT,Cloth Mask,000098,0.9055,0.35,TP,CORRECT_MATCH
3128,New_Images,006960.jpg,006960,NONE,Unmasked,UNRECOGNIZED,0.2206,0.35,TN,CORRECTLY_REJECTED_UNKNOWN
3129,Masked Images,000017__GAS__masked.jpg,000017,GAS,Gas Mask,000017,0.9235,0.35,TP,CORRECT_MATCH
3130,New_Images,009629.jpg,009629,NONE,Unmasked,UNRECOGNIZED,0.2681,0.35,TN,CORRECTLY_REJECTED_UNKNOWN
3131,New_Images,008093.jpg,008093,NONE,Unmasked,UNRECOGNIZED,0.2832,0.35,TN,CORRECTLY_REJECTED_UNKNOWN
3132,Masked Images,000546__N95__masked.jpg,000546,N95,N95 Mask,000546,0.92,0.35,TP,CORRECT_MATCH
3133,New_Images,008439.jpg,008439,NONE,Unmasked,UNRECOGNIZED,0.2297,0.35,TN,CORRECTLY_REJECTED_UNKNOWN
3134,New_Images,007403.jpg,007403,NONE,Unmasked,UNRECOGNIZED,0.2695,0.35,TN,CORRECTLY_REJECTED_UNKNOWN
3135,New_Images,006063.jpg,006063,NONE,Unmasked,UNRECOGNIZED,0.2514,0.35,TN,CORRECTLY_REJECTED_UNKNOWN
3136,Masked Images,000762__N95__masked.jpg,000762,N95,N95 Mask,000762,0.8939,0.35,TP,CORRECT_MATCH
3137,Masked Images,000510__SUR__masked.jpg,000510,SUR,Surgical Mask,000510,0.9024,0.35,TP,CORRECT_MATCH
3138,New_Images,005287.jpg,005287,NONE,Unmasked,NO_FACE_DETECTED,0.0,0.35,TN,No Face Detected by SCRFD
3139,New_Images,008465.jpg,008465,NONE,Unmasked,NO_FACE_DETECTED,0.0,0.35,TN,No Face Detected by SCRFD
3140,Masked Images,000570__GAS__masked.jpg,000570,GAS,Gas Mask,000570,0.9128,0.35,TP,CORRECT_MATCH
3141,New_Images,006071.jpg,006071,NONE,Unmasked,UNRECOGNIZED,0.2252,0.35,TN,CORRECTLY_REJECTED_UNKNOWN
3142,New_Images,009008.jpg,009008,NONE,Unmasked,UNRECOGNIZED,0.2835,0.35,TN,CORRECTLY_REJECTED_UNKNOWN
3143,New_Images,006659.jpg,006659,NONE,Unmasked,UNRECOGNIZED,0.2429,0.35,TN,CORRECTLY_REJECTED_UNKNOWN
3144,Masked Images,000348__CLT__masked.jpg,000348,CLT,Cloth Mask,000348,0.9246,0.35,TP,CORRECT_MATCH
3145,New_Images,005401.jpg,005401,NONE,Unmasked,NO_FACE_DETECTED,0.0,0.35,TN,No Face Detected by SCRFD
3146,New_Images,005409.jpg,005409,NONE,Unmasked,UNRECOGNIZED,0.267,0.35,TN,CORRECTLY_REJECTED_UNKNOWN
3147,New_Images,008269.jpg,008269,NONE,Unmasked,UNRECOGNIZED,0.241,0.35,TN,CORRECTLY_REJECTED_UNKNOWN
3148,New_Images,005429.jpg,005429,NONE,Unmasked,NO_FACE_DETECTED,0.0,0.35,TN,No Face Detected by SCRFD
3149,New_Images,005396.jpg,005396,NONE,Unmasked,UNRECOGNIZED,0.2996,0.35,TN,CORRECTLY_REJECTED_UNKNOWN
3150,New_Images,009630.jpg,009630,NONE,Unmasked,NO_FACE_DETECTED,0.0,0.35,TN,No Face Detected by SCRFD
3151,New_Images,007212.jpg,007212,NONE,Unmasked,NO_FACE_DETECTED,0.0,0.35,TN,No Face Detected by SCRFD
3152,New_Images,009201.jpg,009201,NONE,Unmasked,UNRECOGNIZED,0.2697,0.35,TN,CORRECTLY_REJECTED_UNKNOWN
3153,New_Images,007574.jpg,007574,NONE,Unmasked,UNRECOGNIZED,0.2648,0.35,TN,CORRECTLY_REJECTED_UNKNOWN
3154,New_Images,006999.jpg,006999,NONE,Unmasked,NO_FACE_DETECTED,0.0,0.35,TN,No Face Detected by SCRFD
3155,Masked Images,000582__GAS__masked.jpg,000582,GAS,Gas Mask,000582,0.7606,0.35,TP,CORRECT_MATCH
3156,New_Images,008755.jpg,008755,NONE,Unmasked,UNRECOGNIZED,0.2442,0.35,TN,CORRECTLY_REJECTED_UNKNOWN
3157,Masked Images,000768__K95__masked.jpg,000768,K95,KN95 Mask,000768,0.9571,0.35,TP,CORRECT_MATCH
3158,New_Images,009455.jpg,009455,NONE,Unmasked,NO_FACE_DETECTED,0.0,0.35,TN,No Face Detected by SCRFD
3159,New_Images,005038.jpg,005038,NONE,Unmasked,UNRECOGNIZED,0.2214,0.35,TN,CORRECTLY_REJECTED_UNKNOWN
3160,New_Images,008830.jpg,008830,NONE,Unmasked,UNRECOGNIZED,0.2779,0.35,TN,CORRECTLY_REJECTED_UNKNOWN
3161,New_Images,005796.jpg,005796,NONE,Unmasked,UNRECOGNIZED,0.3015,0.35,TN,CORRECTLY_REJECTED_UNKNOWN
3162,Masked Images,000301__K95__masked.jpg,000301,K95,KN95 Mask,000301,0.9151,0.35,TP,CORRECT_MATCH
3163,Masked Images,000264__N95__masked.jpg,000264,N95,N95 Mask,000264,0.8863,0.35,TP,CORRECT_MATCH
3164,New_Images,006079.jpg,006079,NONE,Unmasked,UNRECOGNIZED,0.2703,0.35,TN,CORRECTLY_REJECTED_UNKNOWN
3165,Masked Images,000279__N95__masked.jpg,000279,N95,N95 Mask,000279,0.91,0.35,TP,CORRECT_MATCH
3166,New_Images,007685.jpg,007685,NONE,Unmasked,UNRECOGNIZED,0.2627,0.35,TN,CORRECTLY_REJECTED_UNKNOWN
3167,New_Images,007638.jpg,007638,NONE,Unmasked,UNRECOGNIZED,0.2831,0.35,TN,CORRECTLY_REJECTED_UNKNOWN
3168,New_Images,009427.jpg,009427,NONE,Unmasked,UNRECOGNIZED,0.2725,0.35,TN,CORRECTLY_REJECTED_UNKNOWN
3169,New_Images,007420.jpg,007420,NONE,Unmasked,UNRECOGNIZED,0.2261,0.35,TN,CORRECTLY_REJECTED_UNKNOWN
3170,Masked Images,000318__GAS__masked.jpg,000318,GAS,Gas Mask,000318,0.8784,0.35,TP,CORRECT_MATCH
3171,New_Images,006231.jpg,006231,NONE,Unmasked,UNRECOGNIZED,0.2288,0.35,TN,CORRECTLY_REJECTED_UNKNOWN
3172,Masked Images,000926__K95__masked.jpg,000926,K95,KN95 Mask,000926,0.6243,0.35,TP,CORRECT_MATCH
3173,New_Images,008092.jpg,008092,NONE,Unmasked,UNRECOGNIZED,0.2729,0.35,TN,CORRECTLY_REJECTED_UNKNOWN
3174,Masked Images,000015__K95__masked.jpg,000015,K95,KN95 Mask,000015,0.9357,0.35,TP,CORRECT_MATCH
3175,New_Images,009114.jpg,009114,NONE,Unmasked,NO_FACE_DETECTED,0.0,0.35,TN,No Face Detected by SCRFD
3176,New_Images,005484.jpg,005484,NONE,Unmasked,UNRECOGNIZED,0.2648,0.35,TN,CORRECTLY_REJECTED_UNKNOWN
3177,Masked Images,000094__GAS__masked.jpg,000094,GAS,Gas Mask,000094,0.8071,0.35,TP,CORRECT_MATCH
3178,New_Images,009573.jpg,009573,NONE,Unmasked,UNRECOGNIZED,0.2351,0.35,TN,CORRECTLY_REJECTED_UNKNOWN
3179,New_Images,005125.jpg,005125,NONE,Unmasked,UNRECOGNIZED,0.2902,0.35,TN,CORRECTLY_REJECTED_UNKNOWN
3180,New_Images,008869.jpg,008869,NONE,Unmasked,UNRECOGNIZED,0.2557,0.35,TN,CORRECTLY_REJECTED_UNKNOWN
3181,New_Images,005756.jpg,005756,NONE,Unmasked,UNRECOGNIZED,0.289,0.35,TN,CORRECTLY_REJECTED_UNKNOWN
3182,New_Images,006151.jpg,006151,NONE,Unmasked,NO_FACE_DETECTED,0.0,0.35,TN,No Face Detected by SCRFD
3183,New_Images,008635.jpg,008635,NONE,Unmasked,UNRECOGNIZED,0.2408,0.35,TN,CORRECTLY_REJECTED_UNKNOWN
3184,New_Images,006172.jpg,006172,NONE,Unmasked,UNRECOGNIZED,0.258,0.35,TN,CORRECTLY_REJECTED_UNKNOWN
3185,New_Images,007412.jpg,007412,NONE,Unmasked,UNRECOGNIZED,0.2529,0.35,TN,CORRECTLY_REJECTED_UNKNOWN
3186,New_Images,005564.jpg,005564,NONE,Unmasked,UNRECOGNIZED,0.2271,0.35,TN,CORRECTLY_REJECTED_UNKNOWN
3187,New_Images,005965.jpg,005965,NONE,Unmasked,NO_FACE_DETECTED,0.0,0.35,TN,No Face Detected by SCRFD
3188,Masked Images,000566__SUR__masked.jpg,000566,SUR,Surgical Mask,000566,0.8988,0.35,TP,CORRECT_MATCH
3189,New_Images,007548.jpg,007548,NONE,Unmasked,UNRECOGNIZED,0.197,0.35,TN,CORRECTLY_REJECTED_UNKNOWN
3190,Masked Images,000245__K95__masked.jpg,000245,K95,KN95 Mask,000245,0.8533,0.35,TP,CORRECT_MATCH
3191,New_Images,005687.jpg,005687,NONE,Unmasked,UNRECOGNIZED,0.241,0.35,TN,CORRECTLY_REJECTED_UNKNOWN
3192,New_Images,005953.jpg,005953,NONE,Unmasked,UNRECOGNIZED,0.2397,0.35,TN,CORRECTLY_REJECTED_UNKNOWN
3193,New_Images,009098.jpg,009098,NONE,Unmasked,UNRECOGNIZED,0.2534,0.35,TN,CORRECTLY_REJECTED_UNKNOWN
3194,New_Images,007287.jpg,007287,NONE,Unmasked,UNRECOGNIZED,0.2324,0.35,TN,CORRECTLY_REJECTED_UNKNOWN
3195,New_Images,006251.jpg,006251,NONE,Unmasked,UNRECOGNIZED,0.2571,0.35,TN,CORRECTLY_REJECTED_UNKNOWN
3196,New_Images,007656.jpg,007656,NONE,Unmasked,UNRECOGNIZED,0.2458,0.35,TN,CORRECTLY_REJECTED_UNKNOWN
3197,Masked Images,000873__N95__masked.jpg,000873,N95,N95 Mask,000873,0.7588,0.35,TP,CORRECT_MATCH
3198,New_Images,007928.jpg,007928,NONE,Unmasked,NO_FACE_DETECTED,0.0,0.35,TN,No Face Detected by SCRFD
3199,Masked Images,000501__N95__masked.jpg,000501,N95,N95 Mask,000501,0.8804,0.35,TP,CORRECT_MATCH
3200,New_Images,005672.jpg,005672,NONE,Unmasked,NO_FACE_DETECTED,0.0,0.35,TN,No Face Detected by SCRFD
3201,New_Images,008961.jpg,008961,NONE,Unmasked,UNRECOGNIZED,0.2751,0.35,TN,CORRECTLY_REJECTED_UNKNOWN
3202,New_Images,009529.jpg,009529,NONE,Unmasked,UNRECOGNIZED,0.2673,0.35,TN,CORRECTLY_REJECTED_UNKNOWN
3203,Masked Images,000704__CLT__masked.jpg,000704,CLT,Cloth Mask,000704,0.8979,0.35,TP,CORRECT_MATCH
3204,Masked Images,000644__CLT__masked.jpg,000644,CLT,Cloth Mask,000644,0.9283,0.35,TP,CORRECT_MATCH
3205,New_Images,008567.jpg,008567,NONE,Unmasked,UNRECOGNIZED,0.2459,0.35,TN,CORRECTLY_REJECTED_UNKNOWN
3206,New_Images,007347.jpg,007347,NONE,Unmasked,UNRECOGNIZED,0.2557,0.35,TN,CORRECTLY_REJECTED_UNKNOWN
3207,New_Images,008049.jpg,008049,NONE,Unmasked,UNRECOGNIZED,0.2298,0.35,TN,CORRECTLY_REJECTED_UNKNOWN
3208,New_Images,008131.jpg,008131,NONE,Unmasked,NO_FACE_DETECTED,0.0,0.35,TN,No Face Detected by SCRFD
3209,New_Images,006106.jpg,006106,NONE,Unmasked,NO_FACE_DETECTED,0.0,0.35,TN,No Face Detected by SCRFD
3210,Masked Images,000270__K95__masked.jpg,000270,K95,KN95 Mask,000270,0.9531,0.35,TP,CORRECT_MATCH
3211,New_Images,008532.jpg,008532,NONE,Unmasked,UNRECOGNIZED,0.2168,0.35,TN,CORRECTLY_REJECTED_UNKNOWN
3212,New_Images,006173.jpg,006173,NONE,Unmasked,UNRECOGNIZED,0.2635,0.35,TN,CORRECTLY_REJECTED_UNKNOWN
3213,Masked Images,000339__GAS__masked.jpg,000339,GAS,Gas Mask,000339,0.9306,0.35,TP,CORRECT_MATCH
3214,New_Images,008041.jpg,008041,NONE,Unmasked,UNRECOGNIZED,0.2664,0.35,TN,CORRECTLY_REJECTED_UNKNOWN
3215,New_Images,008827.jpg,008827,NONE,Unmasked,UNRECOGNIZED,0.2582,0.35,TN,CORRECTLY_REJECTED_UNKNOWN
3216,New_Images,006026.jpg,006026,NONE,Unmasked,NO_FACE_DETECTED,0.0,0.35,TN,No Face Detected by SCRFD
3217,New_Images,007135.jpg,007135,NONE,Unmasked,UNRECOGNIZED,0.2451,0.35,TN,CORRECTLY_REJECTED_UNKNOWN
3218,New_Images,009359.jpg,009359,NONE,Unmasked,NO_FACE_DETECTED,0.0,0.35,TN,No Face Detected by SCRFD
3219,Masked Images,000355__SUR__masked.jpg,000355,SUR,Surgical Mask,000355,0.8759,0.35,TP,CORRECT_MATCH
3220,New_Images,006303.jpg,006303,NONE,Unmasked,UNRECOGNIZED,0.2911,0.35,TN,CORRECTLY_REJECTED_UNKNOWN
3221,New_Images,006954.jpg,006954,NONE,Unmasked,UNRECOGNIZED,0.2706,0.35,TN,CORRECTLY_REJECTED_UNKNOWN
3222,New_Images,007439.jpg,007439,NONE,Unmasked,UNRECOGNIZED,0.2923,0.35,TN,CORRECTLY_REJECTED_UNKNOWN
3223,Masked Images,001050__CLT__masked.jpg,001050,CLT,Cloth Mask,001050,0.8948,0.35,TP,CORRECT_MATCH
3224,New_Images,008317.jpg,008317,NONE,Unmasked,UNRECOGNIZED,0.2477,0.35,TN,CORRECTLY_REJECTED_UNKNOWN
3225,Masked Images,000928__GAS__masked.jpg,000928,GAS,Gas Mask,000928,0.8812,0.35,TP,CORRECT_MATCH
3226,New_Images,006583.jpg,006583,NONE,Unmasked,UNRECOGNIZED,0.2461,0.35,TN,CORRECTLY_REJECTED_UNKNOWN
3227,New_Images,006064.jpg,006064,NONE,Unmasked,UNRECOGNIZED,0.2647,0.35,TN,CORRECTLY_REJECTED_UNKNOWN
3228,New_Images,006965.jpg,006965,NONE,Unmasked,UNRECOGNIZED,0.278,0.35,TN,CORRECTLY_REJECTED_UNKNOWN
3229,New_Images,005791.jpg,005791,NONE,Unmasked,UNRECOGNIZED,0.2352,0.35,TN,CORRECTLY_REJECTED_UNKNOWN
3230,New_Images,009027.jpg,009027,NONE,Unmasked,NO_FACE_DETECTED,0.0,0.35,TN,No Face Detected by SCRFD
3231,New_Images,008254.jpg,008254,NONE,Unmasked,UNRECOGNIZED,0.2063,0.35,TN,CORRECTLY_REJECTED_UNKNOWN
3232,New_Images,005566.jpg,005566,NONE,Unmasked,UNRECOGNIZED,0.2379,0.35,TN,CORRECTLY_REJECTED_UNKNOWN
3233,New_Images,005393.jpg,005393,NONE,Unmasked,UNRECOGNIZED,0.2208,0.35,TN,CORRECTLY_REJECTED_UNKNOWN
3234,New_Images,006344.jpg,006344,NONE,Unmasked,UNRECOGNIZED,0.2636,0.35,TN,CORRECTLY_REJECTED_UNKNOWN
3235,New_Images,006925.jpg,006925,NONE,Unmasked,UNRECOGNIZED,0.2901,0.35,TN,CORRECTLY_REJECTED_UNKNOWN
3236,New_Images,008543.jpg,008543,NONE,Unmasked,NO_FACE_DETECTED,0.0,0.35,TN,No Face Detected by SCRFD
3237,Masked Images,000658__K95__masked.jpg,000658,K95,KN95 Mask,000658,0.8843,0.35,TP,CORRECT_MATCH
3238,New_Images,005821.jpg,005821,NONE,Unmasked,NO_FACE_DETECTED,0.0,0.35,TN,No Face Detected by SCRFD
3239,Masked Images,000574__K95__masked.jpg,000574,K95,KN95 Mask,000574,0.9258,0.35,TP,CORRECT_MATCH
3240,Masked Images,000931__K95__masked.jpg,000931,K95,KN95 Mask,000931,0.8086,0.35,TP,CORRECT_MATCH
3241,Masked Images,000938__GAS__masked.jpg,000938,GAS,Gas Mask,000938,0.8381,0.35,TP,CORRECT_MATCH
3242,New_Images,006380.jpg,006380,NONE,Unmasked,UNRECOGNIZED,0.2775,0.35,TN,CORRECTLY_REJECTED_UNKNOWN
3243,New_Images,005368.jpg,005368,NONE,Unmasked,NO_FACE_DETECTED,0.0,0.35,TN,No Face Detected by SCRFD
3244,New_Images,008706.jpg,008706,NONE,Unmasked,UNRECOGNIZED,0.2472,0.35,TN,CORRECTLY_REJECTED_UNKNOWN
3245,New_Images,009621.jpg,009621,NONE,Unmasked,UNRECOGNIZED,0.2545,0.35,TN,CORRECTLY_REJECTED_UNKNOWN
3246,New_Images,009338.jpg,009338,NONE,Unmasked,UNRECOGNIZED,0.2319,0.35,TN,CORRECTLY_REJECTED_UNKNOWN
3247,New_Images,007289.jpg,007289,NONE,Unmasked,NO_FACE_DETECTED,0.0,0.35,TN,No Face Detected by SCRFD
3248,New_Images,009243.jpg,009243,NONE,Unmasked,UNRECOGNIZED,0.3101,0.35,TN,CORRECTLY_REJECTED_UNKNOWN
3249,New_Images,007016.jpg,007016,NONE,Unmasked,UNRECOGNIZED,0.2761,0.35,TN,CORRECTLY_REJECTED_UNKNOWN
3250,New_Images,008994.jpg,008994,NONE,Unmasked,UNRECOGNIZED,0.2497,0.35,TN,CORRECTLY_REJECTED_UNKNOWN
3251,New_Images,007595.jpg,007595,NONE,Unmasked,UNRECOGNIZED,0.2166,0.35,TN,CORRECTLY_REJECTED_UNKNOWN
3252,New_Images,006673.jpg,006673,NONE,Unmasked,UNRECOGNIZED,0.2232,0.35,TN,CORRECTLY_REJECTED_UNKNOWN
3253,New_Images,007152.jpg,007152,NONE,Unmasked,UNRECOGNIZED,0.254,0.35,TN,CORRECTLY_REJECTED_UNKNOWN
3254,New_Images,009417.jpg,009417,NONE,Unmasked,UNRECOGNIZED,0.2248,0.35,TN,CORRECTLY_REJECTED_UNKNOWN
3255,New_Images,005119.jpg,005119,NONE,Unmasked,UNRECOGNIZED,0.2222,0.35,TN,CORRECTLY_REJECTED_UNKNOWN
3256,New_Images,005769.jpg,005769,NONE,Unmasked,UNRECOGNIZED,0.2859,0.35,TN,CORRECTLY_REJECTED_UNKNOWN
3257,Masked Images,000509__GAS__masked.jpg,000509,GAS,Gas Mask,000509,0.5919,0.35,TP,CORRECT_MATCH
3258,New_Images,009194.jpg,009194,NONE,Unmasked,UNRECOGNIZED,0.2771,0.35,TN,CORRECTLY_REJECTED_UNKNOWN
3259,New_Images,008941.jpg,008941,NONE,Unmasked,UNRECOGNIZED,0.226,0.35,TN,CORRECTLY_REJECTED_UNKNOWN
3260,Masked Images,001002__K95__masked.jpg,001002,K95,KN95 Mask,001002,0.8505,0.35,TP,CORRECT_MATCH
3261,New_Images,006700.jpg,006700,NONE,Unmasked,UNRECOGNIZED,0.2594,0.35,TN,CORRECTLY_REJECTED_UNKNOWN
3262,New_Images,005335.jpg,005335,NONE,Unmasked,NO_FACE_DETECTED,0.0,0.35,TN,No Face Detected by SCRFD
3263,New_Images,008956.jpg,008956,NONE,Unmasked,NO_FACE_DETECTED,0.0,0.35,TN,No Face Detected by SCRFD
3264,New_Images,009223.jpg,009223,NONE,Unmasked,UNRECOGNIZED,0.2762,0.35,TN,CORRECTLY_REJECTED_UNKNOWN
3265,Masked Images,000050__N95__masked.jpg,000050,N95,N95 Mask,000050,0.8675,0.35,TP,CORRECT_MATCH
3266,New_Images,006209.jpg,006209,NONE,Unmasked,UNRECOGNIZED,0.2681,0.35,TN,CORRECTLY_REJECTED_UNKNOWN
3267,New_Images,006823.jpg,006823,NONE,Unmasked,UNRECOGNIZED,0.2713,0.35,TN,CORRECTLY_REJECTED_UNKNOWN
3268,New_Images,008734.jpg,008734,NONE,Unmasked,UNRECOGNIZED,0.2199,0.35,TN,CORRECTLY_REJECTED_UNKNOWN
3269,New_Images,008135.jpg,008135,NONE,Unmasked,UNRECOGNIZED,0.2875,0.35,TN,CORRECTLY_REJECTED_UNKNOWN
3270,New_Images,005213.jpg,005213,NONE,Unmasked,UNRECOGNIZED,0.2321,0.35,TN,CORRECTLY_REJECTED_UNKNOWN
3271,Masked Images,001133__CLT__masked.jpg,001133,CLT,Cloth Mask,001133,0.9146,0.35,TP,CORRECT_MATCH
3272,New_Images,006950.jpg,006950,NONE,Unmasked,UNRECOGNIZED,0.2601,0.35,TN,CORRECTLY_REJECTED_UNKNOWN
3273,New_Images,005692.jpg,005692,NONE,Unmasked,UNRECOGNIZED,0.2427,0.35,TN,CORRECTLY_REJECTED_UNKNOWN
3274,Masked Images,000999__GAS__masked.jpg,000999,GAS,Gas Mask,000999,0.9254,0.35,TP,CORRECT_MATCH
3275,New_Images,009478.jpg,009478,NONE,Unmasked,UNRECOGNIZED,0.2402,0.35,TN,CORRECTLY_REJECTED_UNKNOWN
3276,Masked Images,001106__CLT__masked.jpg,001106,CLT,Cloth Mask,001106,0.899,0.35,TP,CORRECT_MATCH
3277,Masked Images,000030__K95__masked.jpg,000030,K95,KN95 Mask,000030,0.9694,0.35,TP,CORRECT_MATCH
3278,New_Images,007840.jpg,007840,NONE,Unmasked,UNRECOGNIZED,0.297,0.35,TN,CORRECTLY_REJECTED_UNKNOWN
3279,New_Images,005188.jpg,005188,NONE,Unmasked,UNRECOGNIZED,0.2674,0.35,TN,CORRECTLY_REJECTED_UNKNOWN
3280,New_Images,007219.jpg,007219,NONE,Unmasked,NO_FACE_DETECTED,0.0,0.35,TN,No Face Detected by SCRFD
3281,Masked Images,000604__SUR__masked.jpg,000604,SUR,Surgical Mask,000604,0.8922,0.35,TP,CORRECT_MATCH
3282,New_Images,009230.jpg,009230,NONE,Unmasked,UNRECOGNIZED,0.2479,0.35,TN,CORRECTLY_REJECTED_UNKNOWN
3283,Masked Images,000411__SUR__masked.jpg,000411,SUR,Surgical Mask,000411,0.8738,0.35,TP,CORRECT_MATCH
3284,New_Images,008086.jpg,008086,NONE,Unmasked,UNRECOGNIZED,0.2668,0.35,TN,CORRECTLY_REJECTED_UNKNOWN
3285,New_Images,005504.jpg,005504,NONE,Unmasked,NO_FACE_DETECTED,0.0,0.35,TN,No Face Detected by SCRFD
3286,New_Images,008337.jpg,008337,NONE,Unmasked,UNRECOGNIZED,0.2589,0.35,TN,CORRECTLY_REJECTED_UNKNOWN
3287,New_Images,009244.jpg,009244,NONE,Unmasked,UNRECOGNIZED,0.2819,0.35,TN,CORRECTLY_REJECTED_UNKNOWN
3288,New_Images,007953.jpg,007953,NONE,Unmasked,UNRECOGNIZED,0.2157,0.35,TN,CORRECTLY_REJECTED_UNKNOWN
3289,New_Images,009340.jpg,009340,NONE,Unmasked,NO_FACE_DETECTED,0.0,0.35,TN,No Face Detected by SCRFD
3290,New_Images,005523.jpg,005523,NONE,Unmasked,NO_FACE_DETECTED,0.0,0.35,TN,No Face Detected by SCRFD
3291,New_Images,006479.jpg,006479,NONE,Unmasked,UNRECOGNIZED,0.2505,0.35,TN,CORRECTLY_REJECTED_UNKNOWN
3292,New_Images,007438.jpg,007438,NONE,Unmasked,UNRECOGNIZED,0.2289,0.35,TN,CORRECTLY_REJECTED_UNKNOWN
3293,Masked Images,000749__CLT__masked.jpg,000749,CLT,Cloth Mask,000749,0.9186,0.35,TP,CORRECT_MATCH
3294,New_Images,009019.jpg,009019,NONE,Unmasked,UNRECOGNIZED,0.24,0.35,TN,CORRECTLY_REJECTED_UNKNOWN
3295,New_Images,006964.jpg,006964,NONE,Unmasked,NO_FACE_DETECTED,0.0,0.35,TN,No Face Detected by SCRFD
3296,New_Images,006625.jpg,006625,NONE,Unmasked,UNRECOGNIZED,0.2586,0.35,TN,CORRECTLY_REJECTED_UNKNOWN
3297,New_Images,006188.jpg,006188,NONE,Unmasked,UNRECOGNIZED,0.2344,0.35,TN,CORRECTLY_REJECTED_UNKNOWN
3298,New_Images,008664.jpg,008664,NONE,Unmasked,UNRECOGNIZED,0.2553,0.35,TN,CORRECTLY_REJECTED_UNKNOWN
3299,New_Images,007101.jpg,007101,NONE,Unmasked,NO_FACE_DETECTED,0.0,0.35,TN,No Face Detected by SCRFD
3300,New_Images,005243.jpg,005243,NONE,Unmasked,UNRECOGNIZED,0.2589,0.35,TN,CORRECTLY_REJECTED_UNKNOWN
3301,New_Images,006880.jpg,006880,NONE,Unmasked,NO_FACE_DETECTED,0.0,0.35,TN,No Face Detected by SCRFD
3302,Masked Images,000061__K95__masked.jpg,000061,K95,KN95 Mask,000061,0.8488,0.35,TP,CORRECT_MATCH
3303,New_Images,007732.jpg,007732,NONE,Unmasked,UNRECOGNIZED,0.3089,0.35,TN,CORRECTLY_REJECTED_UNKNOWN
3304,New_Images,007950.jpg,007950,NONE,Unmasked,UNRECOGNIZED,0.2398,0.35,TN,CORRECTLY_REJECTED_UNKNOWN
3305,Masked Images,001091__CLT__masked.jpg,001091,CLT,Cloth Mask,001091,0.8654,0.35,TP,CORRECT_MATCH
3306,New_Images,009452.jpg,009452,NONE,Unmasked,UNRECOGNIZED,0.3039,0.35,TN,CORRECTLY_REJECTED_UNKNOWN
3307,New_Images,005742.jpg,005742,NONE,Unmasked,NO_FACE_DETECTED,0.0,0.35,TN,No Face Detected by SCRFD
3308,New_Images,006857.jpg,006857,NONE,Unmasked,UNRECOGNIZED,0.2269,0.35,TN,CORRECTLY_REJECTED_UNKNOWN
3309,New_Images,007404.jpg,007404,NONE,Unmasked,UNRECOGNIZED,0.2213,0.35,TN,CORRECTLY_REJECTED_UNKNOWN
3310,New_Images,005217.jpg,005217,NONE,Unmasked,UNRECOGNIZED,0.2246,0.35,TN,CORRECTLY_REJECTED_UNKNOWN
3311,Masked Images,000486__N95__masked.jpg,000486,N95,N95 Mask,000486,0.9238,0.35,TP,CORRECT_MATCH
3312,Masked Images,000821__GAS__masked.jpg,000821,GAS,Gas Mask,000821,0.8828,0.35,TP,CORRECT_MATCH
3313,Masked Images,001158__K95__masked.jpg,001158,K95,KN95 Mask,001158,0.675,0.35,TP,CORRECT_MATCH
3314,New_Images,005780.jpg,005780,NONE,Unmasked,UNRECOGNIZED,0.3181,0.35,TN,CORRECTLY_REJECTED_UNKNOWN
3315,New_Images,009257.jpg,009257,NONE,Unmasked,UNRECOGNIZED,0.23,0.35,TN,CORRECTLY_REJECTED_UNKNOWN
3316,New_Images,008292.jpg,008292,NONE,Unmasked,UNRECOGNIZED,0.2394,0.35,TN,CORRECTLY_REJECTED_UNKNOWN
3317,New_Images,008930.jpg,008930,NONE,Unmasked,UNRECOGNIZED,0.2751,0.35,TN,CORRECTLY_REJECTED_UNKNOWN
3318,New_Images,008298.jpg,008298,NONE,Unmasked,UNRECOGNIZED,0.2499,0.35,TN,CORRECTLY_REJECTED_UNKNOWN
3319,New_Images,009069.jpg,009069,NONE,Unmasked,UNRECOGNIZED,0.2449,0.35,TN,CORRECTLY_REJECTED_UNKNOWN
3320,New_Images,006489.jpg,006489,NONE,Unmasked,UNRECOGNIZED,0.2301,0.35,TN,CORRECTLY_REJECTED_UNKNOWN
3321,New_Images,005724.jpg,005724,NONE,Unmasked,UNRECOGNIZED,0.2314,0.35,TN,CORRECTLY_REJECTED_UNKNOWN
3322,New_Images,008717.jpg,008717,NONE,Unmasked,NO_FACE_DETECTED,0.0,0.35,TN,No Face Detected by SCRFD
3323,New_Images,005235.jpg,005235,NONE,Unmasked,UNRECOGNIZED,0.2596,0.35,TN,CORRECTLY_REJECTED_UNKNOWN
3324,New_Images,008772.jpg,008772,NONE,Unmasked,UNRECOGNIZED,0.2428,0.35,TN,CORRECTLY_REJECTED_UNKNOWN
3325,New_Images,007804.jpg,007804,NONE,Unmasked,UNRECOGNIZED,0.2526,0.35,TN,CORRECTLY_REJECTED_UNKNOWN
3326,New_Images,006189.jpg,006189,NONE,Unmasked,NO_FACE_DETECTED,0.0,0.35,TN,No Face Detected by SCRFD
3327,New_Images,009251.jpg,009251,NONE,Unmasked,NO_FACE_DETECTED,0.0,0.35,TN,No Face Detected by SCRFD
3328,Masked Images,000041__K95__masked.jpg,000041,K95,KN95 Mask,NO_FACE_DETECTED,0.0,0.35,FN,No Face Detected by SCRFD
3329,New_Images,008186.jpg,008186,NONE,Unmasked,NO_FACE_DETECTED,0.0,0.35,TN,No Face Detected by SCRFD
3330,New_Images,009433.jpg,009433,NONE,Unmasked,UNRECOGNIZED,0.2738,0.35,TN,CORRECTLY_REJECTED_UNKNOWN
3331,New_Images,006930.jpg,006930,NONE,Unmasked,UNRECOGNIZED,0.2065,0.35,TN,CORRECTLY_REJECTED_UNKNOWN
3332,New_Images,008289.jpg,008289,NONE,Unmasked,UNRECOGNIZED,0.2417,0.35,TN,CORRECTLY_REJECTED_UNKNOWN
3333,New_Images,008097.jpg,008097,NONE,Unmasked,NO_FACE_DETECTED,0.0,0.35,TN,No Face Detected by SCRFD
3334,New_Images,008971.jpg,008971,NONE,Unmasked,UNRECOGNIZED,0.2923,0.35,TN,CORRECTLY_REJECTED_UNKNOWN
3335,New_Images,005489.jpg,005489,NONE,Unmasked,UNRECOGNIZED,0.2004,0.35,TN,CORRECTLY_REJECTED_UNKNOWN
3336,Masked Images,000160__CLT__masked.jpg,000160,CLT,Cloth Mask,000160,0.9328,0.35,TP,CORRECT_MATCH
3337,Masked Images,000751__SUR__masked.jpg,000751,SUR,Surgical Mask,000751,0.8145,0.35,TP,CORRECT_MATCH
3338,New_Images,005574.jpg,005574,NONE,Unmasked,UNRECOGNIZED,0.2463,0.35,TN,CORRECTLY_REJECTED_UNKNOWN
3339,New_Images,008678.jpg,008678,NONE,Unmasked,NO_FACE_DETECTED,0.0,0.35,TN,No Face Detected by SCRFD
3340,Masked Images,000164__K95__masked.jpg,000164,K95,KN95 Mask,000164,0.9655,0.35,TP,CORRECT_MATCH
3341,New_Images,006824.jpg,006824,NONE,Unmasked,UNRECOGNIZED,0.2143,0.35,TN,CORRECTLY_REJECTED_UNKNOWN
3342,New_Images,006888.jpg,006888,NONE,Unmasked,NO_FACE_DETECTED,0.0,0.35,TN,No Face Detected by SCRFD
3343,New_Images,006054.jpg,006054,NONE,Unmasked,UNRECOGNIZED,0.2439,0.35,TN,CORRECTLY_REJECTED_UNKNOWN
3344,New_Images,009329.jpg,009329,NONE,Unmasked,UNRECOGNIZED,0.2645,0.35,TN,CORRECTLY_REJECTED_UNKNOWN
3345,New_Images,008118.jpg,008118,NONE,Unmasked,UNRECOGNIZED,0.2955,0.35,TN,CORRECTLY_REJECTED_UNKNOWN
3346,New_Images,006534.jpg,006534,NONE,Unmasked,NO_FACE_DETECTED,0.0,0.35,TN,No Face Detected by SCRFD
3347,Masked Images,000387__N95__masked.jpg,000387,N95,N95 Mask,000387,0.9165,0.35,TP,CORRECT_MATCH
3348,New_Images,007011.jpg,007011,NONE,Unmasked,NO_FACE_DETECTED,0.0,0.35,TN,No Face Detected by SCRFD
3349,Masked Images,000260__K95__masked.jpg,000260,K95,KN95 Mask,000260,0.9219,0.35,TP,CORRECT_MATCH
3350,New_Images,006508.jpg,006508,NONE,Unmasked,UNRECOGNIZED,0.2144,0.35,TN,CORRECTLY_REJECTED_UNKNOWN
3351,New_Images,009176.jpg,009176,NONE,Unmasked,UNRECOGNIZED,0.2584,0.35,TN,CORRECTLY_REJECTED_UNKNOWN
3352,New_Images,007812.jpg,007812,NONE,Unmasked,UNRECOGNIZED,0.2855,0.35,TN,CORRECTLY_REJECTED_UNKNOWN
3353,New_Images,005039.jpg,005039,NONE,Unmasked,UNRECOGNIZED,0.2414,0.35,TN,CORRECTLY_REJECTED_UNKNOWN
3354,New_Images,006959.jpg,006959,NONE,Unmasked,UNRECOGNIZED,0.2357,0.35,TN,CORRECTLY_REJECTED_UNKNOWN
3355,New_Images,008566.jpg,008566,NONE,Unmasked,UNRECOGNIZED,0.2758,0.35,TN,CORRECTLY_REJECTED_UNKNOWN
3356,New_Images,006527.jpg,006527,NONE,Unmasked,UNRECOGNIZED,0.2292,0.35,TN,CORRECTLY_REJECTED_UNKNOWN
3357,New_Images,009284.jpg,009284,NONE,Unmasked,UNRECOGNIZED,0.2935,0.35,TN,CORRECTLY_REJECTED_UNKNOWN
3358,New_Images,005811.jpg,005811,NONE,Unmasked,NO_FACE_DETECTED,0.0,0.35,TN,No Face Detected by SCRFD
3359,New_Images,006537.jpg,006537,NONE,Unmasked,UNRECOGNIZED,0.2119,0.35,TN,CORRECTLY_REJECTED_UNKNOWN
3360,New_Images,005529.jpg,005529,NONE,Unmasked,NO_FACE_DETECTED,0.0,0.35,TN,No Face Detected by SCRFD
3361,New_Images,008519.jpg,008519,NONE,Unmasked,UNRECOGNIZED,0.25,0.35,TN,CORRECTLY_REJECTED_UNKNOWN
3362,New_Images,006117.jpg,006117,NONE,Unmasked,UNRECOGNIZED,0.2428,0.35,TN,CORRECTLY_REJECTED_UNKNOWN
3363,New_Images,008600.jpg,008600,NONE,Unmasked,UNRECOGNIZED,0.2769,0.35,TN,CORRECTLY_REJECTED_UNKNOWN
3364,New_Images,007743.jpg,007743,NONE,Unmasked,NO_FACE_DETECTED,0.0,0.35,TN,No Face Detected by SCRFD
3365,New_Images,007020.jpg,007020,NONE,Unmasked,NO_FACE_DETECTED,0.0,0.35,TN,No Face Detected by SCRFD
3366,New_Images,006653.jpg,006653,NONE,Unmasked,NO_FACE_DETECTED,0.0,0.35,TN,No Face Detected by SCRFD
3367,New_Images,008962.jpg,008962,NONE,Unmasked,UNRECOGNIZED,0.2262,0.35,TN,CORRECTLY_REJECTED_UNKNOWN
3368,New_Images,008394.jpg,008394,NONE,Unmasked,NO_FACE_DETECTED,0.0,0.35,TN,No Face Detected by SCRFD
3369,New_Images,009207.jpg,009207,NONE,Unmasked,UNRECOGNIZED,0.2156,0.35,TN,CORRECTLY_REJECTED_UNKNOWN
3370,New_Images,008977.jpg,008977,NONE,Unmasked,UNRECOGNIZED,0.2455,0.35,TN,CORRECTLY_REJECTED_UNKNOWN
3371,New_Images,005555.jpg,005555,NONE,Unmasked,UNRECOGNIZED,0.2855,0.35,TN,CORRECTLY_REJECTED_UNKNOWN
3372,New_Images,009316.jpg,009316,NONE,Unmasked,UNRECOGNIZED,0.2542,0.35,TN,CORRECTLY_REJECTED_UNKNOWN
3373,New_Images,009480.jpg,009480,NONE,Unmasked,UNRECOGNIZED,0.2631,0.35,TN,CORRECTLY_REJECTED_UNKNOWN
3374,Masked Images,000988__CLT__masked.jpg,000988,CLT,Cloth Mask,000988,0.905,0.35,TP,CORRECT_MATCH
3375,New_Images,006476.jpg,006476,NONE,Unmasked,UNRECOGNIZED,0.2558,0.35,TN,CORRECTLY_REJECTED_UNKNOWN
3376,Masked Images,000959__GAS__masked.jpg,000959,GAS,Gas Mask,000959,0.7782,0.35,TP,CORRECT_MATCH
3377,New_Images,009283.jpg,009283,NONE,Unmasked,UNRECOGNIZED,0.2411,0.35,TN,CORRECTLY_REJECTED_UNKNOWN
3378,New_Images,006606.jpg,006606,NONE,Unmasked,NO_FACE_DETECTED,0.0,0.35,TN,No Face Detected by SCRFD
3379,New_Images,007478.jpg,007478,NONE,Unmasked,UNRECOGNIZED,0.2789,0.35,TN,CORRECTLY_REJECTED_UNKNOWN
3380,Masked Images,001029__CLT__masked.jpg,001029,CLT,Cloth Mask,001029,0.9344,0.35,TP,CORRECT_MATCH
3381,Masked Images,001015__SUR__masked.jpg,001015,SUR,Surgical Mask,001015,0.9021,0.35,TP,CORRECT_MATCH
3382,New_Images,008872.jpg,008872,NONE,Unmasked,UNRECOGNIZED,0.2291,0.35,TN,CORRECTLY_REJECTED_UNKNOWN
3383,New_Images,006897.jpg,006897,NONE,Unmasked,NO_FACE_DETECTED,0.0,0.35,TN,No Face Detected by SCRFD
3384,New_Images,006384.jpg,006384,NONE,Unmasked,UNRECOGNIZED,0.2578,0.35,TN,CORRECTLY_REJECTED_UNKNOWN
3385,Masked Images,000472__K95__masked.jpg,000472,K95,KN95 Mask,000472,0.9625,0.35,TP,CORRECT_MATCH
3386,New_Images,008374.jpg,008374,NONE,Unmasked,UNRECOGNIZED,0.2491,0.35,TN,CORRECTLY_REJECTED_UNKNOWN
3387,Masked Images,001152__K95__masked.jpg,001152,K95,KN95 Mask,001152,0.9383,0.35,TP,CORRECT_MATCH
3388,New_Images,006714.jpg,006714,NONE,Unmasked,UNRECOGNIZED,0.2777,0.35,TN,CORRECTLY_REJECTED_UNKNOWN
3389,New_Images,006165.jpg,006165,NONE,Unmasked,UNRECOGNIZED,0.2474,0.35,TN,CORRECTLY_REJECTED_UNKNOWN
3390,Masked Images,001150__SUR__masked.jpg,001150,SUR,Surgical Mask,001150,0.918,0.35,TP,CORRECT_MATCH
3391,New_Images,006069.jpg,006069,NONE,Unmasked,UNRECOGNIZED,0.2446,0.35,TN,CORRECTLY_REJECTED_UNKNOWN
3392,New_Images,007254.jpg,007254,NONE,Unmasked,UNRECOGNIZED,0.2774,0.35,TN,CORRECTLY_REJECTED_UNKNOWN
3393,New_Images,009563.jpg,009563,NONE,Unmasked,UNRECOGNIZED,0.2412,0.35,TN,CORRECTLY_REJECTED_UNKNOWN
3394,New_Images,009245.jpg,009245,NONE,Unmasked,UNRECOGNIZED,0.1956,0.35,TN,CORRECTLY_REJECTED_UNKNOWN
3395,New_Images,005825.jpg,005825,NONE,Unmasked,NO_FACE_DETECTED,0.0,0.35,TN,No Face Detected by SCRFD
3396,New_Images,007914.jpg,007914,NONE,Unmasked,UNRECOGNIZED,0.2315,0.35,TN,CORRECTLY_REJECTED_UNKNOWN
3397,Masked Images,001088__SUR__masked.jpg,001088,SUR,Surgical Mask,001088,0.8581,0.35,TP,CORRECT_MATCH
3398,New_Images,006549.jpg,006549,NONE,Unmasked,UNRECOGNIZED,0.2756,0.35,TN,CORRECTLY_REJECTED_UNKNOWN
3399,New_Images,005674.jpg,005674,NONE,Unmasked,NO_FACE_DETECTED,0.0,0.35,TN,No Face Detected by SCRFD
3400,New_Images,005281.jpg,005281,NONE,Unmasked,UNRECOGNIZED,0.2225,0.35,TN,CORRECTLY_REJECTED_UNKNOWN
3401,New_Images,008192.jpg,008192,NONE,Unmasked,UNRECOGNIZED,0.2832,0.35,TN,CORRECTLY_REJECTED_UNKNOWN
3402,New_Images,006788.jpg,006788,NONE,Unmasked,UNRECOGNIZED,0.3138,0.35,TN,CORRECTLY_REJECTED_UNKNOWN
3403,New_Images,007279.jpg,007279,NONE,Unmasked,UNRECOGNIZED,0.316,0.35,TN,CORRECTLY_REJECTED_UNKNOWN
3404,New_Images,009411.jpg,009411,NONE,Unmasked,UNRECOGNIZED,0.2638,0.35,TN,CORRECTLY_REJECTED_UNKNOWN
3405,New_Images,007693.jpg,007693,NONE,Unmasked,UNRECOGNIZED,0.2308,0.35,TN,CORRECTLY_REJECTED_UNKNOWN
3406,Masked Images,000630__GAS__masked.jpg,000630,GAS,Gas Mask,000630,0.8635,0.35,TP,CORRECT_MATCH
3407,New_Images,007158.jpg,007158,NONE,Unmasked,UNRECOGNIZED,0.2446,0.35,TN,CORRECTLY_REJECTED_UNKNOWN
3408,New_Images,008082.jpg,008082,NONE,Unmasked,NO_FACE_DETECTED,0.0,0.35,TN,No Face Detected by SCRFD
3409,New_Images,008099.jpg,008099,NONE,Unmasked,NO_FACE_DETECTED,0.0,0.35,TN,No Face Detected by SCRFD
3410,New_Images,007215.jpg,007215,NONE,Unmasked,UNRECOGNIZED,0.2622,0.35,TN,CORRECTLY_REJECTED_UNKNOWN
3411,New_Images,009289.jpg,009289,NONE,Unmasked,NO_FACE_DETECTED,0.0,0.35,TN,No Face Detected by SCRFD
3412,New_Images,009325.jpg,009325,NONE,Unmasked,UNRECOGNIZED,0.2323,0.35,TN,CORRECTLY_REJECTED_UNKNOWN
3413,New_Images,008549.jpg,008549,NONE,Unmasked,NO_FACE_DETECTED,0.0,0.35,TN,No Face Detected by SCRFD
3414,New_Images,008088.jpg,008088,NONE,Unmasked,UNRECOGNIZED,0.2518,0.35,TN,CORRECTLY_REJECTED_UNKNOWN
3415,New_Images,006211.jpg,006211,NONE,Unmasked,UNRECOGNIZED,0.2566,0.35,TN,CORRECTLY_REJECTED_UNKNOWN
3416,New_Images,009319.jpg,009319,NONE,Unmasked,UNRECOGNIZED,0.2918,0.35,TN,CORRECTLY_REJECTED_UNKNOWN
3417,New_Images,005041.jpg,005041,NONE,Unmasked,UNRECOGNIZED,0.2317,0.35,TN,CORRECTLY_REJECTED_UNKNOWN
3418,New_Images,009272.jpg,009272,NONE,Unmasked,UNRECOGNIZED,0.2524,0.35,TN,CORRECTLY_REJECTED_UNKNOWN
3419,New_Images,006818.jpg,006818,NONE,Unmasked,NO_FACE_DETECTED,0.0,0.35,TN,No Face Detected by SCRFD
3420,New_Images,007120.jpg,007120,NONE,Unmasked,NO_FACE_DETECTED,0.0,0.35,TN,No Face Detected by SCRFD
3421,New_Images,006158.jpg,006158,NONE,Unmasked,UNRECOGNIZED,0.27,0.35,TN,CORRECTLY_REJECTED_UNKNOWN
3422,New_Images,005291.jpg,005291,NONE,Unmasked,NO_FACE_DETECTED,0.0,0.35,TN,No Face Detected by SCRFD
3423,New_Images,005828.jpg,005828,NONE,Unmasked,UNRECOGNIZED,0.2672,0.35,TN,CORRECTLY_REJECTED_UNKNOWN
3424,New_Images,008024.jpg,008024,NONE,Unmasked,UNRECOGNIZED,0.3264,0.35,TN,CORRECTLY_REJECTED_UNKNOWN
3425,New_Images,005865.jpg,005865,NONE,Unmasked,UNRECOGNIZED,0.2446,0.35,TN,CORRECTLY_REJECTED_UNKNOWN
3426,New_Images,007291.jpg,007291,NONE,Unmasked,NO_FACE_DETECTED,0.0,0.35,TN,No Face Detected by SCRFD
3427,New_Images,008219.jpg,008219,NONE,Unmasked,NO_FACE_DETECTED,0.0,0.35,TN,No Face Detected by SCRFD
3428,New_Images,007324.jpg,007324,NONE,Unmasked,UNRECOGNIZED,0.2678,0.35,TN,CORRECTLY_REJECTED_UNKNOWN
3429,New_Images,006750.jpg,006750,NONE,Unmasked,UNRECOGNIZED,0.248,0.35,TN,CORRECTLY_REJECTED_UNKNOWN
3430,New_Images,005046.jpg,005046,NONE,Unmasked,NO_FACE_DETECTED,0.0,0.35,TN,No Face Detected by SCRFD
3431,New_Images,007573.jpg,007573,NONE,Unmasked,UNRECOGNIZED,0.2875,0.35,TN,CORRECTLY_REJECTED_UNKNOWN
3432,New_Images,005082.jpg,005082,NONE,Unmasked,UNRECOGNIZED,0.2258,0.35,TN,CORRECTLY_REJECTED_UNKNOWN
3433,Masked Images,000956__N95__masked.jpg,000956,N95,N95 Mask,000956,0.829,0.35,TP,CORRECT_MATCH
3434,New_Images,008770.jpg,008770,NONE,Unmasked,UNRECOGNIZED,0.268,0.35,TN,CORRECTLY_REJECTED_UNKNOWN
3435,New_Images,006148.jpg,006148,NONE,Unmasked,UNRECOGNIZED,0.2388,0.35,TN,CORRECTLY_REJECTED_UNKNOWN
3436,New_Images,005005.jpg,005005,NONE,Unmasked,UNRECOGNIZED,0.2006,0.35,TN,CORRECTLY_REJECTED_UNKNOWN
3437,Masked Images,001045__GAS__masked.jpg,001045,GAS,Gas Mask,001045,0.7651,0.35,TP,CORRECT_MATCH
3438,Masked Images,000819__K95__masked.jpg,000819,K95,KN95 Mask,000819,0.9074,0.35,TP,CORRECT_MATCH
3439,New_Images,007541.jpg,007541,NONE,Unmasked,UNRECOGNIZED,0.239,0.35,TN,CORRECTLY_REJECTED_UNKNOWN
3440,New_Images,006361.jpg,006361,NONE,Unmasked,UNRECOGNIZED,0.2714,0.35,TN,CORRECTLY_REJECTED_UNKNOWN
3441,New_Images,009513.jpg,009513,NONE,Unmasked,UNRECOGNIZED,0.326,0.35,TN,CORRECTLY_REJECTED_UNKNOWN
3442,New_Images,006702.jpg,006702,NONE,Unmasked,NO_FACE_DETECTED,0.0,0.35,TN,No Face Detected by SCRFD
3443,New_Images,007665.jpg,007665,NONE,Unmasked,NO_FACE_DETECTED,0.0,0.35,TN,No Face Detected by SCRFD
3444,New_Images,006497.jpg,006497,NONE,Unmasked,UNRECOGNIZED,0.301,0.35,TN,CORRECTLY_REJECTED_UNKNOWN
3445,New_Images,007690.jpg,007690,NONE,Unmasked,UNRECOGNIZED,0.2479,0.35,TN,CORRECTLY_REJECTED_UNKNOWN
3446,New_Images,006815.jpg,006815,NONE,Unmasked,UNRECOGNIZED,0.2513,0.35,TN,CORRECTLY_REJECTED_UNKNOWN
3447,New_Images,008811.jpg,008811,NONE,Unmasked,UNRECOGNIZED,0.2324,0.35,TN,CORRECTLY_REJECTED_UNKNOWN
3448,New_Images,006631.jpg,006631,NONE,Unmasked,UNRECOGNIZED,0.2594,0.35,TN,CORRECTLY_REJECTED_UNKNOWN
3449,New_Images,008141.jpg,008141,NONE,Unmasked,UNRECOGNIZED,0.2744,0.35,TN,CORRECTLY_REJECTED_UNKNOWN
3450,New_Images,008223.jpg,008223,NONE,Unmasked,UNRECOGNIZED,0.2508,0.35,TN,CORRECTLY_REJECTED_UNKNOWN
3451,New_Images,005265.jpg,005265,NONE,Unmasked,UNRECOGNIZED,0.2285,0.35,TN,CORRECTLY_REJECTED_UNKNOWN
3452,New_Images,006046.jpg,006046,NONE,Unmasked,UNRECOGNIZED,0.2437,0.35,TN,CORRECTLY_REJECTED_UNKNOWN
3453,New_Images,005745.jpg,005745,NONE,Unmasked,UNRECOGNIZED,0.2748,0.35,TN,CORRECTLY_REJECTED_UNKNOWN
3454,New_Images,008877.jpg,008877,NONE,Unmasked,UNRECOGNIZED,0.2083,0.35,TN,CORRECTLY_REJECTED_UNKNOWN
3455,New_Images,005148.jpg,005148,NONE,Unmasked,UNRECOGNIZED,0.233,0.35,TN,CORRECTLY_REJECTED_UNKNOWN
3456,New_Images,005406.jpg,005406,NONE,Unmasked,NO_FACE_DETECTED,0.0,0.35,TN,No Face Detected by SCRFD
3457,New_Images,009511.jpg,009511,NONE,Unmasked,NO_FACE_DETECTED,0.0,0.35,TN,No Face Detected by SCRFD
3458,New_Images,008030.jpg,008030,NONE,Unmasked,UNRECOGNIZED,0.2829,0.35,TN,CORRECTLY_REJECTED_UNKNOWN
3459,New_Images,009371.jpg,009371,NONE,Unmasked,UNRECOGNIZED,0.327,0.35,TN,CORRECTLY_REJECTED_UNKNOWN
3460,New_Images,009189.jpg,009189,NONE,Unmasked,NO_FACE_DETECTED,0.0,0.35,TN,No Face Detected by SCRFD
3461,New_Images,006160.jpg,006160,NONE,Unmasked,UNRECOGNIZED,0.2514,0.35,TN,CORRECTLY_REJECTED_UNKNOWN
3462,Masked Images,000882__GAS__masked.jpg,000882,GAS,Gas Mask,000882,0.8827,0.35,TP,CORRECT_MATCH
3463,New_Images,005987.jpg,005987,NONE,Unmasked,UNRECOGNIZED,0.2591,0.35,TN,CORRECTLY_REJECTED_UNKNOWN
3464,Masked Images,000593__SUR__masked.jpg,000593,SUR,Surgical Mask,000593,0.8895,0.35,TP,CORRECT_MATCH
3465,New_Images,006753.jpg,006753,NONE,Unmasked,UNRECOGNIZED,0.2636,0.35,TN,CORRECTLY_REJECTED_UNKNOWN
3466,New_Images,008333.jpg,008333,NONE,Unmasked,UNRECOGNIZED,0.2857,0.35,TN,CORRECTLY_REJECTED_UNKNOWN
3467,New_Images,008854.jpg,008854,NONE,Unmasked,NO_FACE_DETECTED,0.0,0.35,TN,No Face Detected by SCRFD
3468,New_Images,007980.jpg,007980,NONE,Unmasked,UNRECOGNIZED,0.2119,0.35,TN,CORRECTLY_REJECTED_UNKNOWN
3469,New_Images,007993.jpg,007993,NONE,Unmasked,UNRECOGNIZED,0.2662,0.35,TN,CORRECTLY_REJECTED_UNKNOWN
3470,New_Images,006367.jpg,006367,NONE,Unmasked,UNRECOGNIZED,0.2717,0.35,TN,CORRECTLY_REJECTED_UNKNOWN
3471,New_Images,007724.jpg,007724,NONE,Unmasked,NO_FACE_DETECTED,0.0,0.35,TN,No Face Detected by SCRFD
3472,New_Images,005918.jpg,005918,NONE,Unmasked,UNRECOGNIZED,0.2226,0.35,TN,CORRECTLY_REJECTED_UNKNOWN
3473,New_Images,005543.jpg,005543,NONE,Unmasked,NO_FACE_DETECTED,0.0,0.35,TN,No Face Detected by SCRFD
3474,New_Images,007539.jpg,007539,NONE,Unmasked,UNRECOGNIZED,0.2419,0.35,TN,CORRECTLY_REJECTED_UNKNOWN
3475,New_Images,006691.jpg,006691,NONE,Unmasked,UNRECOGNIZED,0.2663,0.35,TN,CORRECTLY_REJECTED_UNKNOWN
3476,New_Images,005554.jpg,005554,NONE,Unmasked,NO_FACE_DETECTED,0.0,0.35,TN,No Face Detected by SCRFD
3477,Masked Images,000651__SUR__masked.jpg,000651,SUR,Surgical Mask,000651,0.9253,0.35,TP,CORRECT_MATCH
3478,New_Images,005578.jpg,005578,NONE,Unmasked,UNRECOGNIZED,0.2247,0.35,TN,CORRECTLY_REJECTED_UNKNOWN
3479,New_Images,005147.jpg,005147,NONE,Unmasked,UNRECOGNIZED,0.2676,0.35,TN,CORRECTLY_REJECTED_UNKNOWN
3480,New_Images,008458.jpg,008458,NONE,Unmasked,UNRECOGNIZED,0.2315,0.35,TN,CORRECTLY_REJECTED_UNKNOWN
3481,Masked Images,000082__K95__masked.jpg,000082,K95,KN95 Mask,000082,0.9316,0.35,TP,CORRECT_MATCH
3482,Masked Images,000813__N95__masked.jpg,000813,N95,N95 Mask,000813,0.9017,0.35,TP,CORRECT_MATCH
3483,Masked Images,000475__SUR__masked.jpg,000475,SUR,Surgical Mask,000475,0.9077,0.35,TP,CORRECT_MATCH
3484,New_Images,006732.jpg,006732,NONE,Unmasked,UNRECOGNIZED,0.2864,0.35,TN,CORRECTLY_REJECTED_UNKNOWN
3485,New_Images,006208.jpg,006208,NONE,Unmasked,UNRECOGNIZED,0.278,0.35,TN,CORRECTLY_REJECTED_UNKNOWN
3486,New_Images,008354.jpg,008354,NONE,Unmasked,NO_FACE_DETECTED,0.0,0.35,TN,No Face Detected by SCRFD
3487,Masked Images,001028__K95__masked.jpg,001028,K95,KN95 Mask,001028,0.9415,0.35,TP,CORRECT_MATCH
3488,New_Images,008860.jpg,008860,NONE,Unmasked,UNRECOGNIZED,0.2806,0.35,TN,CORRECTLY_REJECTED_UNKNOWN
3489,New_Images,009503.jpg,009503,NONE,Unmasked,NO_FACE_DETECTED,0.0,0.35,TN,No Face Detected by SCRFD
3490,New_Images,008504.jpg,008504,NONE,Unmasked,UNRECOGNIZED,0.1986,0.35,TN,CORRECTLY_REJECTED_UNKNOWN
3491,New_Images,008477.jpg,008477,NONE,Unmasked,NO_FACE_DETECTED,0.0,0.35,TN,No Face Detected by SCRFD
3492,New_Images,007308.jpg,007308,NONE,Unmasked,UNRECOGNIZED,0.2302,0.35,TN,CORRECTLY_REJECTED_UNKNOWN
3493,New_Images,007035.jpg,007035,NONE,Unmasked,UNRECOGNIZED,0.276,0.35,TN,CORRECTLY_REJECTED_UNKNOWN
3494,New_Images,006401.jpg,006401,NONE,Unmasked,UNRECOGNIZED,0.2612,0.35,TN,CORRECTLY_REJECTED_UNKNOWN
3495,New_Images,007500.jpg,007500,NONE,Unmasked,UNRECOGNIZED,0.2383,0.35,TN,CORRECTLY_REJECTED_UNKNOWN
3496,New_Images,008660.jpg,008660,NONE,Unmasked,UNRECOGNIZED,0.2806,0.35,TN,CORRECTLY_REJECTED_UNKNOWN
3497,New_Images,008764.jpg,008764,NONE,Unmasked,UNRECOGNIZED,0.2756,0.35,TN,CORRECTLY_REJECTED_UNKNOWN
3498,Masked Images,000729__CLT__masked.jpg,000729,CLT,Cloth Mask,000729,0.9562,0.35,TP,CORRECT_MATCH
3499,New_Images,005830.jpg,005830,NONE,Unmasked,UNRECOGNIZED,0.2622,0.35,TN,CORRECTLY_REJECTED_UNKNOWN
3500,New_Images,007380.jpg,007380,NONE,Unmasked,UNRECOGNIZED,0.2834,0.35,TN,CORRECTLY_REJECTED_UNKNOWN
3501,New_Images,008919.jpg,008919,NONE,Unmasked,UNRECOGNIZED,0.236,0.35,TN,CORRECTLY_REJECTED_UNKNOWN
3502,New_Images,006817.jpg,006817,NONE,Unmasked,NO_FACE_DETECTED,0.0,0.35,TN,No Face Detected by SCRFD
3503,New_Images,008220.jpg,008220,NONE,Unmasked,NO_FACE_DETECTED,0.0,0.35,TN,No Face Detected by SCRFD
3504,New_Images,006228.jpg,006228,NONE,Unmasked,UNRECOGNIZED,0.2209,0.35,TN,CORRECTLY_REJECTED_UNKNOWN
3505,New_Images,006232.jpg,006232,NONE,Unmasked,UNRECOGNIZED,0.3166,0.35,TN,CORRECTLY_REJECTED_UNKNOWN
3506,New_Images,007877.jpg,007877,NONE,Unmasked,UNRECOGNIZED,0.2225,0.35,TN,CORRECTLY_REJECTED_UNKNOWN
3507,New_Images,007069.jpg,007069,NONE,Unmasked,UNRECOGNIZED,0.2328,0.35,TN,CORRECTLY_REJECTED_UNKNOWN
3508,New_Images,007847.jpg,007847,NONE,Unmasked,NO_FACE_DETECTED,0.0,0.35,TN,No Face Detected by SCRFD
3509,Masked Images,001127__K95__masked.jpg,001127,K95,KN95 Mask,001127,0.8634,0.35,TP,CORRECT_MATCH
3510,New_Images,008492.jpg,008492,NONE,Unmasked,UNRECOGNIZED,0.2319,0.35,TN,CORRECTLY_REJECTED_UNKNOWN
3511,New_Images,007958.jpg,007958,NONE,Unmasked,NO_FACE_DETECTED,0.0,0.35,TN,No Face Detected by SCRFD
3512,Masked Images,000114__GAS__masked.jpg,000114,GAS,Gas Mask,000114,0.8695,0.35,TP,CORRECT_MATCH
3513,New_Images,009524.jpg,009524,NONE,Unmasked,UNRECOGNIZED,0.3407,0.35,TN,CORRECTLY_REJECTED_UNKNOWN
3514,New_Images,006681.jpg,006681,NONE,Unmasked,UNRECOGNIZED,0.3061,0.35,TN,CORRECTLY_REJECTED_UNKNOWN
3515,New_Images,008061.jpg,008061,NONE,Unmasked,UNRECOGNIZED,0.2193,0.35,TN,CORRECTLY_REJECTED_UNKNOWN
3516,New_Images,007126.jpg,007126,NONE,Unmasked,NO_FACE_DETECTED,0.0,0.35,TN,No Face Detected by SCRFD
3517,New_Images,005123.jpg,005123,NONE,Unmasked,UNRECOGNIZED,0.2581,0.35,TN,CORRECTLY_REJECTED_UNKNOWN
3518,New_Images,008620.jpg,008620,NONE,Unmasked,UNRECOGNIZED,0.2559,0.35,TN,CORRECTLY_REJECTED_UNKNOWN
3519,New_Images,007566.jpg,007566,NONE,Unmasked,UNRECOGNIZED,0.2765,0.35,TN,CORRECTLY_REJECTED_UNKNOWN
3520,New_Images,008316.jpg,008316,NONE,Unmasked,UNRECOGNIZED,0.2572,0.35,TN,CORRECTLY_REJECTED_UNKNOWN
3521,New_Images,006622.jpg,006622,NONE,Unmasked,NO_FACE_DETECTED,0.0,0.35,TN,No Face Detected by SCRFD
3522,New_Images,008154.jpg,008154,NONE,Unmasked,UNRECOGNIZED,0.2166,0.35,TN,CORRECTLY_REJECTED_UNKNOWN
3523,New_Images,005371.jpg,005371,NONE,Unmasked,UNRECOGNIZED,0.2535,0.35,TN,CORRECTLY_REJECTED_UNKNOWN
3524,Masked Images,000073__CLT__masked.jpg,000073,CLT,Cloth Mask,000073,0.8627,0.35,TP,CORRECT_MATCH
3525,New_Images,007204.jpg,007204,NONE,Unmasked,UNRECOGNIZED,0.2445,0.35,TN,CORRECTLY_REJECTED_UNKNOWN
3526,New_Images,008035.jpg,008035,NONE,Unmasked,UNRECOGNIZED,0.216,0.35,TN,CORRECTLY_REJECTED_UNKNOWN
3527,New_Images,005090.jpg,005090,NONE,Unmasked,NO_FACE_DETECTED,0.0,0.35,TN,No Face Detected by SCRFD
3528,New_Images,006168.jpg,006168,NONE,Unmasked,UNRECOGNIZED,0.3091,0.35,TN,CORRECTLY_REJECTED_UNKNOWN
3529,New_Images,009377.jpg,009377,NONE,Unmasked,NO_FACE_DETECTED,0.0,0.35,TN,No Face Detected by SCRFD
3530,New_Images,009626.jpg,009626,NONE,Unmasked,NO_FACE_DETECTED,0.0,0.35,TN,No Face Detected by SCRFD
3531,New_Images,006043.jpg,006043,NONE,Unmasked,UNRECOGNIZED,0.2983,0.35,TN,CORRECTLY_REJECTED_UNKNOWN
3532,New_Images,005950.jpg,005950,NONE,Unmasked,UNRECOGNIZED,0.2457,0.35,TN,CORRECTLY_REJECTED_UNKNOWN
3533,New_Images,008224.jpg,008224,NONE,Unmasked,UNRECOGNIZED,0.2157,0.35,TN,CORRECTLY_REJECTED_UNKNOWN
3534,New_Images,005940.jpg,005940,NONE,Unmasked,UNRECOGNIZED,0.3218,0.35,TN,CORRECTLY_REJECTED_UNKNOWN
3535,New_Images,008158.jpg,008158,NONE,Unmasked,UNRECOGNIZED,0.2483,0.35,TN,CORRECTLY_REJECTED_UNKNOWN
3536,New_Images,006294.jpg,006294,NONE,Unmasked,UNRECOGNIZED,0.2345,0.35,TN,CORRECTLY_REJECTED_UNKNOWN
3537,New_Images,005088.jpg,005088,NONE,Unmasked,NO_FACE_DETECTED,0.0,0.35,TN,No Face Detected by SCRFD
3538,New_Images,008729.jpg,008729,NONE,Unmasked,UNRECOGNIZED,0.2262,0.35,TN,CORRECTLY_REJECTED_UNKNOWN
3539,New_Images,006891.jpg,006891,NONE,Unmasked,UNRECOGNIZED,0.2195,0.35,TN,CORRECTLY_REJECTED_UNKNOWN
3540,New_Images,009202.jpg,009202,NONE,Unmasked,UNRECOGNIZED,0.232,0.35,TN,CORRECTLY_REJECTED_UNKNOWN
3541,New_Images,005472.jpg,005472,NONE,Unmasked,UNRECOGNIZED,0.2591,0.35,TN,CORRECTLY_REJECTED_UNKNOWN
3542,New_Images,008762.jpg,008762,NONE,Unmasked,UNRECOGNIZED,0.2463,0.35,TN,CORRECTLY_REJECTED_UNKNOWN
3543,New_Images,009180.jpg,009180,NONE,Unmasked,UNRECOGNIZED,0.2267,0.35,TN,CORRECTLY_REJECTED_UNKNOWN
3544,New_Images,008824.jpg,008824,NONE,Unmasked,NO_FACE_DETECTED,0.0,0.35,TN,No Face Detected by SCRFD
3545,New_Images,007809.jpg,007809,NONE,Unmasked,NO_FACE_DETECTED,0.0,0.35,TN,No Face Detected by SCRFD
3546,Masked Images,000600__K95__masked.jpg,000600,K95,KN95 Mask,000600,0.9296,0.35,TP,CORRECT_MATCH
3547,New_Images,007863.jpg,007863,NONE,Unmasked,UNRECOGNIZED,0.2581,0.35,TN,CORRECTLY_REJECTED_UNKNOWN
3548,New_Images,006346.jpg,006346,NONE,Unmasked,NO_FACE_DETECTED,0.0,0.35,TN,No Face Detected by SCRFD
3549,Masked Images,000641__SUR__masked.jpg,000641,SUR,Surgical Mask,000641,0.9115,0.35,TP,CORRECT_MATCH
3550,New_Images,008306.jpg,008306,NONE,Unmasked,UNRECOGNIZED,0.2738,0.35,TN,CORRECTLY_REJECTED_UNKNOWN
3551,New_Images,005990.jpg,005990,NONE,Unmasked,NO_FACE_DETECTED,0.0,0.35,TN,No Face Detected by SCRFD
3552,New_Images,005803.jpg,005803,NONE,Unmasked,NO_FACE_DETECTED,0.0,0.35,TN,No Face Detected by SCRFD
3553,New_Images,007156.jpg,007156,NONE,Unmasked,UNRECOGNIZED,0.2423,0.35,TN,CORRECTLY_REJECTED_UNKNOWN
3554,New_Images,005227.jpg,005227,NONE,Unmasked,UNRECOGNIZED,0.2575,0.35,TN,CORRECTLY_REJECTED_UNKNOWN
3555,New_Images,006785.jpg,006785,NONE,Unmasked,UNRECOGNIZED,0.2501,0.35,TN,CORRECTLY_REJECTED_UNKNOWN
3556,New_Images,009306.jpg,009306,NONE,Unmasked,UNRECOGNIZED,0.3193,0.35,TN,CORRECTLY_REJECTED_UNKNOWN
3557,New_Images,009450.jpg,009450,NONE,Unmasked,UNRECOGNIZED,0.2364,0.35,TN,CORRECTLY_REJECTED_UNKNOWN
3558,New_Images,007457.jpg,007457,NONE,Unmasked,UNRECOGNIZED,0.2774,0.35,TN,CORRECTLY_REJECTED_UNKNOWN
3559,Masked Images,000178__GAS__masked.jpg,000178,GAS,Gas Mask,000178,0.8386,0.35,TP,CORRECT_MATCH
3560,New_Images,008115.jpg,008115,NONE,Unmasked,NO_FACE_DETECTED,0.0,0.35,TN,No Face Detected by SCRFD
3561,New_Images,008462.jpg,008462,NONE,Unmasked,UNRECOGNIZED,0.2597,0.35,TN,CORRECTLY_REJECTED_UNKNOWN
3562,New_Images,005948.jpg,005948,NONE,Unmasked,UNRECOGNIZED,0.2621,0.35,TN,CORRECTLY_REJECTED_UNKNOWN
3563,New_Images,007817.jpg,007817,NONE,Unmasked,UNRECOGNIZED,0.2605,0.35,TN,CORRECTLY_REJECTED_UNKNOWN
3564,Masked Images,000847__SUR__masked.jpg,000847,SUR,Surgical Mask,000847,0.871,0.35,TP,CORRECT_MATCH
3565,New_Images,008190.jpg,008190,NONE,Unmasked,UNRECOGNIZED,0.236,0.35,TN,CORRECTLY_REJECTED_UNKNOWN
3566,New_Images,006955.jpg,006955,NONE,Unmasked,UNRECOGNIZED,0.2511,0.35,TN,CORRECTLY_REJECTED_UNKNOWN
3567,New_Images,005360.jpg,005360,NONE,Unmasked,NO_FACE_DETECTED,0.0,0.35,TN,No Face Detected by SCRFD
3568,New_Images,008876.jpg,008876,NONE,Unmasked,UNRECOGNIZED,0.2404,0.35,TN,CORRECTLY_REJECTED_UNKNOWN
3569,New_Images,008637.jpg,008637,NONE,Unmasked,UNRECOGNIZED,0.231,0.35,TN,CORRECTLY_REJECTED_UNKNOWN
3570,New_Images,008445.jpg,008445,NONE,Unmasked,UNRECOGNIZED,0.299,0.35,TN,CORRECTLY_REJECTED_UNKNOWN
3571,New_Images,005391.jpg,005391,NONE,Unmasked,NO_FACE_DETECTED,0.0,0.35,TN,No Face Detected by SCRFD
3572,New_Images,005476.jpg,005476,NONE,Unmasked,NO_FACE_DETECTED,0.0,0.35,TN,No Face Detected by SCRFD
3573,New_Images,007692.jpg,007692,NONE,Unmasked,UNRECOGNIZED,0.3114,0.35,TN,CORRECTLY_REJECTED_UNKNOWN
3574,Masked Images,000552__K95__masked.jpg,000552,K95,KN95 Mask,000552,0.9564,0.35,TP,CORRECT_MATCH
3575,Masked Images,000511__N95__masked.jpg,000511,N95,N95 Mask,000511,0.8712,0.35,TP,CORRECT_MATCH
3576,New_Images,006365.jpg,006365,NONE,Unmasked,UNRECOGNIZED,0.2597,0.35,TN,CORRECTLY_REJECTED_UNKNOWN
3577,New_Images,009477.jpg,009477,NONE,Unmasked,UNRECOGNIZED,0.2608,0.35,TN,CORRECTLY_REJECTED_UNKNOWN
3578,New_Images,008237.jpg,008237,NONE,Unmasked,NO_FACE_DETECTED,0.0,0.35,TN,No Face Detected by SCRFD
3579,New_Images,008241.jpg,008241,NONE,Unmasked,NO_FACE_DETECTED,0.0,0.35,TN,No Face Detected by SCRFD
3580,New_Images,008420.jpg,008420,NONE,Unmasked,NO_FACE_DETECTED,0.0,0.35,TN,No Face Detected by SCRFD
3581,New_Images,007695.jpg,007695,NONE,Unmasked,UNRECOGNIZED,0.227,0.35,TN,CORRECTLY_REJECTED_UNKNOWN
3582,New_Images,006993.jpg,006993,NONE,Unmasked,UNRECOGNIZED,0.2653,0.35,TN,CORRECTLY_REJECTED_UNKNOWN
3583,New_Images,005707.jpg,005707,NONE,Unmasked,UNRECOGNIZED,0.2169,0.35,TN,CORRECTLY_REJECTED_UNKNOWN
3584,New_Images,005928.jpg,005928,NONE,Unmasked,NO_FACE_DETECTED,0.0,0.35,TN,No Face Detected by SCRFD
3585,New_Images,009167.jpg,009167,NONE,Unmasked,NO_FACE_DETECTED,0.0,0.35,TN,No Face Detected by SCRFD
3586,Masked Images,000320__N95__masked.jpg,000320,N95,N95 Mask,000320,0.9124,0.35,TP,CORRECT_MATCH
3587,New_Images,005045.jpg,005045,NONE,Unmasked,UNRECOGNIZED,0.274,0.35,TN,CORRECTLY_REJECTED_UNKNOWN
3588,New_Images,009227.jpg,009227,NONE,Unmasked,NO_FACE_DETECTED,0.0,0.35,TN,No Face Detected by SCRFD
3589,New_Images,005347.jpg,005347,NONE,Unmasked,UNRECOGNIZED,0.2559,0.35,TN,CORRECTLY_REJECTED_UNKNOWN
3590,Masked Images,000829__K95__masked.jpg,000829,K95,KN95 Mask,000829,0.8349,0.35,TP,CORRECT_MATCH
3591,New_Images,006164.jpg,006164,NONE,Unmasked,UNRECOGNIZED,0.236,0.35,TN,CORRECTLY_REJECTED_UNKNOWN
3592,New_Images,008010.jpg,008010,NONE,Unmasked,UNRECOGNIZED,0.2482,0.35,TN,CORRECTLY_REJECTED_UNKNOWN
3593,Masked Images,000226__GAS__masked.jpg,000226,GAS,Gas Mask,000226,0.8888,0.35,TP,CORRECT_MATCH
3594,New_Images,005503.jpg,005503,NONE,Unmasked,UNRECOGNIZED,0.211,0.35,TN,CORRECTLY_REJECTED_UNKNOWN
3595,Masked Images,000200__SUR__masked.jpg,000200,SUR,Surgical Mask,000200,0.8911,0.35,TP,CORRECT_MATCH
3596,New_Images,007461.jpg,007461,NONE,Unmasked,UNRECOGNIZED,0.2356,0.35,TN,CORRECTLY_REJECTED_UNKNOWN
3597,New_Images,005514.jpg,005514,NONE,Unmasked,UNRECOGNIZED,0.2344,0.35,TN,CORRECTLY_REJECTED_UNKNOWN
3598,New_Images,008602.jpg,008602,NONE,Unmasked,NO_FACE_DETECTED,0.0,0.35,TN,No Face Detected by SCRFD
3599,New_Images,005361.jpg,005361,NONE,Unmasked,UNRECOGNIZED,0.316,0.35,TN,CORRECTLY_REJECTED_UNKNOWN
3600,New_Images,006842.jpg,006842,NONE,Unmasked,NO_FACE_DETECTED,0.0,0.35,TN,No Face Detected by SCRFD
3601,New_Images,009389.jpg,009389,NONE,Unmasked,UNRECOGNIZED,0.2068,0.35,TN,CORRECTLY_REJECTED_UNKNOWN
3602,Masked Images,000575__CLT__masked.jpg,000575,CLT,Cloth Mask,000575,0.864,0.35,TP,CORRECT_MATCH
3603,New_Images,008222.jpg,008222,NONE,Unmasked,UNRECOGNIZED,0.2905,0.35,TN,CORRECTLY_REJECTED_UNKNOWN
3604,Masked Images,000465__SUR__masked.jpg,000465,SUR,Surgical Mask,000465,0.9016,0.35,TP,CORRECT_MATCH
3605,New_Images,007333.jpg,007333,NONE,Unmasked,UNRECOGNIZED,0.2517,0.35,TN,CORRECTLY_REJECTED_UNKNOWN
3606,Masked Images,000037__CLT__masked.jpg,000037,CLT,Cloth Mask,000037,0.9212,0.35,TP,CORRECT_MATCH
3607,New_Images,008880.jpg,008880,NONE,Unmasked,UNRECOGNIZED,0.2172,0.35,TN,CORRECTLY_REJECTED_UNKNOWN
3608,New_Images,009517.jpg,009517,NONE,Unmasked,NO_FACE_DETECTED,0.0,0.35,TN,No Face Detected by SCRFD
3609,New_Images,005790.jpg,005790,NONE,Unmasked,UNRECOGNIZED,0.2819,0.35,TN,CORRECTLY_REJECTED_UNKNOWN
3610,New_Images,006617.jpg,006617,NONE,Unmasked,UNRECOGNIZED,0.2779,0.35,TN,CORRECTLY_REJECTED_UNKNOWN
3611,New_Images,006542.jpg,006542,NONE,Unmasked,UNRECOGNIZED,0.2867,0.35,TN,CORRECTLY_REJECTED_UNKNOWN
3612,New_Images,007315.jpg,007315,NONE,Unmasked,NO_FACE_DETECTED,0.0,0.35,TN,No Face Detected by SCRFD
3613,New_Images,006310.jpg,006310,NONE,Unmasked,UNRECOGNIZED,0.2144,0.35,TN,CORRECTLY_REJECTED_UNKNOWN
3614,New_Images,005890.jpg,005890,NONE,Unmasked,UNRECOGNIZED,0.323,0.35,TN,CORRECTLY_REJECTED_UNKNOWN
3615,New_Images,005015.jpg,005015,NONE,Unmasked,NO_FACE_DETECTED,0.0,0.35,TN,No Face Detected by SCRFD
3616,New_Images,007512.jpg,007512,NONE,Unmasked,UNRECOGNIZED,0.2911,0.35,TN,CORRECTLY_REJECTED_UNKNOWN
3617,Masked Images,000214__GAS__masked.jpg,000214,GAS,Gas Mask,000214,0.8877,0.35,TP,CORRECT_MATCH
3618,New_Images,007944.jpg,007944,NONE,Unmasked,UNRECOGNIZED,0.2513,0.35,TN,CORRECTLY_REJECTED_UNKNOWN
3619,New_Images,006252.jpg,006252,NONE,Unmasked,UNRECOGNIZED,0.2176,0.35,TN,CORRECTLY_REJECTED_UNKNOWN
3620,Masked Images,000915__N95__masked.jpg,000915,N95,N95 Mask,000915,0.8676,0.35,TP,CORRECT_MATCH
3621,Masked Images,001022__N95__masked.jpg,001022,N95,N95 Mask,001022,0.9092,0.35,TP,CORRECT_MATCH
3622,New_Images,005735.jpg,005735,NONE,Unmasked,UNRECOGNIZED,0.2462,0.35,TN,CORRECTLY_REJECTED_UNKNOWN
3623,New_Images,005933.jpg,005933,NONE,Unmasked,NO_FACE_DETECTED,0.0,0.35,TN,No Face Detected by SCRFD
3624,New_Images,005473.jpg,005473,NONE,Unmasked,UNRECOGNIZED,0.2906,0.35,TN,CORRECTLY_REJECTED_UNKNOWN
3625,Masked Images,000389__CLT__masked.jpg,000389,CLT,Cloth Mask,000389,0.9638,0.35,TP,CORRECT_MATCH
3626,New_Images,009484.jpg,009484,NONE,Unmasked,UNRECOGNIZED,0.2543,0.35,TN,CORRECTLY_REJECTED_UNKNOWN
3627,New_Images,008813.jpg,008813,NONE,Unmasked,UNRECOGNIZED,0.2611,0.35,TN,CORRECTLY_REJECTED_UNKNOWN
3628,New_Images,008043.jpg,008043,NONE,Unmasked,NO_FACE_DETECTED,0.0,0.35,TN,No Face Detected by SCRFD
3629,New_Images,007463.jpg,007463,NONE,Unmasked,NO_FACE_DETECTED,0.0,0.35,TN,No Face Detected by SCRFD
3630,New_Images,005905.jpg,005905,NONE,Unmasked,NO_FACE_DETECTED,0.0,0.35,TN,No Face Detected by SCRFD
3631,New_Images,008736.jpg,008736,NONE,Unmasked,UNRECOGNIZED,0.2334,0.35,TN,CORRECTLY_REJECTED_UNKNOWN
3632,New_Images,005971.jpg,005971,NONE,Unmasked,UNRECOGNIZED,0.2714,0.35,TN,CORRECTLY_REJECTED_UNKNOWN
3633,New_Images,005903.jpg,005903,NONE,Unmasked,UNRECOGNIZED,0.2781,0.35,TN,CORRECTLY_REJECTED_UNKNOWN
3634,Masked Images,000683__K95__masked.jpg,000683,K95,KN95 Mask,000683,0.5374,0.35,TP,CORRECT_MATCH
3635,New_Images,007746.jpg,007746,NONE,Unmasked,NO_FACE_DETECTED,0.0,0.35,TN,No Face Detected by SCRFD
3636,Masked Images,000809__K95__masked.jpg,000809,K95,KN95 Mask,000809,0.9401,0.35,TP,CORRECT_MATCH
3637,New_Images,008344.jpg,008344,NONE,Unmasked,UNRECOGNIZED,0.2249,0.35,TN,CORRECTLY_REJECTED_UNKNOWN
3638,New_Images,006816.jpg,006816,NONE,Unmasked,UNRECOGNIZED,0.2417,0.35,TN,CORRECTLY_REJECTED_UNKNOWN
3639,New_Images,006229.jpg,006229,NONE,Unmasked,UNRECOGNIZED,0.2158,0.35,TN,CORRECTLY_REJECTED_UNKNOWN
3640,New_Images,008923.jpg,008923,NONE,Unmasked,UNRECOGNIZED,0.2941,0.35,TN,CORRECTLY_REJECTED_UNKNOWN
3641,New_Images,007893.jpg,007893,NONE,Unmasked,UNRECOGNIZED,0.2979,0.35,TN,CORRECTLY_REJECTED_UNKNOWN
3642,Masked Images,000685__GAS__masked.jpg,000685,GAS,Gas Mask,000685,0.9016,0.35,TP,CORRECT_MATCH
3643,New_Images,007407.jpg,007407,NONE,Unmasked,UNRECOGNIZED,0.2402,0.35,TN,CORRECTLY_REJECTED_UNKNOWN
3644,Masked Images,001053__N95__masked.jpg,001053,N95,N95 Mask,001053,0.9002,0.35,TP,CORRECT_MATCH
3645,New_Images,005575.jpg,005575,NONE,Unmasked,UNRECOGNIZED,0.1974,0.35,TN,CORRECTLY_REJECTED_UNKNOWN
3646,New_Images,006383.jpg,006383,NONE,Unmasked,UNRECOGNIZED,0.2288,0.35,TN,CORRECTLY_REJECTED_UNKNOWN
3647,New_Images,008698.jpg,008698,NONE,Unmasked,UNRECOGNIZED,0.2776,0.35,TN,CORRECTLY_REJECTED_UNKNOWN
3648,New_Images,005436.jpg,005436,NONE,Unmasked,UNRECOGNIZED,0.2169,0.35,TN,CORRECTLY_REJECTED_UNKNOWN
3649,New_Images,005051.jpg,005051,NONE,Unmasked,NO_FACE_DETECTED,0.0,0.35,TN,No Face Detected by SCRFD
3650,Masked Images,000223__K95__masked.jpg,000223,K95,KN95 Mask,000223,0.9461,0.35,TP,CORRECT_MATCH
3651,Masked Images,000418__N95__masked.jpg,000418,N95,N95 Mask,000418,0.9126,0.35,TP,CORRECT_MATCH
3652,Masked Images,000606__K95__masked.jpg,000606,K95,KN95 Mask,000606,0.8069,0.35,TP,CORRECT_MATCH
3653,Masked Images,001052__SUR__masked.jpg,001052,SUR,Surgical Mask,001052,0.8424,0.35,TP,CORRECT_MATCH
3654,New_Images,008720.jpg,008720,NONE,Unmasked,UNRECOGNIZED,0.2815,0.35,TN,CORRECTLY_REJECTED_UNKNOWN
3655,Masked Images,001135__SUR__masked.jpg,001135,SUR,Surgical Mask,001135,0.9123,0.35,TP,CORRECT_MATCH
3656,Masked Images,000526__N95__masked.jpg,000526,N95,N95 Mask,000526,0.9436,0.35,TP,CORRECT_MATCH
3657,New_Images,005773.jpg,005773,NONE,Unmasked,UNRECOGNIZED,0.2403,0.35,TN,CORRECTLY_REJECTED_UNKNOWN
3658,New_Images,007951.jpg,007951,NONE,Unmasked,NO_FACE_DETECTED,0.0,0.35,TN,No Face Detected by SCRFD
3659,New_Images,007532.jpg,007532,NONE,Unmasked,UNRECOGNIZED,0.262,0.35,TN,CORRECTLY_REJECTED_UNKNOWN
3660,Masked Images,000459__GAS__masked.jpg,000459,GAS,Gas Mask,000459,0.8907,0.35,TP,CORRECT_MATCH
3661,New_Images,007727.jpg,007727,NONE,Unmasked,NO_FACE_DETECTED,0.0,0.35,TN,No Face Detected by SCRFD
3662,New_Images,005972.jpg,005972,NONE,Unmasked,NO_FACE_DETECTED,0.0,0.35,TN,No Face Detected by SCRFD
3663,New_Images,005380.jpg,005380,NONE,Unmasked,NO_FACE_DETECTED,0.0,0.35,TN,No Face Detected by SCRFD
3664,New_Images,006978.jpg,006978,NONE,Unmasked,UNRECOGNIZED,0.2446,0.35,TN,CORRECTLY_REJECTED_UNKNOWN
3665,New_Images,008777.jpg,008777,NONE,Unmasked,NO_FACE_DETECTED,0.0,0.35,TN,No Face Detected by SCRFD
3666,New_Images,008939.jpg,008939,NONE,Unmasked,UNRECOGNIZED,0.2249,0.35,TN,CORRECTLY_REJECTED_UNKNOWN
3667,New_Images,005277.jpg,005277,NONE,Unmasked,UNRECOGNIZED,0.2471,0.35,TN,CORRECTLY_REJECTED_UNKNOWN
3668,New_Images,007388.jpg,007388,NONE,Unmasked,NO_FACE_DETECTED,0.0,0.35,TN,No Face Detected by SCRFD
3669,New_Images,006870.jpg,006870,NONE,Unmasked,NO_FACE_DETECTED,0.0,0.35,TN,No Face Detected by SCRFD
3670,New_Images,009599.jpg,009599,NONE,Unmasked,UNRECOGNIZED,0.234,0.35,TN,CORRECTLY_REJECTED_UNKNOWN
3671,New_Images,006805.jpg,006805,NONE,Unmasked,NO_FACE_DETECTED,0.0,0.35,TN,No Face Detected by SCRFD
3672,New_Images,008528.jpg,008528,NONE,Unmasked,NO_FACE_DETECTED,0.0,0.35,TN,No Face Detected by SCRFD
3673,New_Images,005143.jpg,005143,NONE,Unmasked,UNRECOGNIZED,0.2648,0.35,TN,CORRECTLY_REJECTED_UNKNOWN
3674,New_Images,007949.jpg,007949,NONE,Unmasked,UNRECOGNIZED,0.2477,0.35,TN,CORRECTLY_REJECTED_UNKNOWN
3675,New_Images,006347.jpg,006347,NONE,Unmasked,UNRECOGNIZED,0.3162,0.35,TN,CORRECTLY_REJECTED_UNKNOWN
3676,New_Images,005256.jpg,005256,NONE,Unmasked,UNRECOGNIZED,0.2664,0.35,TN,CORRECTLY_REJECTED_UNKNOWN
3677,Masked Images,000867__SUR__masked.jpg,000867,SUR,Surgical Mask,000867,0.9,0.35,TP,CORRECT_MATCH
3678,New_Images,008514.jpg,008514,NONE,Unmasked,UNRECOGNIZED,0.2325,0.35,TN,CORRECTLY_REJECTED_UNKNOWN
3679,New_Images,005846.jpg,005846,NONE,Unmasked,UNRECOGNIZED,0.2959,0.35,TN,CORRECTLY_REJECTED_UNKNOWN
3680,New_Images,008749.jpg,008749,NONE,Unmasked,UNRECOGNIZED,0.2831,0.35,TN,CORRECTLY_REJECTED_UNKNOWN
3681,New_Images,005663.jpg,005663,NONE,Unmasked,UNRECOGNIZED,0.2112,0.35,TN,CORRECTLY_REJECTED_UNKNOWN
3682,Masked Images,000678__K95__masked.jpg,000678,K95,KN95 Mask,000678,0.9198,0.35,TP,CORRECT_MATCH
3683,Masked Images,000263__SUR__masked.jpg,000263,SUR,Surgical Mask,000263,0.7783,0.35,TP,CORRECT_MATCH
3684,New_Images,006683.jpg,006683,NONE,Unmasked,UNRECOGNIZED,0.2036,0.35,TN,CORRECTLY_REJECTED_UNKNOWN
3685,Masked Images,000317__CLT__masked.jpg,000317,CLT,Cloth Mask,000317,0.7066,0.35,TP,CORRECT_MATCH
3686,New_Images,005720.jpg,005720,NONE,Unmasked,UNRECOGNIZED,0.2624,0.35,TN,CORRECTLY_REJECTED_UNKNOWN
3687,New_Images,005081.jpg,005081,NONE,Unmasked,UNRECOGNIZED,0.223,0.35,TN,CORRECTLY_REJECTED_UNKNOWN
3688,New_Images,007781.jpg,007781,NONE,Unmasked,NO_FACE_DETECTED,0.0,0.35,TN,No Face Detected by SCRFD
3689,New_Images,006668.jpg,006668,NONE,Unmasked,NO_FACE_DETECTED,0.0,0.35,TN,No Face Detected by SCRFD
3690,New_Images,007169.jpg,007169,NONE,Unmasked,UNRECOGNIZED,0.2073,0.35,TN,CORRECTLY_REJECTED_UNKNOWN
3691,New_Images,009117.jpg,009117,NONE,Unmasked,UNRECOGNIZED,0.2623,0.35,TN,CORRECTLY_REJECTED_UNKNOWN
3692,Masked Images,001039__CLT__masked.jpg,001039,CLT,Cloth Mask,001039,0.9188,0.35,TP,CORRECT_MATCH
3693,New_Images,005841.jpg,005841,NONE,Unmasked,NO_FACE_DETECTED,0.0,0.35,TN,No Face Detected by SCRFD
3694,New_Images,005100.jpg,005100,NONE,Unmasked,UNRECOGNIZED,0.2224,0.35,TN,CORRECTLY_REJECTED_UNKNOWN
3695,New_Images,006492.jpg,006492,NONE,Unmasked,UNRECOGNIZED,0.2395,0.35,TN,CORRECTLY_REJECTED_UNKNOWN
3696,New_Images,005049.jpg,005049,NONE,Unmasked,NO_FACE_DETECTED,0.0,0.35,TN,No Face Detected by SCRFD
3697,New_Images,007814.jpg,007814,NONE,Unmasked,UNRECOGNIZED,0.2514,0.35,TN,CORRECTLY_REJECTED_UNKNOWN
3698,New_Images,006431.jpg,006431,NONE,Unmasked,NO_FACE_DETECTED,0.0,0.35,TN,No Face Detected by SCRFD
3699,New_Images,007504.jpg,007504,NONE,Unmasked,UNRECOGNIZED,0.2767,0.35,TN,CORRECTLY_REJECTED_UNKNOWN
3700,New_Images,005902.jpg,005902,NONE,Unmasked,NO_FACE_DETECTED,0.0,0.35,TN,No Face Detected by SCRFD
3701,Masked Images,000130__GAS__masked.jpg,000130,GAS,Gas Mask,000130,0.9247,0.35,TP,CORRECT_MATCH
3702,New_Images,006480.jpg,006480,NONE,Unmasked,UNRECOGNIZED,0.2162,0.35,TN,CORRECTLY_REJECTED_UNKNOWN
3703,New_Images,009362.jpg,009362,NONE,Unmasked,UNRECOGNIZED,0.2664,0.35,TN,CORRECTLY_REJECTED_UNKNOWN
3704,New_Images,007941.jpg,007941,NONE,Unmasked,NO_FACE_DETECTED,0.0,0.35,TN,No Face Detected by SCRFD
3705,New_Images,006206.jpg,006206,NONE,Unmasked,UNRECOGNIZED,0.2509,0.35,TN,CORRECTLY_REJECTED_UNKNOWN
3706,New_Images,007004.jpg,007004,NONE,Unmasked,UNRECOGNIZED,0.2369,0.35,TN,CORRECTLY_REJECTED_UNKNOWN
3707,Masked Images,000897__CLT__masked.jpg,000897,CLT,Cloth Mask,000897,0.9358,0.35,TP,CORRECT_MATCH
3708,New_Images,006530.jpg,006530,NONE,Unmasked,NO_FACE_DETECTED,0.0,0.35,TN,No Face Detected by SCRFD
3709,Masked Images,001124__GAS__masked.jpg,001124,GAS,Gas Mask,001124,0.9193,0.35,TP,CORRECT_MATCH
3710,New_Images,006225.jpg,006225,NONE,Unmasked,UNRECOGNIZED,0.3175,0.35,TN,CORRECTLY_REJECTED_UNKNOWN
3711,New_Images,007021.jpg,007021,NONE,Unmasked,UNRECOGNIZED,0.2578,0.35,TN,CORRECTLY_REJECTED_UNKNOWN
3712,New_Images,006490.jpg,006490,NONE,Unmasked,UNRECOGNIZED,0.248,0.35,TN,CORRECTLY_REJECTED_UNKNOWN
3713,Masked Images,000201__N95__masked.jpg,000201,N95,N95 Mask,000201,0.8668,0.35,TP,CORRECT_MATCH
3714,Masked Images,000352__K95__masked.jpg,000352,K95,KN95 Mask,000352,0.9457,0.35,TP,CORRECT_MATCH
3715,Masked Images,000122__N95__masked.jpg,000122,N95,N95 Mask,000122,0.8352,0.35,TP,CORRECT_MATCH
3716,New_Images,007401.jpg,007401,NONE,Unmasked,NO_FACE_DETECTED,0.0,0.35,TN,No Face Detected by SCRFD
3717,New_Images,007243.jpg,007243,NONE,Unmasked,UNRECOGNIZED,0.2393,0.35,TN,CORRECTLY_REJECTED_UNKNOWN
3718,Masked Images,000182__CLT__masked.jpg,000182,CLT,Cloth Mask,000182,0.953,0.35,TP,CORRECT_MATCH
3719,New_Images,009309.jpg,009309,NONE,Unmasked,UNRECOGNIZED,0.2579,0.35,TN,CORRECTLY_REJECTED_UNKNOWN
3720,New_Images,007314.jpg,007314,NONE,Unmasked,UNRECOGNIZED,0.3315,0.35,TN,CORRECTLY_REJECTED_UNKNOWN
3721,New_Images,005245.jpg,005245,NONE,Unmasked,NO_FACE_DETECTED,0.0,0.35,TN,No Face Detected by SCRFD
3722,New_Images,007754.jpg,007754,NONE,Unmasked,UNRECOGNIZED,0.2162,0.35,TN,CORRECTLY_REJECTED_UNKNOWN
3723,New_Images,007557.jpg,007557,NONE,Unmasked,UNRECOGNIZED,0.2394,0.35,TN,CORRECTLY_REJECTED_UNKNOWN
3724,New_Images,006814.jpg,006814,NONE,Unmasked,NO_FACE_DETECTED,0.0,0.35,TN,No Face Detected by SCRFD
3725,New_Images,006420.jpg,006420,NONE,Unmasked,UNRECOGNIZED,0.2392,0.35,TN,CORRECTLY_REJECTED_UNKNOWN
3726,New_Images,006561.jpg,006561,NONE,Unmasked,UNRECOGNIZED,0.3129,0.35,TN,CORRECTLY_REJECTED_UNKNOWN
3727,New_Images,008852.jpg,008852,NONE,Unmasked,UNRECOGNIZED,0.2102,0.35,TN,CORRECTLY_REJECTED_UNKNOWN
3728,Masked Images,000662__N95__masked.jpg,000662,N95,N95 Mask,000662,0.9278,0.35,TP,CORRECT_MATCH
3729,New_Images,006241.jpg,006241,NONE,Unmasked,UNRECOGNIZED,0.2376,0.35,TN,CORRECTLY_REJECTED_UNKNOWN
3730,New_Images,006287.jpg,006287,NONE,Unmasked,UNRECOGNIZED,0.2424,0.35,TN,CORRECTLY_REJECTED_UNKNOWN
3731,New_Images,008101.jpg,008101,NONE,Unmasked,UNRECOGNIZED,0.2438,0.35,TN,CORRECTLY_REJECTED_UNKNOWN
3732,New_Images,006488.jpg,006488,NONE,Unmasked,NO_FACE_DETECTED,0.0,0.35,TN,No Face Detected by SCRFD
3733,New_Images,005921.jpg,005921,NONE,Unmasked,NO_FACE_DETECTED,0.0,0.35,TN,No Face Detected by SCRFD
3734,Masked Images,000403__K95__masked.jpg,000403,K95,KN95 Mask,000403,0.9509,0.35,TP,CORRECT_MATCH
3735,New_Images,009181.jpg,009181,NONE,Unmasked,UNRECOGNIZED,0.2431,0.35,TN,CORRECTLY_REJECTED_UNKNOWN
3736,New_Images,006379.jpg,006379,NONE,Unmasked,NO_FACE_DETECTED,0.0,0.35,TN,No Face Detected by SCRFD
3737,New_Images,005103.jpg,005103,NONE,Unmasked,UNRECOGNIZED,0.2572,0.35,TN,CORRECTLY_REJECTED_UNKNOWN
3738,New_Images,008297.jpg,008297,NONE,Unmasked,UNRECOGNIZED,0.2343,0.35,TN,CORRECTLY_REJECTED_UNKNOWN
3739,Masked Images,000537__K95__masked.jpg,000537,K95,KN95 Mask,000537,0.9558,0.35,TP,CORRECT_MATCH
3740,New_Images,007789.jpg,007789,NONE,Unmasked,NO_FACE_DETECTED,0.0,0.35,TN,No Face Detected by SCRFD
3741,New_Images,006119.jpg,006119,NONE,Unmasked,UNRECOGNIZED,0.2418,0.35,TN,CORRECTLY_REJECTED_UNKNOWN
3742,New_Images,006464.jpg,006464,NONE,Unmasked,UNRECOGNIZED,0.237,0.35,TN,CORRECTLY_REJECTED_UNKNOWN
3743,Masked Images,000836__GAS__masked.jpg,000836,GAS,Gas Mask,000836,0.882,0.35,TP,CORRECT_MATCH
3744,Masked Images,001064__N95__masked.jpg,001064,N95,N95 Mask,001064,0.8932,0.35,TP,CORRECT_MATCH
3745,New_Images,007819.jpg,007819,NONE,Unmasked,UNRECOGNIZED,0.2326,0.35,TN,CORRECTLY_REJECTED_UNKNOWN
3746,New_Images,008279.jpg,008279,NONE,Unmasked,NO_FACE_DETECTED,0.0,0.35,TN,No Face Detected by SCRFD
3747,New_Images,005026.jpg,005026,NONE,Unmasked,NO_FACE_DETECTED,0.0,0.35,TN,No Face Detected by SCRFD
3748,New_Images,007528.jpg,007528,NONE,Unmasked,UNRECOGNIZED,0.2846,0.35,TN,CORRECTLY_REJECTED_UNKNOWN
3749,New_Images,005988.jpg,005988,NONE,Unmasked,UNRECOGNIZED,0.247,0.35,TN,CORRECTLY_REJECTED_UNKNOWN
3750,New_Images,005280.jpg,005280,NONE,Unmasked,UNRECOGNIZED,0.2675,0.35,TN,CORRECTLY_REJECTED_UNKNOWN
3751,Masked Images,000958__CLT__masked.jpg,000958,CLT,Cloth Mask,000958,0.9288,0.35,TP,CORRECT_MATCH
3752,New_Images,006768.jpg,006768,NONE,Unmasked,NO_FACE_DETECTED,0.0,0.35,TN,No Face Detected by SCRFD
3753,New_Images,005184.jpg,005184,NONE,Unmasked,UNRECOGNIZED,0.2378,0.35,TN,CORRECTLY_REJECTED_UNKNOWN
3754,Masked Images,000694__CLT__masked.jpg,000694,CLT,Cloth Mask,000694,0.9215,0.35,TP,CORRECT_MATCH
3755,Masked Images,000705__GAS__masked.jpg,000705,GAS,Gas Mask,000705,0.795,0.35,TP,CORRECT_MATCH
3756,New_Images,005108.jpg,005108,NONE,Unmasked,NO_FACE_DETECTED,0.0,0.35,TN,No Face Detected by SCRFD
3757,Masked Images,000657__N95__masked.jpg,000657,N95,N95 Mask,000657,0.857,0.35,TP,CORRECT_MATCH
3758,New_Images,005985.jpg,005985,NONE,Unmasked,UNRECOGNIZED,0.2262,0.35,TN,CORRECTLY_REJECTED_UNKNOWN
3759,Masked Images,000533__CLT__masked.jpg,000533,CLT,Cloth Mask,000533,0.9213,0.35,TP,CORRECT_MATCH
3760,New_Images,007268.jpg,007268,NONE,Unmasked,UNRECOGNIZED,0.3058,0.35,TN,CORRECTLY_REJECTED_UNKNOWN
3761,New_Images,009155.jpg,009155,NONE,Unmasked,UNRECOGNIZED,0.2405,0.35,TN,CORRECTLY_REJECTED_UNKNOWN
3762,New_Images,007419.jpg,007419,NONE,Unmasked,UNRECOGNIZED,0.2439,0.35,TN,CORRECTLY_REJECTED_UNKNOWN
3763,New_Images,008587.jpg,008587,NONE,Unmasked,UNRECOGNIZED,0.2849,0.35,TN,CORRECTLY_REJECTED_UNKNOWN
3764,New_Images,008823.jpg,008823,NONE,Unmasked,NO_FACE_DETECTED,0.0,0.35,TN,No Face Detected by SCRFD
3765,New_Images,008814.jpg,008814,NONE,Unmasked,UNRECOGNIZED,0.2299,0.35,TN,CORRECTLY_REJECTED_UNKNOWN
3766,Masked Images,000553__CLT__masked.jpg,000553,CLT,Cloth Mask,000553,0.887,0.35,TP,CORRECT_MATCH
3767,New_Images,007007.jpg,007007,NONE,Unmasked,UNRECOGNIZED,0.2414,0.35,TN,CORRECTLY_REJECTED_UNKNOWN
3768,Masked Images,000776__SUR__masked.jpg,000776,SUR,Surgical Mask,000776,0.9135,0.35,TP,CORRECT_MATCH
3769,New_Images,006270.jpg,006270,NONE,Unmasked,UNRECOGNIZED,0.2613,0.35,TN,CORRECTLY_REJECTED_UNKNOWN
3770,New_Images,006483.jpg,006483,NONE,Unmasked,UNRECOGNIZED,0.2492,0.35,TN,CORRECTLY_REJECTED_UNKNOWN
3771,New_Images,006121.jpg,006121,NONE,Unmasked,UNRECOGNIZED,0.3317,0.35,TN,CORRECTLY_REJECTED_UNKNOWN
3772,New_Images,007058.jpg,007058,NONE,Unmasked,UNRECOGNIZED,0.2415,0.35,TN,CORRECTLY_REJECTED_UNKNOWN
3773,New_Images,009559.jpg,009559,NONE,Unmasked,UNRECOGNIZED,0.2545,0.35,TN,CORRECTLY_REJECTED_UNKNOWN
3774,New_Images,007459.jpg,007459,NONE,Unmasked,NO_FACE_DETECTED,0.0,0.35,TN,No Face Detected by SCRFD
3775,Masked Images,000550__SUR__masked.jpg,000550,SUR,Surgical Mask,000550,0.8953,0.35,TP,CORRECT_MATCH
3776,New_Images,005274.jpg,005274,NONE,Unmasked,UNRECOGNIZED,0.2417,0.35,TN,CORRECTLY_REJECTED_UNKNOWN
3777,New_Images,005982.jpg,005982,NONE,Unmasked,UNRECOGNIZED,0.2149,0.35,TN,CORRECTLY_REJECTED_UNKNOWN
3778,New_Images,006648.jpg,006648,NONE,Unmasked,NO_FACE_DETECTED,0.0,0.35,TN,No Face Detected by SCRFD
3779,New_Images,009142.jpg,009142,NONE,Unmasked,UNRECOGNIZED,0.2121,0.35,TN,CORRECTLY_REJECTED_UNKNOWN
3780,New_Images,005706.jpg,005706,NONE,Unmasked,NO_FACE_DETECTED,0.0,0.35,TN,No Face Detected by SCRFD
3781,New_Images,007710.jpg,007710,NONE,Unmasked,UNRECOGNIZED,0.2993,0.35,TN,CORRECTLY_REJECTED_UNKNOWN
3782,New_Images,006494.jpg,006494,NONE,Unmasked,UNRECOGNIZED,0.218,0.35,TN,CORRECTLY_REJECTED_UNKNOWN
3783,New_Images,005161.jpg,005161,NONE,Unmasked,UNRECOGNIZED,0.2642,0.35,TN,CORRECTLY_REJECTED_UNKNOWN
3784,Masked Images,000538__CLT__masked.jpg,000538,CLT,Cloth Mask,000538,0.9023,0.35,TP,CORRECT_MATCH
3785,Masked Images,000321__K95__masked.jpg,000321,K95,KN95 Mask,000321,0.8972,0.35,TP,CORRECT_MATCH
3786,New_Images,008544.jpg,008544,NONE,Unmasked,NO_FACE_DETECTED,0.0,0.35,TN,No Face Detected by SCRFD
3787,New_Images,008668.jpg,008668,NONE,Unmasked,UNRECOGNIZED,0.2303,0.35,TN,CORRECTLY_REJECTED_UNKNOWN
3788,New_Images,005540.jpg,005540,NONE,Unmasked,UNRECOGNIZED,0.2183,0.35,TN,CORRECTLY_REJECTED_UNKNOWN
3789,New_Images,007013.jpg,007013,NONE,Unmasked,UNRECOGNIZED,0.2535,0.35,TN,CORRECTLY_REJECTED_UNKNOWN
3790,New_Images,005545.jpg,005545,NONE,Unmasked,UNRECOGNIZED,0.2217,0.35,TN,CORRECTLY_REJECTED_UNKNOWN
3791,New_Images,006016.jpg,006016,NONE,Unmasked,UNRECOGNIZED,0.2293,0.35,TN,CORRECTLY_REJECTED_UNKNOWN
3792,New_Images,008791.jpg,008791,NONE,Unmasked,UNRECOGNIZED,0.2405,0.35,TN,CORRECTLY_REJECTED_UNKNOWN
3793,New_Images,006807.jpg,006807,NONE,Unmasked,UNRECOGNIZED,0.2806,0.35,TN,CORRECTLY_REJECTED_UNKNOWN
3794,New_Images,008530.jpg,008530,NONE,Unmasked,UNRECOGNIZED,0.2081,0.35,TN,CORRECTLY_REJECTED_UNKNOWN
3795,New_Images,007740.jpg,007740,NONE,Unmasked,NO_FACE_DETECTED,0.0,0.35,TN,No Face Detected by SCRFD
3796,New_Images,009191.jpg,009191,NONE,Unmasked,UNRECOGNIZED,0.246,0.35,TN,CORRECTLY_REJECTED_UNKNOWN
3797,Masked Images,000287__GAS__masked.jpg,000287,GAS,Gas Mask,000287,0.9034,0.35,TP,CORRECT_MATCH
3798,Masked Images,000374__CLT__masked.jpg,000374,CLT,Cloth Mask,000308,0.3864,0.35,FP,MISIDENTIFIED_AS_000308
3799,New_Images,008225.jpg,008225,NONE,Unmasked,UNRECOGNIZED,0.2938,0.35,TN,CORRECTLY_REJECTED_UNKNOWN
3800,New_Images,007719.jpg,007719,NONE,Unmasked,UNRECOGNIZED,0.2306,0.35,TN,CORRECTLY_REJECTED_UNKNOWN
3801,Masked Images,000556__N95__masked.jpg,000556,N95,N95 Mask,000556,0.871,0.35,TP,CORRECT_MATCH
3802,New_Images,006122.jpg,006122,NONE,Unmasked,UNRECOGNIZED,0.2281,0.35,TN,CORRECTLY_REJECTED_UNKNOWN
3803,New_Images,007154.jpg,007154,NONE,Unmasked,UNRECOGNIZED,0.2071,0.35,TN,CORRECTLY_REJECTED_UNKNOWN
3804,New_Images,005777.jpg,005777,NONE,Unmasked,NO_FACE_DETECTED,0.0,0.35,TN,No Face Detected by SCRFD
3805,New_Images,005374.jpg,005374,NONE,Unmasked,UNRECOGNIZED,0.2293,0.35,TN,CORRECTLY_REJECTED_UNKNOWN
3806,New_Images,008481.jpg,008481,NONE,Unmasked,UNRECOGNIZED,0.2368,0.35,TN,CORRECTLY_REJECTED_UNKNOWN
3807,New_Images,007925.jpg,007925,NONE,Unmasked,UNRECOGNIZED,0.2117,0.35,TN,CORRECTLY_REJECTED_UNKNOWN
3808,New_Images,005341.jpg,005341,NONE,Unmasked,NO_FACE_DETECTED,0.0,0.35,TN,No Face Detected by SCRFD
3809,Masked Images,000112__K95__masked.jpg,000112,K95,KN95 Mask,000112,0.9566,0.35,TP,CORRECT_MATCH
3810,New_Images,005886.jpg,005886,NONE,Unmasked,NO_FACE_DETECTED,0.0,0.35,TN,No Face Detected by SCRFD
3811,New_Images,008210.jpg,008210,NONE,Unmasked,UNRECOGNIZED,0.2586,0.35,TN,CORRECTLY_REJECTED_UNKNOWN
3812,Masked Images,001004__GAS__masked.jpg,001004,GAS,Gas Mask,001004,0.9158,0.35,TP,CORRECT_MATCH
3813,New_Images,009163.jpg,009163,NONE,Unmasked,UNRECOGNIZED,0.2832,0.35,TN,CORRECTLY_REJECTED_UNKNOWN
3814,New_Images,007107.jpg,007107,NONE,Unmasked,UNRECOGNIZED,0.2442,0.35,TN,CORRECTLY_REJECTED_UNKNOWN
3815,New_Images,008539.jpg,008539,NONE,Unmasked,NO_FACE_DETECTED,0.0,0.35,TN,No Face Detected by SCRFD
3816,Masked Images,000522__K95__masked.jpg,000522,K95,KN95 Mask,000522,0.6239,0.35,TP,CORRECT_MATCH
3817,Masked Images,000953__CLT__masked.jpg,000953,CLT,Cloth Mask,000953,0.9023,0.35,TP,CORRECT_MATCH
3818,New_Images,005946.jpg,005946,NONE,Unmasked,UNRECOGNIZED,0.2433,0.35,TN,CORRECTLY_REJECTED_UNKNOWN
3819,New_Images,005343.jpg,005343,NONE,Unmasked,UNRECOGNIZED,0.2228,0.35,TN,CORRECTLY_REJECTED_UNKNOWN
3820,New_Images,007113.jpg,007113,NONE,Unmasked,UNRECOGNIZED,0.2124,0.35,TN,CORRECTLY_REJECTED_UNKNOWN
3821,Masked Images,000744__CLT__masked.jpg,000744,CLT,Cloth Mask,000744,0.918,0.35,TP,CORRECT_MATCH
3822,New_Images,006475.jpg,006475,NONE,Unmasked,UNRECOGNIZED,0.2876,0.35,TN,CORRECTLY_REJECTED_UNKNOWN
3823,New_Images,009269.jpg,009269,NONE,Unmasked,UNRECOGNIZED,0.2376,0.35,TN,CORRECTLY_REJECTED_UNKNOWN
3824,New_Images,007661.jpg,007661,NONE,Unmasked,UNRECOGNIZED,0.2738,0.35,TN,CORRECTLY_REJECTED_UNKNOWN
3825,New_Images,009488.jpg,009488,NONE,Unmasked,UNRECOGNIZED,0.2281,0.35,TN,CORRECTLY_REJECTED_UNKNOWN
3826,New_Images,006778.jpg,006778,NONE,Unmasked,UNRECOGNIZED,0.2611,0.35,TN,CORRECTLY_REJECTED_UNKNOWN
3827,New_Images,009442.jpg,009442,NONE,Unmasked,NO_FACE_DETECTED,0.0,0.35,TN,No Face Detected by SCRFD
3828,New_Images,007350.jpg,007350,NONE,Unmasked,UNRECOGNIZED,0.2356,0.35,TN,CORRECTLY_REJECTED_UNKNOWN
3829,New_Images,005091.jpg,005091,NONE,Unmasked,UNRECOGNIZED,0.2665,0.35,TN,CORRECTLY_REJECTED_UNKNOWN
3830,New_Images,007513.jpg,007513,NONE,Unmasked,UNRECOGNIZED,0.2398,0.35,TN,CORRECTLY_REJECTED_UNKNOWN
3831,New_Images,005052.jpg,005052,NONE,Unmasked,NO_FACE_DETECTED,0.0,0.35,TN,No Face Detected by SCRFD
3832,New_Images,006083.jpg,006083,NONE,Unmasked,UNRECOGNIZED,0.2961,0.35,TN,CORRECTLY_REJECTED_UNKNOWN
3833,New_Images,008319.jpg,008319,NONE,Unmasked,UNRECOGNIZED,0.2322,0.35,TN,CORRECTLY_REJECTED_UNKNOWN
3834,Masked Images,000283__SUR__masked.jpg,000283,SUR,Surgical Mask,000283,0.8949,0.35,TP,CORRECT_MATCH
3835,New_Images,008871.jpg,008871,NONE,Unmasked,NO_FACE_DETECTED,0.0,0.35,TN,No Face Detected by SCRFD
3836,New_Images,008743.jpg,008743,NONE,Unmasked,NO_FACE_DETECTED,0.0,0.35,TN,No Face Detected by SCRFD
3837,New_Images,006598.jpg,006598,NONE,Unmasked,UNRECOGNIZED,0.2298,0.35,TN,CORRECTLY_REJECTED_UNKNOWN
3838,New_Images,005172.jpg,005172,NONE,Unmasked,UNRECOGNIZED,0.2341,0.35,TN,CORRECTLY_REJECTED_UNKNOWN
3839,New_Images,007326.jpg,007326,NONE,Unmasked,UNRECOGNIZED,0.2383,0.35,TN,CORRECTLY_REJECTED_UNKNOWN
3840,New_Images,006656.jpg,006656,NONE,Unmasked,NO_FACE_DETECTED,0.0,0.35,TN,No Face Detected by SCRFD
3841,New_Images,007182.jpg,007182,NONE,Unmasked,NO_FACE_DETECTED,0.0,0.35,TN,No Face Detected by SCRFD
3842,Masked Images,000380__GAS__masked.jpg,000380,GAS,Gas Mask,000380,0.9398,0.35,TP,CORRECT_MATCH
3843,New_Images,005686.jpg,005686,NONE,Unmasked,NO_FACE_DETECTED,0.0,0.35,TN,No Face Detected by SCRFD
3844,New_Images,006784.jpg,006784,NONE,Unmasked,UNRECOGNIZED,0.2224,0.35,TN,CORRECTLY_REJECTED_UNKNOWN
3845,New_Images,008006.jpg,008006,NONE,Unmasked,UNRECOGNIZED,0.2569,0.35,TN,CORRECTLY_REJECTED_UNKNOWN
3846,Masked Images,000738__K95__masked.jpg,000738,K95,KN95 Mask,000738,0.9238,0.35,TP,CORRECT_MATCH
3847,New_Images,005714.jpg,005714,NONE,Unmasked,UNRECOGNIZED,0.1974,0.35,TN,CORRECTLY_REJECTED_UNKNOWN
3848,New_Images,008572.jpg,008572,NONE,Unmasked,UNRECOGNIZED,0.2751,0.35,TN,CORRECTLY_REJECTED_UNKNOWN
3849,New_Images,007356.jpg,007356,NONE,Unmasked,UNRECOGNIZED,0.2567,0.35,TN,CORRECTLY_REJECTED_UNKNOWN
3850,Masked Images,000583__SUR__masked.jpg,000583,SUR,Surgical Mask,000583,0.8936,0.35,TP,CORRECT_MATCH
3851,Masked Images,000527__K95__masked.jpg,000527,K95,KN95 Mask,000527,0.9381,0.35,TP,CORRECT_MATCH
3852,New_Images,009271.jpg,009271,NONE,Unmasked,UNRECOGNIZED,0.2629,0.35,TN,CORRECTLY_REJECTED_UNKNOWN
3853,New_Images,008878.jpg,008878,NONE,Unmasked,UNRECOGNIZED,0.2299,0.35,TN,CORRECTLY_REJECTED_UNKNOWN
3854,New_Images,007616.jpg,007616,NONE,Unmasked,UNRECOGNIZED,0.239,0.35,TN,CORRECTLY_REJECTED_UNKNOWN
3855,New_Images,006705.jpg,006705,NONE,Unmasked,UNRECOGNIZED,0.2433,0.35,TN,CORRECTLY_REJECTED_UNKNOWN
3856,New_Images,005032.jpg,005032,NONE,Unmasked,NO_FACE_DETECTED,0.0,0.35,TN,No Face Detected by SCRFD
3857,New_Images,006369.jpg,006369,NONE,Unmasked,UNRECOGNIZED,0.2737,0.35,TN,CORRECTLY_REJECTED_UNKNOWN
3858,Masked Images,000912__CLT__masked.jpg,000912,CLT,Cloth Mask,000912,0.921,0.35,TP,CORRECT_MATCH
3859,New_Images,005690.jpg,005690,NONE,Unmasked,UNRECOGNIZED,0.2429,0.35,TN,CORRECTLY_REJECTED_UNKNOWN
3860,New_Images,008127.jpg,008127,NONE,Unmasked,UNRECOGNIZED,0.259,0.35,TN,CORRECTLY_REJECTED_UNKNOWN
3861,Masked Images,001104__N95__masked.jpg,001104,N95,N95 Mask,001104,0.8869,0.35,TP,CORRECT_MATCH
3862,New_Images,007037.jpg,007037,NONE,Unmasked,UNRECOGNIZED,0.2423,0.35,TN,CORRECTLY_REJECTED_UNKNOWN
3863,New_Images,009281.jpg,009281,NONE,Unmasked,UNRECOGNIZED,0.2459,0.35,TN,CORRECTLY_REJECTED_UNKNOWN
3864,New_Images,009402.jpg,009402,NONE,Unmasked,NO_FACE_DETECTED,0.0,0.35,TN,No Face Detected by SCRFD
3865,New_Images,006163.jpg,006163,NONE,Unmasked,UNRECOGNIZED,0.257,0.35,TN,CORRECTLY_REJECTED_UNKNOWN
3866,New_Images,008613.jpg,008613,NONE,Unmasked,UNRECOGNIZED,0.2143,0.35,TN,CORRECTLY_REJECTED_UNKNOWN
3867,New_Images,005448.jpg,005448,NONE,Unmasked,NO_FACE_DETECTED,0.0,0.35,TN,No Face Detected by SCRFD
3868,New_Images,005983.jpg,005983,NONE,Unmasked,NO_FACE_DETECTED,0.0,0.35,TN,No Face Detected by SCRFD
3869,New_Images,009197.jpg,009197,NONE,Unmasked,UNRECOGNIZED,0.2329,0.35,TN,CORRECTLY_REJECTED_UNKNOWN
3870,New_Images,008842.jpg,008842,NONE,Unmasked,NO_FACE_DETECTED,0.0,0.35,TN,No Face Detected by SCRFD
3871,New_Images,008608.jpg,008608,NONE,Unmasked,UNRECOGNIZED,0.2507,0.35,TN,CORRECTLY_REJECTED_UNKNOWN
3872,Masked Images,000111__N95__masked.jpg,000111,N95,N95 Mask,000111,0.8004,0.35,TP,CORRECT_MATCH
3873,Masked Images,000489__GAS__masked.jpg,000489,GAS,Gas Mask,000489,0.8662,0.35,TP,CORRECT_MATCH
3874,New_Images,009580.jpg,009580,NONE,Unmasked,UNRECOGNIZED,0.2331,0.35,TN,CORRECTLY_REJECTED_UNKNOWN
3875,New_Images,005004.jpg,005004,NONE,Unmasked,UNRECOGNIZED,0.2723,0.35,TN,CORRECTLY_REJECTED_UNKNOWN
3876,New_Images,008175.jpg,008175,NONE,Unmasked,UNRECOGNIZED,0.2507,0.35,TN,CORRECTLY_REJECTED_UNKNOWN
3877,New_Images,005150.jpg,005150,NONE,Unmasked,UNRECOGNIZED,0.258,0.35,TN,CORRECTLY_REJECTED_UNKNOWN
3878,New_Images,005493.jpg,005493,NONE,Unmasked,UNRECOGNIZED,0.2626,0.35,TN,CORRECTLY_REJECTED_UNKNOWN
3879,New_Images,009358.jpg,009358,NONE,Unmasked,UNRECOGNIZED,0.2264,0.35,TN,CORRECTLY_REJECTED_UNKNOWN
3880,New_Images,006031.jpg,006031,NONE,Unmasked,UNRECOGNIZED,0.2685,0.35,TN,CORRECTLY_REJECTED_UNKNOWN
3881,New_Images,009263.jpg,009263,NONE,Unmasked,NO_FACE_DETECTED,0.0,0.35,TN,No Face Detected by SCRFD
3882,New_Images,007981.jpg,007981,NONE,Unmasked,UNRECOGNIZED,0.2179,0.35,TN,CORRECTLY_REJECTED_UNKNOWN
3883,Masked Images,000334__GAS__masked.jpg,000334,GAS,Gas Mask,000334,0.8868,0.35,TP,CORRECT_MATCH
3884,New_Images,006988.jpg,006988,NONE,Unmasked,UNRECOGNIZED,0.1946,0.35,TN,CORRECTLY_REJECTED_UNKNOWN
3885,New_Images,008014.jpg,008014,NONE,Unmasked,UNRECOGNIZED,0.2406,0.35,TN,CORRECTLY_REJECTED_UNKNOWN
3886,New_Images,005386.jpg,005386,NONE,Unmasked,UNRECOGNIZED,0.2519,0.35,TN,CORRECTLY_REJECTED_UNKNOWN
3887,New_Images,005382.jpg,005382,NONE,Unmasked,UNRECOGNIZED,0.3109,0.35,TN,CORRECTLY_REJECTED_UNKNOWN
3888,New_Images,007749.jpg,007749,NONE,Unmasked,UNRECOGNIZED,0.2784,0.35,TN,CORRECTLY_REJECTED_UNKNOWN
3889,New_Images,005705.jpg,005705,NONE,Unmasked,UNRECOGNIZED,0.2157,0.35,TN,CORRECTLY_REJECTED_UNKNOWN
3890,New_Images,008161.jpg,008161,NONE,Unmasked,UNRECOGNIZED,0.2437,0.35,TN,CORRECTLY_REJECTED_UNKNOWN
3891,New_Images,008117.jpg,008117,NONE,Unmasked,UNRECOGNIZED,0.2506,0.35,TN,CORRECTLY_REJECTED_UNKNOWN
3892,New_Images,009256.jpg,009256,NONE,Unmasked,NO_FACE_DETECTED,0.0,0.35,TN,No Face Detected by SCRFD
3893,Masked Images,000140__K95__masked.jpg,000140,K95,KN95 Mask,000140,0.9633,0.35,TP,CORRECT_MATCH
3894,New_Images,006186.jpg,006186,NONE,Unmasked,NO_FACE_DETECTED,0.0,0.35,TN,No Face Detected by SCRFD
3895,New_Images,007752.jpg,007752,NONE,Unmasked,NO_FACE_DETECTED,0.0,0.35,TN,No Face Detected by SCRFD
3896,New_Images,005431.jpg,005431,NONE,Unmasked,UNRECOGNIZED,0.2298,0.35,TN,CORRECTLY_REJECTED_UNKNOWN
3897,New_Images,005346.jpg,005346,NONE,Unmasked,NO_FACE_DETECTED,0.0,0.35,TN,No Face Detected by SCRFD
3898,New_Images,005363.jpg,005363,NONE,Unmasked,UNRECOGNIZED,0.2573,0.35,TN,CORRECTLY_REJECTED_UNKNOWN
3899,New_Images,006505.jpg,006505,NONE,Unmasked,UNRECOGNIZED,0.286,0.35,TN,CORRECTLY_REJECTED_UNKNOWN
3900,New_Images,007051.jpg,007051,NONE,Unmasked,NO_FACE_DETECTED,0.0,0.35,TN,No Face Detected by SCRFD
3901,Masked Images,001001__N95__masked.jpg,001001,N95,N95 Mask,001001,0.9283,0.35,TP,CORRECT_MATCH
3902,Masked Images,000294__SUR__masked.jpg,000294,SUR,Surgical Mask,000294,0.9358,0.35,TP,CORRECT_MATCH
3903,New_Images,009537.jpg,009537,NONE,Unmasked,NO_FACE_DETECTED,0.0,0.35,TN,No Face Detected by SCRFD
3904,Masked Images,000152__K95__masked.jpg,000152,K95,KN95 Mask,000152,0.9542,0.35,TP,CORRECT_MATCH
3905,New_Images,008478.jpg,008478,NONE,Unmasked,NO_FACE_DETECTED,0.0,0.35,TN,No Face Detected by SCRFD
3906,New_Images,007063.jpg,007063,NONE,Unmasked,UNRECOGNIZED,0.254,0.35,TN,CORRECTLY_REJECTED_UNKNOWN
3907,New_Images,006640.jpg,006640,NONE,Unmasked,UNRECOGNIZED,0.2389,0.35,TN,CORRECTLY_REJECTED_UNKNOWN
3908,New_Images,006351.jpg,006351,NONE,Unmasked,UNRECOGNIZED,0.2344,0.35,TN,CORRECTLY_REJECTED_UNKNOWN
3909,New_Images,007339.jpg,007339,NONE,Unmasked,NO_FACE_DETECTED,0.0,0.35,TN,No Face Detected by SCRFD
3910,New_Images,009042.jpg,009042,NONE,Unmasked,UNRECOGNIZED,0.2427,0.35,TN,CORRECTLY_REJECTED_UNKNOWN
3911,Masked Images,000133__K95__masked.jpg,000133,K95,KN95 Mask,000133,0.9542,0.35,TP,CORRECT_MATCH
3912,New_Images,007765.jpg,007765,NONE,Unmasked,UNRECOGNIZED,0.1988,0.35,TN,CORRECTLY_REJECTED_UNKNOWN
3913,Masked Images,000686__SUR__masked.jpg,000686,SUR,Surgical Mask,000686,0.916,0.35,TP,CORRECT_MATCH
3914,New_Images,006645.jpg,006645,NONE,Unmasked,NO_FACE_DETECTED,0.0,0.35,TN,No Face Detected by SCRFD
3915,New_Images,008339.jpg,008339,NONE,Unmasked,UNRECOGNIZED,0.2066,0.35,TN,CORRECTLY_REJECTED_UNKNOWN
3916,New_Images,008884.jpg,008884,NONE,Unmasked,NO_FACE_DETECTED,0.0,0.35,TN,No Face Detected by SCRFD
3917,New_Images,005964.jpg,005964,NONE,Unmasked,UNRECOGNIZED,0.2181,0.35,TN,CORRECTLY_REJECTED_UNKNOWN
3918,New_Images,008963.jpg,008963,NONE,Unmasked,NO_FACE_DETECTED,0.0,0.35,TN,No Face Detected by SCRFD
3919,New_Images,005526.jpg,005526,NONE,Unmasked,NO_FACE_DETECTED,0.0,0.35,TN,No Face Detected by SCRFD
3920,New_Images,006474.jpg,006474,NONE,Unmasked,UNRECOGNIZED,0.245,0.35,TN,CORRECTLY_REJECTED_UNKNOWN
3921,New_Images,006612.jpg,006612,NONE,Unmasked,002099,0.3564,0.35,FP,MISIDENTIFIED_AS_002099
3922,Masked Images,000326__K95__masked.jpg,000326,K95,KN95 Mask,000326,0.8601,0.35,TP,CORRECT_MATCH
3923,Masked Images,000252__GAS__masked.jpg,000252,GAS,Gas Mask,000252,0.8937,0.35,TP,CORRECT_MATCH
3924,New_Images,007745.jpg,007745,NONE,Unmasked,UNRECOGNIZED,0.2416,0.35,TN,CORRECTLY_REJECTED_UNKNOWN
3925,New_Images,009520.jpg,009520,NONE,Unmasked,UNRECOGNIZED,0.2276,0.35,TN,CORRECTLY_REJECTED_UNKNOWN
3926,New_Images,009020.jpg,009020,NONE,Unmasked,UNRECOGNIZED,0.3012,0.35,TN,CORRECTLY_REJECTED_UNKNOWN
3927,New_Images,008204.jpg,008204,NONE,Unmasked,NO_FACE_DETECTED,0.0,0.35,TN,No Face Detected by SCRFD
3928,New_Images,005644.jpg,005644,NONE,Unmasked,UNRECOGNIZED,0.2547,0.35,TN,CORRECTLY_REJECTED_UNKNOWN
3929,New_Images,008621.jpg,008621,NONE,Unmasked,NO_FACE_DETECTED,0.0,0.35,TN,No Face Detected by SCRFD
3930,New_Images,005307.jpg,005307,NONE,Unmasked,NO_FACE_DETECTED,0.0,0.35,TN,No Face Detected by SCRFD
3931,New_Images,007596.jpg,007596,NONE,Unmasked,UNRECOGNIZED,0.262,0.35,TN,CORRECTLY_REJECTED_UNKNOWN
3932,New_Images,007426.jpg,007426,NONE,Unmasked,NO_FACE_DETECTED,0.0,0.35,TN,No Face Detected by SCRFD
3933,New_Images,006840.jpg,006840,NONE,Unmasked,NO_FACE_DETECTED,0.0,0.35,TN,No Face Detected by SCRFD
3934,Masked Images,000187__CLT__masked.jpg,000187,CLT,Cloth Mask,000187,0.9551,0.35,TP,CORRECT_MATCH
3935,New_Images,005694.jpg,005694,NONE,Unmasked,NO_FACE_DETECTED,0.0,0.35,TN,No Face Detected by SCRFD
3936,New_Images,009253.jpg,009253,NONE,Unmasked,NO_FACE_DETECTED,0.0,0.35,TN,No Face Detected by SCRFD
3937,New_Images,009612.jpg,009612,NONE,Unmasked,UNRECOGNIZED,0.2564,0.35,TN,CORRECTLY_REJECTED_UNKNOWN
3938,New_Images,006688.jpg,006688,NONE,Unmasked,UNRECOGNIZED,0.2415,0.35,TN,CORRECTLY_REJECTED_UNKNOWN
3939,Masked Images,000713__K95__masked.jpg,000713,K95,KN95 Mask,000713,0.9542,0.35,TP,CORRECT_MATCH
3940,New_Images,005608.jpg,005608,NONE,Unmasked,NO_FACE_DETECTED,0.0,0.35,TN,No Face Detected by SCRFD
3941,New_Images,006802.jpg,006802,NONE,Unmasked,NO_FACE_DETECTED,0.0,0.35,TN,No Face Detected by SCRFD
3942,New_Images,006331.jpg,006331,NONE,Unmasked,UNRECOGNIZED,0.2836,0.35,TN,CORRECTLY_REJECTED_UNKNOWN
3943,New_Images,009169.jpg,009169,NONE,Unmasked,UNRECOGNIZED,0.2567,0.35,TN,CORRECTLY_REJECTED_UNKNOWN
3944,New_Images,005118.jpg,005118,NONE,Unmasked,NO_FACE_DETECTED,0.0,0.35,TN,No Face Detected by SCRFD
3945,New_Images,005073.jpg,005073,NONE,Unmasked,NO_FACE_DETECTED,0.0,0.35,TN,No Face Detected by SCRFD
3946,New_Images,006570.jpg,006570,NONE,Unmasked,UNRECOGNIZED,0.2716,0.35,TN,CORRECTLY_REJECTED_UNKNOWN
3947,New_Images,005206.jpg,005206,NONE,Unmasked,NO_FACE_DETECTED,0.0,0.35,TN,No Face Detected by SCRFD
3948,Masked Images,000347__K95__masked.jpg,000347,K95,KN95 Mask,000347,0.6183,0.35,TP,CORRECT_MATCH
3949,New_Images,008908.jpg,008908,NONE,Unmasked,UNRECOGNIZED,0.2159,0.35,TN,CORRECTLY_REJECTED_UNKNOWN
3950,New_Images,005178.jpg,005178,NONE,Unmasked,UNRECOGNIZED,0.2037,0.35,TN,CORRECTLY_REJECTED_UNKNOWN
3951,New_Images,005066.jpg,005066,NONE,Unmasked,UNRECOGNIZED,0.3063,0.35,TN,CORRECTLY_REJECTED_UNKNOWN
3952,New_Images,008899.jpg,008899,NONE,Unmasked,UNRECOGNIZED,0.2644,0.35,TN,CORRECTLY_REJECTED_UNKNOWN
3953,New_Images,008116.jpg,008116,NONE,Unmasked,UNRECOGNIZED,0.2558,0.35,TN,CORRECTLY_REJECTED_UNKNOWN
3954,New_Images,007231.jpg,007231,NONE,Unmasked,NO_FACE_DETECTED,0.0,0.35,TN,No Face Detected by SCRFD
3955,New_Images,007966.jpg,007966,NONE,Unmasked,UNRECOGNIZED,0.2362,0.35,TN,CORRECTLY_REJECTED_UNKNOWN
3956,New_Images,009593.jpg,009593,NONE,Unmasked,UNRECOGNIZED,0.2889,0.35,TN,CORRECTLY_REJECTED_UNKNOWN
3957,Masked Images,000343__CLT__masked.jpg,000343,CLT,Cloth Mask,000343,0.8666,0.35,TP,CORRECT_MATCH
3958,New_Images,005601.jpg,005601,NONE,Unmasked,UNRECOGNIZED,0.2665,0.35,TN,CORRECTLY_REJECTED_UNKNOWN
3959,New_Images,006841.jpg,006841,NONE,Unmasked,NO_FACE_DETECTED,0.0,0.35,TN,No Face Detected by SCRFD
3960,Masked Images,000358__CLT__masked.jpg,000358,CLT,Cloth Mask,000358,0.9288,0.35,TP,CORRECT_MATCH
3961,New_Images,007144.jpg,007144,NONE,Unmasked,NO_FACE_DETECTED,0.0,0.35,TN,No Face Detected by SCRFD
3962,New_Images,009049.jpg,009049,NONE,Unmasked,NO_FACE_DETECTED,0.0,0.35,TN,No Face Detected by SCRFD
3963,New_Images,005989.jpg,005989,NONE,Unmasked,NO_FACE_DETECTED,0.0,0.35,TN,No Face Detected by SCRFD
3964,New_Images,007128.jpg,007128,NONE,Unmasked,UNRECOGNIZED,0.251,0.35,TN,CORRECTLY_REJECTED_UNKNOWN
3965,New_Images,007648.jpg,007648,NONE,Unmasked,UNRECOGNIZED,0.2559,0.35,TN,CORRECTLY_REJECTED_UNKNOWN
3966,New_Images,005367.jpg,005367,NONE,Unmasked,NO_FACE_DETECTED,0.0,0.35,TN,No Face Detected by SCRFD
3967,New_Images,005900.jpg,005900,NONE,Unmasked,UNRECOGNIZED,0.2431,0.35,TN,CORRECTLY_REJECTED_UNKNOWN
3968,New_Images,006697.jpg,006697,NONE,Unmasked,UNRECOGNIZED,0.2581,0.35,TN,CORRECTLY_REJECTED_UNKNOWN
3969,New_Images,009182.jpg,009182,NONE,Unmasked,UNRECOGNIZED,0.2301,0.35,TN,CORRECTLY_REJECTED_UNKNOWN
3970,New_Images,008066.jpg,008066,NONE,Unmasked,NO_FACE_DETECTED,0.0,0.35,TN,No Face Detected by SCRFD
3971,New_Images,005251.jpg,005251,NONE,Unmasked,UNRECOGNIZED,0.2574,0.35,TN,CORRECTLY_REJECTED_UNKNOWN
3972,New_Images,005446.jpg,005446,NONE,Unmasked,UNRECOGNIZED,0.1994,0.35,TN,CORRECTLY_REJECTED_UNKNOWN
3973,New_Images,007780.jpg,007780,NONE,Unmasked,UNRECOGNIZED,0.2267,0.35,TN,CORRECTLY_REJECTED_UNKNOWN
3974,New_Images,007527.jpg,007527,NONE,Unmasked,UNRECOGNIZED,0.2497,0.35,TN,CORRECTLY_REJECTED_UNKNOWN
3975,New_Images,005664.jpg,005664,NONE,Unmasked,UNRECOGNIZED,0.2181,0.35,TN,CORRECTLY_REJECTED_UNKNOWN
3976,New_Images,006907.jpg,006907,NONE,Unmasked,NO_FACE_DETECTED,0.0,0.35,TN,No Face Detected by SCRFD
3977,New_Images,005501.jpg,005501,NONE,Unmasked,UNRECOGNIZED,0.2794,0.35,TN,CORRECTLY_REJECTED_UNKNOWN
3978,New_Images,007506.jpg,007506,NONE,Unmasked,UNRECOGNIZED,0.2412,0.35,TN,CORRECTLY_REJECTED_UNKNOWN
3979,New_Images,005652.jpg,005652,NONE,Unmasked,NO_FACE_DETECTED,0.0,0.35,TN,No Face Detected by SCRFD
3980,New_Images,005370.jpg,005370,NONE,Unmasked,UNRECOGNIZED,0.2834,0.35,TN,CORRECTLY_REJECTED_UNKNOWN
3981,New_Images,009158.jpg,009158,NONE,Unmasked,UNRECOGNIZED,0.2124,0.35,TN,CORRECTLY_REJECTED_UNKNOWN
3982,Masked Images,000534__GAS__masked.jpg,000534,GAS,Gas Mask,000534,0.9008,0.35,TP,CORRECT_MATCH
3983,Masked Images,001160__GAS__masked.jpg,001160,GAS,Gas Mask,001160,0.8478,0.35,TP,CORRECT_MATCH
3984,New_Images,008714.jpg,008714,NONE,Unmasked,UNRECOGNIZED,0.2125,0.35,TN,CORRECTLY_REJECTED_UNKNOWN
3985,New_Images,006548.jpg,006548,NONE,Unmasked,UNRECOGNIZED,0.2667,0.35,TN,CORRECTLY_REJECTED_UNKNOWN
3986,New_Images,007409.jpg,007409,NONE,Unmasked,UNRECOGNIZED,0.2464,0.35,TN,CORRECTLY_REJECTED_UNKNOWN
3987,Masked Images,000210__SUR__masked.jpg,000210,SUR,Surgical Mask,000210,0.8958,0.35,TP,CORRECT_MATCH
3988,New_Images,009334.jpg,009334,NONE,Unmasked,NO_FACE_DETECTED,0.0,0.35,TN,No Face Detected by SCRFD
3989,New_Images,009378.jpg,009378,NONE,Unmasked,UNRECOGNIZED,0.2712,0.35,TN,CORRECTLY_REJECTED_UNKNOWN
3990,New_Images,008867.jpg,008867,NONE,Unmasked,UNRECOGNIZED,0.241,0.35,TN,CORRECTLY_REJECTED_UNKNOWN
3991,New_Images,005034.jpg,005034,NONE,Unmasked,UNRECOGNIZED,0.2545,0.35,TN,CORRECTLY_REJECTED_UNKNOWN
3992,Masked Images,000814__K95__masked.jpg,000814,K95,KN95 Mask,000814,0.9178,0.35,TP,CORRECT_MATCH
3993,New_Images,006512.jpg,006512,NONE,Unmasked,NO_FACE_DETECTED,0.0,0.35,TN,No Face Detected by SCRFD
3994,New_Images,008069.jpg,008069,NONE,Unmasked,UNRECOGNIZED,0.257,0.35,TN,CORRECTLY_REJECTED_UNKNOWN
3995,New_Images,008062.jpg,008062,NONE,Unmasked,UNRECOGNIZED,0.2419,0.35,TN,CORRECTLY_REJECTED_UNKNOWN
3996,Masked Images,001075__K95__masked.jpg,001075,K95,KN95 Mask,001075,0.9695,0.35,TP,CORRECT_MATCH
3997,New_Images,009190.jpg,009190,NONE,Unmasked,UNRECOGNIZED,0.2675,0.35,TN,CORRECTLY_REJECTED_UNKNOWN
3998,New_Images,006087.jpg,006087,NONE,Unmasked,UNRECOGNIZED,0.2397,0.35,TN,CORRECTLY_REJECTED_UNKNOWN
3999,New_Images,009009.jpg,009009,NONE,Unmasked,UNRECOGNIZED,0.2857,0.35,TN,CORRECTLY_REJECTED_UNKNOWN
4000,New_Images,008496.jpg,008496,NONE,Unmasked,UNRECOGNIZED,0.2548,0.35,TN,CORRECTLY_REJECTED_UNKNOWN
4001,New_Images,005974.jpg,005974,NONE,Unmasked,NO_FACE_DETECTED,0.0,0.35,TN,No Face Detected by SCRFD
4002,New_Images,005133.jpg,005133,NONE,Unmasked,UNRECOGNIZED,0.2462,0.35,TN,CORRECTLY_REJECTED_UNKNOWN
4003,New_Images,007686.jpg,007686,NONE,Unmasked,NO_FACE_DETECTED,0.0,0.35,TN,No Face Detected by SCRFD
4004,New_Images,009259.jpg,009259,NONE,Unmasked,NO_FACE_DETECTED,0.0,0.35,TN,No Face Detected by SCRFD
4005,Masked Images,000185__N95__masked.jpg,000185,N95,N95 Mask,000185,0.8247,0.35,TP,CORRECT_MATCH
4006,New_Images,007491.jpg,007491,NONE,Unmasked,NO_FACE_DETECTED,0.0,0.35,TN,No Face Detected by SCRFD
4007,Masked Images,000849__K95__masked.jpg,000849,K95,KN95 Mask,000849,0.9584,0.35,TP,CORRECT_MATCH
4008,New_Images,007103.jpg,007103,NONE,Unmasked,UNRECOGNIZED,0.2824,0.35,TN,CORRECTLY_REJECTED_UNKNOWN
4009,New_Images,008487.jpg,008487,NONE,Unmasked,UNRECOGNIZED,0.3258,0.35,TN,CORRECTLY_REJECTED_UNKNOWN
4010,Masked Images,000857__SUR__masked.jpg,000857,SUR,Surgical Mask,000857,0.8717,0.35,TP,CORRECT_MATCH
4011,New_Images,005064.jpg,005064,NONE,Unmasked,UNRECOGNIZED,0.2244,0.35,TN,CORRECTLY_REJECTED_UNKNOWN
4012,Masked Images,000163__N95__masked.jpg,000163,N95,N95 Mask,000163,0.8727,0.35,TP,CORRECT_MATCH
4013,New_Images,005737.jpg,005737,NONE,Unmasked,NO_FACE_DETECTED,0.0,0.35,TN,No Face Detected by SCRFD
4014,New_Images,007728.jpg,007728,NONE,Unmasked,UNRECOGNIZED,0.2688,0.35,TN,CORRECTLY_REJECTED_UNKNOWN
4015,New_Images,007042.jpg,007042,NONE,Unmasked,UNRECOGNIZED,0.2416,0.35,TN,CORRECTLY_REJECTED_UNKNOWN
4016,New_Images,006795.jpg,006795,NONE,Unmasked,UNRECOGNIZED,0.2506,0.35,TN,CORRECTLY_REJECTED_UNKNOWN
4017,Masked Images,000276__CLT__masked.jpg,000276,CLT,Cloth Mask,000276,0.8935,0.35,TP,CORRECT_MATCH
4018,New_Images,009400.jpg,009400,NONE,Unmasked,UNRECOGNIZED,0.2469,0.35,TN,CORRECTLY_REJECTED_UNKNOWN
4019,New_Images,007186.jpg,007186,NONE,Unmasked,UNRECOGNIZED,0.2803,0.35,TN,CORRECTLY_REJECTED_UNKNOWN
4020,Masked Images,000777__N95__masked.jpg,000777,N95,N95 Mask,000777,0.9035,0.35,TP,CORRECT_MATCH
4021,New_Images,006450.jpg,006450,NONE,Unmasked,UNRECOGNIZED,0.2117,0.35,TN,CORRECTLY_REJECTED_UNKNOWN
4022,New_Images,009208.jpg,009208,NONE,Unmasked,UNRECOGNIZED,0.256,0.35,TN,CORRECTLY_REJECTED_UNKNOWN
4023,New_Images,006711.jpg,006711,NONE,Unmasked,NO_FACE_DETECTED,0.0,0.35,TN,No Face Detected by SCRFD
4024,New_Images,007880.jpg,007880,NONE,Unmasked,NO_FACE_DETECTED,0.0,0.35,TN,No Face Detected by SCRFD
4025,New_Images,005766.jpg,005766,NONE,Unmasked,UNRECOGNIZED,0.2689,0.35,TN,CORRECTLY_REJECTED_UNKNOWN
4026,New_Images,006667.jpg,006667,NONE,Unmasked,UNRECOGNIZED,0.2479,0.35,TN,CORRECTLY_REJECTED_UNKNOWN
4027,New_Images,007054.jpg,007054,NONE,Unmasked,UNRECOGNIZED,0.3487,0.35,TN,CORRECTLY_REJECTED_UNKNOWN
4028,New_Images,007264.jpg,007264,NONE,Unmasked,NO_FACE_DETECTED,0.0,0.35,TN,No Face Detected by SCRFD
4029,Masked Images,000748__K95__masked.jpg,000748,K95,KN95 Mask,000748,0.8011,0.35,TP,CORRECT_MATCH
4030,New_Images,006495.jpg,006495,NONE,Unmasked,UNRECOGNIZED,0.216,0.35,TN,CORRECTLY_REJECTED_UNKNOWN
4031,New_Images,007195.jpg,007195,NONE,Unmasked,UNRECOGNIZED,0.2585,0.35,TN,CORRECTLY_REJECTED_UNKNOWN
4032,New_Images,005249.jpg,005249,NONE,Unmasked,NO_FACE_DETECTED,0.0,0.35,TN,No Face Detected by SCRFD
4033,New_Images,006099.jpg,006099,NONE,Unmasked,UNRECOGNIZED,0.2602,0.35,TN,CORRECTLY_REJECTED_UNKNOWN
4034,New_Images,005306.jpg,005306,NONE,Unmasked,UNRECOGNIZED,0.2603,0.35,TN,CORRECTLY_REJECTED_UNKNOWN
4035,Masked Images,000195__N95__masked.jpg,000195,N95,N95 Mask,000195,0.7943,0.35,TP,CORRECT_MATCH
4036,Masked Images,000572__N95__masked.jpg,000572,N95,N95 Mask,000572,0.8634,0.35,TP,CORRECT_MATCH
4037,New_Images,005224.jpg,005224,NONE,Unmasked,NO_FACE_DETECTED,0.0,0.35,TN,No Face Detected by SCRFD
4038,New_Images,006962.jpg,006962,NONE,Unmasked,UNRECOGNIZED,0.2433,0.35,TN,CORRECTLY_REJECTED_UNKNOWN
4039,New_Images,008412.jpg,008412,NONE,Unmasked,NO_FACE_DETECTED,0.0,0.35,TN,No Face Detected by SCRFD
4040,New_Images,006246.jpg,006246,NONE,Unmasked,UNRECOGNIZED,0.2382,0.35,TN,CORRECTLY_REJECTED_UNKNOWN
4041,New_Images,007023.jpg,007023,NONE,Unmasked,NO_FACE_DETECTED,0.0,0.35,TN,No Face Detected by SCRFD
4042,Masked Images,000448__GAS__masked.jpg,000448,GAS,Gas Mask,000448,0.8642,0.35,TP,CORRECT_MATCH
4043,New_Images,009328.jpg,009328,NONE,Unmasked,UNRECOGNIZED,0.2615,0.35,TN,CORRECTLY_REJECTED_UNKNOWN
4044,New_Images,008370.jpg,008370,NONE,Unmasked,UNRECOGNIZED,0.2388,0.35,TN,CORRECTLY_REJECTED_UNKNOWN
4045,New_Images,006865.jpg,006865,NONE,Unmasked,UNRECOGNIZED,0.2016,0.35,TN,CORRECTLY_REJECTED_UNKNOWN
4046,Masked Images,001023__K95__masked.jpg,001023,K95,KN95 Mask,001023,0.9622,0.35,TP,CORRECT_MATCH
4047,New_Images,005275.jpg,005275,NONE,Unmasked,NO_FACE_DETECTED,0.0,0.35,TN,No Face Detected by SCRFD
4048,Masked Images,000295__N95__masked.jpg,000295,N95,N95 Mask,000295,0.8972,0.35,TP,CORRECT_MATCH
4049,New_Images,007092.jpg,007092,NONE,Unmasked,NO_FACE_DETECTED,0.0,0.35,TN,No Face Detected by SCRFD
4050,New_Images,009152.jpg,009152,NONE,Unmasked,NO_FACE_DETECTED,0.0,0.35,TN,No Face Detected by SCRFD
4051,New_Images,008484.jpg,008484,NONE,Unmasked,UNRECOGNIZED,0.2706,0.35,TN,CORRECTLY_REJECTED_UNKNOWN
4052,New_Images,006924.jpg,006924,NONE,Unmasked,UNRECOGNIZED,0.2913,0.35,TN,CORRECTLY_REJECTED_UNKNOWN
4053,New_Images,008350.jpg,008350,NONE,Unmasked,UNRECOGNIZED,0.2434,0.35,TN,CORRECTLY_REJECTED_UNKNOWN
4054,New_Images,005392.jpg,005392,NONE,Unmasked,NO_FACE_DETECTED,0.0,0.35,TN,No Face Detected by SCRFD
4055,New_Images,007881.jpg,007881,NONE,Unmasked,NO_FACE_DETECTED,0.0,0.35,TN,No Face Detected by SCRFD
4056,New_Images,005447.jpg,005447,NONE,Unmasked,UNRECOGNIZED,0.2816,0.35,TN,CORRECTLY_REJECTED_UNKNOWN
4057,New_Images,006466.jpg,006466,NONE,Unmasked,UNRECOGNIZED,0.2941,0.35,TN,CORRECTLY_REJECTED_UNKNOWN
4058,Masked Images,000192__CLT__masked.jpg,000192,CLT,Cloth Mask,000192,0.9066,0.35,TP,CORRECT_MATCH
4059,New_Images,005788.jpg,005788,NONE,Unmasked,UNRECOGNIZED,0.238,0.35,TN,CORRECTLY_REJECTED_UNKNOWN
4060,New_Images,008170.jpg,008170,NONE,Unmasked,UNRECOGNIZED,0.2679,0.35,TN,CORRECTLY_REJECTED_UNKNOWN
4061,New_Images,005462.jpg,005462,NONE,Unmasked,UNRECOGNIZED,0.2357,0.35,TN,CORRECTLY_REJECTED_UNKNOWN
4062,New_Images,008855.jpg,008855,NONE,Unmasked,UNRECOGNIZED,0.2722,0.35,TN,CORRECTLY_REJECTED_UNKNOWN
4063,New_Images,006132.jpg,006132,NONE,Unmasked,UNRECOGNIZED,0.2628,0.35,TN,CORRECTLY_REJECTED_UNKNOWN
4064,New_Images,005942.jpg,005942,NONE,Unmasked,NO_FACE_DETECTED,0.0,0.35,TN,No Face Detected by SCRFD
4065,New_Images,007911.jpg,007911,NONE,Unmasked,NO_FACE_DETECTED,0.0,0.35,TN,No Face Detected by SCRFD
4066,New_Images,007084.jpg,007084,NONE,Unmasked,UNRECOGNIZED,0.2524,0.35,TN,CORRECTLY_REJECTED_UNKNOWN
4067,New_Images,005941.jpg,005941,NONE,Unmasked,NO_FACE_DETECTED,0.0,0.35,TN,No Face Detected by SCRFD
4068,New_Images,006091.jpg,006091,NONE,Unmasked,NO_FACE_DETECTED,0.0,0.35,TN,No Face Detected by SCRFD
4069,New_Images,006017.jpg,006017,NONE,Unmasked,UNRECOGNIZED,0.3206,0.35,TN,CORRECTLY_REJECTED_UNKNOWN
4070,New_Images,009314.jpg,009314,NONE,Unmasked,NO_FACE_DETECTED,0.0,0.35,TN,No Face Detected by SCRFD
4071,Masked Images,000296__K95__masked.jpg,000296,K95,KN95 Mask,000296,0.9369,0.35,TP,CORRECT_MATCH
4072,New_Images,008438.jpg,008438,NONE,Unmasked,UNRECOGNIZED,0.2607,0.35,TN,CORRECTLY_REJECTED_UNKNOWN
4073,New_Images,007855.jpg,007855,NONE,Unmasked,UNRECOGNIZED,0.2894,0.35,TN,CORRECTLY_REJECTED_UNKNOWN
4074,New_Images,006007.jpg,006007,NONE,Unmasked,UNRECOGNIZED,0.2472,0.35,TN,CORRECTLY_REJECTED_UNKNOWN
4075,Masked Images,000371__SUR__masked.jpg,000371,SUR,Surgical Mask,000371,0.8814,0.35,TP,CORRECT_MATCH
4076,New_Images,006600.jpg,006600,NONE,Unmasked,NO_FACE_DETECTED,0.0,0.35,TN,No Face Detected by SCRFD
4077,New_Images,009184.jpg,009184,NONE,Unmasked,UNRECOGNIZED,0.2205,0.35,TN,CORRECTLY_REJECTED_UNKNOWN
4078,New_Images,009615.jpg,009615,NONE,Unmasked,UNRECOGNIZED,0.2282,0.35,TN,CORRECTLY_REJECTED_UNKNOWN
4079,New_Images,005569.jpg,005569,NONE,Unmasked,NO_FACE_DETECTED,0.0,0.35,TN,No Face Detected by SCRFD
4080,New_Images,006200.jpg,006200,NONE,Unmasked,UNRECOGNIZED,0.2568,0.35,TN,CORRECTLY_REJECTED_UNKNOWN
4081,Masked Images,001021__SUR__masked.jpg,001021,SUR,Surgical Mask,001021,0.8844,0.35,TP,CORRECT_MATCH
4082,New_Images,005308.jpg,005308,NONE,Unmasked,UNRECOGNIZED,0.2496,0.35,TN,CORRECTLY_REJECTED_UNKNOWN
4083,New_Images,006381.jpg,006381,NONE,Unmasked,NO_FACE_DETECTED,0.0,0.35,TN,No Face Detected by SCRFD
4084,Masked Images,000009__N95__masked.jpg,000009,N95,N95 Mask,000009,0.844,0.35,TP,CORRECT_MATCH
4085,New_Images,005621.jpg,005621,NONE,Unmasked,NO_FACE_DETECTED,0.0,0.35,TN,No Face Detected by SCRFD
4086,New_Images,005056.jpg,005056,NONE,Unmasked,UNRECOGNIZED,0.2806,0.35,TN,CORRECTLY_REJECTED_UNKNOWN
4087,Masked Images,000617__CLT__masked.jpg,000617,CLT,Cloth Mask,000617,0.9514,0.35,TP,CORRECT_MATCH
4088,New_Images,006806.jpg,006806,NONE,Unmasked,UNRECOGNIZED,0.3086,0.35,TN,CORRECTLY_REJECTED_UNKNOWN
4089,Masked Images,001026__SUR__masked.jpg,001026,SUR,Surgical Mask,001026,0.8572,0.35,TP,CORRECT_MATCH
4090,New_Images,006218.jpg,006218,NONE,Unmasked,UNRECOGNIZED,0.2471,0.35,TN,CORRECTLY_REJECTED_UNKNOWN
4091,New_Images,005973.jpg,005973,NONE,Unmasked,NO_FACE_DETECTED,0.0,0.35,TN,No Face Detected by SCRFD
4092,New_Images,006451.jpg,006451,NONE,Unmasked,UNRECOGNIZED,0.2831,0.35,TN,CORRECTLY_REJECTED_UNKNOWN
4093,Masked Images,000072__K95__masked.jpg,000072,K95,KN95 Mask,000072,0.9349,0.35,TP,CORRECT_MATCH
4094,New_Images,006058.jpg,006058,NONE,Unmasked,UNRECOGNIZED,0.2477,0.35,TN,CORRECTLY_REJECTED_UNKNOWN
4095,New_Images,009464.jpg,009464,NONE,Unmasked,UNRECOGNIZED,0.2399,0.35,TN,CORRECTLY_REJECTED_UNKNOWN
4096,New_Images,007957.jpg,007957,NONE,Unmasked,UNRECOGNIZED,0.3294,0.35,TN,CORRECTLY_REJECTED_UNKNOWN
4097,New_Images,008217.jpg,008217,NONE,Unmasked,UNRECOGNIZED,0.3375,0.35,TN,CORRECTLY_REJECTED_UNKNOWN
4098,Masked Images,000539__GAS__masked.jpg,000539,GAS,Gas Mask,000539,0.8977,0.35,TP,CORRECT_MATCH
4099,New_Images,007607.jpg,007607,NONE,Unmasked,UNRECOGNIZED,0.2364,0.35,TN,CORRECTLY_REJECTED_UNKNOWN
4100,New_Images,008242.jpg,008242,NONE,Unmasked,UNRECOGNIZED,0.2101,0.35,TN,CORRECTLY_REJECTED_UNKNOWN
4101,New_Images,005816.jpg,005816,NONE,Unmasked,NO_FACE_DETECTED,0.0,0.35,TN,No Face Detected by SCRFD
4102,Masked Images,000412__N95__masked.jpg,000412,N95,N95 Mask,000412,0.8677,0.35,TP,CORRECT_MATCH
4103,Masked Images,001034__CLT__masked.jpg,001034,CLT,Cloth Mask,001034,0.9576,0.35,TP,CORRECT_MATCH
4104,New_Images,006330.jpg,006330,NONE,Unmasked,UNRECOGNIZED,0.2997,0.35,TN,CORRECTLY_REJECTED_UNKNOWN
4105,New_Images,005809.jpg,005809,NONE,Unmasked,NO_FACE_DETECTED,0.0,0.35,TN,No Face Detected by SCRFD
4106,New_Images,008731.jpg,008731,NONE,Unmasked,NO_FACE_DETECTED,0.0,0.35,TN,No Face Detected by SCRFD
4107,Masked Images,000944__SUR__masked.jpg,000944,SUR,Surgical Mask,000944,0.9319,0.35,TP,CORRECT_MATCH
4108,New_Images,007330.jpg,007330,NONE,Unmasked,NO_FACE_DETECTED,0.0,0.35,TN,No Face Detected by SCRFD
4109,New_Images,005087.jpg,005087,NONE,Unmasked,NO_FACE_DETECTED,0.0,0.35,TN,No Face Detected by SCRFD
4110,New_Images,005629.jpg,005629,NONE,Unmasked,NO_FACE_DETECTED,0.0,0.35,TN,No Face Detected by SCRFD
4111,New_Images,008146.jpg,008146,NONE,Unmasked,UNRECOGNIZED,0.2452,0.35,TN,CORRECTLY_REJECTED_UNKNOWN
4112,Masked Images,000169__SUR__masked.jpg,000169,SUR,Surgical Mask,000169,0.9329,0.35,TP,CORRECT_MATCH
4113,Masked Images,000680__GAS__masked.jpg,000680,GAS,Gas Mask,000680,0.9215,0.35,TP,CORRECT_MATCH
4114,Masked Images,000047__CLT__masked.jpg,000047,CLT,Cloth Mask,000047,0.9309,0.35,TP,CORRECT_MATCH
4115,New_Images,007537.jpg,007537,NONE,Unmasked,UNRECOGNIZED,0.2638,0.35,TN,CORRECTLY_REJECTED_UNKNOWN
4116,New_Images,008064.jpg,008064,NONE,Unmasked,UNRECOGNIZED,0.3252,0.35,TN,CORRECTLY_REJECTED_UNKNOWN
4117,Masked Images,001178__N95__masked.jpg,001178,N95,N95 Mask,001178,0.8945,0.35,TP,CORRECT_MATCH
4118,New_Images,007733.jpg,007733,NONE,Unmasked,NO_FACE_DETECTED,0.0,0.35,TN,No Face Detected by SCRFD
4119,New_Images,009102.jpg,009102,NONE,Unmasked,UNRECOGNIZED,0.2523,0.35,TN,CORRECTLY_REJECTED_UNKNOWN
4120,New_Images,009149.jpg,009149,NONE,Unmasked,NO_FACE_DETECTED,0.0,0.35,TN,No Face Detected by SCRFD
4121,Masked Images,001169__K95__masked.jpg,001169,K95,KN95 Mask,001169,0.9469,0.35,TP,CORRECT_MATCH
4122,New_Images,005059.jpg,005059,NONE,Unmasked,NO_FACE_DETECTED,0.0,0.35,TN,No Face Detected by SCRFD
4123,New_Images,006609.jpg,006609,NONE,Unmasked,UNRECOGNIZED,0.2112,0.35,TN,CORRECTLY_REJECTED_UNKNOWN
4124,New_Images,008403.jpg,008403,NONE,Unmasked,UNRECOGNIZED,0.2202,0.35,TN,CORRECTLY_REJECTED_UNKNOWN
4125,New_Images,006473.jpg,006473,NONE,Unmasked,UNRECOGNIZED,0.2846,0.35,TN,CORRECTLY_REJECTED_UNKNOWN
4126,Masked Images,000248__SUR__masked.jpg,000248,SUR,Surgical Mask,000248,0.9187,0.35,TP,CORRECT_MATCH
4127,New_Images,005702.jpg,005702,NONE,Unmasked,UNRECOGNIZED,0.2784,0.35,TN,CORRECTLY_REJECTED_UNKNOWN
4128,New_Images,006934.jpg,006934,NONE,Unmasked,UNRECOGNIZED,0.3021,0.35,TN,CORRECTLY_REJECTED_UNKNOWN
4129,New_Images,008230.jpg,008230,NONE,Unmasked,UNRECOGNIZED,0.2482,0.35,TN,CORRECTLY_REJECTED_UNKNOWN
4130,New_Images,007026.jpg,007026,NONE,Unmasked,NO_FACE_DETECTED,0.0,0.35,TN,No Face Detected by SCRFD
4131,New_Images,005794.jpg,005794,NONE,Unmasked,UNRECOGNIZED,0.2102,0.35,TN,CORRECTLY_REJECTED_UNKNOWN
4132,New_Images,009458.jpg,009458,NONE,Unmasked,UNRECOGNIZED,0.2573,0.35,TN,CORRECTLY_REJECTED_UNKNOWN
4133,New_Images,007975.jpg,007975,NONE,Unmasked,UNRECOGNIZED,0.2301,0.35,TN,CORRECTLY_REJECTED_UNKNOWN
4134,New_Images,007110.jpg,007110,NONE,Unmasked,UNRECOGNIZED,0.2284,0.35,TN,CORRECTLY_REJECTED_UNKNOWN
4135,Masked Images,000461__N95__masked.jpg,000461,N95,N95 Mask,000461,0.9085,0.35,TP,CORRECT_MATCH
4136,New_Images,009115.jpg,009115,NONE,Unmasked,UNRECOGNIZED,0.2688,0.35,TN,CORRECTLY_REJECTED_UNKNOWN
4137,Masked Images,000235__CLT__masked.jpg,000235,CLT,Cloth Mask,000235,0.9004,0.35,TP,CORRECT_MATCH
4138,New_Images,006726.jpg,006726,NONE,Unmasked,UNRECOGNIZED,0.2511,0.35,TN,CORRECTLY_REJECTED_UNKNOWN
4139,New_Images,007558.jpg,007558,NONE,Unmasked,UNRECOGNIZED,0.2616,0.35,TN,CORRECTLY_REJECTED_UNKNOWN
4140,New_Images,005681.jpg,005681,NONE,Unmasked,NO_FACE_DETECTED,0.0,0.35,TN,No Face Detected by SCRFD
4141,New_Images,008246.jpg,008246,NONE,Unmasked,UNRECOGNIZED,0.2285,0.35,TN,CORRECTLY_REJECTED_UNKNOWN
4142,New_Images,007446.jpg,007446,NONE,Unmasked,UNRECOGNIZED,0.2836,0.35,TN,CORRECTLY_REJECTED_UNKNOWN
4143,New_Images,009078.jpg,009078,NONE,Unmasked,NO_FACE_DETECTED,0.0,0.35,TN,No Face Detected by SCRFD
4144,New_Images,007543.jpg,007543,NONE,Unmasked,NO_FACE_DETECTED,0.0,0.35,TN,No Face Detected by SCRFD
4145,New_Images,006097.jpg,006097,NONE,Unmasked,UNRECOGNIZED,0.214,0.35,TN,CORRECTLY_REJECTED_UNKNOWN
4146,New_Images,005176.jpg,005176,NONE,Unmasked,UNRECOGNIZED,0.2764,0.35,TN,CORRECTLY_REJECTED_UNKNOWN
4147,New_Images,009125.jpg,009125,NONE,Unmasked,UNRECOGNIZED,0.2325,0.35,TN,CORRECTLY_REJECTED_UNKNOWN
4148,New_Images,006198.jpg,006198,NONE,Unmasked,UNRECOGNIZED,0.2779,0.35,TN,CORRECTLY_REJECTED_UNKNOWN
4149,Masked Images,001059__N95__masked.jpg,001059,N95,N95 Mask,001059,0.8902,0.35,TP,CORRECT_MATCH
4150,New_Images,008790.jpg,008790,NONE,Unmasked,NO_FACE_DETECTED,0.0,0.35,TN,No Face Detected by SCRFD
4151,New_Images,006903.jpg,006903,NONE,Unmasked,UNRECOGNIZED,0.2497,0.35,TN,CORRECTLY_REJECTED_UNKNOWN
4152,New_Images,007799.jpg,007799,NONE,Unmasked,UNRECOGNIZED,0.3337,0.35,TN,CORRECTLY_REJECTED_UNKNOWN
4153,Masked Images,000451__K95__masked.jpg,000451,K95,KN95 Mask,000451,0.8981,0.35,TP,CORRECT_MATCH
4154,New_Images,008523.jpg,008523,NONE,Unmasked,UNRECOGNIZED,0.2644,0.35,TN,CORRECTLY_REJECTED_UNKNOWN
4155,New_Images,009017.jpg,009017,NONE,Unmasked,UNRECOGNIZED,0.2672,0.35,TN,CORRECTLY_REJECTED_UNKNOWN
4156,New_Images,005498.jpg,005498,NONE,Unmasked,NO_FACE_DETECTED,0.0,0.35,TN,No Face Detected by SCRFD
4157,New_Images,005190.jpg,005190,NONE,Unmasked,UNRECOGNIZED,0.28,0.35,TN,CORRECTLY_REJECTED_UNKNOWN
4158,New_Images,007292.jpg,007292,NONE,Unmasked,NO_FACE_DETECTED,0.0,0.35,TN,No Face Detected by SCRFD
4159,New_Images,009313.jpg,009313,NONE,Unmasked,UNRECOGNIZED,0.2129,0.35,TN,CORRECTLY_REJECTED_UNKNOWN
4160,New_Images,006991.jpg,006991,NONE,Unmasked,UNRECOGNIZED,0.2668,0.35,TN,CORRECTLY_REJECTED_UNKNOWN
4161,New_Images,009241.jpg,009241,NONE,Unmasked,UNRECOGNIZED,0.2238,0.35,TN,CORRECTLY_REJECTED_UNKNOWN
4162,New_Images,008123.jpg,008123,NONE,Unmasked,UNRECOGNIZED,0.2374,0.35,TN,CORRECTLY_REJECTED_UNKNOWN
4163,New_Images,007472.jpg,007472,NONE,Unmasked,UNRECOGNIZED,0.2936,0.35,TN,CORRECTLY_REJECTED_UNKNOWN
4164,New_Images,006876.jpg,006876,NONE,Unmasked,NO_FACE_DETECTED,0.0,0.35,TN,No Face Detected by SCRFD
4165,New_Images,005452.jpg,005452,NONE,Unmasked,UNRECOGNIZED,0.2669,0.35,TN,CORRECTLY_REJECTED_UNKNOWN
4166,New_Images,007705.jpg,007705,NONE,Unmasked,UNRECOGNIZED,0.2257,0.35,TN,CORRECTLY_REJECTED_UNKNOWN
4167,New_Images,006398.jpg,006398,NONE,Unmasked,UNRECOGNIZED,0.2104,0.35,TN,CORRECTLY_REJECTED_UNKNOWN
4168,New_Images,009028.jpg,009028,NONE,Unmasked,NO_FACE_DETECTED,0.0,0.35,TN,No Face Detected by SCRFD
4169,New_Images,005779.jpg,005779,NONE,Unmasked,UNRECOGNIZED,0.2249,0.35,TN,CORRECTLY_REJECTED_UNKNOWN
4170,New_Images,008138.jpg,008138,NONE,Unmasked,UNRECOGNIZED,0.2498,0.35,TN,CORRECTLY_REJECTED_UNKNOWN
4171,New_Images,009260.jpg,009260,NONE,Unmasked,NO_FACE_DETECTED,0.0,0.35,TN,No Face Detected by SCRFD
4172,New_Images,007501.jpg,007501,NONE,Unmasked,UNRECOGNIZED,0.2658,0.35,TN,CORRECTLY_REJECTED_UNKNOWN
4173,New_Images,005808.jpg,005808,NONE,Unmasked,UNRECOGNIZED,0.2379,0.35,TN,CORRECTLY_REJECTED_UNKNOWN
4174,New_Images,006847.jpg,006847,NONE,Unmasked,NO_FACE_DETECTED,0.0,0.35,TN,No Face Detected by SCRFD
4175,New_Images,009609.jpg,009609,NONE,Unmasked,UNRECOGNIZED,0.2538,0.35,TN,CORRECTLY_REJECTED_UNKNOWN
4176,New_Images,008917.jpg,008917,NONE,Unmasked,UNRECOGNIZED,0.2711,0.35,TN,CORRECTLY_REJECTED_UNKNOWN
4177,New_Images,007448.jpg,007448,NONE,Unmasked,UNRECOGNIZED,0.2525,0.35,TN,CORRECTLY_REJECTED_UNKNOWN
4178,New_Images,005219.jpg,005219,NONE,Unmasked,UNRECOGNIZED,0.2856,0.35,TN,CORRECTLY_REJECTED_UNKNOWN
4179,New_Images,005344.jpg,005344,NONE,Unmasked,NO_FACE_DETECTED,0.0,0.35,TN,No Face Detected by SCRFD
4180,New_Images,005192.jpg,005192,NONE,Unmasked,UNRECOGNIZED,0.3019,0.35,TN,CORRECTLY_REJECTED_UNKNOWN
4181,New_Images,005126.jpg,005126,NONE,Unmasked,UNRECOGNIZED,0.2667,0.35,TN,CORRECTLY_REJECTED_UNKNOWN
4182,New_Images,006949.jpg,006949,NONE,Unmasked,NO_FACE_DETECTED,0.0,0.35,TN,No Face Detected by SCRFD
4183,New_Images,008640.jpg,008640,NONE,Unmasked,UNRECOGNIZED,0.2691,0.35,TN,CORRECTLY_REJECTED_UNKNOWN
4184,New_Images,006621.jpg,006621,NONE,Unmasked,NO_FACE_DETECTED,0.0,0.35,TN,No Face Detected by SCRFD
4185,Masked Images,000328__GAS__masked.jpg,000328,GAS,Gas Mask,000328,0.897,0.35,TP,CORRECT_MATCH
4186,New_Images,009551.jpg,009551,NONE,Unmasked,UNRECOGNIZED,0.2534,0.35,TN,CORRECTLY_REJECTED_UNKNOWN
4187,Masked Images,000860__CLT__masked.jpg,000860,CLT,Cloth Mask,000860,0.9394,0.35,TP,CORRECT_MATCH
4188,New_Images,008489.jpg,008489,NONE,Unmasked,UNRECOGNIZED,0.3094,0.35,TN,CORRECTLY_REJECTED_UNKNOWN
4189,Masked Images,000663__K95__masked.jpg,000663,K95,KN95 Mask,000663,0.769,0.35,TP,CORRECT_MATCH
4190,New_Images,005132.jpg,005132,NONE,Unmasked,UNRECOGNIZED,0.2569,0.35,TN,CORRECTLY_REJECTED_UNKNOWN
4191,Masked Images,001168__N95__masked.jpg,001168,N95,N95 Mask,001168,0.8774,0.35,TP,CORRECT_MATCH
4192,New_Images,005718.jpg,005718,NONE,Unmasked,UNRECOGNIZED,0.2145,0.35,TN,CORRECTLY_REJECTED_UNKNOWN
4193,New_Images,005435.jpg,005435,NONE,Unmasked,UNRECOGNIZED,0.2747,0.35,TN,CORRECTLY_REJECTED_UNKNOWN
4194,New_Images,007846.jpg,007846,NONE,Unmasked,UNRECOGNIZED,0.2823,0.35,TN,CORRECTLY_REJECTED_UNKNOWN
4195,New_Images,006662.jpg,006662,NONE,Unmasked,UNRECOGNIZED,0.2117,0.35,TN,CORRECTLY_REJECTED_UNKNOWN
4196,New_Images,005617.jpg,005617,NONE,Unmasked,NO_FACE_DETECTED,0.0,0.35,TN,No Face Detected by SCRFD
4197,New_Images,005339.jpg,005339,NONE,Unmasked,UNRECOGNIZED,0.2107,0.35,TN,CORRECTLY_REJECTED_UNKNOWN
4198,New_Images,008472.jpg,008472,NONE,Unmasked,UNRECOGNIZED,0.2857,0.35,TN,CORRECTLY_REJECTED_UNKNOWN
4199,New_Images,006833.jpg,006833,NONE,Unmasked,NO_FACE_DETECTED,0.0,0.35,TN,No Face Detected by SCRFD
4200,Masked Images,000161__GAS__masked.jpg,000161,GAS,Gas Mask,000161,0.877,0.35,TP,CORRECT_MATCH
4201,New_Images,008348.jpg,008348,NONE,Unmasked,NO_FACE_DETECTED,0.0,0.35,TN,No Face Detected by SCRFD
4202,New_Images,008028.jpg,008028,NONE,Unmasked,UNRECOGNIZED,0.2209,0.35,TN,CORRECTLY_REJECTED_UNKNOWN
4203,New_Images,007331.jpg,007331,NONE,Unmasked,UNRECOGNIZED,0.2675,0.35,TN,CORRECTLY_REJECTED_UNKNOWN
4204,New_Images,009083.jpg,009083,NONE,Unmasked,UNRECOGNIZED,0.2583,0.35,TN,CORRECTLY_REJECTED_UNKNOWN
4205,Masked Images,001084__N95__masked.jpg,001084,N95,N95 Mask,001084,0.8989,0.35,TP,CORRECT_MATCH
4206,New_Images,006553.jpg,006553,NONE,Unmasked,UNRECOGNIZED,0.2136,0.35,TN,CORRECTLY_REJECTED_UNKNOWN
4207,New_Images,006948.jpg,006948,NONE,Unmasked,NO_FACE_DETECTED,0.0,0.35,TN,No Face Detected by SCRFD
4208,New_Images,006399.jpg,006399,NONE,Unmasked,NO_FACE_DETECTED,0.0,0.35,TN,No Face Detected by SCRFD
4209,New_Images,009089.jpg,009089,NONE,Unmasked,NO_FACE_DETECTED,0.0,0.35,TN,No Face Detected by SCRFD
4210,Masked Images,001094__N95__masked.jpg,001094,N95,N95 Mask,001094,0.8274,0.35,TP,CORRECT_MATCH
4211,New_Images,007073.jpg,007073,NONE,Unmasked,NO_FACE_DETECTED,0.0,0.35,TN,No Face Detected by SCRFD
4212,New_Images,008162.jpg,008162,NONE,Unmasked,NO_FACE_DETECTED,0.0,0.35,TN,No Face Detected by SCRFD
4213,New_Images,006728.jpg,006728,NONE,Unmasked,UNRECOGNIZED,0.2571,0.35,TN,CORRECTLY_REJECTED_UNKNOWN
4214,New_Images,005021.jpg,005021,NONE,Unmasked,UNRECOGNIZED,0.302,0.35,TN,CORRECTLY_REJECTED_UNKNOWN
4215,Masked Images,000698__K95__masked.jpg,000698,K95,KN95 Mask,000698,0.5495,0.35,TP,CORRECT_MATCH
4216,New_Images,008673.jpg,008673,NONE,Unmasked,UNRECOGNIZED,0.2464,0.35,TN,CORRECTLY_REJECTED_UNKNOWN
4217,New_Images,005094.jpg,005094,NONE,Unmasked,UNRECOGNIZED,0.2415,0.35,TN,CORRECTLY_REJECTED_UNKNOWN
4218,New_Images,005927.jpg,005927,NONE,Unmasked,UNRECOGNIZED,0.2946,0.35,TN,CORRECTLY_REJECTED_UNKNOWN
4219,New_Images,006190.jpg,006190,NONE,Unmasked,UNRECOGNIZED,0.329,0.35,TN,CORRECTLY_REJECTED_UNKNOWN
4220,New_Images,007029.jpg,007029,NONE,Unmasked,UNRECOGNIZED,0.2127,0.35,TN,CORRECTLY_REJECTED_UNKNOWN
4221,Masked Images,000805__GAS__masked.jpg,000805,GAS,Gas Mask,000805,0.8987,0.35,TP,CORRECT_MATCH
4222,New_Images,008283.jpg,008283,NONE,Unmasked,NO_FACE_DETECTED,0.0,0.35,TN,No Face Detected by SCRFD
4223,Masked Images,000565__GAS__masked.jpg,000565,GAS,Gas Mask,000565,0.8877,0.35,TP,CORRECT_MATCH
4224,New_Images,006604.jpg,006604,NONE,Unmasked,UNRECOGNIZED,0.2715,0.35,TN,CORRECTLY_REJECTED_UNKNOWN
4225,Masked Images,000452__CLT__masked.jpg,000452,CLT,Cloth Mask,000452,0.9437,0.35,TP,CORRECT_MATCH
4226,New_Images,006634.jpg,006634,NONE,Unmasked,UNRECOGNIZED,0.2041,0.35,TN,CORRECTLY_REJECTED_UNKNOWN
4227,New_Images,007211.jpg,007211,NONE,Unmasked,UNRECOGNIZED,0.2105,0.35,TN,CORRECTLY_REJECTED_UNKNOWN
4228,New_Images,007036.jpg,007036,NONE,Unmasked,UNRECOGNIZED,0.2353,0.35,TN,CORRECTLY_REJECTED_UNKNOWN
4229,New_Images,008599.jpg,008599,NONE,Unmasked,UNRECOGNIZED,0.2546,0.35,TN,CORRECTLY_REJECTED_UNKNOWN
4230,New_Images,006917.jpg,006917,NONE,Unmasked,UNRECOGNIZED,0.2476,0.35,TN,CORRECTLY_REJECTED_UNKNOWN
4231,New_Images,006844.jpg,006844,NONE,Unmasked,UNRECOGNIZED,0.2718,0.35,TN,CORRECTLY_REJECTED_UNKNOWN
4232,New_Images,005163.jpg,005163,NONE,Unmasked,UNRECOGNIZED,0.2985,0.35,TN,CORRECTLY_REJECTED_UNKNOWN
4233,New_Images,007462.jpg,007462,NONE,Unmasked,NO_FACE_DETECTED,0.0,0.35,TN,No Face Detected by SCRFD
4234,New_Images,008701.jpg,008701,NONE,Unmasked,NO_FACE_DETECTED,0.0,0.35,TN,No Face Detected by SCRFD
4235,New_Images,005892.jpg,005892,NONE,Unmasked,UNRECOGNIZED,0.2324,0.35,TN,CORRECTLY_REJECTED_UNKNOWN
4236,Masked Images,000340__SUR__masked.jpg,000340,SUR,Surgical Mask,000340,0.9152,0.35,TP,CORRECT_MATCH
4237,New_Images,005276.jpg,005276,NONE,Unmasked,NO_FACE_DETECTED,0.0,0.35,TN,No Face Detected by SCRFD
4238,New_Images,007996.jpg,007996,NONE,Unmasked,NO_FACE_DETECTED,0.0,0.35,TN,No Face Detected by SCRFD
4239,Masked Images,000721__SUR__masked.jpg,000721,SUR,Surgical Mask,000721,0.8488,0.35,TP,CORRECT_MATCH
4240,New_Images,006676.jpg,006676,NONE,Unmasked,UNRECOGNIZED,0.2264,0.35,TN,CORRECTLY_REJECTED_UNKNOWN
4241,Masked Images,000879__K95__masked.jpg,000879,K95,KN95 Mask,000879,0.9513,0.35,TP,CORRECT_MATCH
4242,New_Images,009305.jpg,009305,NONE,Unmasked,UNRECOGNIZED,0.2036,0.35,TN,CORRECTLY_REJECTED_UNKNOWN
4243,Masked Images,000531__N95__masked.jpg,000531,N95,N95 Mask,000531,0.8382,0.35,TP,CORRECT_MATCH
4244,New_Images,009016.jpg,009016,NONE,Unmasked,UNRECOGNIZED,0.2445,0.35,TN,CORRECTLY_REJECTED_UNKNOWN
4245,New_Images,007970.jpg,007970,NONE,Unmasked,NO_FACE_DETECTED,0.0,0.35,TN,No Face Detected by SCRFD
4246,New_Images,007759.jpg,007759,NONE,Unmasked,NO_FACE_DETECTED,0.0,0.35,TN,No Face Detected by SCRFD
4247,New_Images,006496.jpg,006496,NONE,Unmasked,UNRECOGNIZED,0.2857,0.35,TN,CORRECTLY_REJECTED_UNKNOWN
4248,New_Images,005405.jpg,005405,NONE,Unmasked,002372,0.3609,0.35,FP,MISIDENTIFIED_AS_002372
4249,New_Images,007547.jpg,007547,NONE,Unmasked,UNRECOGNIZED,0.2547,0.35,TN,CORRECTLY_REJECTED_UNKNOWN
4250,New_Images,009109.jpg,009109,NONE,Unmasked,NO_FACE_DETECTED,0.0,0.35,TN,No Face Detected by SCRFD
4251,New_Images,007653.jpg,007653,NONE,Unmasked,NO_FACE_DETECTED,0.0,0.35,TN,No Face Detected by SCRFD
4252,New_Images,007012.jpg,007012,NONE,Unmasked,UNRECOGNIZED,0.2541,0.35,TN,CORRECTLY_REJECTED_UNKNOWN
4253,New_Images,008016.jpg,008016,NONE,Unmasked,UNRECOGNIZED,0.2592,0.35,TN,CORRECTLY_REJECTED_UNKNOWN
4254,New_Images,008442.jpg,008442,NONE,Unmasked,UNRECOGNIZED,0.2479,0.35,TN,CORRECTLY_REJECTED_UNKNOWN
4255,Masked Images,000659__CLT__masked.jpg,000659,CLT,Cloth Mask,000659,0.958,0.35,TP,CORRECT_MATCH
4256,New_Images,006214.jpg,006214,NONE,Unmasked,UNRECOGNIZED,0.2472,0.35,TN,CORRECTLY_REJECTED_UNKNOWN
4257,New_Images,006883.jpg,006883,NONE,Unmasked,UNRECOGNIZED,0.2578,0.35,TN,CORRECTLY_REJECTED_UNKNOWN
4258,Masked Images,000491__N95__masked.jpg,000491,N95,N95 Mask,000491,0.6327,0.35,TP,CORRECT_MATCH
4259,Masked Images,000327__CLT__masked.jpg,000327,CLT,Cloth Mask,000327,0.8927,0.35,TP,CORRECT_MATCH
4260,New_Images,008506.jpg,008506,NONE,Unmasked,UNRECOGNIZED,0.2585,0.35,TN,CORRECTLY_REJECTED_UNKNOWN
4261,New_Images,008964.jpg,008964,NONE,Unmasked,UNRECOGNIZED,0.2335,0.35,TN,CORRECTLY_REJECTED_UNKNOWN
4262,New_Images,009081.jpg,009081,NONE,Unmasked,UNRECOGNIZED,0.2514,0.35,TN,CORRECTLY_REJECTED_UNKNOWN
4263,Masked Images,000638__K95__masked.jpg,000638,K95,KN95 Mask,000638,0.9455,0.35,TP,CORRECT_MATCH
4264,New_Images,009131.jpg,009131,NONE,Unmasked,UNRECOGNIZED,0.2631,0.35,TN,CORRECTLY_REJECTED_UNKNOWN
4265,New_Images,006746.jpg,006746,NONE,Unmasked,NO_FACE_DETECTED,0.0,0.35,TN,No Face Detected by SCRFD
4266,Masked Images,000485__SUR__masked.jpg,000485,SUR,Surgical Mask,000485,0.9295,0.35,TP,CORRECT_MATCH
4267,New_Images,006113.jpg,006113,NONE,Unmasked,UNRECOGNIZED,0.2229,0.35,TN,CORRECTLY_REJECTED_UNKNOWN
4268,New_Images,006343.jpg,006343,NONE,Unmasked,UNRECOGNIZED,0.2224,0.35,TN,CORRECTLY_REJECTED_UNKNOWN
4269,New_Images,009407.jpg,009407,NONE,Unmasked,UNRECOGNIZED,0.2237,0.35,TN,CORRECTLY_REJECTED_UNKNOWN
4270,New_Images,007704.jpg,007704,NONE,Unmasked,NO_FACE_DETECTED,0.0,0.35,TN,No Face Detected by SCRFD
4271,Masked Images,000587__GAS__masked.jpg,000587,GAS,Gas Mask,000587,0.7987,0.35,TP,CORRECT_MATCH
4272,New_Images,007465.jpg,007465,NONE,Unmasked,UNRECOGNIZED,0.2352,0.35,TN,CORRECTLY_REJECTED_UNKNOWN
4273,New_Images,005099.jpg,005099,NONE,Unmasked,UNRECOGNIZED,0.2618,0.35,TN,CORRECTLY_REJECTED_UNKNOWN
4274,New_Images,006452.jpg,006452,NONE,Unmasked,UNRECOGNIZED,0.2304,0.35,TN,CORRECTLY_REJECTED_UNKNOWN
4275,New_Images,006510.jpg,006510,NONE,Unmasked,UNRECOGNIZED,0.1989,0.35,TN,CORRECTLY_REJECTED_UNKNOWN
4276,New_Images,007540.jpg,007540,NONE,Unmasked,UNRECOGNIZED,0.2169,0.35,TN,CORRECTLY_REJECTED_UNKNOWN
4277,New_Images,007663.jpg,007663,NONE,Unmasked,UNRECOGNIZED,0.2772,0.35,TN,CORRECTLY_REJECTED_UNKNOWN
4278,New_Images,007910.jpg,007910,NONE,Unmasked,NO_FACE_DETECTED,0.0,0.35,TN,No Face Detected by SCRFD
4279,New_Images,005314.jpg,005314,NONE,Unmasked,NO_FACE_DETECTED,0.0,0.35,TN,No Face Detected by SCRFD
4280,New_Images,009354.jpg,009354,NONE,Unmasked,NO_FACE_DETECTED,0.0,0.35,TN,No Face Detected by SCRFD
4281,New_Images,009459.jpg,009459,NONE,Unmasked,UNRECOGNIZED,0.2412,0.35,TN,CORRECTLY_REJECTED_UNKNOWN
4282,New_Images,005284.jpg,005284,NONE,Unmasked,UNRECOGNIZED,0.2173,0.35,TN,CORRECTLY_REJECTED_UNKNOWN
4283,New_Images,005479.jpg,005479,NONE,Unmasked,NO_FACE_DETECTED,0.0,0.35,TN,No Face Detected by SCRFD
4284,New_Images,005959.jpg,005959,NONE,Unmasked,UNRECOGNIZED,0.2465,0.35,TN,CORRECTLY_REJECTED_UNKNOWN
4285,New_Images,005062.jpg,005062,NONE,Unmasked,NO_FACE_DETECTED,0.0,0.35,TN,No Face Detected by SCRFD
4286,New_Images,009196.jpg,009196,NONE,Unmasked,UNRECOGNIZED,0.2956,0.35,TN,CORRECTLY_REJECTED_UNKNOWN
4287,New_Images,005798.jpg,005798,NONE,Unmasked,NO_FACE_DETECTED,0.0,0.35,TN,No Face Detected by SCRFD
4288,New_Images,005072.jpg,005072,NONE,Unmasked,NO_FACE_DETECTED,0.0,0.35,TN,No Face Detected by SCRFD
4289,New_Images,009161.jpg,009161,NONE,Unmasked,NO_FACE_DETECTED,0.0,0.35,TN,No Face Detected by SCRFD
4290,New_Images,006725.jpg,006725,NONE,Unmasked,UNRECOGNIZED,0.2408,0.35,TN,CORRECTLY_REJECTED_UNKNOWN
4291,New_Images,005451.jpg,005451,NONE,Unmasked,UNRECOGNIZED,0.2216,0.35,TN,CORRECTLY_REJECTED_UNKNOWN
4292,New_Images,008040.jpg,008040,NONE,Unmasked,UNRECOGNIZED,0.2564,0.35,TN,CORRECTLY_REJECTED_UNKNOWN
4293,New_Images,008778.jpg,008778,NONE,Unmasked,NO_FACE_DETECTED,0.0,0.35,TN,No Face Detected by SCRFD
4294,New_Images,008044.jpg,008044,NONE,Unmasked,UNRECOGNIZED,0.2803,0.35,TN,CORRECTLY_REJECTED_UNKNOWN
4295,Masked Images,000656__SUR__masked.jpg,000656,SUR,Surgical Mask,000656,0.884,0.35,TP,CORRECT_MATCH
4296,New_Images,005240.jpg,005240,NONE,Unmasked,UNRECOGNIZED,0.2279,0.35,TN,CORRECTLY_REJECTED_UNKNOWN
4297,New_Images,006591.jpg,006591,NONE,Unmasked,UNRECOGNIZED,0.2367,0.35,TN,CORRECTLY_REJECTED_UNKNOWN
4298,New_Images,008840.jpg,008840,NONE,Unmasked,NO_FACE_DETECTED,0.0,0.35,TN,No Face Detected by SCRFD
4299,New_Images,006644.jpg,006644,NONE,Unmasked,UNRECOGNIZED,0.2491,0.35,TN,CORRECTLY_REJECTED_UNKNOWN
4300,New_Images,006404.jpg,006404,NONE,Unmasked,UNRECOGNIZED,0.2329,0.35,TN,CORRECTLY_REJECTED_UNKNOWN
4301,New_Images,008969.jpg,008969,NONE,Unmasked,UNRECOGNIZED,0.2402,0.35,TN,CORRECTLY_REJECTED_UNKNOWN
4302,Masked Images,000675__GAS__masked.jpg,000675,GAS,Gas Mask,000675,0.7946,0.35,TP,CORRECT_MATCH
4303,New_Images,008155.jpg,008155,NONE,Unmasked,UNRECOGNIZED,0.2782,0.35,TN,CORRECTLY_REJECTED_UNKNOWN
4304,New_Images,008665.jpg,008665,NONE,Unmasked,UNRECOGNIZED,0.2401,0.35,TN,CORRECTLY_REJECTED_UNKNOWN
4305,New_Images,007432.jpg,007432,NONE,Unmasked,UNRECOGNIZED,0.2891,0.35,TN,CORRECTLY_REJECTED_UNKNOWN
4306,New_Images,008838.jpg,008838,NONE,Unmasked,UNRECOGNIZED,0.2842,0.35,TN,CORRECTLY_REJECTED_UNKNOWN
4307,Masked Images,000901__K95__masked.jpg,000901,K95,KN95 Mask,000901,0.8167,0.35,TP,CORRECT_MATCH
4308,New_Images,007440.jpg,007440,NONE,Unmasked,UNRECOGNIZED,0.228,0.35,TN,CORRECTLY_REJECTED_UNKNOWN
4309,New_Images,008661.jpg,008661,NONE,Unmasked,UNRECOGNIZED,0.2531,0.35,TN,CORRECTLY_REJECTED_UNKNOWN
4310,New_Images,006827.jpg,006827,NONE,Unmasked,NO_FACE_DETECTED,0.0,0.35,TN,No Face Detected by SCRFD
4311,New_Images,007632.jpg,007632,NONE,Unmasked,UNRECOGNIZED,0.2997,0.35,TN,CORRECTLY_REJECTED_UNKNOWN
4312,New_Images,005270.jpg,005270,NONE,Unmasked,NO_FACE_DETECTED,0.0,0.35,TN,No Face Detected by SCRFD
4313,New_Images,006523.jpg,006523,NONE,Unmasked,UNRECOGNIZED,0.2233,0.35,TN,CORRECTLY_REJECTED_UNKNOWN
4314,Masked Images,000184__SUR__masked.jpg,000184,SUR,Surgical Mask,000184,0.7708,0.35,TP,CORRECT_MATCH
4315,New_Images,007181.jpg,007181,NONE,Unmasked,NO_FACE_DETECTED,0.0,0.35,TN,No Face Detected by SCRFD
4316,New_Images,008450.jpg,008450,NONE,Unmasked,UNRECOGNIZED,0.2741,0.35,TN,CORRECTLY_REJECTED_UNKNOWN
4317,New_Images,008202.jpg,008202,NONE,Unmasked,UNRECOGNIZED,0.2382,0.35,TN,CORRECTLY_REJECTED_UNKNOWN
4318,New_Images,007284.jpg,007284,NONE,Unmasked,NO_FACE_DETECTED,0.0,0.35,TN,No Face Detected by SCRFD
4319,New_Images,007176.jpg,007176,NONE,Unmasked,UNRECOGNIZED,0.2301,0.35,TN,CORRECTLY_REJECTED_UNKNOWN
4320,New_Images,007379.jpg,007379,NONE,Unmasked,UNRECOGNIZED,0.2571,0.35,TN,CORRECTLY_REJECTED_UNKNOWN
4321,New_Images,006427.jpg,006427,NONE,Unmasked,UNRECOGNIZED,0.2168,0.35,TN,CORRECTLY_REJECTED_UNKNOWN
4322,Masked Images,000668__K95__masked.jpg,000668,K95,KN95 Mask,000668,0.9592,0.35,TP,CORRECT_MATCH
4323,New_Images,008891.jpg,008891,NONE,Unmasked,UNRECOGNIZED,0.3085,0.35,TN,CORRECTLY_REJECTED_UNKNOWN
4324,Masked Images,000165__CLT__masked.jpg,000165,CLT,Cloth Mask,000165,0.9414,0.35,TP,CORRECT_MATCH
4325,New_Images,007436.jpg,007436,NONE,Unmasked,UNRECOGNIZED,0.254,0.35,TN,CORRECTLY_REJECTED_UNKNOWN
4326,Masked Images,000367__N95__masked.jpg,000367,N95,N95 Mask,000367,0.8815,0.35,TP,CORRECT_MATCH
4327,New_Images,007115.jpg,007115,NONE,Unmasked,NO_FACE_DETECTED,0.0,0.35,TN,No Face Detected by SCRFD
4328,Masked Images,000619__SUR__masked.jpg,000619,SUR,Surgical Mask,000619,0.9306,0.35,TP,CORRECT_MATCH
4329,New_Images,006764.jpg,006764,NONE,Unmasked,NO_FACE_DETECTED,0.0,0.35,TN,No Face Detected by SCRFD
4330,New_Images,007961.jpg,007961,NONE,Unmasked,UNRECOGNIZED,0.2731,0.35,TN,CORRECTLY_REJECTED_UNKNOWN
4331,New_Images,008480.jpg,008480,NONE,Unmasked,UNRECOGNIZED,0.2255,0.35,TN,CORRECTLY_REJECTED_UNKNOWN
4332,New_Images,006977.jpg,006977,NONE,Unmasked,UNRECOGNIZED,0.2655,0.35,TN,CORRECTLY_REJECTED_UNKNOWN
4333,Masked Images,001096__CLT__masked.jpg,001096,CLT,Cloth Mask,001096,0.866,0.35,TP,CORRECT_MATCH
4334,New_Images,005302.jpg,005302,NONE,Unmasked,UNRECOGNIZED,0.242,0.35,TN,CORRECTLY_REJECTED_UNKNOWN
4335,New_Images,007390.jpg,007390,NONE,Unmasked,UNRECOGNIZED,0.2576,0.35,TN,CORRECTLY_REJECTED_UNKNOWN
4336,New_Images,007937.jpg,007937,NONE,Unmasked,UNRECOGNIZED,0.253,0.35,TN,CORRECTLY_REJECTED_UNKNOWN
4337,Masked Images,000068__CLT__masked.jpg,000068,CLT,Cloth Mask,000068,0.9313,0.35,TP,CORRECT_MATCH
4338,New_Images,009301.jpg,009301,NONE,Unmasked,NO_FACE_DETECTED,0.0,0.35,TN,No Face Detected by SCRFD
4339,New_Images,008427.jpg,008427,NONE,Unmasked,UNRECOGNIZED,0.2523,0.35,TN,CORRECTLY_REJECTED_UNKNOWN
4340,New_Images,006234.jpg,006234,NONE,Unmasked,NO_FACE_DETECTED,0.0,0.35,TN,No Face Detected by SCRFD
4341,New_Images,005956.jpg,005956,NONE,Unmasked,UNRECOGNIZED,0.264,0.35,TN,CORRECTLY_REJECTED_UNKNOWN
4342,Masked Images,001166__GAS__masked.jpg,001166,GAS,Gas Mask,001166,0.9057,0.35,TP,CORRECT_MATCH
4343,New_Images,005593.jpg,005593,NONE,Unmasked,UNRECOGNIZED,0.2574,0.35,TN,CORRECTLY_REJECTED_UNKNOWN
4344,New_Images,006332.jpg,006332,NONE,Unmasked,UNRECOGNIZED,0.2423,0.35,TN,CORRECTLY_REJECTED_UNKNOWN
4345,New_Images,005537.jpg,005537,NONE,Unmasked,UNRECOGNIZED,0.2051,0.35,TN,CORRECTLY_REJECTED_UNKNOWN
4346,Masked Images,000066__K95__masked.jpg,000066,K95,KN95 Mask,000066,0.9105,0.35,TP,CORRECT_MATCH
4347,Masked Images,000473__CLT__masked.jpg,000473,CLT,Cloth Mask,000473,0.9281,0.35,TP,CORRECT_MATCH
4348,New_Images,007100.jpg,007100,NONE,Unmasked,UNRECOGNIZED,0.2547,0.35,TN,CORRECTLY_REJECTED_UNKNOWN
4349,New_Images,008987.jpg,008987,NONE,Unmasked,NO_FACE_DETECTED,0.0,0.35,TN,No Face Detected by SCRFD
4350,New_Images,008796.jpg,008796,NONE,Unmasked,UNRECOGNIZED,0.2381,0.35,TN,CORRECTLY_REJECTED_UNKNOWN
4351,New_Images,006389.jpg,006389,NONE,Unmasked,UNRECOGNIZED,0.2494,0.35,TN,CORRECTLY_REJECTED_UNKNOWN
4352,New_Images,008179.jpg,008179,NONE,Unmasked,UNRECOGNIZED,0.2287,0.35,TN,CORRECTLY_REJECTED_UNKNOWN
4353,New_Images,009327.jpg,009327,NONE,Unmasked,UNRECOGNIZED,0.2827,0.35,TN,CORRECTLY_REJECTED_UNKNOWN
4354,New_Images,006183.jpg,006183,NONE,Unmasked,UNRECOGNIZED,0.2972,0.35,TN,CORRECTLY_REJECTED_UNKNOWN
4355,Masked Images,000942__CLT__masked.jpg,000942,CLT,Cloth Mask,000942,0.8856,0.35,TP,CORRECT_MATCH
4356,New_Images,009100.jpg,009100,NONE,Unmasked,NO_FACE_DETECTED,0.0,0.35,TN,No Face Detected by SCRFD
4357,New_Images,009572.jpg,009572,NONE,Unmasked,UNRECOGNIZED,0.2963,0.35,TN,CORRECTLY_REJECTED_UNKNOWN
4358,Masked Images,000967__K95__masked.jpg,000967,K95,KN95 Mask,000967,0.8985,0.35,TP,CORRECT_MATCH
4359,New_Images,008060.jpg,008060,NONE,Unmasked,NO_FACE_DETECTED,0.0,0.35,TN,No Face Detected by SCRFD
4360,New_Images,005628.jpg,005628,NONE,Unmasked,UNRECOGNIZED,0.3057,0.35,TN,CORRECTLY_REJECTED_UNKNOWN
4361,New_Images,006100.jpg,006100,NONE,Unmasked,UNRECOGNIZED,0.2822,0.35,TN,CORRECTLY_REJECTED_UNKNOWN
4362,New_Images,007255.jpg,007255,NONE,Unmasked,NO_FACE_DETECTED,0.0,0.35,TN,No Face Detected by SCRFD
4363,New_Images,008645.jpg,008645,NONE,Unmasked,UNRECOGNIZED,0.2874,0.35,TN,CORRECTLY_REJECTED_UNKNOWN
4364,New_Images,008982.jpg,008982,NONE,Unmasked,UNRECOGNIZED,0.2566,0.35,TN,CORRECTLY_REJECTED_UNKNOWN
4365,New_Images,007336.jpg,007336,NONE,Unmasked,UNRECOGNIZED,0.252,0.35,TN,CORRECTLY_REJECTED_UNKNOWN
4366,New_Images,007492.jpg,007492,NONE,Unmasked,002581,0.3596,0.35,FP,MISIDENTIFIED_AS_002581
4367,New_Images,006092.jpg,006092,NONE,Unmasked,UNRECOGNIZED,0.2563,0.35,TN,CORRECTLY_REJECTED_UNKNOWN
4368,Masked Images,000699__CLT__masked.jpg,000699,CLT,Cloth Mask,000699,0.965,0.35,TP,CORRECT_MATCH
4369,Masked Images,000430__K95__masked.jpg,000430,K95,KN95 Mask,000430,0.97,0.35,TP,CORRECT_MATCH
4370,New_Images,008239.jpg,008239,NONE,Unmasked,UNRECOGNIZED,0.2307,0.35,TN,CORRECTLY_REJECTED_UNKNOWN
4371,New_Images,005137.jpg,005137,NONE,Unmasked,UNRECOGNIZED,0.2262,0.35,TN,CORRECTLY_REJECTED_UNKNOWN
4372,Masked Images,000455__SUR__masked.jpg,000455,SUR,Surgical Mask,000455,0.8988,0.35,TP,CORRECT_MATCH
4373,Masked Images,000726__SUR__masked.jpg,000726,SUR,Surgical Mask,000726,0.5971,0.35,TP,CORRECT_MATCH
4374,New_Images,008533.jpg,008533,NONE,Unmasked,UNRECOGNIZED,0.2441,0.35,TN,CORRECTLY_REJECTED_UNKNOWN
4375,New_Images,006415.jpg,006415,NONE,Unmasked,UNRECOGNIZED,0.2281,0.35,TN,CORRECTLY_REJECTED_UNKNOWN
4376,New_Images,006894.jpg,006894,NONE,Unmasked,UNRECOGNIZED,0.2604,0.35,TN,CORRECTLY_REJECTED_UNKNOWN
4377,New_Images,009311.jpg,009311,NONE,Unmasked,UNRECOGNIZED,0.2834,0.35,TN,CORRECTLY_REJECTED_UNKNOWN
4378,New_Images,006655.jpg,006655,NONE,Unmasked,UNRECOGNIZED,0.2834,0.35,TN,CORRECTLY_REJECTED_UNKNOWN
4379,New_Images,008773.jpg,008773,NONE,Unmasked,NO_FACE_DETECTED,0.0,0.35,TN,No Face Detected by SCRFD
4380,New_Images,007302.jpg,007302,NONE,Unmasked,UNRECOGNIZED,0.2221,0.35,TN,CORRECTLY_REJECTED_UNKNOWN
4381,New_Images,006944.jpg,006944,NONE,Unmasked,UNRECOGNIZED,0.2729,0.35,TN,CORRECTLY_REJECTED_UNKNOWN
4382,New_Images,005625.jpg,005625,NONE,Unmasked,UNRECOGNIZED,0.2425,0.35,TN,CORRECTLY_REJECTED_UNKNOWN
4383,New_Images,008208.jpg,008208,NONE,Unmasked,UNRECOGNIZED,0.2446,0.35,TN,CORRECTLY_REJECTED_UNKNOWN
4384,Masked Images,000782__N95__masked.jpg,000782,N95,N95 Mask,000782,0.9304,0.35,TP,CORRECT_MATCH
4385,Masked Images,000269__N95__masked.jpg,000269,N95,N95 Mask,000269,0.8165,0.35,TP,CORRECT_MATCH
4386,New_Images,005025.jpg,005025,NONE,Unmasked,NO_FACE_DETECTED,0.0,0.35,TN,No Face Detected by SCRFD
4387,Masked Images,000598__SUR__masked.jpg,000598,SUR,Surgical Mask,000598,0.8936,0.35,TP,CORRECT_MATCH
4388,New_Images,007146.jpg,007146,NONE,Unmasked,NO_FACE_DETECTED,0.0,0.35,TN,No Face Detected by SCRFD
4389,New_Images,005036.jpg,005036,NONE,Unmasked,UNRECOGNIZED,0.2695,0.35,TN,CORRECTLY_REJECTED_UNKNOWN
4390,New_Images,008681.jpg,008681,NONE,Unmasked,002581,0.4012,0.35,FP,MISIDENTIFIED_AS_002581
4391,Masked Images,000054__SUR__masked.jpg,000054,SUR,Surgical Mask,000054,0.9025,0.35,TP,CORRECT_MATCH
4392,New_Images,006738.jpg,006738,NONE,Unmasked,NO_FACE_DETECTED,0.0,0.35,TN,No Face Detected by SCRFD
4393,New_Images,006646.jpg,006646,NONE,Unmasked,NO_FACE_DETECTED,0.0,0.35,TN,No Face Detected by SCRFD
4394,New_Images,006394.jpg,006394,NONE,Unmasked,UNRECOGNIZED,0.3072,0.35,TN,CORRECTLY_REJECTED_UNKNOWN
4395,New_Images,006101.jpg,006101,NONE,Unmasked,UNRECOGNIZED,0.2482,0.35,TN,CORRECTLY_REJECTED_UNKNOWN
4396,New_Images,005340.jpg,005340,NONE,Unmasked,UNRECOGNIZED,0.2217,0.35,TN,CORRECTLY_REJECTED_UNKNOWN
4397,New_Images,008535.jpg,008535,NONE,Unmasked,UNRECOGNIZED,0.2532,0.35,TN,CORRECTLY_REJECTED_UNKNOWN
4398,New_Images,006053.jpg,006053,NONE,Unmasked,NO_FACE_DETECTED,0.0,0.35,TN,No Face Detected by SCRFD
4399,Masked Images,000232__SUR__masked.jpg,000232,SUR,Surgical Mask,000232,0.8933,0.35,TP,CORRECT_MATCH
4400,New_Images,007378.jpg,007378,NONE,Unmasked,NO_FACE_DETECTED,0.0,0.35,TN,No Face Detected by SCRFD
4401,New_Images,005715.jpg,005715,NONE,Unmasked,NO_FACE_DETECTED,0.0,0.35,TN,No Face Detected by SCRFD
4402,New_Images,009164.jpg,009164,NONE,Unmasked,UNRECOGNIZED,0.2812,0.35,TN,CORRECTLY_REJECTED_UNKNOWN
4403,Masked Images,000976__N95__masked.jpg,000976,N95,N95 Mask,000976,0.8491,0.35,TP,CORRECT_MATCH
4404,New_Images,006874.jpg,006874,NONE,Unmasked,UNRECOGNIZED,0.2503,0.35,TN,CORRECTLY_REJECTED_UNKNOWN
4405,New_Images,006731.jpg,006731,NONE,Unmasked,NO_FACE_DETECTED,0.0,0.35,TN,No Face Detected by SCRFD
4406,Masked Images,000920__N95__masked.jpg,000920,N95,N95 Mask,000920,0.901,0.35,TP,CORRECT_MATCH
4407,New_Images,005700.jpg,005700,NONE,Unmasked,NO_FACE_DETECTED,0.0,0.35,TN,No Face Detected by SCRFD
4408,New_Images,007813.jpg,007813,NONE,Unmasked,UNRECOGNIZED,0.2091,0.35,TN,CORRECTLY_REJECTED_UNKNOWN
4409,New_Images,005130.jpg,005130,NONE,Unmasked,UNRECOGNIZED,0.2667,0.35,TN,CORRECTLY_REJECTED_UNKNOWN
4410,New_Images,005605.jpg,005605,NONE,Unmasked,NO_FACE_DETECTED,0.0,0.35,TN,No Face Detected by SCRFD
4411,New_Images,008019.jpg,008019,NONE,Unmasked,UNRECOGNIZED,0.2416,0.35,TN,CORRECTLY_REJECTED_UNKNOWN
4412,New_Images,009249.jpg,009249,NONE,Unmasked,UNRECOGNIZED,0.2536,0.35,TN,CORRECTLY_REJECTED_UNKNOWN
4413,New_Images,006743.jpg,006743,NONE,Unmasked,UNRECOGNIZED,0.2568,0.35,TN,CORRECTLY_REJECTED_UNKNOWN
4414,New_Images,006422.jpg,006422,NONE,Unmasked,UNRECOGNIZED,0.2569,0.35,TN,CORRECTLY_REJECTED_UNKNOWN
4415,New_Images,008507.jpg,008507,NONE,Unmasked,UNRECOGNIZED,0.2519,0.35,TN,CORRECTLY_REJECTED_UNKNOWN
4416,Masked Images,000445__N95__masked.jpg,000445,N95,N95 Mask,000445,0.8906,0.35,TP,CORRECT_MATCH
4417,New_Images,007327.jpg,007327,NONE,Unmasked,NO_FACE_DETECTED,0.0,0.35,TN,No Face Detected by SCRFD
4418,New_Images,006759.jpg,006759,NONE,Unmasked,UNRECOGNIZED,0.2609,0.35,TN,CORRECTLY_REJECTED_UNKNOWN
4419,New_Images,008580.jpg,008580,NONE,Unmasked,UNRECOGNIZED,0.3366,0.35,TN,CORRECTLY_REJECTED_UNKNOWN
4420,Masked Images,001037__N95__masked.jpg,001037,N95,N95 Mask,001037,0.7916,0.35,TP,CORRECT_MATCH
4421,New_Images,006563.jpg,006563,NONE,Unmasked,UNRECOGNIZED,0.2701,0.35,TN,CORRECTLY_REJECTED_UNKNOWN
4422,Masked Images,000516__N95__masked.jpg,000516,N95,N95 Mask,000516,0.8575,0.35,TP,CORRECT_MATCH
4423,Masked Images,001103__SUR__masked.jpg,001103,SUR,Surgical Mask,001103,0.9248,0.35,TP,CORRECT_MATCH
4424,New_Images,006915.jpg,006915,NONE,Unmasked,UNRECOGNIZED,0.2165,0.35,TN,CORRECTLY_REJECTED_UNKNOWN
4425,Masked Images,000823__N95__masked.jpg,000823,N95,N95 Mask,000823,0.92,0.35,TP,CORRECT_MATCH
4426,New_Images,007400.jpg,007400,NONE,Unmasked,UNRECOGNIZED,0.2711,0.35,TN,CORRECTLY_REJECTED_UNKNOWN
4427,New_Images,008836.jpg,008836,NONE,Unmasked,UNRECOGNIZED,0.2762,0.35,TN,CORRECTLY_REJECTED_UNKNOWN
4428,Masked Images,000730__GAS__masked.jpg,000730,GAS,Gas Mask,000730,0.8916,0.35,TP,CORRECT_MATCH
4429,New_Images,008677.jpg,008677,NONE,Unmasked,UNRECOGNIZED,0.2458,0.35,TN,CORRECTLY_REJECTED_UNKNOWN
4430,Masked Images,000576__GAS__masked.jpg,000576,GAS,Gas Mask,000576,0.9311,0.35,TP,CORRECT_MATCH
4431,New_Images,007748.jpg,007748,NONE,Unmasked,NO_FACE_DETECTED,0.0,0.35,TN,No Face Detected by SCRFD
4432,New_Images,005113.jpg,005113,NONE,Unmasked,NO_FACE_DETECTED,0.0,0.35,TN,No Face Detected by SCRFD
4433,New_Images,006929.jpg,006929,NONE,Unmasked,UNRECOGNIZED,0.235,0.35,TN,CORRECTLY_REJECTED_UNKNOWN
4434,New_Images,005951.jpg,005951,NONE,Unmasked,UNRECOGNIZED,0.2626,0.35,TN,CORRECTLY_REJECTED_UNKNOWN
4435,New_Images,008299.jpg,008299,NONE,Unmasked,UNRECOGNIZED,0.2313,0.35,TN,CORRECTLY_REJECTED_UNKNOWN
4436,New_Images,007359.jpg,007359,NONE,Unmasked,NO_FACE_DETECTED,0.0,0.35,TN,No Face Detected by SCRFD
4437,New_Images,006423.jpg,006423,NONE,Unmasked,UNRECOGNIZED,0.2567,0.35,TN,CORRECTLY_REJECTED_UNKNOWN
4438,Masked Images,000810__CLT__masked.jpg,000810,CLT,Cloth Mask,000810,0.9145,0.35,TP,CORRECT_MATCH
4439,New_Images,007270.jpg,007270,NONE,Unmasked,UNRECOGNIZED,0.2491,0.35,TN,CORRECTLY_REJECTED_UNKNOWN
4440,New_Images,007129.jpg,007129,NONE,Unmasked,UNRECOGNIZED,0.2518,0.35,TN,CORRECTLY_REJECTED_UNKNOWN
4441,New_Images,007578.jpg,007578,NONE,Unmasked,UNRECOGNIZED,0.2253,0.35,TN,CORRECTLY_REJECTED_UNKNOWN
4442,New_Images,006639.jpg,006639,NONE,Unmasked,UNRECOGNIZED,0.3266,0.35,TN,CORRECTLY_REJECTED_UNKNOWN
4443,New_Images,007252.jpg,007252,NONE,Unmasked,NO_FACE_DETECTED,0.0,0.35,TN,No Face Detected by SCRFD
4444,New_Images,005734.jpg,005734,NONE,Unmasked,UNRECOGNIZED,0.2628,0.35,TN,CORRECTLY_REJECTED_UNKNOWN
4445,New_Images,007562.jpg,007562,NONE,Unmasked,UNRECOGNIZED,0.324,0.35,TN,CORRECTLY_REJECTED_UNKNOWN
4446,New_Images,007386.jpg,007386,NONE,Unmasked,UNRECOGNIZED,0.3325,0.35,TN,CORRECTLY_REJECTED_UNKNOWN
4447,New_Images,005624.jpg,005624,NONE,Unmasked,UNRECOGNIZED,0.3166,0.35,TN,CORRECTLY_REJECTED_UNKNOWN
4448,New_Images,008933.jpg,008933,NONE,Unmasked,UNRECOGNIZED,0.2775,0.35,TN,CORRECTLY_REJECTED_UNKNOWN
4449,New_Images,009147.jpg,009147,NONE,Unmasked,UNRECOGNIZED,0.2593,0.35,TN,CORRECTLY_REJECTED_UNKNOWN
4450,New_Images,007387.jpg,007387,NONE,Unmasked,NO_FACE_DETECTED,0.0,0.35,TN,No Face Detected by SCRFD
4451,New_Images,008004.jpg,008004,NONE,Unmasked,UNRECOGNIZED,0.2716,0.35,TN,CORRECTLY_REJECTED_UNKNOWN
4452,New_Images,008409.jpg,008409,NONE,Unmasked,NO_FACE_DETECTED,0.0,0.35,TN,No Face Detected by SCRFD
4453,New_Images,006278.jpg,006278,NONE,Unmasked,NO_FACE_DETECTED,0.0,0.35,TN,No Face Detected by SCRFD
4454,New_Images,008209.jpg,008209,NONE,Unmasked,UNRECOGNIZED,0.2474,0.35,TN,CORRECTLY_REJECTED_UNKNOWN
4455,New_Images,006983.jpg,006983,NONE,Unmasked,NO_FACE_DETECTED,0.0,0.35,TN,No Face Detected by SCRFD
4456,New_Images,006526.jpg,006526,NONE,Unmasked,NO_FACE_DETECTED,0.0,0.35,TN,No Face Detected by SCRFD
4457,New_Images,006115.jpg,006115,NONE,Unmasked,UNRECOGNIZED,0.2305,0.35,TN,CORRECTLY_REJECTED_UNKNOWN
4458,Masked Images,001071__CLT__masked.jpg,001071,CLT,Cloth Mask,001071,0.9263,0.35,TP,CORRECT_MATCH
4459,Masked Images,000564__CLT__masked.jpg,000564,CLT,Cloth Mask,000564,0.9071,0.35,TP,CORRECT_MATCH
4460,New_Images,005078.jpg,005078,NONE,Unmasked,UNRECOGNIZED,0.2305,0.35,TN,CORRECTLY_REJECTED_UNKNOWN
4461,New_Images,006501.jpg,006501,NONE,Unmasked,UNRECOGNIZED,0.2372,0.35,TN,CORRECTLY_REJECTED_UNKNOWN
4462,Masked Images,000692__N95__masked.jpg,000692,N95,N95 Mask,000692,0.8907,0.35,TP,CORRECT_MATCH
4463,Masked Images,000633__K95__masked.jpg,000633,K95,KN95 Mask,000633,0.9588,0.35,TP,CORRECT_MATCH
4464,New_Images,007496.jpg,007496,NONE,Unmasked,NO_FACE_DETECTED,0.0,0.35,TN,No Face Detected by SCRFD
4465,New_Images,007879.jpg,007879,NONE,Unmasked,NO_FACE_DETECTED,0.0,0.35,TN,No Face Detected by SCRFD
4466,Masked Images,000918__GAS__masked.jpg,000918,GAS,Gas Mask,000918,0.8934,0.35,TP,CORRECT_MATCH
4467,New_Images,007355.jpg,007355,NONE,Unmasked,UNRECOGNIZED,0.2496,0.35,TN,CORRECTLY_REJECTED_UNKNOWN
4468,New_Images,007153.jpg,007153,NONE,Unmasked,UNRECOGNIZED,0.2667,0.35,TN,CORRECTLY_REJECTED_UNKNOWN
4469,New_Images,007786.jpg,007786,NONE,Unmasked,UNRECOGNIZED,0.2403,0.35,TN,CORRECTLY_REJECTED_UNKNOWN
4470,Masked Images,000523__CLT__masked.jpg,000523,CLT,Cloth Mask,000523,0.9579,0.35,TP,CORRECT_MATCH
4471,Masked Images,000273__SUR__masked.jpg,000273,SUR,Surgical Mask,000273,0.869,0.35,TP,CORRECT_MATCH
4472,New_Images,007615.jpg,007615,NONE,Unmasked,NO_FACE_DETECTED,0.0,0.35,TN,No Face Detected by SCRFD
4473,New_Images,008909.jpg,008909,NONE,Unmasked,UNRECOGNIZED,0.2668,0.35,TN,CORRECTLY_REJECTED_UNKNOWN
4474,New_Images,008134.jpg,008134,NONE,Unmasked,UNRECOGNIZED,0.2159,0.35,TN,CORRECTLY_REJECTED_UNKNOWN
4475,New_Images,009583.jpg,009583,NONE,Unmasked,UNRECOGNIZED,0.2362,0.35,TN,CORRECTLY_REJECTED_UNKNOWN
4476,New_Images,005677.jpg,005677,NONE,Unmasked,UNRECOGNIZED,0.2631,0.35,TN,CORRECTLY_REJECTED_UNKNOWN
4477,New_Images,007990.jpg,007990,NONE,Unmasked,UNRECOGNIZED,0.2449,0.35,TN,CORRECTLY_REJECTED_UNKNOWN
4478,New_Images,007565.jpg,007565,NONE,Unmasked,UNRECOGNIZED,0.2118,0.35,TN,CORRECTLY_REJECTED_UNKNOWN
4479,Masked Images,000927__CLT__masked.jpg,000927,CLT,Cloth Mask,000927,0.9188,0.35,TP,CORRECT_MATCH
4480,New_Images,008067.jpg,008067,NONE,Unmasked,UNRECOGNIZED,0.289,0.35,TN,CORRECTLY_REJECTED_UNKNOWN
4481,New_Images,009506.jpg,009506,NONE,Unmasked,NO_FACE_DETECTED,0.0,0.35,TN,No Face Detected by SCRFD
4482,New_Images,007535.jpg,007535,NONE,Unmasked,UNRECOGNIZED,0.2634,0.35,TN,CORRECTLY_REJECTED_UNKNOWN
4483,New_Images,007764.jpg,007764,NONE,Unmasked,UNRECOGNIZED,0.2517,0.35,TN,CORRECTLY_REJECTED_UNKNOWN
4484,New_Images,009492.jpg,009492,NONE,Unmasked,UNRECOGNIZED,0.2559,0.35,TN,CORRECTLY_REJECTED_UNKNOWN
4485,Masked Images,000966__N95__masked.jpg,000966,N95,N95 Mask,000966,0.9155,0.35,TP,CORRECT_MATCH
4486,New_Images,008172.jpg,008172,NONE,Unmasked,UNRECOGNIZED,0.2415,0.35,TN,CORRECTLY_REJECTED_UNKNOWN
4487,New_Images,007311.jpg,007311,NONE,Unmasked,UNRECOGNIZED,0.2332,0.35,TN,CORRECTLY_REJECTED_UNKNOWN
4488,Masked Images,001076__CLT__masked.jpg,001076,CLT,Cloth Mask,001076,0.9374,0.35,TP,CORRECT_MATCH
4489,Masked Images,000454__GAS__masked.jpg,000454,GAS,Gas Mask,000454,0.7126,0.35,TP,CORRECT_MATCH
4490,New_Images,006036.jpg,006036,NONE,Unmasked,NO_FACE_DETECTED,0.0,0.35,TN,No Face Detected by SCRFD
4491,New_Images,005290.jpg,005290,NONE,Unmasked,NO_FACE_DETECTED,0.0,0.35,TN,No Face Detected by SCRFD
4492,Masked Images,000135__GAS__masked.jpg,000135,GAS,Gas Mask,000135,0.9313,0.35,TP,CORRECT_MATCH
4493,New_Images,006515.jpg,006515,NONE,Unmasked,UNRECOGNIZED,0.2457,0.35,TN,CORRECTLY_REJECTED_UNKNOWN
4494,New_Images,009395.jpg,009395,NONE,Unmasked,UNRECOGNIZED,0.2392,0.35,TN,CORRECTLY_REJECTED_UNKNOWN
4495,New_Images,006797.jpg,006797,NONE,Unmasked,UNRECOGNIZED,0.2776,0.35,TN,CORRECTLY_REJECTED_UNKNOWN
4496,Masked Images,000127__N95__masked.jpg,000127,N95,N95 Mask,000127,0.8377,0.35,TP,CORRECT_MATCH
4497,Masked Images,001118__GAS__masked.jpg,001118,GAS,Gas Mask,001118,0.8957,0.35,TP,CORRECT_MATCH
4498,New_Images,008695.jpg,008695,NONE,Unmasked,UNRECOGNIZED,0.2545,0.35,TN,CORRECTLY_REJECTED_UNKNOWN
4499,Masked Images,000934__SUR__masked.jpg,000934,SUR,Surgical Mask,000934,0.8754,0.35,TP,CORRECT_MATCH
4500,New_Images,005292.jpg,005292,NONE,Unmasked,NO_FACE_DETECTED,0.0,0.35,TN,No Face Detected by SCRFD
4501,New_Images,008476.jpg,008476,NONE,Unmasked,NO_FACE_DETECTED,0.0,0.35,TN,No Face Detected by SCRFD
4502,New_Images,008407.jpg,008407,NONE,Unmasked,NO_FACE_DETECTED,0.0,0.35,TN,No Face Detected by SCRFD
4503,Masked Images,001102__GAS__masked.jpg,001102,GAS,Gas Mask,001102,0.9302,0.35,TP,CORRECT_MATCH
4504,New_Images,005048.jpg,005048,NONE,Unmasked,NO_FACE_DETECTED,0.0,0.35,TN,No Face Detected by SCRFD
4505,New_Images,009403.jpg,009403,NONE,Unmasked,UNRECOGNIZED,0.2113,0.35,TN,CORRECTLY_REJECTED_UNKNOWN
4506,Masked Images,000026__CLT__masked.jpg,000026,CLT,Cloth Mask,000026,0.8801,0.35,TP,CORRECT_MATCH
4507,New_Images,009062.jpg,009062,NONE,Unmasked,NO_FACE_DETECTED,0.0,0.35,TN,No Face Detected by SCRFD
4508,New_Images,008553.jpg,008553,NONE,Unmasked,UNRECOGNIZED,0.2345,0.35,TN,CORRECTLY_REJECTED_UNKNOWN
4509,New_Images,005771.jpg,005771,NONE,Unmasked,NO_FACE_DETECTED,0.0,0.35,TN,No Face Detected by SCRFD
4510,New_Images,005632.jpg,005632,NONE,Unmasked,NO_FACE_DETECTED,0.0,0.35,TN,No Face Detected by SCRFD
4511,New_Images,005560.jpg,005560,NONE,Unmasked,UNRECOGNIZED,0.2267,0.35,TN,CORRECTLY_REJECTED_UNKNOWN
4512,New_Images,008943.jpg,008943,NONE,Unmasked,NO_FACE_DETECTED,0.0,0.35,TN,No Face Detected by SCRFD
4513,New_Images,005544.jpg,005544,NONE,Unmasked,UNRECOGNIZED,0.2442,0.35,TN,CORRECTLY_REJECTED_UNKNOWN
4514,Masked Images,001069__N95__masked.jpg,001069,N95,N95 Mask,001069,0.9072,0.35,TP,CORRECT_MATCH
4515,New_Images,005858.jpg,005858,NONE,Unmasked,UNRECOGNIZED,0.2384,0.35,TN,CORRECTLY_REJECTED_UNKNOWN
4516,New_Images,009224.jpg,009224,NONE,Unmasked,UNRECOGNIZED,0.3256,0.35,TN,CORRECTLY_REJECTED_UNKNOWN
4517,New_Images,009350.jpg,009350,NONE,Unmasked,NO_FACE_DETECTED,0.0,0.35,TN,No Face Detected by SCRFD
4518,Masked Images,000188__GAS__masked.jpg,000188,GAS,Gas Mask,000188,0.8447,0.35,TP,CORRECT_MATCH
4519,New_Images,008863.jpg,008863,NONE,Unmasked,UNRECOGNIZED,0.2501,0.35,TN,CORRECTLY_REJECTED_UNKNOWN
4520,Masked Images,000781__SUR__masked.jpg,000781,SUR,Surgical Mask,000781,0.8634,0.35,TP,CORRECT_MATCH
4521,New_Images,008436.jpg,008436,NONE,Unmasked,UNRECOGNIZED,0.2232,0.35,TN,CORRECTLY_REJECTED_UNKNOWN
4522,Masked Images,001036__SUR__masked.jpg,001036,SUR,Surgical Mask,001036,0.93,0.35,TP,CORRECT_MATCH
4523,New_Images,005417.jpg,005417,NONE,Unmasked,NO_FACE_DETECTED,0.0,0.35,TN,No Face Detected by SCRFD
4524,New_Images,006123.jpg,006123,NONE,Unmasked,UNRECOGNIZED,0.2344,0.35,TN,CORRECTLY_REJECTED_UNKNOWN
4525,New_Images,007124.jpg,007124,NONE,Unmasked,NO_FACE_DETECTED,0.0,0.35,TN,No Face Detected by SCRFD
4526,New_Images,009369.jpg,009369,NONE,Unmasked,UNRECOGNIZED,0.2359,0.35,TN,CORRECTLY_REJECTED_UNKNOWN
4527,New_Images,006801.jpg,006801,NONE,Unmasked,UNRECOGNIZED,0.291,0.35,TN,CORRECTLY_REJECTED_UNKNOWN
4528,New_Images,008323.jpg,008323,NONE,Unmasked,NO_FACE_DETECTED,0.0,0.35,TN,No Face Detected by SCRFD
4529,New_Images,006872.jpg,006872,NONE,Unmasked,UNRECOGNIZED,0.2271,0.35,TN,CORRECTLY_REJECTED_UNKNOWN
4530,Masked Images,000845__CLT__masked.jpg,000845,CLT,Cloth Mask,000845,0.9003,0.35,TP,CORRECT_MATCH
4531,New_Images,006834.jpg,006834,NONE,Unmasked,UNRECOGNIZED,0.2829,0.35,TN,CORRECTLY_REJECTED_UNKNOWN
4532,New_Images,005797.jpg,005797,NONE,Unmasked,UNRECOGNIZED,0.2512,0.35,TN,CORRECTLY_REJECTED_UNKNOWN
4533,New_Images,007505.jpg,007505,NONE,Unmasked,UNRECOGNIZED,0.2716,0.35,TN,CORRECTLY_REJECTED_UNKNOWN
4534,New_Images,007495.jpg,007495,NONE,Unmasked,NO_FACE_DETECTED,0.0,0.35,TN,No Face Detected by SCRFD
4535,New_Images,005642.jpg,005642,NONE,Unmasked,UNRECOGNIZED,0.2311,0.35,TN,CORRECTLY_REJECTED_UNKNOWN
4536,New_Images,008901.jpg,008901,NONE,Unmasked,UNRECOGNIZED,0.2928,0.35,TN,CORRECTLY_REJECTED_UNKNOWN
4537,Masked Images,000286__CLT__masked.jpg,000286,CLT,Cloth Mask,000286,0.9483,0.35,TP,CORRECT_MATCH
4538,New_Images,006154.jpg,006154,NONE,Unmasked,UNRECOGNIZED,0.2598,0.35,TN,CORRECTLY_REJECTED_UNKNOWN
4539,New_Images,007206.jpg,007206,NONE,Unmasked,UNRECOGNIZED,0.2355,0.35,TN,CORRECTLY_REJECTED_UNKNOWN
4540,New_Images,007871.jpg,007871,NONE,Unmasked,NO_FACE_DETECTED,0.0,0.35,TN,No Face Detected by SCRFD
4541,Masked Images,000843__N95__masked.jpg,000843,N95,N95 Mask,000843,0.9285,0.35,TP,CORRECT_MATCH
4542,New_Images,009010.jpg,009010,NONE,Unmasked,UNRECOGNIZED,0.2349,0.35,TN,CORRECTLY_REJECTED_UNKNOWN
4543,New_Images,005128.jpg,005128,NONE,Unmasked,NO_FACE_DETECTED,0.0,0.35,TN,No Face Detected by SCRFD
4544,New_Images,007296.jpg,007296,NONE,Unmasked,UNRECOGNIZED,0.2716,0.35,TN,CORRECTLY_REJECTED_UNKNOWN
4545,New_Images,008288.jpg,008288,NONE,Unmasked,NO_FACE_DETECTED,0.0,0.35,TN,No Face Detected by SCRFD
4546,New_Images,006902.jpg,006902,NONE,Unmasked,UNRECOGNIZED,0.2209,0.35,TN,CORRECTLY_REJECTED_UNKNOWN
4547,New_Images,009472.jpg,009472,NONE,Unmasked,NO_FACE_DETECTED,0.0,0.35,TN,No Face Detected by SCRFD
4548,New_Images,007046.jpg,007046,NONE,Unmasked,UNRECOGNIZED,0.2606,0.35,TN,CORRECTLY_REJECTED_UNKNOWN
4549,New_Images,008965.jpg,008965,NONE,Unmasked,UNRECOGNIZED,0.2179,0.35,TN,CORRECTLY_REJECTED_UNKNOWN
4550,New_Images,008266.jpg,008266,NONE,Unmasked,NO_FACE_DETECTED,0.0,0.35,TN,No Face Detected by SCRFD
4551,New_Images,008545.jpg,008545,NONE,Unmasked,UNRECOGNIZED,0.2881,0.35,TN,CORRECTLY_REJECTED_UNKNOWN
4552,Masked Images,000828__N95__masked.jpg,000828,N95,N95 Mask,000828,0.9005,0.35,TP,CORRECT_MATCH
4553,Masked Images,000986__N95__masked.jpg,000986,N95,N95 Mask,000986,0.6886,0.35,TP,CORRECT_MATCH
4554,New_Images,007898.jpg,007898,NONE,Unmasked,UNRECOGNIZED,0.2701,0.35,TN,CORRECTLY_REJECTED_UNKNOWN
4555,New_Images,006356.jpg,006356,NONE,Unmasked,UNRECOGNIZED,0.2536,0.35,TN,CORRECTLY_REJECTED_UNKNOWN
4556,Masked Images,000323__GAS__masked.jpg,000323,GAS,Gas Mask,000323,0.9104,0.35,TP,CORRECT_MATCH
4557,Masked Images,000392__N95__masked.jpg,000392,N95,N95 Mask,000392,0.8036,0.35,TP,CORRECT_MATCH
4558,New_Images,005008.jpg,005008,NONE,Unmasked,UNRECOGNIZED,0.2564,0.35,TN,CORRECTLY_REJECTED_UNKNOWN
4559,Masked Images,000990__SUR__masked.jpg,000990,SUR,Surgical Mask,000990,0.8619,0.35,TP,CORRECT_MATCH
4560,New_Images,007207.jpg,007207,NONE,Unmasked,UNRECOGNIZED,0.2585,0.35,TN,CORRECTLY_REJECTED_UNKNOWN
4561,New_Images,006338.jpg,006338,NONE,Unmasked,UNRECOGNIZED,0.2214,0.35,TN,CORRECTLY_REJECTED_UNKNOWN
4562,New_Images,007666.jpg,007666,NONE,Unmasked,UNRECOGNIZED,0.2489,0.35,TN,CORRECTLY_REJECTED_UNKNOWN
4563,Masked Images,000542__K95__masked.jpg,000542,K95,KN95 Mask,000542,0.9165,0.35,TP,CORRECT_MATCH
4564,New_Images,005676.jpg,005676,NONE,Unmasked,UNRECOGNIZED,0.2425,0.35,TN,CORRECTLY_REJECTED_UNKNOWN
4565,New_Images,006550.jpg,006550,NONE,Unmasked,UNRECOGNIZED,0.239,0.35,TN,CORRECTLY_REJECTED_UNKNOWN
4566,Masked Images,000221__SUR__masked.jpg,000221,SUR,Surgical Mask,000221,0.9252,0.35,TP,CORRECT_MATCH
4567,New_Images,007725.jpg,007725,NONE,Unmasked,UNRECOGNIZED,0.2632,0.35,TN,CORRECTLY_REJECTED_UNKNOWN
4568,New_Images,005778.jpg,005778,NONE,Unmasked,NO_FACE_DETECTED,0.0,0.35,TN,No Face Detected by SCRFD
4569,Masked Images,000921__K95__masked.jpg,000921,K95,KN95 Mask,000921,0.9344,0.35,TP,CORRECT_MATCH
4570,New_Images,006906.jpg,006906,NONE,Unmasked,UNRECOGNIZED,0.2628,0.35,TN,CORRECTLY_REJECTED_UNKNOWN
4571,New_Images,006984.jpg,006984,NONE,Unmasked,NO_FACE_DETECTED,0.0,0.35,TN,No Face Detected by SCRFD
4572,New_Images,006010.jpg,006010,NONE,Unmasked,UNRECOGNIZED,0.2574,0.35,TN,CORRECTLY_REJECTED_UNKNOWN
4573,New_Images,006882.jpg,006882,NONE,Unmasked,UNRECOGNIZED,0.312,0.35,TN,CORRECTLY_REJECTED_UNKNOWN
4574,New_Images,008662.jpg,008662,NONE,Unmasked,UNRECOGNIZED,0.2276,0.35,TN,CORRECTLY_REJECTED_UNKNOWN
4575,Masked Images,001049__K95__masked.jpg,001049,K95,KN95 Mask,001049,0.8548,0.35,TP,CORRECT_MATCH
4576,New_Images,008258.jpg,008258,NONE,Unmasked,UNRECOGNIZED,0.229,0.35,TN,CORRECTLY_REJECTED_UNKNOWN
4577,New_Images,009247.jpg,009247,NONE,Unmasked,UNRECOGNIZED,0.2366,0.35,TN,CORRECTLY_REJECTED_UNKNOWN
4578,Masked Images,000119__GAS__masked.jpg,000119,GAS,Gas Mask,000119,0.843,0.35,TP,CORRECT_MATCH
4579,New_Images,007095.jpg,007095,NONE,Unmasked,UNRECOGNIZED,0.2393,0.35,TN,CORRECTLY_REJECTED_UNKNOWN
4580,Masked Images,000770__GAS__masked.jpg,000770,GAS,Gas Mask,000770,0.8472,0.35,TP,CORRECT_MATCH
4581,New_Images,006859.jpg,006859,NONE,Unmasked,NO_FACE_DETECTED,0.0,0.35,TN,No Face Detected by SCRFD
4582,New_Images,008428.jpg,008428,NONE,Unmasked,UNRECOGNIZED,0.2649,0.35,TN,CORRECTLY_REJECTED_UNKNOWN
4583,New_Images,007118.jpg,007118,NONE,Unmasked,NO_FACE_DETECTED,0.0,0.35,TN,No Face Detected by SCRFD
4584,New_Images,008761.jpg,008761,NONE,Unmasked,UNRECOGNIZED,0.2362,0.35,TN,CORRECTLY_REJECTED_UNKNOWN
4585,New_Images,005016.jpg,005016,NONE,Unmasked,NO_FACE_DETECTED,0.0,0.35,TN,No Face Detected by SCRFD
4586,New_Images,009213.jpg,009213,NONE,Unmasked,UNRECOGNIZED,0.2382,0.35,TN,CORRECTLY_REJECTED_UNKNOWN
4587,New_Images,007699.jpg,007699,NONE,Unmasked,UNRECOGNIZED,0.2357,0.35,TN,CORRECTLY_REJECTED_UNKNOWN
4588,Masked Images,000978__CLT__masked.jpg,000978,CLT,Cloth Mask,000978,0.9523,0.35,TP,CORRECT_MATCH
4589,New_Images,006637.jpg,006637,NONE,Unmasked,NO_FACE_DETECTED,0.0,0.35,TN,No Face Detected by SCRFD
4590,New_Images,008466.jpg,008466,NONE,Unmasked,UNRECOGNIZED,0.2683,0.35,TN,CORRECTLY_REJECTED_UNKNOWN
4591,New_Images,007810.jpg,007810,NONE,Unmasked,UNRECOGNIZED,0.217,0.35,TN,CORRECTLY_REJECTED_UNKNOWN
4592,New_Images,005968.jpg,005968,NONE,Unmasked,UNRECOGNIZED,0.2464,0.35,TN,CORRECTLY_REJECTED_UNKNOWN
4593,New_Images,005210.jpg,005210,NONE,Unmasked,NO_FACE_DETECTED,0.0,0.35,TN,No Face Detected by SCRFD
4594,New_Images,006095.jpg,006095,NONE,Unmasked,UNRECOGNIZED,0.1907,0.35,TN,CORRECTLY_REJECTED_UNKNOWN
4595,New_Images,007973.jpg,007973,NONE,Unmasked,NO_FACE_DETECTED,0.0,0.35,TN,No Face Detected by SCRFD
4596,New_Images,008211.jpg,008211,NONE,Unmasked,UNRECOGNIZED,0.3127,0.35,TN,CORRECTLY_REJECTED_UNKNOWN
4597,New_Images,006860.jpg,006860,NONE,Unmasked,NO_FACE_DETECTED,0.0,0.35,TN,No Face Detected by SCRFD
4598,New_Images,009192.jpg,009192,NONE,Unmasked,UNRECOGNIZED,0.2434,0.35,TN,CORRECTLY_REJECTED_UNKNOWN
4599,Masked Images,001122__K95__masked.jpg,001122,K95,KN95 Mask,001122,0.9208,0.35,TP,CORRECT_MATCH
4600,New_Images,005507.jpg,005507,NONE,Unmasked,UNRECOGNIZED,0.2112,0.35,TN,CORRECTLY_REJECTED_UNKNOWN
4601,New_Images,005301.jpg,005301,NONE,Unmasked,UNRECOGNIZED,0.2678,0.35,TN,CORRECTLY_REJECTED_UNKNOWN
4602,New_Images,008617.jpg,008617,NONE,Unmasked,UNRECOGNIZED,0.2932,0.35,TN,CORRECTLY_REJECTED_UNKNOWN
4603,New_Images,006539.jpg,006539,NONE,Unmasked,NO_FACE_DETECTED,0.0,0.35,TN,No Face Detected by SCRFD
4604,New_Images,006280.jpg,006280,NONE,Unmasked,UNRECOGNIZED,0.275,0.35,TN,CORRECTLY_REJECTED_UNKNOWN
4605,Masked Images,000769__CLT__masked.jpg,000769,CLT,Cloth Mask,000769,0.9161,0.35,TP,CORRECT_MATCH
4606,Masked Images,001115__N95__masked.jpg,001115,N95,N95 Mask,001115,0.8336,0.35,TP,CORRECT_MATCH
4607,New_Images,009558.jpg,009558,NONE,Unmasked,NO_FACE_DETECTED,0.0,0.35,TN,No Face Detected by SCRFD
4608,Masked Images,000291__CLT__masked.jpg,000291,CLT,Cloth Mask,000291,0.8888,0.35,TP,CORRECT_MATCH
4609,New_Images,007474.jpg,007474,NONE,Unmasked,NO_FACE_DETECTED,0.0,0.35,TN,No Face Detected by SCRFD
4610,New_Images,006393.jpg,006393,NONE,Unmasked,NO_FACE_DETECTED,0.0,0.35,TN,No Face Detected by SCRFD
4611,Masked Images,000342__K95__masked.jpg,000342,K95,KN95 Mask,000342,0.6389,0.35,TP,CORRECT_MATCH
4612,Masked Images,000827__SUR__masked.jpg,000827,SUR,Surgical Mask,000827,0.8754,0.35,TP,CORRECT_MATCH
4613,Masked Images,001161__SUR__masked.jpg,001161,SUR,Surgical Mask,001161,0.8706,0.35,TP,CORRECT_MATCH
4614,New_Images,005916.jpg,005916,NONE,Unmasked,UNRECOGNIZED,0.2565,0.35,TN,CORRECTLY_REJECTED_UNKNOWN
4615,New_Images,009137.jpg,009137,NONE,Unmasked,NO_FACE_DETECTED,0.0,0.35,TN,No Face Detected by SCRFD
4616,New_Images,005657.jpg,005657,NONE,Unmasked,UNRECOGNIZED,0.2719,0.35,TN,CORRECTLY_REJECTED_UNKNOWN
4617,New_Images,006749.jpg,006749,NONE,Unmasked,UNRECOGNIZED,0.2752,0.35,TN,CORRECTLY_REJECTED_UNKNOWN
4618,New_Images,009408.jpg,009408,NONE,Unmasked,UNRECOGNIZED,0.2606,0.35,TN,CORRECTLY_REJECTED_UNKNOWN
4619,New_Images,006207.jpg,006207,NONE,Unmasked,UNRECOGNIZED,0.251,0.35,TN,CORRECTLY_REJECTED_UNKNOWN
4620,New_Images,007932.jpg,007932,NONE,Unmasked,UNRECOGNIZED,0.2995,0.35,TN,CORRECTLY_REJECTED_UNKNOWN
4621,Masked Images,000423__N95__masked.jpg,000423,N95,N95 Mask,000423,0.8724,0.35,TP,CORRECT_MATCH
4622,Masked Images,000071__N95__masked.jpg,000071,N95,N95 Mask,000071,0.8594,0.35,TP,CORRECT_MATCH
4623,New_Images,006111.jpg,006111,NONE,Unmasked,UNRECOGNIZED,0.252,0.35,TN,CORRECTLY_REJECTED_UNKNOWN
4624,New_Images,009282.jpg,009282,NONE,Unmasked,NO_FACE_DETECTED,0.0,0.35,TN,No Face Detected by SCRFD
4625,Masked Images,000193__GAS__masked.jpg,000193,GAS,Gas Mask,000193,0.8402,0.35,TP,CORRECT_MATCH
4626,New_Images,006281.jpg,006281,NONE,Unmasked,NO_FACE_DETECTED,0.0,0.35,TN,No Face Detected by SCRFD
4627,New_Images,006286.jpg,006286,NONE,Unmasked,UNRECOGNIZED,0.3149,0.35,TN,CORRECTLY_REJECTED_UNKNOWN
4628,New_Images,009587.jpg,009587,NONE,Unmasked,UNRECOGNIZED,0.1978,0.35,TN,CORRECTLY_REJECTED_UNKNOWN
4629,New_Images,006987.jpg,006987,NONE,Unmasked,UNRECOGNIZED,0.267,0.35,TN,CORRECTLY_REJECTED_UNKNOWN
4630,New_Images,005806.jpg,005806,NONE,Unmasked,UNRECOGNIZED,0.2365,0.35,TN,CORRECTLY_REJECTED_UNKNOWN
4631,New_Images,009060.jpg,009060,NONE,Unmasked,UNRECOGNIZED,0.2553,0.35,TN,CORRECTLY_REJECTED_UNKNOWN
4632,New_Images,007821.jpg,007821,NONE,Unmasked,UNRECOGNIZED,0.2842,0.35,TN,CORRECTLY_REJECTED_UNKNOWN
4633,New_Images,007014.jpg,007014,NONE,Unmasked,NO_FACE_DETECTED,0.0,0.35,TN,No Face Detected by SCRFD
4634,New_Images,009079.jpg,009079,NONE,Unmasked,UNRECOGNIZED,0.3242,0.35,TN,CORRECTLY_REJECTED_UNKNOWN
4635,New_Images,006337.jpg,006337,NONE,Unmasked,UNRECOGNIZED,0.2595,0.35,TN,CORRECTLY_REJECTED_UNKNOWN
4636,New_Images,007605.jpg,007605,NONE,Unmasked,UNRECOGNIZED,0.2489,0.35,TN,CORRECTLY_REJECTED_UNKNOWN
4637,New_Images,005911.jpg,005911,NONE,Unmasked,UNRECOGNIZED,0.268,0.35,TN,CORRECTLY_REJECTED_UNKNOWN
4638,New_Images,007338.jpg,007338,NONE,Unmasked,UNRECOGNIZED,0.2799,0.35,TN,CORRECTLY_REJECTED_UNKNOWN
4639,New_Images,006313.jpg,006313,NONE,Unmasked,NO_FACE_DETECTED,0.0,0.35,TN,No Face Detected by SCRFD
4640,New_Images,006693.jpg,006693,NONE,Unmasked,UNRECOGNIZED,0.2263,0.35,TN,CORRECTLY_REJECTED_UNKNOWN
4641,New_Images,007481.jpg,007481,NONE,Unmasked,UNRECOGNIZED,0.256,0.35,TN,CORRECTLY_REJECTED_UNKNOWN
4642,Masked Images,000636__SUR__masked.jpg,000636,SUR,Surgical Mask,000636,0.9041,0.35,TP,CORRECT_MATCH
4643,New_Images,005157.jpg,005157,NONE,Unmasked,NO_FACE_DETECTED,0.0,0.35,TN,No Face Detected by SCRFD
4644,New_Images,008340.jpg,008340,NONE,Unmasked,UNRECOGNIZED,0.2505,0.35,TN,CORRECTLY_REJECTED_UNKNOWN
4645,New_Images,006219.jpg,006219,NONE,Unmasked,UNRECOGNIZED,0.2322,0.35,TN,CORRECTLY_REJECTED_UNKNOWN
4646,New_Images,007674.jpg,007674,NONE,Unmasked,UNRECOGNIZED,0.1968,0.35,TN,CORRECTLY_REJECTED_UNKNOWN
4647,New_Images,009275.jpg,009275,NONE,Unmasked,UNRECOGNIZED,0.2654,0.35,TN,CORRECTLY_REJECTED_UNKNOWN
4648,New_Images,005954.jpg,005954,NONE,Unmasked,UNRECOGNIZED,0.2477,0.35,TN,CORRECTLY_REJECTED_UNKNOWN
4649,New_Images,007627.jpg,007627,NONE,Unmasked,UNRECOGNIZED,0.3006,0.35,TN,CORRECTLY_REJECTED_UNKNOWN
4650,New_Images,005943.jpg,005943,NONE,Unmasked,UNRECOGNIZED,0.2466,0.35,TN,CORRECTLY_REJECTED_UNKNOWN
4651,New_Images,007640.jpg,007640,NONE,Unmasked,NO_FACE_DETECTED,0.0,0.35,TN,No Face Detected by SCRFD
4652,New_Images,005765.jpg,005765,NONE,Unmasked,UNRECOGNIZED,0.2232,0.35,TN,CORRECTLY_REJECTED_UNKNOWN
4653,New_Images,005035.jpg,005035,NONE,Unmasked,UNRECOGNIZED,0.213,0.35,TN,CORRECTLY_REJECTED_UNKNOWN
4654,New_Images,007939.jpg,007939,NONE,Unmasked,UNRECOGNIZED,0.2346,0.35,TN,CORRECTLY_REJECTED_UNKNOWN
4655,New_Images,005835.jpg,005835,NONE,Unmasked,UNRECOGNIZED,0.2175,0.35,TN,CORRECTLY_REJECTED_UNKNOWN
4656,New_Images,009178.jpg,009178,NONE,Unmasked,UNRECOGNIZED,0.2595,0.35,TN,CORRECTLY_REJECTED_UNKNOWN
4657,Masked Images,000677__N95__masked.jpg,000677,N95,N95 Mask,000677,0.9024,0.35,TP,CORRECT_MATCH
4658,New_Images,005297.jpg,005297,NONE,Unmasked,UNRECOGNIZED,0.2214,0.35,TN,CORRECTLY_REJECTED_UNKNOWN
4659,New_Images,005255.jpg,005255,NONE,Unmasked,UNRECOGNIZED,0.2538,0.35,TN,CORRECTLY_REJECTED_UNKNOWN
4660,New_Images,005338.jpg,005338,NONE,Unmasked,UNRECOGNIZED,0.2463,0.35,TN,CORRECTLY_REJECTED_UNKNOWN
4661,New_Images,008906.jpg,008906,NONE,Unmasked,UNRECOGNIZED,0.2361,0.35,TN,CORRECTLY_REJECTED_UNKNOWN
4662,New_Images,007238.jpg,007238,NONE,Unmasked,NO_FACE_DETECTED,0.0,0.35,TN,No Face Detected by SCRFD
4663,New_Images,009047.jpg,009047,NONE,Unmasked,NO_FACE_DETECTED,0.0,0.35,TN,No Face Detected by SCRFD
4664,New_Images,005863.jpg,005863,NONE,Unmasked,NO_FACE_DETECTED,0.0,0.35,TN,No Face Detected by SCRFD
4665,New_Images,005055.jpg,005055,NONE,Unmasked,UNRECOGNIZED,0.2794,0.35,TN,CORRECTLY_REJECTED_UNKNOWN
4666,New_Images,007391.jpg,007391,NONE,Unmasked,UNRECOGNIZED,0.2252,0.35,TN,CORRECTLY_REJECTED_UNKNOWN
4667,New_Images,006933.jpg,006933,NONE,Unmasked,NO_FACE_DETECTED,0.0,0.35,TN,No Face Detected by SCRFD
4668,New_Images,006799.jpg,006799,NONE,Unmasked,UNRECOGNIZED,0.2522,0.35,TN,CORRECTLY_REJECTED_UNKNOWN
4669,New_Images,006266.jpg,006266,NONE,Unmasked,UNRECOGNIZED,0.2488,0.35,TN,CORRECTLY_REJECTED_UNKNOWN
4670,Masked Images,000484__GAS__masked.jpg,000484,GAS,Gas Mask,000484,0.853,0.35,TP,CORRECT_MATCH
4671,New_Images,006520.jpg,006520,NONE,Unmasked,NO_FACE_DETECTED,0.0,0.35,TN,No Face Detected by SCRFD
4672,Masked Images,000397__N95__masked.jpg,000397,N95,N95 Mask,000397,0.9061,0.35,TP,CORRECT_MATCH
4673,New_Images,008981.jpg,008981,NONE,Unmasked,NO_FACE_DETECTED,0.0,0.35,TN,No Face Detected by SCRFD
4674,New_Images,006316.jpg,006316,NONE,Unmasked,UNRECOGNIZED,0.3102,0.35,TN,CORRECTLY_REJECTED_UNKNOWN
4675,New_Images,009344.jpg,009344,NONE,Unmasked,UNRECOGNIZED,0.2242,0.35,TN,CORRECTLY_REJECTED_UNKNOWN
4676,New_Images,007497.jpg,007497,NONE,Unmasked,NO_FACE_DETECTED,0.0,0.35,TN,No Face Detected by SCRFD
4677,New_Images,008807.jpg,008807,NONE,Unmasked,UNRECOGNIZED,0.2719,0.35,TN,CORRECTLY_REJECTED_UNKNOWN
4678,New_Images,009370.jpg,009370,NONE,Unmasked,UNRECOGNIZED,0.2727,0.35,TN,CORRECTLY_REJECTED_UNKNOWN
4679,New_Images,007418.jpg,007418,NONE,Unmasked,UNRECOGNIZED,0.241,0.35,TN,CORRECTLY_REJECTED_UNKNOWN
4680,Masked Images,000771__SUR__masked.jpg,000771,SUR,Surgical Mask,000771,0.9078,0.35,TP,CORRECT_MATCH
4681,New_Images,008988.jpg,008988,NONE,Unmasked,UNRECOGNIZED,0.3071,0.35,TN,CORRECTLY_REJECTED_UNKNOWN
4682,New_Images,006217.jpg,006217,NONE,Unmasked,NO_FACE_DETECTED,0.0,0.35,TN,No Face Detected by SCRFD
4683,New_Images,005786.jpg,005786,NONE,Unmasked,UNRECOGNIZED,0.2799,0.35,TN,CORRECTLY_REJECTED_UNKNOWN
4684,Masked Images,000588__SUR__masked.jpg,000588,SUR,Surgical Mask,000588,0.8893,0.35,TP,CORRECT_MATCH
4685,Masked Images,000313__GAS__masked.jpg,000313,GAS,Gas Mask,000313,0.9386,0.35,TP,CORRECT_MATCH
4686,New_Images,008295.jpg,008295,NONE,Unmasked,UNRECOGNIZED,0.251,0.35,TN,CORRECTLY_REJECTED_UNKNOWN
4687,New_Images,007860.jpg,007860,NONE,Unmasked,UNRECOGNIZED,0.2213,0.35,TN,CORRECTLY_REJECTED_UNKNOWN
4688,New_Images,006457.jpg,006457,NONE,Unmasked,UNRECOGNIZED,0.2615,0.35,TN,CORRECTLY_REJECTED_UNKNOWN
4689,New_Images,009562.jpg,009562,NONE,Unmasked,UNRECOGNIZED,0.2495,0.35,TN,CORRECTLY_REJECTED_UNKNOWN
4690,New_Images,008234.jpg,008234,NONE,Unmasked,UNRECOGNIZED,0.255,0.35,TN,CORRECTLY_REJECTED_UNKNOWN
4691,New_Images,006554.jpg,006554,NONE,Unmasked,UNRECOGNIZED,0.301,0.35,TN,CORRECTLY_REJECTED_UNKNOWN
4692,Masked Images,000688__K95__masked.jpg,000688,K95,KN95 Mask,000688,0.9416,0.35,TP,CORRECT_MATCH
4693,New_Images,007119.jpg,007119,NONE,Unmasked,UNRECOGNIZED,0.2355,0.35,TN,CORRECTLY_REJECTED_UNKNOWN
4694,New_Images,006636.jpg,006636,NONE,Unmasked,UNRECOGNIZED,0.2587,0.35,TN,CORRECTLY_REJECTED_UNKNOWN
4695,New_Images,009431.jpg,009431,NONE,Unmasked,UNRECOGNIZED,0.2305,0.35,TN,CORRECTLY_REJECTED_UNKNOWN
4696,New_Images,007709.jpg,007709,NONE,Unmasked,UNRECOGNIZED,0.2175,0.35,TN,CORRECTLY_REJECTED_UNKNOWN
4697,Masked Images,000643__K95__masked.jpg,000643,K95,KN95 Mask,000643,0.9375,0.35,TP,CORRECT_MATCH
4698,New_Images,005127.jpg,005127,NONE,Unmasked,UNRECOGNIZED,0.2481,0.35,TN,CORRECTLY_REJECTED_UNKNOWN
4699,New_Images,007221.jpg,007221,NONE,Unmasked,UNRECOGNIZED,0.262,0.35,TN,CORRECTLY_REJECTED_UNKNOWN
4700,New_Images,005043.jpg,005043,NONE,Unmasked,UNRECOGNIZED,0.2357,0.35,TN,CORRECTLY_REJECTED_UNKNOWN
4701,Masked Images,000131__SUR__masked.jpg,000131,SUR,Surgical Mask,000131,0.9199,0.35,TP,CORRECT_MATCH
4702,New_Images,007606.jpg,007606,NONE,Unmasked,UNRECOGNIZED,0.2343,0.35,TN,CORRECTLY_REJECTED_UNKNOWN
4703,New_Images,008171.jpg,008171,NONE,Unmasked,UNRECOGNIZED,0.2067,0.35,TN,CORRECTLY_REJECTED_UNKNOWN
4704,Masked Images,000848__N95__masked.jpg,000848,N95,N95 Mask,000848,0.939,0.35,TP,CORRECT_MATCH
4705,New_Images,007469.jpg,007469,NONE,Unmasked,UNRECOGNIZED,0.2118,0.35,TN,CORRECTLY_REJECTED_UNKNOWN
4706,Masked Images,000854__K95__masked.jpg,000854,K95,KN95 Mask,000854,0.9415,0.35,TP,CORRECT_MATCH
4707,New_Images,006582.jpg,006582,NONE,Unmasked,UNRECOGNIZED,0.2809,0.35,TN,CORRECTLY_REJECTED_UNKNOWN
4708,New_Images,007977.jpg,007977,NONE,Unmasked,NO_FACE_DETECTED,0.0,0.35,TN,No Face Detected by SCRFD
4709,New_Images,008792.jpg,008792,NONE,Unmasked,UNRECOGNIZED,0.2741,0.35,TN,CORRECTLY_REJECTED_UNKNOWN
4710,Masked Images,000322__CLT__masked.jpg,000322,CLT,Cloth Mask,000322,0.9399,0.35,TP,CORRECT_MATCH
4711,New_Images,007920.jpg,007920,NONE,Unmasked,UNRECOGNIZED,0.2761,0.35,TN,CORRECTLY_REJECTED_UNKNOWN
4712,New_Images,005109.jpg,005109,NONE,Unmasked,UNRECOGNIZED,0.2449,0.35,TN,CORRECTLY_REJECTED_UNKNOWN
4713,New_Images,007025.jpg,007025,NONE,Unmasked,UNRECOGNIZED,0.2666,0.35,TN,CORRECTLY_REJECTED_UNKNOWN
4714,New_Images,006986.jpg,006986,NONE,Unmasked,UNRECOGNIZED,0.2414,0.35,TN,CORRECTLY_REJECTED_UNKNOWN
4715,New_Images,009384.jpg,009384,NONE,Unmasked,UNRECOGNIZED,0.2935,0.35,TN,CORRECTLY_REJECTED_UNKNOWN
4716,New_Images,006469.jpg,006469,NONE,Unmasked,UNRECOGNIZED,0.2787,0.35,TN,CORRECTLY_REJECTED_UNKNOWN
4717,Masked Images,000378__K95__masked.jpg,000378,K95,KN95 Mask,000378,0.8625,0.35,TP,CORRECT_MATCH
4718,New_Images,007228.jpg,007228,NONE,Unmasked,UNRECOGNIZED,0.2259,0.35,TN,CORRECTLY_REJECTED_UNKNOWN
4719,New_Images,005776.jpg,005776,NONE,Unmasked,NO_FACE_DETECTED,0.0,0.35,TN,No Face Detected by SCRFD
4720,New_Images,009014.jpg,009014,NONE,Unmasked,UNRECOGNIZED,0.2083,0.35,TN,CORRECTLY_REJECTED_UNKNOWN
4721,New_Images,008547.jpg,008547,NONE,Unmasked,UNRECOGNIZED,0.2493,0.35,TN,CORRECTLY_REJECTED_UNKNOWN
4722,New_Images,005819.jpg,005819,NONE,Unmasked,NO_FACE_DETECTED,0.0,0.35,TN,No Face Detected by SCRFD
4723,New_Images,005408.jpg,005408,NONE,Unmasked,NO_FACE_DETECTED,0.0,0.35,TN,No Face Detected by SCRFD
4724,New_Images,006499.jpg,006499,NONE,Unmasked,UNRECOGNIZED,0.2822,0.35,TN,CORRECTLY_REJECTED_UNKNOWN
4725,New_Images,009071.jpg,009071,NONE,Unmasked,UNRECOGNIZED,0.2625,0.35,TN,CORRECTLY_REJECTED_UNKNOWN
4726,New_Images,006953.jpg,006953,NONE,Unmasked,UNRECOGNIZED,0.2627,0.35,TN,CORRECTLY_REJECTED_UNKNOWN
4727,New_Images,008314.jpg,008314,NONE,Unmasked,NO_FACE_DETECTED,0.0,0.35,TN,No Face Detected by SCRFD
4728,New_Images,008742.jpg,008742,NONE,Unmasked,NO_FACE_DETECTED,0.0,0.35,TN,No Face Detected by SCRFD
4729,New_Images,006586.jpg,006586,NONE,Unmasked,UNRECOGNIZED,0.2845,0.35,TN,CORRECTLY_REJECTED_UNKNOWN
4730,New_Images,006690.jpg,006690,NONE,Unmasked,UNRECOGNIZED,0.2426,0.35,TN,CORRECTLY_REJECTED_UNKNOWN
4731,New_Images,007830.jpg,007830,NONE,Unmasked,UNRECOGNIZED,0.2047,0.35,TN,CORRECTLY_REJECTED_UNKNOWN
4732,New_Images,008275.jpg,008275,NONE,Unmasked,UNRECOGNIZED,0.2489,0.35,TN,CORRECTLY_REJECTED_UNKNOWN
4733,New_Images,007521.jpg,007521,NONE,Unmasked,UNRECOGNIZED,0.2072,0.35,TN,CORRECTLY_REJECTED_UNKNOWN
4734,New_Images,005080.jpg,005080,NONE,Unmasked,UNRECOGNIZED,0.2654,0.35,TN,CORRECTLY_REJECTED_UNKNOWN
4735,New_Images,007874.jpg,007874,NONE,Unmasked,NO_FACE_DETECTED,0.0,0.35,TN,No Face Detected by SCRFD
4736,New_Images,006308.jpg,006308,NONE,Unmasked,NO_FACE_DETECTED,0.0,0.35,TN,No Face Detected by SCRFD
4737,New_Images,006180.jpg,006180,NONE,Unmasked,NO_FACE_DETECTED,0.0,0.35,TN,No Face Detected by SCRFD
4738,New_Images,008739.jpg,008739,NONE,Unmasked,NO_FACE_DETECTED,0.0,0.35,TN,No Face Detected by SCRFD
4739,New_Images,006051.jpg,006051,NONE,Unmasked,UNRECOGNIZED,0.2404,0.35,TN,CORRECTLY_REJECTED_UNKNOWN
4740,New_Images,008022.jpg,008022,NONE,Unmasked,NO_FACE_DETECTED,0.0,0.35,TN,No Face Detected by SCRFD
4741,New_Images,006647.jpg,006647,NONE,Unmasked,UNRECOGNIZED,0.2583,0.35,TN,CORRECTLY_REJECTED_UNKNOWN
4742,New_Images,007262.jpg,007262,NONE,Unmasked,UNRECOGNIZED,0.2411,0.35,TN,CORRECTLY_REJECTED_UNKNOWN
4743,New_Images,008857.jpg,008857,NONE,Unmasked,UNRECOGNIZED,0.2844,0.35,TN,CORRECTLY_REJECTED_UNKNOWN
4744,Masked Images,000599__N95__masked.jpg,000599,N95,N95 Mask,000599,0.8187,0.35,TP,CORRECT_MATCH
4745,Masked Images,001159__CLT__masked.jpg,001159,CLT,Cloth Mask,001159,0.5331,0.35,TP,CORRECT_MATCH
4746,New_Images,008026.jpg,008026,NONE,Unmasked,UNRECOGNIZED,0.3237,0.35,TN,CORRECTLY_REJECTED_UNKNOWN
4747,New_Images,005424.jpg,005424,NONE,Unmasked,UNRECOGNIZED,0.2896,0.35,TN,CORRECTLY_REJECTED_UNKNOWN
4748,New_Images,007005.jpg,007005,NONE,Unmasked,UNRECOGNIZED,0.2377,0.35,TN,CORRECTLY_REJECTED_UNKNOWN
4749,New_Images,005047.jpg,005047,NONE,Unmasked,UNRECOGNIZED,0.261,0.35,TN,CORRECTLY_REJECTED_UNKNOWN
4750,New_Images,008378.jpg,008378,NONE,Unmasked,NO_FACE_DETECTED,0.0,0.35,TN,No Face Detected by SCRFD
4751,New_Images,007604.jpg,007604,NONE,Unmasked,UNRECOGNIZED,0.2382,0.35,TN,CORRECTLY_REJECTED_UNKNOWN
4752,New_Images,005859.jpg,005859,NONE,Unmasked,UNRECOGNIZED,0.2549,0.35,TN,CORRECTLY_REJECTED_UNKNOWN
4753,New_Images,007731.jpg,007731,NONE,Unmasked,UNRECOGNIZED,0.2312,0.35,TN,CORRECTLY_REJECTED_UNKNOWN
4754,New_Images,007815.jpg,007815,NONE,Unmasked,NO_FACE_DETECTED,0.0,0.35,TN,No Face Detected by SCRFD
4755,New_Images,007266.jpg,007266,NONE,Unmasked,UNRECOGNIZED,0.2437,0.35,TN,CORRECTLY_REJECTED_UNKNOWN
4756,New_Images,006102.jpg,006102,NONE,Unmasked,UNRECOGNIZED,0.2437,0.35,TN,CORRECTLY_REJECTED_UNKNOWN
4757,New_Images,008031.jpg,008031,NONE,Unmasked,UNRECOGNIZED,0.3033,0.35,TN,CORRECTLY_REJECTED_UNKNOWN
4758,New_Images,006253.jpg,006253,NONE,Unmasked,UNRECOGNIZED,0.2475,0.35,TN,CORRECTLY_REJECTED_UNKNOWN
4759,New_Images,007945.jpg,007945,NONE,Unmasked,UNRECOGNIZED,0.3059,0.35,TN,CORRECTLY_REJECTED_UNKNOWN
4760,New_Images,005124.jpg,005124,NONE,Unmasked,UNRECOGNIZED,0.2581,0.35,TN,CORRECTLY_REJECTED_UNKNOWN
4761,Masked Images,000997__K95__masked.jpg,000997,K95,KN95 Mask,000997,0.9005,0.35,TP,CORRECT_MATCH
4762,New_Images,007643.jpg,007643,NONE,Unmasked,NO_FACE_DETECTED,0.0,0.35,TN,No Face Detected by SCRFD
4763,Masked Images,000964__GAS__masked.jpg,000964,GAS,Gas Mask,000964,0.9138,0.35,TP,CORRECT_MATCH
4764,New_Images,009080.jpg,009080,NONE,Unmasked,UNRECOGNIZED,0.2239,0.35,TN,CORRECTLY_REJECTED_UNKNOWN
4765,Masked Images,000794__CLT__masked.jpg,000794,CLT,Cloth Mask,000794,0.9416,0.35,TP,CORRECT_MATCH
4766,New_Images,007205.jpg,007205,NONE,Unmasked,NO_FACE_DETECTED,0.0,0.35,TN,No Face Detected by SCRFD
4767,New_Images,008387.jpg,008387,NONE,Unmasked,UNRECOGNIZED,0.2824,0.35,TN,CORRECTLY_REJECTED_UNKNOWN
4768,Masked Images,000117__K95__masked.jpg,000117,K95,KN95 Mask,000117,0.923,0.35,TP,CORRECT_MATCH
4769,New_Images,008375.jpg,008375,NONE,Unmasked,UNRECOGNIZED,0.3093,0.35,TN,CORRECTLY_REJECTED_UNKNOWN
4770,New_Images,006408.jpg,006408,NONE,Unmasked,UNRECOGNIZED,0.2378,0.35,TN,CORRECTLY_REJECTED_UNKNOWN
4771,New_Images,005160.jpg,005160,NONE,Unmasked,NO_FACE_DETECTED,0.0,0.35,TN,No Face Detected by SCRFD
4772,New_Images,005823.jpg,005823,NONE,Unmasked,UNRECOGNIZED,0.2099,0.35,TN,CORRECTLY_REJECTED_UNKNOWN
4773,Masked Images,000254__N95__masked.jpg,000254,N95,N95 Mask,000254,0.8439,0.35,TP,CORRECT_MATCH
4774,New_Images,009051.jpg,009051,NONE,Unmasked,UNRECOGNIZED,0.2802,0.35,TN,CORRECTLY_REJECTED_UNKNOWN
4775,New_Images,007833.jpg,007833,NONE,Unmasked,UNRECOGNIZED,0.2466,0.35,TN,CORRECTLY_REJECTED_UNKNOWN
4776,New_Images,009258.jpg,009258,NONE,Unmasked,UNRECOGNIZED,0.244,0.35,TN,CORRECTLY_REJECTED_UNKNOWN
4777,New_Images,006222.jpg,006222,NONE,Unmasked,NO_FACE_DETECTED,0.0,0.35,TN,No Face Detected by SCRFD
4778,Masked Images,001112__CLT__masked.jpg,001112,CLT,Cloth Mask,001112,0.901,0.35,TP,CORRECT_MATCH
4779,New_Images,008362.jpg,008362,NONE,Unmasked,UNRECOGNIZED,0.2241,0.35,TN,CORRECTLY_REJECTED_UNKNOWN
4780,New_Images,009552.jpg,009552,NONE,Unmasked,NO_FACE_DETECTED,0.0,0.35,TN,No Face Detected by SCRFD
4781,New_Images,009237.jpg,009237,NONE,Unmasked,UNRECOGNIZED,0.3022,0.35,TN,CORRECTLY_REJECTED_UNKNOWN
4782,Masked Images,000446__K95__masked.jpg,000446,K95,KN95 Mask,000446,0.9324,0.35,TP,CORRECT_MATCH
4783,New_Images,007484.jpg,007484,NONE,Unmasked,UNRECOGNIZED,0.2841,0.35,TN,CORRECTLY_REJECTED_UNKNOWN
4784,New_Images,007946.jpg,007946,NONE,Unmasked,NO_FACE_DETECTED,0.0,0.35,TN,No Face Detected by SCRFD
4785,New_Images,006826.jpg,006826,NONE,Unmasked,NO_FACE_DETECTED,0.0,0.35,TN,No Face Detected by SCRFD
4786,New_Images,008110.jpg,008110,NONE,Unmasked,NO_FACE_DETECTED,0.0,0.35,TN,No Face Detected by SCRFD
4787,New_Images,005399.jpg,005399,NONE,Unmasked,NO_FACE_DETECTED,0.0,0.35,TN,No Face Detected by SCRFD
4788,Masked Images,000469__GAS__masked.jpg,000469,GAS,Gas Mask,000469,0.8766,0.35,TP,CORRECT_MATCH
4789,New_Images,007248.jpg,007248,NONE,Unmasked,UNRECOGNIZED,0.2246,0.35,TN,CORRECTLY_REJECTED_UNKNOWN
4790,New_Images,007647.jpg,007647,NONE,Unmasked,UNRECOGNIZED,0.3309,0.35,TN,CORRECTLY_REJECTED_UNKNOWN
4791,New_Images,008307.jpg,008307,NONE,Unmasked,UNRECOGNIZED,0.2731,0.35,TN,CORRECTLY_REJECTED_UNKNOWN
4792,Masked Images,000012__GAS__masked.jpg,000012,GAS,Gas Mask,000012,0.9237,0.35,TP,CORRECT_MATCH
4793,New_Images,008078.jpg,008078,NONE,Unmasked,NO_FACE_DETECTED,0.0,0.35,TN,No Face Detected by SCRFD
4794,New_Images,007174.jpg,007174,NONE,Unmasked,NO_FACE_DETECTED,0.0,0.35,TN,No Face Detected by SCRFD
4795,Masked Images,000984__GAS__masked.jpg,000984,GAS,Gas Mask,000984,0.9985,0.35,TP,CORRECT_MATCH
4796,New_Images,006511.jpg,006511,NONE,Unmasked,UNRECOGNIZED,0.2365,0.35,TN,CORRECTLY_REJECTED_UNKNOWN
4797,New_Images,005930.jpg,005930,NONE,Unmasked,UNRECOGNIZED,0.3016,0.35,TN,CORRECTLY_REJECTED_UNKNOWN
4798,New_Images,006439.jpg,006439,NONE,Unmasked,UNRECOGNIZED,0.25,0.35,TN,CORRECTLY_REJECTED_UNKNOWN
4799,Masked Images,000752__N95__masked.jpg,000752,N95,N95 Mask,000752,0.8264,0.35,TP,CORRECT_MATCH
4800,New_Images,007588.jpg,007588,NONE,Unmasked,UNRECOGNIZED,0.2783,0.35,TN,CORRECTLY_REJECTED_UNKNOWN
4801,Masked Images,000319__SUR__masked.jpg,000319,SUR,Surgical Mask,000319,0.7142,0.35,TP,CORRECT_MATCH
4802,New_Images,008369.jpg,008369,NONE,Unmasked,UNRECOGNIZED,0.2764,0.35,TN,CORRECTLY_REJECTED_UNKNOWN
4803,New_Images,007143.jpg,007143,NONE,Unmasked,UNRECOGNIZED,0.2462,0.35,TN,CORRECTLY_REJECTED_UNKNOWN
4804,New_Images,006224.jpg,006224,NONE,Unmasked,NO_FACE_DETECTED,0.0,0.35,TN,No Face Detected by SCRFD
4805,New_Images,007921.jpg,007921,NONE,Unmasked,UNRECOGNIZED,0.2593,0.35,TN,CORRECTLY_REJECTED_UNKNOWN
4806,New_Images,009183.jpg,009183,NONE,Unmasked,NO_FACE_DETECTED,0.0,0.35,TN,No Face Detected by SCRFD
4807,New_Images,006564.jpg,006564,NONE,Unmasked,UNRECOGNIZED,0.2675,0.35,TN,CORRECTLY_REJECTED_UNKNOWN
4808,New_Images,005180.jpg,005180,NONE,Unmasked,UNRECOGNIZED,0.2493,0.35,TN,CORRECTLY_REJECTED_UNKNOWN
4809,Masked Images,000890__N95__masked.jpg,000890,N95,N95 Mask,000890,0.8737,0.35,TP,CORRECT_MATCH
4810,New_Images,006493.jpg,006493,NONE,Unmasked,NO_FACE_DETECTED,0.0,0.35,TN,No Face Detected by SCRFD
4811,New_Images,006593.jpg,006593,NONE,Unmasked,NO_FACE_DETECTED,0.0,0.35,TN,No Face Detected by SCRFD
4812,New_Images,009119.jpg,009119,NONE,Unmasked,UNRECOGNIZED,0.2283,0.35,TN,CORRECTLY_REJECTED_UNKNOWN
4813,New_Images,006713.jpg,006713,NONE,Unmasked,UNRECOGNIZED,0.2223,0.35,TN,CORRECTLY_REJECTED_UNKNOWN
4814,New_Images,007713.jpg,007713,NONE,Unmasked,NO_FACE_DETECTED,0.0,0.35,TN,No Face Detected by SCRFD
4815,Masked Images,000778__K95__masked.jpg,000778,K95,KN95 Mask,000778,0.7856,0.35,TP,CORRECT_MATCH
4816,New_Images,008775.jpg,008775,NONE,Unmasked,NO_FACE_DETECTED,0.0,0.35,TN,No Face Detected by SCRFD
4817,New_Images,008983.jpg,008983,NONE,Unmasked,UNRECOGNIZED,0.2689,0.35,TN,CORRECTLY_REJECTED_UNKNOWN
4818,New_Images,008658.jpg,008658,NONE,Unmasked,UNRECOGNIZED,0.2624,0.35,TN,CORRECTLY_REJECTED_UNKNOWN
4819,New_Images,005349.jpg,005349,NONE,Unmasked,UNRECOGNIZED,0.2447,0.35,TN,CORRECTLY_REJECTED_UNKNOWN
4820,New_Images,009601.jpg,009601,NONE,Unmasked,UNRECOGNIZED,0.2381,0.35,TN,CORRECTLY_REJECTED_UNKNOWN
4821,New_Images,009094.jpg,009094,NONE,Unmasked,NO_FACE_DETECTED,0.0,0.35,TN,No Face Detected by SCRFD
4822,New_Images,008114.jpg,008114,NONE,Unmasked,UNRECOGNIZED,0.2171,0.35,TN,CORRECTLY_REJECTED_UNKNOWN
4823,New_Images,007717.jpg,007717,NONE,Unmasked,NO_FACE_DETECTED,0.0,0.35,TN,No Face Detected by SCRFD
4824,New_Images,005298.jpg,005298,NONE,Unmasked,UNRECOGNIZED,0.2041,0.35,TN,CORRECTLY_REJECTED_UNKNOWN
4825,New_Images,008942.jpg,008942,NONE,Unmasked,UNRECOGNIZED,0.2375,0.35,TN,CORRECTLY_REJECTED_UNKNOWN
4826,New_Images,009387.jpg,009387,NONE,Unmasked,UNRECOGNIZED,0.317,0.35,TN,CORRECTLY_REJECTED_UNKNOWN
4827,New_Images,006070.jpg,006070,NONE,Unmasked,UNRECOGNIZED,0.2244,0.35,TN,CORRECTLY_REJECTED_UNKNOWN
4828,Masked Images,000183__GAS__masked.jpg,000183,GAS,Gas Mask,000183,0.8764,0.35,TP,CORRECT_MATCH
4829,New_Images,008672.jpg,008672,NONE,Unmasked,UNRECOGNIZED,0.2845,0.35,TN,CORRECTLY_REJECTED_UNKNOWN
4830,New_Images,008575.jpg,008575,NONE,Unmasked,UNRECOGNIZED,0.2344,0.35,TN,CORRECTLY_REJECTED_UNKNOWN
4831,New_Images,009401.jpg,009401,NONE,Unmasked,UNRECOGNIZED,0.2274,0.35,TN,CORRECTLY_REJECTED_UNKNOWN
4832,Masked Images,000779__CLT__masked.jpg,000779,CLT,Cloth Mask,000779,0.9293,0.35,TP,CORRECT_MATCH
4833,Masked Images,000228__N95__masked.jpg,000228,N95,N95 Mask,000228,0.6657,0.35,TP,CORRECT_MATCH
4834,New_Images,005914.jpg,005914,NONE,Unmasked,UNRECOGNIZED,0.298,0.35,TN,CORRECTLY_REJECTED_UNKNOWN
4835,New_Images,008879.jpg,008879,NONE,Unmasked,NO_FACE_DETECTED,0.0,0.35,TN,No Face Detected by SCRFD
4836,New_Images,007402.jpg,007402,NONE,Unmasked,UNRECOGNIZED,0.2339,0.35,TN,CORRECTLY_REJECTED_UNKNOWN
4837,New_Images,009200.jpg,009200,NONE,Unmasked,UNRECOGNIZED,0.2956,0.35,TN,CORRECTLY_REJECTED_UNKNOWN
4838,Masked Images,000689__CLT__masked.jpg,000689,CLT,Cloth Mask,000689,0.9166,0.35,TP,CORRECT_MATCH
4839,New_Images,007449.jpg,007449,NONE,Unmasked,NO_FACE_DETECTED,0.0,0.35,TN,No Face Detected by SCRFD
4840,New_Images,007908.jpg,007908,NONE,Unmasked,UNRECOGNIZED,0.2631,0.35,TN,CORRECTLY_REJECTED_UNKNOWN
4841,New_Images,008286.jpg,008286,NONE,Unmasked,UNRECOGNIZED,0.2976,0.35,TN,CORRECTLY_REJECTED_UNKNOWN
4842,New_Images,007962.jpg,007962,NONE,Unmasked,UNRECOGNIZED,0.233,0.35,TN,CORRECTLY_REJECTED_UNKNOWN
4843,New_Images,006093.jpg,006093,NONE,Unmasked,UNRECOGNIZED,0.3049,0.35,TN,CORRECTLY_REJECTED_UNKNOWN
4844,New_Images,007160.jpg,007160,NONE,Unmasked,UNRECOGNIZED,0.2708,0.35,TN,CORRECTLY_REJECTED_UNKNOWN
4845,New_Images,006354.jpg,006354,NONE,Unmasked,NO_FACE_DETECTED,0.0,0.35,TN,No Face Detected by SCRFD
4846,New_Images,007702.jpg,007702,NONE,Unmasked,NO_FACE_DETECTED,0.0,0.35,TN,No Face Detected by SCRFD
4847,Masked Images,001056__CLT__masked.jpg,001056,CLT,Cloth Mask,001056,0.9134,0.35,TP,CORRECT_MATCH
4848,New_Images,007460.jpg,007460,NONE,Unmasked,UNRECOGNIZED,0.2975,0.35,TN,CORRECTLY_REJECTED_UNKNOWN
4849,New_Images,006227.jpg,006227,NONE,Unmasked,UNRECOGNIZED,0.2931,0.35,TN,CORRECTLY_REJECTED_UNKNOWN
4850,New_Images,009108.jpg,009108,NONE,Unmasked,UNRECOGNIZED,0.2907,0.35,TN,CORRECTLY_REJECTED_UNKNOWN
4851,New_Images,009481.jpg,009481,NONE,Unmasked,UNRECOGNIZED,0.2796,0.35,TN,CORRECTLY_REJECTED_UNKNOWN
4852,New_Images,005222.jpg,005222,NONE,Unmasked,NO_FACE_DETECTED,0.0,0.35,TN,No Face Detected by SCRFD
4853,Masked Images,000513__CLT__masked.jpg,000513,CLT,Cloth Mask,000513,0.9341,0.35,TP,CORRECT_MATCH
4854,New_Images,009549.jpg,009549,NONE,Unmasked,UNRECOGNIZED,0.2934,0.35,TN,CORRECTLY_REJECTED_UNKNOWN
4855,New_Images,005028.jpg,005028,NONE,Unmasked,UNRECOGNIZED,0.2653,0.35,TN,CORRECTLY_REJECTED_UNKNOWN
4856,New_Images,006039.jpg,006039,NONE,Unmasked,UNRECOGNIZED,0.2767,0.35,TN,CORRECTLY_REJECTED_UNKNOWN
4857,New_Images,005083.jpg,005083,NONE,Unmasked,UNRECOGNIZED,0.2571,0.35,TN,CORRECTLY_REJECTED_UNKNOWN
4858,New_Images,005704.jpg,005704,NONE,Unmasked,UNRECOGNIZED,0.267,0.35,TN,CORRECTLY_REJECTED_UNKNOWN
4859,New_Images,008324.jpg,008324,NONE,Unmasked,UNRECOGNIZED,0.2649,0.35,TN,CORRECTLY_REJECTED_UNKNOWN
4860,Masked Images,000975__SUR__masked.jpg,000975,SUR,Surgical Mask,000975,0.8723,0.35,TP,CORRECT_MATCH
4861,New_Images,009229.jpg,009229,NONE,Unmasked,UNRECOGNIZED,0.2774,0.35,TN,CORRECTLY_REJECTED_UNKNOWN
4862,New_Images,005483.jpg,005483,NONE,Unmasked,UNRECOGNIZED,0.2853,0.35,TN,CORRECTLY_REJECTED_UNKNOWN
4863,New_Images,008694.jpg,008694,NONE,Unmasked,NO_FACE_DETECTED,0.0,0.35,TN,No Face Detected by SCRFD
4864,New_Images,008747.jpg,008747,NONE,Unmasked,UNRECOGNIZED,0.276,0.35,TN,CORRECTLY_REJECTED_UNKNOWN
4865,New_Images,005775.jpg,005775,NONE,Unmasked,UNRECOGNIZED,0.2119,0.35,TN,CORRECTLY_REJECTED_UNKNOWN
4866,Masked Images,000612__CLT__masked.jpg,000612,CLT,Cloth Mask,000612,0.914,0.35,TP,CORRECT_MATCH
4867,New_Images,007582.jpg,007582,NONE,Unmasked,UNRECOGNIZED,0.2871,0.35,TN,CORRECTLY_REJECTED_UNKNOWN
4868,New_Images,006179.jpg,006179,NONE,Unmasked,UNRECOGNIZED,0.2033,0.35,TN,CORRECTLY_REJECTED_UNKNOWN
4869,New_Images,006223.jpg,006223,NONE,Unmasked,UNRECOGNIZED,0.2804,0.35,TN,CORRECTLY_REJECTED_UNKNOWN
4870,New_Images,005759.jpg,005759,NONE,Unmasked,UNRECOGNIZED,0.265,0.35,TN,CORRECTLY_REJECTED_UNKNOWN
4871,Masked Images,000285__K95__masked.jpg,000285,K95,KN95 Mask,000285,0.9601,0.35,TP,CORRECT_MATCH
4872,New_Images,006248.jpg,006248,NONE,Unmasked,UNRECOGNIZED,0.231,0.35,TN,CORRECTLY_REJECTED_UNKNOWN
4873,New_Images,007712.jpg,007712,NONE,Unmasked,UNRECOGNIZED,0.2416,0.35,TN,CORRECTLY_REJECTED_UNKNOWN
4874,New_Images,008727.jpg,008727,NONE,Unmasked,UNRECOGNIZED,0.2709,0.35,TN,CORRECTLY_REJECTED_UNKNOWN
4875,New_Images,008758.jpg,008758,NONE,Unmasked,NO_FACE_DETECTED,0.0,0.35,TN,No Face Detected by SCRFD
4876,New_Images,007209.jpg,007209,NONE,Unmasked,NO_FACE_DETECTED,0.0,0.35,TN,No Face Detected by SCRFD
4877,Masked Images,000024__N95__masked.jpg,000024,N95,N95 Mask,000024,0.8848,0.35,TP,CORRECT_MATCH
4878,New_Images,005145.jpg,005145,NONE,Unmasked,UNRECOGNIZED,0.3162,0.35,TN,CORRECTLY_REJECTED_UNKNOWN
4879,Masked Images,000645__GAS__masked.jpg,000645,GAS,Gas Mask,000645,0.8786,0.35,TP,CORRECT_MATCH
4880,New_Images,008384.jpg,008384,NONE,Unmasked,UNRECOGNIZED,0.2502,0.35,TN,CORRECTLY_REJECTED_UNKNOWN
4881,New_Images,005286.jpg,005286,NONE,Unmasked,UNRECOGNIZED,0.2456,0.35,TN,CORRECTLY_REJECTED_UNKNOWN
4882,New_Images,005827.jpg,005827,NONE,Unmasked,UNRECOGNIZED,0.2185,0.35,TN,CORRECTLY_REJECTED_UNKNOWN
4883,New_Images,005149.jpg,005149,NONE,Unmasked,UNRECOGNIZED,0.256,0.35,TN,CORRECTLY_REJECTED_UNKNOWN
4884,Masked Images,000696__SUR__masked.jpg,000696,SUR,Surgical Mask,000696,0.9446,0.35,TP,CORRECT_MATCH
4885,New_Images,006030.jpg,006030,NONE,Unmasked,NO_FACE_DETECTED,0.0,0.35,TN,No Face Detected by SCRFD
4886,New_Images,009526.jpg,009526,NONE,Unmasked,NO_FACE_DETECTED,0.0,0.35,TN,No Face Detected by SCRFD
4887,New_Images,005565.jpg,005565,NONE,Unmasked,NO_FACE_DETECTED,0.0,0.35,TN,No Face Detected by SCRFD
4888,Masked Images,000844__K95__masked.jpg,000844,K95,KN95 Mask,000844,0.9478,0.35,TP,CORRECT_MATCH
4889,Masked Images,000518__CLT__masked.jpg,000518,CLT,Cloth Mask,000518,0.92,0.35,TP,CORRECT_MATCH
4890,New_Images,008521.jpg,008521,NONE,Unmasked,NO_FACE_DETECTED,0.0,0.35,TN,No Face Detected by SCRFD
4891,New_Images,006364.jpg,006364,NONE,Unmasked,UNRECOGNIZED,0.1961,0.35,TN,CORRECTLY_REJECTED_UNKNOWN
4892,New_Images,007375.jpg,007375,NONE,Unmasked,UNRECOGNIZED,0.2576,0.35,TN,CORRECTLY_REJECTED_UNKNOWN
4893,New_Images,008684.jpg,008684,NONE,Unmasked,UNRECOGNIZED,0.2623,0.35,TN,CORRECTLY_REJECTED_UNKNOWN
4894,New_Images,006298.jpg,006298,NONE,Unmasked,UNRECOGNIZED,0.2545,0.35,TN,CORRECTLY_REJECTED_UNKNOWN
4895,New_Images,007489.jpg,007489,NONE,Unmasked,UNRECOGNIZED,0.3194,0.35,TN,CORRECTLY_REJECTED_UNKNOWN
4896,New_Images,007553.jpg,007553,NONE,Unmasked,UNRECOGNIZED,0.2104,0.35,TN,CORRECTLY_REJECTED_UNKNOWN
4897,New_Images,009029.jpg,009029,NONE,Unmasked,UNRECOGNIZED,0.2974,0.35,TN,CORRECTLY_REJECTED_UNKNOWN
4898,New_Images,008143.jpg,008143,NONE,Unmasked,UNRECOGNIZED,0.2645,0.35,TN,CORRECTLY_REJECTED_UNKNOWN
4899,New_Images,005711.jpg,005711,NONE,Unmasked,NO_FACE_DETECTED,0.0,0.35,TN,No Face Detected by SCRFD
4900,New_Images,008858.jpg,008858,NONE,Unmasked,UNRECOGNIZED,0.2412,0.35,TN,CORRECTLY_REJECTED_UNKNOWN
4901,New_Images,007272.jpg,007272,NONE,Unmasked,UNRECOGNIZED,0.2508,0.35,TN,CORRECTLY_REJECTED_UNKNOWN
4902,New_Images,008434.jpg,008434,NONE,Unmasked,UNRECOGNIZED,0.2345,0.35,TN,CORRECTLY_REJECTED_UNKNOWN
4903,Masked Images,001005__SUR__masked.jpg,001005,SUR,Surgical Mask,001005,0.855,0.35,TP,CORRECT_MATCH
4904,New_Images,005896.jpg,005896,NONE,Unmasked,UNRECOGNIZED,0.3077,0.35,TN,CORRECTLY_REJECTED_UNKNOWN
4905,Masked Images,000728__K95__masked.jpg,000728,K95,KN95 Mask,000728,0.8361,0.35,TP,CORRECT_MATCH
4906,New_Images,009103.jpg,009103,NONE,Unmasked,UNRECOGNIZED,0.238,0.35,TN,CORRECTLY_REJECTED_UNKNOWN
4907,New_Images,008473.jpg,008473,NONE,Unmasked,UNRECOGNIZED,0.2401,0.35,TN,CORRECTLY_REJECTED_UNKNOWN
4908,New_Images,005085.jpg,005085,NONE,Unmasked,UNRECOGNIZED,0.2519,0.35,TN,CORRECTLY_REJECTED_UNKNOWN
4909,New_Images,005105.jpg,005105,NONE,Unmasked,NO_FACE_DETECTED,0.0,0.35,TN,No Face Detected by SCRFD
4910,Masked Images,000464__GAS__masked.jpg,000464,GAS,Gas Mask,000464,0.8824,0.35,TP,CORRECT_MATCH
4911,New_Images,008589.jpg,008589,NONE,Unmasked,UNRECOGNIZED,0.2908,0.35,TN,CORRECTLY_REJECTED_UNKNOWN
4912,Masked Images,000637__N95__masked.jpg,000637,N95,N95 Mask,000637,0.8836,0.35,TP,CORRECT_MATCH
4913,New_Images,007891.jpg,007891,NONE,Unmasked,UNRECOGNIZED,0.2498,0.35,TN,CORRECTLY_REJECTED_UNKNOWN
4914,New_Images,007145.jpg,007145,NONE,Unmasked,UNRECOGNIZED,0.2685,0.35,TN,CORRECTLY_REJECTED_UNKNOWN
4915,Masked Images,000561__SUR__masked.jpg,000561,SUR,Surgical Mask,000561,0.8522,0.35,TP,CORRECT_MATCH
4916,Masked Images,000969__GAS__masked.jpg,000969,GAS,Gas Mask,000969,0.8759,0.35,TP,CORRECT_MATCH
4917,New_Images,007776.jpg,007776,NONE,Unmasked,NO_FACE_DETECTED,0.0,0.35,TN,No Face Detected by SCRFD
4918,New_Images,005931.jpg,005931,NONE,Unmasked,NO_FACE_DETECTED,0.0,0.35,TN,No Face Detected by SCRFD
4919,Masked Images,000444__SUR__masked.jpg,000444,SUR,Surgical Mask,000444,0.9048,0.35,TP,CORRECT_MATCH
4920,New_Images,005373.jpg,005373,NONE,Unmasked,NO_FACE_DETECTED,0.0,0.35,TN,No Face Detected by SCRFD
4921,New_Images,006654.jpg,006654,NONE,Unmasked,UNRECOGNIZED,0.2583,0.35,TN,CORRECTLY_REJECTED_UNKNOWN
4922,New_Images,007471.jpg,007471,NONE,Unmasked,UNRECOGNIZED,0.3085,0.35,TN,CORRECTLY_REJECTED_UNKNOWN
4923,New_Images,007784.jpg,007784,NONE,Unmasked,UNRECOGNIZED,0.2663,0.35,TN,CORRECTLY_REJECTED_UNKNOWN
4924,New_Images,007708.jpg,007708,NONE,Unmasked,UNRECOGNIZED,0.2062,0.35,TN,CORRECTLY_REJECTED_UNKNOWN
4925,New_Images,006192.jpg,006192,NONE,Unmasked,NO_FACE_DETECTED,0.0,0.35,TN,No Face Detected by SCRFD
4926,New_Images,008565.jpg,008565,NONE,Unmasked,UNRECOGNIZED,0.2661,0.35,TN,CORRECTLY_REJECTED_UNKNOWN
4927,Masked Images,000105__SUR__masked.jpg,000105,SUR,Surgical Mask,000105,0.7757,0.35,TP,CORRECT_MATCH
4928,Masked Images,000872__SUR__masked.jpg,000872,SUR,Surgical Mask,000872,0.8637,0.35,TP,CORRECT_MATCH
4929,New_Images,007884.jpg,007884,NONE,Unmasked,UNRECOGNIZED,0.2289,0.35,TN,CORRECTLY_REJECTED_UNKNOWN
4930,New_Images,009085.jpg,009085,NONE,Unmasked,UNRECOGNIZED,0.2214,0.35,TN,CORRECTLY_REJECTED_UNKNOWN
4931,New_Images,006256.jpg,006256,NONE,Unmasked,UNRECOGNIZED,0.2621,0.35,TN,CORRECTLY_REJECTED_UNKNOWN
4932,New_Images,008396.jpg,008396,NONE,Unmasked,UNRECOGNIZED,0.2094,0.35,TN,CORRECTLY_REJECTED_UNKNOWN
4933,Masked Images,000471__N95__masked.jpg,000471,N95,N95 Mask,000471,0.9003,0.35,TP,CORRECT_MATCH
4934,Masked Images,000393__K95__masked.jpg,000393,K95,KN95 Mask,000393,0.8953,0.35,TP,CORRECT_MATCH
4935,New_Images,006110.jpg,006110,NONE,Unmasked,UNRECOGNIZED,0.2469,0.35,TN,CORRECTLY_REJECTED_UNKNOWN
4936,Masked Images,001074__N95__masked.jpg,001074,N95,N95 Mask,001074,0.8957,0.35,TP,CORRECT_MATCH
4937,New_Images,008973.jpg,008973,NONE,Unmasked,NO_FACE_DETECTED,0.0,0.35,TN,No Face Detected by SCRFD
4938,Masked Images,000121__SUR__masked.jpg,000121,SUR,Surgical Mask,000121,0.7837,0.35,TP,CORRECT_MATCH
4939,New_Images,006339.jpg,006339,NONE,Unmasked,NO_FACE_DETECTED,0.0,0.35,TN,No Face Detected by SCRFD
4940,New_Images,009185.jpg,009185,NONE,Unmasked,NO_FACE_DETECTED,0.0,0.35,TN,No Face Detected by SCRFD
4941,New_Images,006819.jpg,006819,NONE,Unmasked,NO_FACE_DETECTED,0.0,0.35,TN,No Face Detected by SCRFD
4942,New_Images,005726.jpg,005726,NONE,Unmasked,UNRECOGNIZED,0.2719,0.35,TN,CORRECTLY_REJECTED_UNKNOWN
4943,New_Images,006289.jpg,006289,NONE,Unmasked,NO_FACE_DETECTED,0.0,0.35,TN,No Face Detected by SCRFD
4944,New_Images,005453.jpg,005453,NONE,Unmasked,NO_FACE_DETECTED,0.0,0.35,TN,No Face Detected by SCRFD
4945,Masked Images,000855__CLT__masked.jpg,000855,CLT,Cloth Mask,000855,0.9363,0.35,TP,CORRECT_MATCH
4946,New_Images,006181.jpg,006181,NONE,Unmasked,NO_FACE_DETECTED,0.0,0.35,TN,No Face Detected by SCRFD
4947,New_Images,008751.jpg,008751,NONE,Unmasked,UNRECOGNIZED,0.2117,0.35,TN,CORRECTLY_REJECTED_UNKNOWN
4948,New_Images,008160.jpg,008160,NONE,Unmasked,UNRECOGNIZED,0.2503,0.35,TN,CORRECTLY_REJECTED_UNKNOWN
4949,New_Images,008692.jpg,008692,NONE,Unmasked,UNRECOGNIZED,0.2048,0.35,TN,CORRECTLY_REJECTED_UNKNOWN
4950,New_Images,006128.jpg,006128,NONE,Unmasked,UNRECOGNIZED,0.311,0.35,TN,CORRECTLY_REJECTED_UNKNOWN
4951,New_Images,007829.jpg,007829,NONE,Unmasked,UNRECOGNIZED,0.2062,0.35,TN,CORRECTLY_REJECTED_UNKNOWN
4952,New_Images,005635.jpg,005635,NONE,Unmasked,UNRECOGNIZED,0.2269,0.35,TN,CORRECTLY_REJECTED_UNKNOWN
4953,New_Images,009364.jpg,009364,NONE,Unmasked,UNRECOGNIZED,0.2488,0.35,TN,CORRECTLY_REJECTED_UNKNOWN
4954,New_Images,005379.jpg,005379,NONE,Unmasked,UNRECOGNIZED,0.2187,0.35,TN,CORRECTLY_REJECTED_UNKNOWN
4955,New_Images,008252.jpg,008252,NONE,Unmasked,UNRECOGNIZED,0.2243,0.35,TN,CORRECTLY_REJECTED_UNKNOWN
4956,Masked Images,001014__GAS__masked.jpg,001014,GAS,Gas Mask,001014,0.9352,0.35,TP,CORRECT_MATCH
4957,New_Images,009530.jpg,009530,NONE,Unmasked,UNRECOGNIZED,0.2529,0.35,TN,CORRECTLY_REJECTED_UNKNOWN
4958,New_Images,005440.jpg,005440,NONE,Unmasked,UNRECOGNIZED,0.2597,0.35,TN,CORRECTLY_REJECTED_UNKNOWN
4959,Masked Images,001024__CLT__masked.jpg,001024,CLT,Cloth Mask,001024,0.9484,0.35,TP,CORRECT_MATCH
4960,New_Images,005751.jpg,005751,NONE,Unmasked,UNRECOGNIZED,0.2417,0.35,TN,CORRECTLY_REJECTED_UNKNOWN
4961,New_Images,009486.jpg,009486,NONE,Unmasked,UNRECOGNIZED,0.3234,0.35,TN,CORRECTLY_REJECTED_UNKNOWN
4962,New_Images,006374.jpg,006374,NONE,Unmasked,UNRECOGNIZED,0.2337,0.35,TN,CORRECTLY_REJECTED_UNKNOWN
4963,New_Images,006082.jpg,006082,NONE,Unmasked,NO_FACE_DETECTED,0.0,0.35,TN,No Face Detected by SCRFD
4964,New_Images,007580.jpg,007580,NONE,Unmasked,UNRECOGNIZED,0.2513,0.35,TN,CORRECTLY_REJECTED_UNKNOWN
4965,New_Images,006745.jpg,006745,NONE,Unmasked,UNRECOGNIZED,0.2322,0.35,TN,CORRECTLY_REJECTED_UNKNOWN
4966,New_Images,006572.jpg,006572,NONE,Unmasked,UNRECOGNIZED,0.2648,0.35,TN,CORRECTLY_REJECTED_UNKNOWN
4967,New_Images,009352.jpg,009352,NONE,Unmasked,UNRECOGNIZED,0.2416,0.35,TN,CORRECTLY_REJECTED_UNKNOWN
4968,New_Images,007348.jpg,007348,NONE,Unmasked,UNRECOGNIZED,0.2658,0.35,TN,CORRECTLY_REJECTED_UNKNOWN
4969,New_Images,006679.jpg,006679,NONE,Unmasked,UNRECOGNIZED,0.2614,0.35,TN,CORRECTLY_REJECTED_UNKNOWN
4970,New_Images,008212.jpg,008212,NONE,Unmasked,UNRECOGNIZED,0.2788,0.35,TN,CORRECTLY_REJECTED_UNKNOWN
4971,New_Images,008397.jpg,008397,NONE,Unmasked,UNRECOGNIZED,0.2581,0.35,TN,CORRECTLY_REJECTED_UNKNOWN
4972,New_Images,009091.jpg,009091,NONE,Unmasked,NO_FACE_DETECTED,0.0,0.35,TN,No Face Detected by SCRFD
4973,New_Images,006886.jpg,006886,NONE,Unmasked,UNRECOGNIZED,0.2703,0.35,TN,CORRECTLY_REJECTED_UNKNOWN
4974,New_Images,008627.jpg,008627,NONE,Unmasked,UNRECOGNIZED,0.2581,0.35,TN,CORRECTLY_REJECTED_UNKNOWN
4975,New_Images,006371.jpg,006371,NONE,Unmasked,NO_FACE_DETECTED,0.0,0.35,TN,No Face Detected by SCRFD
4976,New_Images,005856.jpg,005856,NONE,Unmasked,NO_FACE_DETECTED,0.0,0.35,TN,No Face Detected by SCRFD
4977,New_Images,008978.jpg,008978,NONE,Unmasked,UNRECOGNIZED,0.2665,0.35,TN,CORRECTLY_REJECTED_UNKNOWN
4978,New_Images,005678.jpg,005678,NONE,Unmasked,UNRECOGNIZED,0.2768,0.35,TN,CORRECTLY_REJECTED_UNKNOWN
4979,New_Images,006273.jpg,006273,NONE,Unmasked,UNRECOGNIZED,0.2572,0.35,TN,CORRECTLY_REJECTED_UNKNOWN
4980,Masked Images,000793__K95__masked.jpg,000793,K95,KN95 Mask,000793,0.9671,0.35,TP,CORRECT_MATCH
4981,Masked Images,000151__N95__masked.jpg,000151,N95,N95 Mask,000151,0.8649,0.35,TP,CORRECT_MATCH
4982,New_Images,007534.jpg,007534,NONE,Unmasked,NO_FACE_DETECTED,0.0,0.35,TN,No Face Detected by SCRFD
4983,New_Images,007883.jpg,007883,NONE,Unmasked,NO_FACE_DETECTED,0.0,0.35,TN,No Face Detected by SCRFD
4984,New_Images,007763.jpg,007763,NONE,Unmasked,UNRECOGNIZED,0.2809,0.35,TN,CORRECTLY_REJECTED_UNKNOWN
4985,New_Images,005831.jpg,005831,NONE,Unmasked,UNRECOGNIZED,0.2497,0.35,TN,CORRECTLY_REJECTED_UNKNOWN
4986,New_Images,008411.jpg,008411,NONE,Unmasked,UNRECOGNIZED,0.2641,0.35,TN,CORRECTLY_REJECTED_UNKNOWN
4987,New_Images,009233.jpg,009233,NONE,Unmasked,UNRECOGNIZED,0.2924,0.35,TN,CORRECTLY_REJECTED_UNKNOWN
4988,New_Images,009193.jpg,009193,NONE,Unmasked,UNRECOGNIZED,0.2527,0.35,TN,CORRECTLY_REJECTED_UNKNOWN
4989,New_Images,005840.jpg,005840,NONE,Unmasked,UNRECOGNIZED,0.2222,0.35,TN,CORRECTLY_REJECTED_UNKNOWN
4990,New_Images,009441.jpg,009441,NONE,Unmasked,NO_FACE_DETECTED,0.0,0.35,TN,No Face Detected by SCRFD
4991,New_Images,005428.jpg,005428,NONE,Unmasked,NO_FACE_DETECTED,0.0,0.35,TN,No Face Detected by SCRFD
4992,New_Images,008095.jpg,008095,NONE,Unmasked,UNRECOGNIZED,0.2107,0.35,TN,CORRECTLY_REJECTED_UNKNOWN
4993,Masked Images,000088__CLT__masked.jpg,000088,CLT,Cloth Mask,000088,0.9226,0.35,TP,CORRECT_MATCH
4994,New_Images,008416.jpg,008416,NONE,Unmasked,UNRECOGNIZED,0.2657,0.35,TN,CORRECTLY_REJECTED_UNKNOWN
4995,New_Images,006126.jpg,006126,NONE,Unmasked,UNRECOGNIZED,0.2732,0.35,TN,CORRECTLY_REJECTED_UNKNOWN
4996,New_Images,008746.jpg,008746,NONE,Unmasked,UNRECOGNIZED,0.2284,0.35,TN,CORRECTLY_REJECTED_UNKNOWN
4997,New_Images,006153.jpg,006153,NONE,Unmasked,UNRECOGNIZED,0.253,0.35,TN,CORRECTLY_REJECTED_UNKNOWN
4998,New_Images,006651.jpg,006651,NONE,Unmasked,NO_FACE_DETECTED,0.0,0.35,TN,No Face Detected by SCRFD
4999,New_Images,005979.jpg,005979,NONE,Unmasked,UNRECOGNIZED,0.2716,0.35,TN,CORRECTLY_REJECTED_UNKNOWN
5000,New_Images,006769.jpg,006769,NONE,Unmasked,UNRECOGNIZED,0.2134,0.35,TN,CORRECTLY_REJECTED_UNKNOWN
5001,New_Images,005600.jpg,005600,NONE,Unmasked,UNRECOGNIZED,0.2446,0.35,TN,CORRECTLY_REJECTED_UNKNOWN
5002,New_Images,007857.jpg,007857,NONE,Unmasked,NO_FACE_DETECTED,0.0,0.35,TN,No Face Detected by SCRFD
5003,New_Images,005352.jpg,005352,NONE,Unmasked,UNRECOGNIZED,0.2385,0.35,TN,CORRECTLY_REJECTED_UNKNOWN
5004,New_Images,006525.jpg,006525,NONE,Unmasked,NO_FACE_DETECTED,0.0,0.35,TN,No Face Detected by SCRFD
5005,New_Images,009065.jpg,009065,NONE,Unmasked,NO_FACE_DETECTED,0.0,0.35,TN,No Face Detected by SCRFD
5006,Masked Images,000253__SUR__masked.jpg,000253,SUR,Surgical Mask,000253,0.9078,0.35,TP,CORRECT_MATCH
5007,New_Images,006618.jpg,006618,NONE,Unmasked,UNRECOGNIZED,0.2446,0.35,TN,CORRECTLY_REJECTED_UNKNOWN
5008,New_Images,009336.jpg,009336,NONE,Unmasked,UNRECOGNIZED,0.2925,0.35,TN,CORRECTLY_REJECTED_UNKNOWN
5009,New_Images,008862.jpg,008862,NONE,Unmasked,UNRECOGNIZED,0.2504,0.35,TN,CORRECTLY_REJECTED_UNKNOWN
5010,New_Images,008531.jpg,008531,NONE,Unmasked,UNRECOGNIZED,0.2053,0.35,TN,CORRECTLY_REJECTED_UNKNOWN
5011,New_Images,009086.jpg,009086,NONE,Unmasked,UNRECOGNIZED,0.3033,0.35,TN,CORRECTLY_REJECTED_UNKNOWN
5012,New_Images,005860.jpg,005860,NONE,Unmasked,NO_FACE_DETECTED,0.0,0.35,TN,No Face Detected by SCRFD
5013,New_Images,007555.jpg,007555,NONE,Unmasked,UNRECOGNIZED,0.2475,0.35,TN,CORRECTLY_REJECTED_UNKNOWN
5014,New_Images,006147.jpg,006147,NONE,Unmasked,NO_FACE_DETECTED,0.0,0.35,TN,No Face Detected by SCRFD
5015,Masked Images,000740__GAS__masked.jpg,000740,GAS,Gas Mask,000740,0.859,0.35,TP,CORRECT_MATCH
5016,New_Images,005874.jpg,005874,NONE,Unmasked,UNRECOGNIZED,0.2157,0.35,TN,CORRECTLY_REJECTED_UNKNOWN
5017,New_Images,006503.jpg,006503,NONE,Unmasked,UNRECOGNIZED,0.2582,0.35,TN,CORRECTLY_REJECTED_UNKNOWN
5018,New_Images,006061.jpg,006061,NONE,Unmasked,UNRECOGNIZED,0.2473,0.35,TN,CORRECTLY_REJECTED_UNKNOWN
5019,New_Images,008716.jpg,008716,NONE,Unmasked,UNRECOGNIZED,0.2502,0.35,TN,CORRECTLY_REJECTED_UNKNOWN
5020,New_Images,007431.jpg,007431,NONE,Unmasked,NO_FACE_DETECTED,0.0,0.35,TN,No Face Detected by SCRFD
5021,New_Images,007671.jpg,007671,NONE,Unmasked,UNRECOGNIZED,0.3028,0.35,TN,CORRECTLY_REJECTED_UNKNOWN
5022,New_Images,007823.jpg,007823,NONE,Unmasked,UNRECOGNIZED,0.2607,0.35,TN,CORRECTLY_REJECTED_UNKNOWN
5023,New_Images,008271.jpg,008271,NONE,Unmasked,UNRECOGNIZED,0.3036,0.35,TN,CORRECTLY_REJECTED_UNKNOWN
5024,New_Images,006075.jpg,006075,NONE,Unmasked,NO_FACE_DETECTED,0.0,0.35,TN,No Face Detected by SCRFD
5025,New_Images,008137.jpg,008137,NONE,Unmasked,UNRECOGNIZED,0.261,0.35,TN,CORRECTLY_REJECTED_UNKNOWN
5026,New_Images,005305.jpg,005305,NONE,Unmasked,NO_FACE_DETECTED,0.0,0.35,TN,No Face Detected by SCRFD
5027,New_Images,007430.jpg,007430,NONE,Unmasked,UNRECOGNIZED,0.2807,0.35,TN,CORRECTLY_REJECTED_UNKNOWN
5028,New_Images,005116.jpg,005116,NONE,Unmasked,NO_FACE_DETECTED,0.0,0.35,TN,No Face Detected by SCRFD
5029,New_Images,007629.jpg,007629,NONE,Unmasked,UNRECOGNIZED,0.2527,0.35,TN,CORRECTLY_REJECTED_UNKNOWN
5030,New_Images,006830.jpg,006830,NONE,Unmasked,UNRECOGNIZED,0.2375,0.35,TN,CORRECTLY_REJECTED_UNKNOWN
5031,New_Images,007414.jpg,007414,NONE,Unmasked,NO_FACE_DETECTED,0.0,0.35,TN,No Face Detected by SCRFD
5032,Masked Images,000898__GAS__masked.jpg,000898,GAS,Gas Mask,000898,0.875,0.35,TP,CORRECT_MATCH
5033,New_Images,007878.jpg,007878,NONE,Unmasked,NO_FACE_DETECTED,0.0,0.35,TN,No Face Detected by SCRFD
5034,New_Images,009002.jpg,009002,NONE,Unmasked,UNRECOGNIZED,0.2381,0.35,TN,CORRECTLY_REJECTED_UNKNOWN
5035,Masked Images,000108__CLT__masked.jpg,000108,CLT,Cloth Mask,000108,0.9095,0.35,TP,CORRECT_MATCH
5036,New_Images,006658.jpg,006658,NONE,Unmasked,NO_FACE_DETECTED,0.0,0.35,TN,No Face Detected by SCRFD
5037,New_Images,009483.jpg,009483,NONE,Unmasked,NO_FACE_DETECTED,0.0,0.35,TN,No Face Detected by SCRFD
5038,Masked Images,000592__GAS__masked.jpg,000592,GAS,Gas Mask,000592,0.8653,0.35,TP,CORRECT_MATCH
5039,New_Images,006898.jpg,006898,NONE,Unmasked,UNRECOGNIZED,0.2596,0.35,TN,CORRECTLY_REJECTED_UNKNOWN
5040,New_Images,009509.jpg,009509,NONE,Unmasked,UNRECOGNIZED,0.2387,0.35,TN,CORRECTLY_REJECTED_UNKNOWN
5041,New_Images,008227.jpg,008227,NONE,Unmasked,UNRECOGNIZED,0.2459,0.35,TN,CORRECTLY_REJECTED_UNKNOWN
5042,New_Images,006707.jpg,006707,NONE,Unmasked,UNRECOGNIZED,0.2381,0.35,TN,CORRECTLY_REJECTED_UNKNOWN
5043,Masked Images,000356__N95__masked.jpg,000356,N95,N95 Mask,000356,0.9301,0.35,TP,CORRECT_MATCH
5044,New_Images,008499.jpg,008499,NONE,Unmasked,NO_FACE_DETECTED,0.0,0.35,TN,No Face Detected by SCRFD
5045,New_Images,009416.jpg,009416,NONE,Unmasked,UNRECOGNIZED,0.2343,0.35,TN,CORRECTLY_REJECTED_UNKNOWN
5046,New_Images,008781.jpg,008781,NONE,Unmasked,UNRECOGNIZED,0.3197,0.35,TN,CORRECTLY_REJECTED_UNKNOWN
5047,New_Images,006333.jpg,006333,NONE,Unmasked,UNRECOGNIZED,0.2868,0.35,TN,CORRECTLY_REJECTED_UNKNOWN
5048,Masked Images,000866__GAS__masked.jpg,000866,GAS,Gas Mask,000866,0.9265,0.35,TP,CORRECT_MATCH
5049,New_Images,005852.jpg,005852,NONE,Unmasked,UNRECOGNIZED,0.2598,0.35,TN,CORRECTLY_REJECTED_UNKNOWN
5050,New_Images,008713.jpg,008713,NONE,Unmasked,UNRECOGNIZED,0.2783,0.35,TN,CORRECTLY_REJECTED_UNKNOWN
5051,Masked Images,000653__K95__masked.jpg,000653,K95,KN95 Mask,000653,0.9211,0.35,TP,CORRECT_MATCH
5052,New_Images,005487.jpg,005487,NONE,Unmasked,UNRECOGNIZED,0.269,0.35,TN,CORRECTLY_REJECTED_UNKNOWN
5053,New_Images,007112.jpg,007112,NONE,Unmasked,NO_FACE_DETECTED,0.0,0.35,TN,No Face Detected by SCRFD
5054,New_Images,006937.jpg,006937,NONE,Unmasked,UNRECOGNIZED,0.228,0.35,TN,CORRECTLY_REJECTED_UNKNOWN
5055,New_Images,008998.jpg,008998,NONE,Unmasked,NO_FACE_DETECTED,0.0,0.35,TN,No Face Detected by SCRFD
5056,New_Images,006418.jpg,006418,NONE,Unmasked,NO_FACE_DETECTED,0.0,0.35,TN,No Face Detected by SCRFD
5057,Masked Images,000227__SUR__masked.jpg,000227,SUR,Surgical Mask,000227,0.9212,0.35,TP,CORRECT_MATCH
5058,New_Images,008603.jpg,008603,NONE,Unmasked,UNRECOGNIZED,0.2626,0.35,TN,CORRECTLY_REJECTED_UNKNOWN
5059,New_Images,009179.jpg,009179,NONE,Unmasked,NO_FACE_DETECTED,0.0,0.35,TN,No Face Detected by SCRFD
5060,New_Images,006411.jpg,006411,NONE,Unmasked,UNRECOGNIZED,0.2723,0.35,TN,CORRECTLY_REJECTED_UNKNOWN
5061,New_Images,005204.jpg,005204,NONE,Unmasked,UNRECOGNIZED,0.292,0.35,TN,CORRECTLY_REJECTED_UNKNOWN
5062,New_Images,009482.jpg,009482,NONE,Unmasked,UNRECOGNIZED,0.3207,0.35,TN,CORRECTLY_REJECTED_UNKNOWN
5063,New_Images,008837.jpg,008837,NONE,Unmasked,UNRECOGNIZED,0.242,0.35,TN,CORRECTLY_REJECTED_UNKNOWN
5064,New_Images,008826.jpg,008826,NONE,Unmasked,UNRECOGNIZED,0.284,0.35,TN,CORRECTLY_REJECTED_UNKNOWN
5065,New_Images,005237.jpg,005237,NONE,Unmasked,UNRECOGNIZED,0.3155,0.35,TN,CORRECTLY_REJECTED_UNKNOWN
5066,New_Images,006884.jpg,006884,NONE,Unmasked,UNRECOGNIZED,0.2925,0.35,TN,CORRECTLY_REJECTED_UNKNOWN
5067,New_Images,005962.jpg,005962,NONE,Unmasked,UNRECOGNIZED,0.2352,0.35,TN,CORRECTLY_REJECTED_UNKNOWN
5068,New_Images,009096.jpg,009096,NONE,Unmasked,NO_FACE_DETECTED,0.0,0.35,TN,No Face Detected by SCRFD
5069,New_Images,005648.jpg,005648,NONE,Unmasked,NO_FACE_DETECTED,0.0,0.35,TN,No Face Detected by SCRFD
5070,New_Images,008483.jpg,008483,NONE,Unmasked,UNRECOGNIZED,0.2513,0.35,TN,CORRECTLY_REJECTED_UNKNOWN
5071,Masked Images,000972__K95__masked.jpg,000972,K95,KN95 Mask,000972,0.8389,0.35,TP,CORRECT_MATCH
5072,New_Images,007742.jpg,007742,NONE,Unmasked,UNRECOGNIZED,0.2301,0.35,TN,CORRECTLY_REJECTED_UNKNOWN
5073,Masked Images,001072__GAS__masked.jpg,001072,GAS,Gas Mask,001072,0.9044,0.35,TP,CORRECT_MATCH
5074,New_Images,005817.jpg,005817,NONE,Unmasked,UNRECOGNIZED,0.2214,0.35,TN,CORRECTLY_REJECTED_UNKNOWN
5075,New_Images,005111.jpg,005111,NONE,Unmasked,UNRECOGNIZED,0.3006,0.35,TN,CORRECTLY_REJECTED_UNKNOWN
5076,Masked Images,000180__N95__masked.jpg,000180,N95,N95 Mask,000180,0.8185,0.35,TP,CORRECT_MATCH
5077,New_Images,005496.jpg,005496,NONE,Unmasked,NO_FACE_DETECTED,0.0,0.35,TN,No Face Detected by SCRFD
5078,New_Images,009033.jpg,009033,NONE,Unmasked,UNRECOGNIZED,0.2159,0.35,TN,CORRECTLY_REJECTED_UNKNOWN
5079,Masked Images,000272__GAS__masked.jpg,000272,GAS,Gas Mask,000272,0.862,0.35,TP,CORRECT_MATCH
5080,Masked Images,000349__GAS__masked.jpg,000349,GAS,Gas Mask,000349,0.8734,0.35,TP,CORRECT_MATCH
5081,Masked Images,000590__K95__masked.jpg,000590,K95,KN95 Mask,000590,0.9265,0.35,TP,CORRECT_MATCH
5082,New_Images,005699.jpg,005699,NONE,Unmasked,UNRECOGNIZED,0.2268,0.35,TN,CORRECTLY_REJECTED_UNKNOWN
5083,New_Images,006729.jpg,006729,NONE,Unmasked,NO_FACE_DETECTED,0.0,0.35,TN,No Face Detected by SCRFD
5084,Masked Images,000450__N95__masked.jpg,000450,N95,N95 Mask,000450,0.8326,0.35,TP,CORRECT_MATCH
5085,New_Images,009456.jpg,009456,NONE,Unmasked,UNRECOGNIZED,0.2474,0.35,TN,CORRECTLY_REJECTED_UNKNOWN
5086,Masked Images,000172__CLT__masked.jpg,000172,CLT,Cloth Mask,000172,0.9539,0.35,TP,CORRECT_MATCH
5087,New_Images,007715.jpg,007715,NONE,Unmasked,UNRECOGNIZED,0.2535,0.35,TN,CORRECTLY_REJECTED_UNKNOWN
5088,Masked Images,000701__SUR__masked.jpg,000701,SUR,Surgical Mask,000701,0.9044,0.35,TP,CORRECT_MATCH
5089,New_Images,005929.jpg,005929,NONE,Unmasked,NO_FACE_DETECTED,0.0,0.35,TN,No Face Detected by SCRFD
5090,New_Images,007316.jpg,007316,NONE,Unmasked,UNRECOGNIZED,0.258,0.35,TN,CORRECTLY_REJECTED_UNKNOWN
5091,New_Images,006142.jpg,006142,NONE,Unmasked,UNRECOGNIZED,0.2361,0.35,TN,CORRECTLY_REJECTED_UNKNOWN
5092,New_Images,008974.jpg,008974,NONE,Unmasked,NO_FACE_DETECTED,0.0,0.35,TN,No Face Detected by SCRFD
5093,New_Images,006627.jpg,006627,NONE,Unmasked,UNRECOGNIZED,0.2633,0.35,TN,CORRECTLY_REJECTED_UNKNOWN
5094,New_Images,006540.jpg,006540,NONE,Unmasked,NO_FACE_DETECTED,0.0,0.35,TN,No Face Detected by SCRFD
5095,New_Images,007587.jpg,007587,NONE,Unmasked,UNRECOGNIZED,0.2551,0.35,TN,CORRECTLY_REJECTED_UNKNOWN
5096,New_Images,005596.jpg,005596,NONE,Unmasked,UNRECOGNIZED,0.2458,0.35,TN,CORRECTLY_REJECTED_UNKNOWN
5097,New_Images,006544.jpg,006544,NONE,Unmasked,NO_FACE_DETECTED,0.0,0.35,TN,No Face Detected by SCRFD
5098,New_Images,009111.jpg,009111,NONE,Unmasked,UNRECOGNIZED,0.1925,0.35,TN,CORRECTLY_REJECTED_UNKNOWN
5099,New_Images,005994.jpg,005994,NONE,Unmasked,NO_FACE_DETECTED,0.0,0.35,TN,No Face Detected by SCRFD
5100,New_Images,009054.jpg,009054,NONE,Unmasked,UNRECOGNIZED,0.2221,0.35,TN,CORRECTLY_REJECTED_UNKNOWN
5101,New_Images,005351.jpg,005351,NONE,Unmasked,UNRECOGNIZED,0.3094,0.35,TN,CORRECTLY_REJECTED_UNKNOWN
5102,New_Images,007645.jpg,007645,NONE,Unmasked,UNRECOGNIZED,0.2301,0.35,TN,CORRECTLY_REJECTED_UNKNOWN
5103,Masked Images,001151__N95__masked.jpg,001151,N95,N95 Mask,001151,0.8004,0.35,TP,CORRECT_MATCH
5104,New_Images,007374.jpg,007374,NONE,Unmasked,UNRECOGNIZED,0.2575,0.35,TN,CORRECTLY_REJECTED_UNKNOWN
5105,Masked Images,000718__K95__masked.jpg,000718,K95,KN95 Mask,000718,0.9446,0.35,TP,CORRECT_MATCH
5106,Masked Images,000239__K95__masked.jpg,000239,K95,KN95 Mask,000239,0.9137,0.35,TP,CORRECT_MATCH
5107,New_Images,008486.jpg,008486,NONE,Unmasked,UNRECOGNIZED,0.3032,0.35,TN,CORRECTLY_REJECTED_UNKNOWN
5108,New_Images,008711.jpg,008711,NONE,Unmasked,UNRECOGNIZED,0.2152,0.35,TN,CORRECTLY_REJECTED_UNKNOWN
5109,New_Images,007090.jpg,007090,NONE,Unmasked,UNRECOGNIZED,0.2406,0.35,TN,CORRECTLY_REJECTED_UNKNOWN
5110,Masked Images,000237__SUR__masked.jpg,000237,SUR,Surgical Mask,000237,0.8727,0.35,TP,CORRECT_MATCH
5111,New_Images,009545.jpg,009545,NONE,Unmasked,UNRECOGNIZED,0.2521,0.35,TN,CORRECTLY_REJECTED_UNKNOWN
5112,New_Images,008960.jpg,008960,NONE,Unmasked,UNRECOGNIZED,0.2309,0.35,TN,CORRECTLY_REJECTED_UNKNOWN
5113,Masked Images,001083__SUR__masked.jpg,001083,SUR,Surgical Mask,001083,0.8861,0.35,TP,CORRECT_MATCH
5114,New_Images,007691.jpg,007691,NONE,Unmasked,UNRECOGNIZED,0.2993,0.35,TN,CORRECTLY_REJECTED_UNKNOWN
5115,New_Images,009432.jpg,009432,NONE,Unmasked,NO_FACE_DETECTED,0.0,0.35,TN,No Face Detected by SCRFD
5116,New_Images,007175.jpg,007175,NONE,Unmasked,NO_FACE_DETECTED,0.0,0.35,TN,No Face Detected by SCRFD
5117,New_Images,006616.jpg,006616,NONE,Unmasked,UNRECOGNIZED,0.2254,0.35,TN,CORRECTLY_REJECTED_UNKNOWN
5118,New_Images,007048.jpg,007048,NONE,Unmasked,UNRECOGNIZED,0.289,0.35,TN,CORRECTLY_REJECTED_UNKNOWN
5119,Masked Images,000255__K95__masked.jpg,000255,K95,KN95 Mask,000255,0.9069,0.35,TP,CORRECT_MATCH
5120,New_Images,009342.jpg,009342,NONE,Unmasked,NO_FACE_DETECTED,0.0,0.35,TN,No Face Detected by SCRFD
5121,New_Images,007433.jpg,007433,NONE,Unmasked,NO_FACE_DETECTED,0.0,0.35,TN,No Face Detected by SCRFD
5122,New_Images,006098.jpg,006098,NONE,Unmasked,NO_FACE_DETECTED,0.0,0.35,TN,No Face Detected by SCRFD
5123,New_Images,005660.jpg,005660,NONE,Unmasked,NO_FACE_DETECTED,0.0,0.35,TN,No Face Detected by SCRFD
5124,New_Images,007862.jpg,007862,NONE,Unmasked,UNRECOGNIZED,0.2286,0.35,TN,CORRECTLY_REJECTED_UNKNOWN
5125,New_Images,005669.jpg,005669,NONE,Unmasked,UNRECOGNIZED,0.2708,0.35,TN,CORRECTLY_REJECTED_UNKNOWN
5126,New_Images,008804.jpg,008804,NONE,Unmasked,UNRECOGNIZED,0.2633,0.35,TN,CORRECTLY_REJECTED_UNKNOWN
5127,New_Images,008336.jpg,008336,NONE,Unmasked,UNRECOGNIZED,0.3115,0.35,TN,CORRECTLY_REJECTED_UNKNOWN
5128,New_Images,008272.jpg,008272,NONE,Unmasked,UNRECOGNIZED,0.2519,0.35,TN,CORRECTLY_REJECTED_UNKNOWN
5129,New_Images,007295.jpg,007295,NONE,Unmasked,UNRECOGNIZED,0.2569,0.35,TN,CORRECTLY_REJECTED_UNKNOWN
5130,New_Images,007057.jpg,007057,NONE,Unmasked,UNRECOGNIZED,0.2618,0.35,TN,CORRECTLY_REJECTED_UNKNOWN
5131,New_Images,006309.jpg,006309,NONE,Unmasked,UNRECOGNIZED,0.2752,0.35,TN,CORRECTLY_REJECTED_UNKNOWN
5132,New_Images,006744.jpg,006744,NONE,Unmasked,NO_FACE_DETECTED,0.0,0.35,TN,No Face Detected by SCRFD
5133,Masked Images,000052__CLT__masked.jpg,000052,CLT,Cloth Mask,000052,0.9381,0.35,TP,CORRECT_MATCH
5134,New_Images,007770.jpg,007770,NONE,Unmasked,NO_FACE_DETECTED,0.0,0.35,TN,No Face Detected by SCRFD
5135,New_Images,006979.jpg,006979,NONE,Unmasked,NO_FACE_DETECTED,0.0,0.35,TN,No Face Detected by SCRFD
5136,New_Images,008579.jpg,008579,NONE,Unmasked,UNRECOGNIZED,0.2265,0.35,TN,CORRECTLY_REJECTED_UNKNOWN
5137,Masked Images,000174__SUR__masked.jpg,000174,SUR,Surgical Mask,000174,0.9418,0.35,TP,CORRECT_MATCH
5138,New_Images,008647.jpg,008647,NONE,Unmasked,NO_FACE_DETECTED,0.0,0.35,TN,No Face Detected by SCRFD
5139,New_Images,007053.jpg,007053,NONE,Unmasked,UNRECOGNIZED,0.21,0.35,TN,CORRECTLY_REJECTED_UNKNOWN
5140,New_Images,007304.jpg,007304,NONE,Unmasked,NO_FACE_DETECTED,0.0,0.35,TN,No Face Detected by SCRFD
5141,New_Images,005557.jpg,005557,NONE,Unmasked,UNRECOGNIZED,0.2307,0.35,TN,CORRECTLY_REJECTED_UNKNOWN
5142,Masked Images,000535__SUR__masked.jpg,000535,SUR,Surgical Mask,000535,0.9114,0.35,TP,CORRECT_MATCH
5143,New_Images,007269.jpg,007269,NONE,Unmasked,UNRECOGNIZED,0.2327,0.35,TN,CORRECTLY_REJECTED_UNKNOWN
5144,New_Images,007679.jpg,007679,NONE,Unmasked,UNRECOGNIZED,0.2193,0.35,TN,CORRECTLY_REJECTED_UNKNOWN
5145,New_Images,008308.jpg,008308,NONE,Unmasked,UNRECOGNIZED,0.2375,0.35,TN,CORRECTLY_REJECTED_UNKNOWN
5146,New_Images,006573.jpg,006573,NONE,Unmasked,UNRECOGNIZED,0.2344,0.35,TN,CORRECTLY_REJECTED_UNKNOWN
5147,New_Images,007202.jpg,007202,NONE,Unmasked,UNRECOGNIZED,0.2133,0.35,TN,CORRECTLY_REJECTED_UNKNOWN
5148,New_Images,007261.jpg,007261,NONE,Unmasked,NO_FACE_DETECTED,0.0,0.35,TN,No Face Detected by SCRFD
5149,Masked Images,000551__N95__masked.jpg,000551,N95,N95 Mask,000551,0.8061,0.35,TP,CORRECT_MATCH
5150,New_Images,005615.jpg,005615,NONE,Unmasked,UNRECOGNIZED,0.2706,0.35,TN,CORRECTLY_REJECTED_UNKNOWN
5151,New_Images,005114.jpg,005114,NONE,Unmasked,NO_FACE_DETECTED,0.0,0.35,TN,No Face Detected by SCRFD
5152,New_Images,007000.jpg,007000,NONE,Unmasked,UNRECOGNIZED,0.2814,0.35,TN,CORRECTLY_REJECTED_UNKNOWN
5153,New_Images,005757.jpg,005757,NONE,Unmasked,NO_FACE_DETECTED,0.0,0.35,TN,No Face Detected by SCRFD
5154,New_Images,005098.jpg,005098,NONE,Unmasked,NO_FACE_DETECTED,0.0,0.35,TN,No Face Detected by SCRFD
5155,New_Images,009504.jpg,009504,NONE,Unmasked,UNRECOGNIZED,0.2544,0.35,TN,CORRECTLY_REJECTED_UNKNOWN
5156,Masked Images,000691__SUR__masked.jpg,000691,SUR,Surgical Mask,000691,0.8185,0.35,TP,CORRECT_MATCH
5157,New_Images,008287.jpg,008287,NONE,Unmasked,UNRECOGNIZED,0.2728,0.35,TN,CORRECTLY_REJECTED_UNKNOWN
5158,New_Images,006482.jpg,006482,NONE,Unmasked,UNRECOGNIZED,0.3207,0.35,TN,CORRECTLY_REJECTED_UNKNOWN
5159,New_Images,006614.jpg,006614,NONE,Unmasked,NO_FACE_DETECTED,0.0,0.35,TN,No Face Detected by SCRFD
5160,New_Images,006088.jpg,006088,NONE,Unmasked,UNRECOGNIZED,0.3186,0.35,TN,CORRECTLY_REJECTED_UNKNOWN
5161,New_Images,005783.jpg,005783,NONE,Unmasked,UNRECOGNIZED,0.2458,0.35,TN,CORRECTLY_REJECTED_UNKNOWN
5162,New_Images,006203.jpg,006203,NONE,Unmasked,UNRECOGNIZED,0.239,0.35,TN,CORRECTLY_REJECTED_UNKNOWN
5163,Masked Images,000665__GAS__masked.jpg,000665,GAS,Gas Mask,000665,0.8525,0.35,TP,CORRECT_MATCH
5164,New_Images,007466.jpg,007466,NONE,Unmasked,UNRECOGNIZED,0.2483,0.35,TN,CORRECTLY_REJECTED_UNKNOWN
5165,New_Images,006112.jpg,006112,NONE,Unmasked,UNRECOGNIZED,0.2105,0.35,TN,CORRECTLY_REJECTED_UNKNOWN
5166,New_Images,005822.jpg,005822,NONE,Unmasked,NO_FACE_DETECTED,0.0,0.35,TN,No Face Detected by SCRFD
5167,New_Images,008997.jpg,008997,NONE,Unmasked,UNRECOGNIZED,0.2613,0.35,TN,CORRECTLY_REJECTED_UNKNOWN
5168,New_Images,007832.jpg,007832,NONE,Unmasked,NO_FACE_DETECTED,0.0,0.35,TN,No Face Detected by SCRFD
5169,New_Images,008133.jpg,008133,NONE,Unmasked,UNRECOGNIZED,0.2578,0.35,TN,CORRECTLY_REJECTED_UNKNOWN
5170,New_Images,006134.jpg,006134,NONE,Unmasked,UNRECOGNIZED,0.2812,0.35,TN,CORRECTLY_REJECTED_UNKNOWN
5171,New_Images,005888.jpg,005888,NONE,Unmasked,UNRECOGNIZED,0.3456,0.35,TN,CORRECTLY_REJECTED_UNKNOWN
5172,New_Images,005986.jpg,005986,NONE,Unmasked,NO_FACE_DETECTED,0.0,0.35,TN,No Face Detected by SCRFD
5173,New_Images,007549.jpg,007549,NONE,Unmasked,UNRECOGNIZED,0.297,0.35,TN,CORRECTLY_REJECTED_UNKNOWN
5174,New_Images,007751.jpg,007751,NONE,Unmasked,UNRECOGNIZED,0.3386,0.35,TN,CORRECTLY_REJECTED_UNKNOWN
5175,New_Images,005166.jpg,005166,NONE,Unmasked,NO_FACE_DETECTED,0.0,0.35,TN,No Face Detected by SCRFD
5176,New_Images,007515.jpg,007515,NONE,Unmasked,UNRECOGNIZED,0.2972,0.35,TN,CORRECTLY_REJECTED_UNKNOWN
5177,New_Images,009539.jpg,009539,NONE,Unmasked,NO_FACE_DETECTED,0.0,0.35,TN,No Face Detected by SCRFD
5178,New_Images,007358.jpg,007358,NONE,Unmasked,UNRECOGNIZED,0.2691,0.35,TN,CORRECTLY_REJECTED_UNKNOWN
5179,New_Images,007998.jpg,007998,NONE,Unmasked,UNRECOGNIZED,0.2475,0.35,TN,CORRECTLY_REJECTED_UNKNOWN
5180,New_Images,008881.jpg,008881,NONE,Unmasked,NO_FACE_DETECTED,0.0,0.35,TN,No Face Detected by SCRFD
5181,New_Images,007488.jpg,007488,NONE,Unmasked,UNRECOGNIZED,0.3103,0.35,TN,CORRECTLY_REJECTED_UNKNOWN
5182,New_Images,006462.jpg,006462,NONE,Unmasked,NO_FACE_DETECTED,0.0,0.35,TN,No Face Detected by SCRFD
5183,New_Images,008740.jpg,008740,NONE,Unmasked,UNRECOGNIZED,0.2613,0.35,TN,CORRECTLY_REJECTED_UNKNOWN
5184,New_Images,008441.jpg,008441,NONE,Unmasked,UNRECOGNIZED,0.2502,0.35,TN,CORRECTLY_REJECTED_UNKNOWN
5185,New_Images,008214.jpg,008214,NONE,Unmasked,UNRECOGNIZED,0.2758,0.35,TN,CORRECTLY_REJECTED_UNKNOWN
5186,New_Images,007669.jpg,007669,NONE,Unmasked,UNRECOGNIZED,0.3263,0.35,TN,CORRECTLY_REJECTED_UNKNOWN
5187,Masked Images,001132__K95__masked.jpg,001132,K95,KN95 Mask,001132,0.9157,0.35,TP,CORRECT_MATCH
5188,New_Images,007602.jpg,007602,NONE,Unmasked,UNRECOGNIZED,0.2969,0.35,TN,CORRECTLY_REJECTED_UNKNOWN
5189,Masked Images,001030__GAS__masked.jpg,001030,GAS,Gas Mask,001030,0.914,0.35,TP,CORRECT_MATCH
5190,New_Images,005904.jpg,005904,NONE,Unmasked,UNRECOGNIZED,0.2558,0.35,TN,CORRECTLY_REJECTED_UNKNOWN
5191,New_Images,008429.jpg,008429,NONE,Unmasked,UNRECOGNIZED,0.2468,0.35,TN,CORRECTLY_REJECTED_UNKNOWN
5192,Masked Images,000435__N95__masked.jpg,000435,N95,N95 Mask,000435,0.8384,0.35,TP,CORRECT_MATCH
5193,New_Images,007668.jpg,007668,NONE,Unmasked,UNRECOGNIZED,0.3352,0.35,TN,CORRECTLY_REJECTED_UNKNOWN
5194,New_Images,008106.jpg,008106,NONE,Unmasked,UNRECOGNIZED,0.2747,0.35,TN,CORRECTLY_REJECTED_UNKNOWN
5195,New_Images,005303.jpg,005303,NONE,Unmasked,NO_FACE_DETECTED,0.0,0.35,TN,No Face Detected by SCRFD
5196,New_Images,005655.jpg,005655,NONE,Unmasked,UNRECOGNIZED,0.2828,0.35,TN,CORRECTLY_REJECTED_UNKNOWN
5197,New_Images,007345.jpg,007345,NONE,Unmasked,UNRECOGNIZED,0.2251,0.35,TN,CORRECTLY_REJECTED_UNKNOWN
5198,Masked Images,000907__CLT__masked.jpg,000907,CLT,Cloth Mask,000907,0.9175,0.35,TP,CORRECT_MATCH
5199,Masked Images,000049__SUR__masked.jpg,000049,SUR,Surgical Mask,000049,0.9305,0.35,TP,CORRECT_MATCH
5200,New_Images,005071.jpg,005071,NONE,Unmasked,UNRECOGNIZED,0.242,0.35,TN,CORRECTLY_REJECTED_UNKNOWN
5201,New_Images,005861.jpg,005861,NONE,Unmasked,NO_FACE_DETECTED,0.0,0.35,TN,No Face Detected by SCRFD
5202,New_Images,007136.jpg,007136,NONE,Unmasked,NO_FACE_DETECTED,0.0,0.35,TN,No Face Detected by SCRFD
5203,New_Images,007912.jpg,007912,NONE,Unmasked,UNRECOGNIZED,0.2399,0.35,TN,CORRECTLY_REJECTED_UNKNOWN
5204,New_Images,007008.jpg,007008,NONE,Unmasked,NO_FACE_DETECTED,0.0,0.35,TN,No Face Detected by SCRFD
5205,New_Images,005455.jpg,005455,NONE,Unmasked,UNRECOGNIZED,0.3055,0.35,TN,CORRECTLY_REJECTED_UNKNOWN
5206,New_Images,008578.jpg,008578,NONE,Unmasked,UNRECOGNIZED,0.3016,0.35,TN,CORRECTLY_REJECTED_UNKNOWN
5207,New_Images,009022.jpg,009022,NONE,Unmasked,NO_FACE_DETECTED,0.0,0.35,TN,No Face Detected by SCRFD
5208,New_Images,007258.jpg,007258,NONE,Unmasked,NO_FACE_DETECTED,0.0,0.35,TN,No Face Detected by SCRFD
5209,New_Images,007593.jpg,007593,NONE,Unmasked,UNRECOGNIZED,0.2393,0.35,TN,CORRECTLY_REJECTED_UNKNOWN
5210,Masked Images,000626__N95__masked.jpg,000626,N95,N95 Mask,000626,0.8846,0.35,TP,CORRECT_MATCH
5211,New_Images,008870.jpg,008870,NONE,Unmasked,UNRECOGNIZED,0.2544,0.35,TN,CORRECTLY_REJECTED_UNKNOWN
5212,New_Images,007755.jpg,007755,NONE,Unmasked,UNRECOGNIZED,0.2422,0.35,TN,CORRECTLY_REJECTED_UNKNOWN
5213,New_Images,009544.jpg,009544,NONE,Unmasked,UNRECOGNIZED,0.1944,0.35,TN,CORRECTLY_REJECTED_UNKNOWN
5214,Masked Images,000399__CLT__masked.jpg,000399,CLT,Cloth Mask,000399,0.9316,0.35,TP,CORRECT_MATCH
5215,Masked Images,000215__SUR__masked.jpg,000215,SUR,Surgical Mask,000215,0.9126,0.35,TP,CORRECT_MATCH
5216,New_Images,005070.jpg,005070,NONE,Unmasked,UNRECOGNIZED,0.2644,0.35,TN,CORRECTLY_REJECTED_UNKNOWN
5217,New_Images,005494.jpg,005494,NONE,Unmasked,UNRECOGNIZED,0.2337,0.35,TN,CORRECTLY_REJECTED_UNKNOWN
5218,New_Images,009414.jpg,009414,NONE,Unmasked,UNRECOGNIZED,0.2298,0.35,TN,CORRECTLY_REJECTED_UNKNOWN
5219,New_Images,006405.jpg,006405,NONE,Unmasked,UNRECOGNIZED,0.2904,0.35,TN,CORRECTLY_REJECTED_UNKNOWN
5220,New_Images,005787.jpg,005787,NONE,Unmasked,NO_FACE_DETECTED,0.0,0.35,TN,No Face Detected by SCRFD
5221,Masked Images,000796__SUR__masked.jpg,000796,SUR,Surgical Mask,000796,0.8673,0.35,TP,CORRECT_MATCH
5222,New_Images,006608.jpg,006608,NONE,Unmasked,UNRECOGNIZED,0.2555,0.35,TN,CORRECTLY_REJECTED_UNKNOWN
5223,New_Images,008935.jpg,008935,NONE,Unmasked,UNRECOGNIZED,0.2673,0.35,TN,CORRECTLY_REJECTED_UNKNOWN
5224,New_Images,009048.jpg,009048,NONE,Unmasked,NO_FACE_DETECTED,0.0,0.35,TN,No Face Detected by SCRFD
5225,New_Images,008085.jpg,008085,NONE,Unmasked,UNRECOGNIZED,0.2108,0.35,TN,CORRECTLY_REJECTED_UNKNOWN
5226,New_Images,006187.jpg,006187,NONE,Unmasked,UNRECOGNIZED,0.2685,0.35,TN,CORRECTLY_REJECTED_UNKNOWN
5227,Masked Images,000725__GAS__masked.jpg,000725,GAS,Gas Mask,000725,0.861,0.35,TP,CORRECT_MATCH
5228,New_Images,005253.jpg,005253,NONE,Unmasked,NO_FACE_DETECTED,0.0,0.35,TN,No Face Detected by SCRFD
5229,New_Images,007739.jpg,007739,NONE,Unmasked,UNRECOGNIZED,0.287,0.35,TN,CORRECTLY_REJECTED_UNKNOWN
5230,New_Images,008050.jpg,008050,NONE,Unmasked,NO_FACE_DETECTED,0.0,0.35,TN,No Face Detected by SCRFD
5231,New_Images,005613.jpg,005613,NONE,Unmasked,UNRECOGNIZED,0.2276,0.35,TN,CORRECTLY_REJECTED_UNKNOWN
5232,New_Images,007485.jpg,007485,NONE,Unmasked,UNRECOGNIZED,0.29,0.35,TN,CORRECTLY_REJECTED_UNKNOWN
5233,New_Images,009219.jpg,009219,NONE,Unmasked,NO_FACE_DETECTED,0.0,0.35,TN,No Face Detected by SCRFD
5234,New_Images,007672.jpg,007672,NONE,Unmasked,NO_FACE_DETECTED,0.0,0.35,TN,No Face Detected by SCRFD
5235,New_Images,006502.jpg,006502,NONE,Unmasked,UNRECOGNIZED,0.2236,0.35,TN,CORRECTLY_REJECTED_UNKNOWN
5236,New_Images,009429.jpg,009429,NONE,Unmasked,UNRECOGNIZED,0.2567,0.35,TN,CORRECTLY_REJECTED_UNKNOWN
5237,New_Images,008614.jpg,008614,NONE,Unmasked,UNRECOGNIZED,0.2798,0.35,TN,CORRECTLY_REJECTED_UNKNOWN
5238,New_Images,007384.jpg,007384,NONE,Unmasked,UNRECOGNIZED,0.2169,0.35,TN,CORRECTLY_REJECTED_UNKNOWN
5239,New_Images,005584.jpg,005584,NONE,Unmasked,NO_FACE_DETECTED,0.0,0.35,TN,No Face Detected by SCRFD
5240,New_Images,006213.jpg,006213,NONE,Unmasked,UNRECOGNIZED,0.2599,0.35,TN,CORRECTLY_REJECTED_UNKNOWN
5241,New_Images,006352.jpg,006352,NONE,Unmasked,UNRECOGNIZED,0.2239,0.35,TN,CORRECTLY_REJECTED_UNKNOWN
5242,Masked Images,000006__CLT__masked.jpg,000006,CLT,Cloth Mask,000006,0.8828,0.35,TP,CORRECT_MATCH
5243,New_Images,008351.jpg,008351,NONE,Unmasked,UNRECOGNIZED,0.1964,0.35,TN,CORRECTLY_REJECTED_UNKNOWN
5244,New_Images,007189.jpg,007189,NONE,Unmasked,UNRECOGNIZED,0.2094,0.35,TN,CORRECTLY_REJECTED_UNKNOWN
5245,New_Images,006328.jpg,006328,NONE,Unmasked,NO_FACE_DETECTED,0.0,0.35,TN,No Face Detected by SCRFD
5246,New_Images,008525.jpg,008525,NONE,Unmasked,UNRECOGNIZED,0.2197,0.35,TN,CORRECTLY_REJECTED_UNKNOWN
5247,New_Images,008905.jpg,008905,NONE,Unmasked,NO_FACE_DETECTED,0.0,0.35,TN,No Face Detected by SCRFD
5248,New_Images,005288.jpg,005288,NONE,Unmasked,NO_FACE_DETECTED,0.0,0.35,TN,No Face Detected by SCRFD
5249,New_Images,006968.jpg,006968,NONE,Unmasked,UNRECOGNIZED,0.2361,0.35,TN,CORRECTLY_REJECTED_UNKNOWN
5250,New_Images,007307.jpg,007307,NONE,Unmasked,UNRECOGNIZED,0.3008,0.35,TN,CORRECTLY_REJECTED_UNKNOWN
5251,New_Images,005434.jpg,005434,NONE,Unmasked,UNRECOGNIZED,0.2294,0.35,TN,CORRECTLY_REJECTED_UNKNOWN
5252,Masked Images,001080__K95__masked.jpg,001080,K95,KN95 Mask,001080,0.9526,0.35,TP,CORRECT_MATCH
5253,New_Images,008404.jpg,008404,NONE,Unmasked,UNRECOGNIZED,0.2506,0.35,TN,CORRECTLY_REJECTED_UNKNOWN
5254,New_Images,006285.jpg,006285,NONE,Unmasked,UNRECOGNIZED,0.2383,0.35,TN,CORRECTLY_REJECTED_UNKNOWN
5255,New_Images,007159.jpg,007159,NONE,Unmasked,UNRECOGNIZED,0.2503,0.35,TN,CORRECTLY_REJECTED_UNKNOWN
5256,New_Images,006535.jpg,006535,NONE,Unmasked,UNRECOGNIZED,0.238,0.35,TN,CORRECTLY_REJECTED_UNKNOWN
5257,New_Images,007208.jpg,007208,NONE,Unmasked,UNRECOGNIZED,0.2872,0.35,TN,CORRECTLY_REJECTED_UNKNOWN
5258,New_Images,006396.jpg,006396,NONE,Unmasked,NO_FACE_DETECTED,0.0,0.35,TN,No Face Detected by SCRFD
5259,New_Images,008017.jpg,008017,NONE,Unmasked,NO_FACE_DETECTED,0.0,0.35,TN,No Face Detected by SCRFD
5260,New_Images,006323.jpg,006323,NONE,Unmasked,UNRECOGNIZED,0.2699,0.35,TN,CORRECTLY_REJECTED_UNKNOWN
5261,Masked Images,001058__SUR__masked.jpg,001058,SUR,Surgical Mask,001058,0.8143,0.35,TP,CORRECT_MATCH
5262,New_Images,006434.jpg,006434,NONE,Unmasked,UNRECOGNIZED,0.2333,0.35,TN,CORRECTLY_REJECTED_UNKNOWN
5263,New_Images,008967.jpg,008967,NONE,Unmasked,NO_FACE_DETECTED,0.0,0.35,TN,No Face Detected by SCRFD
5264,New_Images,006567.jpg,006567,NONE,Unmasked,NO_FACE_DETECTED,0.0,0.35,TN,No Face Detected by SCRFD
5265,Masked Images,000601__CLT__masked.jpg,000601,CLT,Cloth Mask,000601,0.8893,0.35,TP,CORRECT_MATCH
5266,New_Images,007396.jpg,007396,NONE,Unmasked,UNRECOGNIZED,0.2196,0.35,TN,CORRECTLY_REJECTED_UNKNOWN
5267,New_Images,006846.jpg,006846,NONE,Unmasked,UNRECOGNIZED,0.2924,0.35,TN,CORRECTLY_REJECTED_UNKNOWN
5268,New_Images,005477.jpg,005477,NONE,Unmasked,UNRECOGNIZED,0.2437,0.35,TN,CORRECTLY_REJECTED_UNKNOWN
5269,New_Images,008273.jpg,008273,NONE,Unmasked,UNRECOGNIZED,0.2114,0.35,TN,CORRECTLY_REJECTED_UNKNOWN
5270,New_Images,008122.jpg,008122,NONE,Unmasked,NO_FACE_DETECTED,0.0,0.35,TN,No Face Detected by SCRFD
5271,Masked Images,000016__CLT__masked.jpg,000016,CLT,Cloth Mask,000016,0.9195,0.35,TP,CORRECT_MATCH
5272,New_Images,007435.jpg,007435,NONE,Unmasked,UNRECOGNIZED,0.2271,0.35,TN,CORRECTLY_REJECTED_UNKNOWN
5273,Masked Images,000384__CLT__masked.jpg,000384,CLT,Cloth Mask,000384,0.8628,0.35,TP,CORRECT_MATCH
5274,New_Images,005949.jpg,005949,NONE,Unmasked,UNRECOGNIZED,0.2611,0.35,TN,CORRECTLY_REJECTED_UNKNOWN
5275,New_Images,005420.jpg,005420,NONE,Unmasked,UNRECOGNIZED,0.225,0.35,TN,CORRECTLY_REJECTED_UNKNOWN
5276,New_Images,008586.jpg,008586,NONE,Unmasked,UNRECOGNIZED,0.2552,0.35,TN,CORRECTLY_REJECTED_UNKNOWN
5277,New_Images,007018.jpg,007018,NONE,Unmasked,NO_FACE_DETECTED,0.0,0.35,TN,No Face Detected by SCRFD
5278,Masked Images,000982__K95__masked.jpg,000982,K95,KN95 Mask,000982,0.9446,0.35,TP,CORRECT_MATCH
5279,New_Images,008052.jpg,008052,NONE,Unmasked,UNRECOGNIZED,0.2532,0.35,TN,CORRECTLY_REJECTED_UNKNOWN
5280,New_Images,008829.jpg,008829,NONE,Unmasked,UNRECOGNIZED,0.2217,0.35,TN,CORRECTLY_REJECTED_UNKNOWN
5281,New_Images,007437.jpg,007437,NONE,Unmasked,UNRECOGNIZED,0.2474,0.35,TN,CORRECTLY_REJECTED_UNKNOWN
5282,New_Images,009318.jpg,009318,NONE,Unmasked,UNRECOGNIZED,0.2722,0.35,TN,CORRECTLY_REJECTED_UNKNOWN
5283,New_Images,006694.jpg,006694,NONE,Unmasked,UNRECOGNIZED,0.2627,0.35,TN,CORRECTLY_REJECTED_UNKNOWN
5284,New_Images,007422.jpg,007422,NONE,Unmasked,UNRECOGNIZED,0.2201,0.35,TN,CORRECTLY_REJECTED_UNKNOWN
5285,New_Images,008750.jpg,008750,NONE,Unmasked,UNRECOGNIZED,0.2668,0.35,TN,CORRECTLY_REJECTED_UNKNOWN
5286,Masked Images,000922__CLT__masked.jpg,000922,CLT,Cloth Mask,000922,0.8954,0.35,TP,CORRECT_MATCH
5287,Masked Images,000333__CLT__masked.jpg,000333,CLT,Cloth Mask,000333,0.9208,0.35,TP,CORRECT_MATCH
5288,New_Images,006037.jpg,006037,NONE,Unmasked,UNRECOGNIZED,0.2436,0.35,TN,CORRECTLY_REJECTED_UNKNOWN
5289,New_Images,008619.jpg,008619,NONE,Unmasked,UNRECOGNIZED,0.2804,0.35,TN,CORRECTLY_REJECTED_UNKNOWN
5290,New_Images,005325.jpg,005325,NONE,Unmasked,NO_FACE_DETECTED,0.0,0.35,TN,No Face Detected by SCRFD
5291,New_Images,006002.jpg,006002,NONE,Unmasked,UNRECOGNIZED,0.2648,0.35,TN,CORRECTLY_REJECTED_UNKNOWN
5292,Masked Images,000979__GAS__masked.jpg,000979,GAS,Gas Mask,000979,0.9158,0.35,TP,CORRECT_MATCH
5293,Masked Images,000244__N95__masked.jpg,000244,N95,N95 Mask,000244,0.9143,0.35,TP,CORRECT_MATCH
5294,New_Images,006575.jpg,006575,NONE,Unmasked,UNRECOGNIZED,0.2691,0.35,TN,CORRECTLY_REJECTED_UNKNOWN
5295,New_Images,009581.jpg,009581,NONE,Unmasked,UNRECOGNIZED,0.2418,0.35,TN,CORRECTLY_REJECTED_UNKNOWN
5296,New_Images,007137.jpg,007137,NONE,Unmasked,UNRECOGNIZED,0.2147,0.35,TN,CORRECTLY_REJECTED_UNKNOWN
5297,New_Images,008036.jpg,008036,NONE,Unmasked,UNRECOGNIZED,0.254,0.35,TN,CORRECTLY_REJECTED_UNKNOWN
5298,New_Images,009118.jpg,009118,NONE,Unmasked,UNRECOGNIZED,0.2794,0.35,TN,CORRECTLY_REJECTED_UNKNOWN
5299,New_Images,006739.jpg,006739,NONE,Unmasked,NO_FACE_DETECTED,0.0,0.35,TN,No Face Detected by SCRFD
5300,New_Images,006149.jpg,006149,NONE,Unmasked,NO_FACE_DETECTED,0.0,0.35,TN,No Face Detected by SCRFD
5301,Masked Images,000596__CLT__masked.jpg,000596,CLT,Cloth Mask,000596,0.9146,0.35,TP,CORRECT_MATCH
5302,New_Images,006145.jpg,006145,NONE,Unmasked,UNRECOGNIZED,0.2449,0.35,TN,CORRECTLY_REJECTED_UNKNOWN
5303,New_Images,006552.jpg,006552,NONE,Unmasked,UNRECOGNIZED,0.2876,0.35,TN,CORRECTLY_REJECTED_UNKNOWN
5304,New_Images,007127.jpg,007127,NONE,Unmasked,UNRECOGNIZED,0.2097,0.35,TN,CORRECTLY_REJECTED_UNKNOWN
5305,New_Images,005445.jpg,005445,NONE,Unmasked,UNRECOGNIZED,0.2373,0.35,TN,CORRECTLY_REJECTED_UNKNOWN
5306,Masked Images,000208__CLT__masked.jpg,000208,CLT,Cloth Mask,000208,0.8623,0.35,TP,CORRECT_MATCH
5307,New_Images,005689.jpg,005689,NONE,Unmasked,UNRECOGNIZED,0.2752,0.35,TN,CORRECTLY_REJECTED_UNKNOWN
5308,New_Images,005727.jpg,005727,NONE,Unmasked,UNRECOGNIZED,0.2431,0.35,TN,CORRECTLY_REJECTED_UNKNOWN
5309,New_Images,006363.jpg,006363,NONE,Unmasked,UNRECOGNIZED,0.2266,0.35,TN,CORRECTLY_REJECTED_UNKNOWN
5310,New_Images,006727.jpg,006727,NONE,Unmasked,NO_FACE_DETECTED,0.0,0.35,TN,No Face Detected by SCRFD
5311,New_Images,007633.jpg,007633,NONE,Unmasked,UNRECOGNIZED,0.2712,0.35,TN,CORRECTLY_REJECTED_UNKNOWN
5312,New_Images,005497.jpg,005497,NONE,Unmasked,NO_FACE_DETECTED,0.0,0.35,TN,No Face Detected by SCRFD
5313,New_Images,005685.jpg,005685,NONE,Unmasked,UNRECOGNIZED,0.2592,0.35,TN,CORRECTLY_REJECTED_UNKNOWN
5314,New_Images,007718.jpg,007718,NONE,Unmasked,UNRECOGNIZED,0.2675,0.35,TN,CORRECTLY_REJECTED_UNKNOWN
5315,Masked Images,000337__K95__masked.jpg,000337,K95,KN95 Mask,000337,0.9586,0.35,TP,CORRECT_MATCH
5316,New_Images,006996.jpg,006996,NONE,Unmasked,UNRECOGNIZED,0.2179,0.35,TN,CORRECTLY_REJECTED_UNKNOWN
5317,Masked Images,000919__SUR__masked.jpg,000919,SUR,Surgical Mask,000919,0.8693,0.35,TP,CORRECT_MATCH
5318,New_Images,005167.jpg,005167,NONE,Unmasked,NO_FACE_DETECTED,0.0,0.35,TN,No Face Detected by SCRFD
5319,New_Images,009479.jpg,009479,NONE,Unmasked,UNRECOGNIZED,0.2272,0.35,TN,CORRECTLY_REJECTED_UNKNOWN
5320,New_Images,005895.jpg,005895,NONE,Unmasked,NO_FACE_DETECTED,0.0,0.35,TN,No Face Detected by SCRFD
5321,New_Images,007235.jpg,007235,NONE,Unmasked,UNRECOGNIZED,0.2599,0.35,TN,CORRECTLY_REJECTED_UNKNOWN
5322,New_Images,006584.jpg,006584,NONE,Unmasked,NO_FACE_DETECTED,0.0,0.35,TN,No Face Detected by SCRFD
5323,New_Images,005332.jpg,005332,NONE,Unmasked,UNRECOGNIZED,0.3026,0.35,TN,CORRECTLY_REJECTED_UNKNOWN
5324,Masked Images,000218__CLT__masked.jpg,000218,CLT,Cloth Mask,000218,0.9127,0.35,TP,CORRECT_MATCH
5325,New_Images,007240.jpg,007240,NONE,Unmasked,NO_FACE_DETECTED,0.0,0.35,TN,No Face Detected by SCRFD
5326,New_Images,005313.jpg,005313,NONE,Unmasked,NO_FACE_DETECTED,0.0,0.35,TN,No Face Detected by SCRFD
5327,New_Images,005194.jpg,005194,NONE,Unmasked,UNRECOGNIZED,0.2842,0.35,TN,CORRECTLY_REJECTED_UNKNOWN
5328,New_Images,005802.jpg,005802,NONE,Unmasked,UNRECOGNIZED,0.2099,0.35,TN,CORRECTLY_REJECTED_UNKNOWN
5329,New_Images,005129.jpg,005129,NONE,Unmasked,UNRECOGNIZED,0.3455,0.35,TN,CORRECTLY_REJECTED_UNKNOWN
5330,New_Images,008947.jpg,008947,NONE,Unmasked,UNRECOGNIZED,0.3063,0.35,TN,CORRECTLY_REJECTED_UNKNOWN
5331,New_Images,009393.jpg,009393,NONE,Unmasked,UNRECOGNIZED,0.2526,0.35,TN,CORRECTLY_REJECTED_UNKNOWN
5332,New_Images,008449.jpg,008449,NONE,Unmasked,UNRECOGNIZED,0.212,0.35,TN,CORRECTLY_REJECTED_UNKNOWN
5333,New_Images,006760.jpg,006760,NONE,Unmasked,NO_FACE_DETECTED,0.0,0.35,TN,No Face Detected by SCRFD
5334,Masked Images,000874__K95__masked.jpg,000874,K95,KN95 Mask,000874,0.9004,0.35,TP,CORRECT_MATCH
5335,New_Images,005907.jpg,005907,NONE,Unmasked,NO_FACE_DETECTED,0.0,0.35,TN,No Face Detected by SCRFD
5336,New_Images,005583.jpg,005583,NONE,Unmasked,UNRECOGNIZED,0.2145,0.35,TN,CORRECTLY_REJECTED_UNKNOWN
5337,New_Images,006794.jpg,006794,NONE,Unmasked,UNRECOGNIZED,0.2535,0.35,TN,CORRECTLY_REJECTED_UNKNOWN
5338,Masked Images,000346__N95__masked.jpg,000346,N95,N95 Mask,000346,0.8652,0.35,TP,CORRECT_MATCH
5339,New_Images,006850.jpg,006850,NONE,Unmasked,UNRECOGNIZED,0.2518,0.35,TN,CORRECTLY_REJECTED_UNKNOWN
5340,New_Images,006388.jpg,006388,NONE,Unmasked,UNRECOGNIZED,0.2907,0.35,TN,CORRECTLY_REJECTED_UNKNOWN
5341,Masked Images,000362__K95__masked.jpg,000362,K95,KN95 Mask,000362,0.9497,0.35,TP,CORRECT_MATCH
5342,Masked Images,001082__GAS__masked.jpg,001082,GAS,Gas Mask,001082,0.5955,0.35,TP,CORRECT_MATCH
5343,New_Images,007383.jpg,007383,NONE,Unmasked,UNRECOGNIZED,0.2638,0.35,TN,CORRECTLY_REJECTED_UNKNOWN
5344,New_Images,005076.jpg,005076,NONE,Unmasked,UNRECOGNIZED,0.258,0.35,TN,CORRECTLY_REJECTED_UNKNOWN
5345,New_Images,008389.jpg,008389,NONE,Unmasked,UNRECOGNIZED,0.2539,0.35,TN,CORRECTLY_REJECTED_UNKNOWN
5346,New_Images,008634.jpg,008634,NONE,Unmasked,UNRECOGNIZED,0.245,0.35,TN,CORRECTLY_REJECTED_UNKNOWN
5347,New_Images,006887.jpg,006887,NONE,Unmasked,UNRECOGNIZED,0.2362,0.35,TN,CORRECTLY_REJECTED_UNKNOWN
5348,Masked Images,000314__SUR__masked.jpg,000314,SUR,Surgical Mask,000314,0.9187,0.35,TP,CORRECT_MATCH
5349,New_Images,008332.jpg,008332,NONE,Unmasked,NO_FACE_DETECTED,0.0,0.35,TN,No Face Detected by SCRFD
5350,New_Images,005084.jpg,005084,NONE,Unmasked,UNRECOGNIZED,0.2294,0.35,TN,CORRECTLY_REJECTED_UNKNOWN
5351,Masked Images,000647__N95__masked.jpg,000647,N95,N95 Mask,000647,0.8365,0.35,TP,CORRECT_MATCH
5352,New_Images,009449.jpg,009449,NONE,Unmasked,UNRECOGNIZED,0.2367,0.35,TN,CORRECTLY_REJECTED_UNKNOWN
5353,Masked Images,000084__GAS__masked.jpg,000084,GAS,Gas Mask,000084,0.9052,0.35,TP,CORRECT_MATCH
5354,New_Images,008457.jpg,008457,NONE,Unmasked,UNRECOGNIZED,0.2343,0.35,TN,CORRECTLY_REJECTED_UNKNOWN
5355,New_Images,007366.jpg,007366,NONE,Unmasked,NO_FACE_DETECTED,0.0,0.35,TN,No Face Detected by SCRFD
5356,New_Images,008382.jpg,008382,NONE,Unmasked,NO_FACE_DETECTED,0.0,0.35,TN,No Face Detected by SCRFD
5357,New_Images,007482.jpg,007482,NONE,Unmasked,UNRECOGNIZED,0.2803,0.35,TN,CORRECTLY_REJECTED_UNKNOWN
5358,New_Images,009457.jpg,009457,NONE,Unmasked,NO_FACE_DETECTED,0.0,0.35,TN,No Face Detected by SCRFD
5359,New_Images,006008.jpg,006008,NONE,Unmasked,NO_FACE_DETECTED,0.0,0.35,TN,No Face Detected by SCRFD
5360,New_Images,009082.jpg,009082,NONE,Unmasked,UNRECOGNIZED,0.3029,0.35,TN,CORRECTLY_REJECTED_UNKNOWN
5361,Masked Images,001109__N95__masked.jpg,001109,N95,N95 Mask,001109,0.8418,0.35,TP,CORRECT_MATCH
5362,New_Images,006595.jpg,006595,NONE,Unmasked,UNRECOGNIZED,0.2094,0.35,TN,CORRECTLY_REJECTED_UNKNOWN
5363,Masked Images,000032__GAS__masked.jpg,000032,GAS,Gas Mask,000032,0.8692,0.35,TP,CORRECT_MATCH
5364,Masked Images,000382__N95__masked.jpg,000382,N95,N95 Mask,000382,0.7989,0.35,TP,CORRECT_MATCH
5365,New_Images,006129.jpg,006129,NONE,Unmasked,UNRECOGNIZED,0.2334,0.35,TN,CORRECTLY_REJECTED_UNKNOWN
5366,New_Images,009376.jpg,009376,NONE,Unmasked,UNRECOGNIZED,0.292,0.35,TN,CORRECTLY_REJECTED_UNKNOWN
5367,New_Images,009059.jpg,009059,NONE,Unmasked,UNRECOGNIZED,0.2431,0.35,TN,CORRECTLY_REJECTED_UNKNOWN
5368,Masked Images,000787__N95__masked.jpg,000787,N95,N95 Mask,000787,0.8173,0.35,TP,CORRECT_MATCH
5369,Masked Images,000440__N95__masked.jpg,000440,N95,N95 Mask,000440,0.8477,0.35,TP,CORRECT_MATCH
5370,New_Images,005920.jpg,005920,NONE,Unmasked,UNRECOGNIZED,0.2671,0.35,TN,CORRECTLY_REJECTED_UNKNOWN
5371,New_Images,009451.jpg,009451,NONE,Unmasked,UNRECOGNIZED,0.2409,0.35,TN,CORRECTLY_REJECTED_UNKNOWN
5372,New_Images,008003.jpg,008003,NONE,Unmasked,UNRECOGNIZED,0.216,0.35,TN,CORRECTLY_REJECTED_UNKNOWN
5373,New_Images,006025.jpg,006025,NONE,Unmasked,UNRECOGNIZED,0.2429,0.35,TN,CORRECTLY_REJECTED_UNKNOWN
5374,New_Images,009058.jpg,009058,NONE,Unmasked,NO_FACE_DETECTED,0.0,0.35,TN,No Face Detected by SCRFD
5375,New_Images,005530.jpg,005530,NONE,Unmasked,NO_FACE_DETECTED,0.0,0.35,TN,No Face Detected by SCRFD
5376,New_Images,006671.jpg,006671,NONE,Unmasked,UNRECOGNIZED,0.2641,0.35,TN,CORRECTLY_REJECTED_UNKNOWN
5377,New_Images,005588.jpg,005588,NONE,Unmasked,UNRECOGNIZED,0.253,0.35,TN,CORRECTLY_REJECTED_UNKNOWN
5378,New_Images,008817.jpg,008817,NONE,Unmasked,UNRECOGNIZED,0.2544,0.35,TN,CORRECTLY_REJECTED_UNKNOWN
5379,New_Images,006171.jpg,006171,NONE,Unmasked,NO_FACE_DETECTED,0.0,0.35,TN,No Face Detected by SCRFD
5380,New_Images,006094.jpg,006094,NONE,Unmasked,UNRECOGNIZED,0.2633,0.35,TN,CORRECTLY_REJECTED_UNKNOWN
5381,New_Images,009594.jpg,009594,NONE,Unmasked,NO_FACE_DETECTED,0.0,0.35,TN,No Face Detected by SCRFD
5382,New_Images,009485.jpg,009485,NONE,Unmasked,UNRECOGNIZED,0.2178,0.35,TN,CORRECTLY_REJECTED_UNKNOWN
5383,Masked Images,000910__N95__masked.jpg,000910,N95,N95 Mask,000910,0.8987,0.35,TP,CORRECT_MATCH
5384,Masked Images,000980__SUR__masked.jpg,000980,SUR,Surgical Mask,000980,0.6656,0.35,TP,CORRECT_MATCH
5385,New_Images,009584.jpg,009584,NONE,Unmasked,UNRECOGNIZED,0.216,0.35,TN,CORRECTLY_REJECTED_UNKNOWN
5386,Masked Images,001140__SUR__masked.jpg,001140,SUR,Surgical Mask,001140,0.8968,0.35,TP,CORRECT_MATCH
5387,Masked Images,000880__CLT__masked.jpg,000880,CLT,Cloth Mask,000880,0.9199,0.35,TP,CORRECT_MATCH
5388,New_Images,006315.jpg,006315,NONE,Unmasked,UNRECOGNIZED,0.2417,0.35,TN,CORRECTLY_REJECTED_UNKNOWN
5389,New_Images,008406.jpg,008406,NONE,Unmasked,UNRECOGNIZED,0.24,0.35,TN,CORRECTLY_REJECTED_UNKNOWN
5390,Masked Images,000069__GAS__masked.jpg,000069,GAS,Gas Mask,000069,0.8778,0.35,TP,CORRECT_MATCH
5391,New_Images,008196.jpg,008196,NONE,Unmasked,UNRECOGNIZED,0.3118,0.35,TN,CORRECTLY_REJECTED_UNKNOWN
5392,New_Images,009220.jpg,009220,NONE,Unmasked,UNRECOGNIZED,0.2571,0.35,TN,CORRECTLY_REJECTED_UNKNOWN
5393,New_Images,008873.jpg,008873,NONE,Unmasked,UNRECOGNIZED,0.2507,0.35,TN,CORRECTLY_REJECTED_UNKNOWN
5394,New_Images,006341.jpg,006341,NONE,Unmasked,UNRECOGNIZED,0.2886,0.35,TN,CORRECTLY_REJECTED_UNKNOWN
5395,New_Images,008313.jpg,008313,NONE,Unmasked,UNRECOGNIZED,0.2525,0.35,TN,CORRECTLY_REJECTED_UNKNOWN
5396,New_Images,007452.jpg,007452,NONE,Unmasked,UNRECOGNIZED,0.2846,0.35,TN,CORRECTLY_REJECTED_UNKNOWN
5397,New_Images,005155.jpg,005155,NONE,Unmasked,UNRECOGNIZED,0.2937,0.35,TN,CORRECTLY_REJECTED_UNKNOWN
5398,New_Images,006197.jpg,006197,NONE,Unmasked,UNRECOGNIZED,0.2253,0.35,TN,CORRECTLY_REJECTED_UNKNOWN
5399,New_Images,006890.jpg,006890,NONE,Unmasked,NO_FACE_DETECTED,0.0,0.35,TN,No Face Detected by SCRFD
5400,New_Images,005864.jpg,005864,NONE,Unmasked,UNRECOGNIZED,0.2113,0.35,TN,CORRECTLY_REJECTED_UNKNOWN
5401,Masked Images,000591__CLT__masked.jpg,000591,CLT,Cloth Mask,000591,0.8946,0.35,TP,CORRECT_MATCH
5402,New_Images,006722.jpg,006722,NONE,Unmasked,NO_FACE_DETECTED,0.0,0.35,TN,No Face Detected by SCRFD
5403,Masked Images,001125__SUR__masked.jpg,001125,SUR,Surgical Mask,001125,0.4985,0.35,TP,CORRECT_MATCH
5404,New_Images,009333.jpg,009333,NONE,Unmasked,NO_FACE_DETECTED,0.0,0.35,TN,No Face Detected by SCRFD
5405,New_Images,008007.jpg,008007,NONE,Unmasked,UNRECOGNIZED,0.2497,0.35,TN,CORRECTLY_REJECTED_UNKNOWN
5406,New_Images,005609.jpg,005609,NONE,Unmasked,NO_FACE_DETECTED,0.0,0.35,TN,No Face Detected by SCRFD
5407,New_Images,008267.jpg,008267,NONE,Unmasked,NO_FACE_DETECTED,0.0,0.35,TN,No Face Detected by SCRFD
5408,Masked Images,000631__SUR__masked.jpg,000631,SUR,Surgical Mask,000631,0.8103,0.35,TP,CORRECT_MATCH
5409,Masked Images,000851__GAS__masked.jpg,000851,GAS,Gas Mask,000851,0.8742,0.35,TP,CORRECT_MATCH
5410,New_Images,008475.jpg,008475,NONE,Unmasked,NO_FACE_DETECTED,0.0,0.35,TN,No Face Detected by SCRFD
5411,New_Images,008951.jpg,008951,NONE,Unmasked,UNRECOGNIZED,0.2859,0.35,TN,CORRECTLY_REJECTED_UNKNOWN
5412,New_Images,007617.jpg,007617,NONE,Unmasked,NO_FACE_DETECTED,0.0,0.35,TN,No Face Detected by SCRFD
5413,Masked Images,000081__N95__masked.jpg,000081,N95,N95 Mask,000081,0.901,0.35,TP,CORRECT_MATCH
5414,Masked Images,000623__GAS__masked.jpg,000623,GAS,Gas Mask,000623,0.8774,0.35,TP,CORRECT_MATCH
5415,New_Images,006453.jpg,006453,NONE,Unmasked,UNRECOGNIZED,0.274,0.35,TN,CORRECTLY_REJECTED_UNKNOWN
5416,New_Images,007608.jpg,007608,NONE,Unmasked,UNRECOGNIZED,0.2196,0.35,TN,CORRECTLY_REJECTED_UNKNOWN
5417,New_Images,006320.jpg,006320,NONE,Unmasked,UNRECOGNIZED,0.2409,0.35,TN,CORRECTLY_REJECTED_UNKNOWN
5418,New_Images,009150.jpg,009150,NONE,Unmasked,UNRECOGNIZED,0.2409,0.35,TN,CORRECTLY_REJECTED_UNKNOWN
5419,Masked Images,001111__K95__masked.jpg,001111,K95,KN95 Mask,001111,0.7298,0.35,TP,CORRECT_MATCH
5420,New_Images,007105.jpg,007105,NONE,Unmasked,NO_FACE_DETECTED,0.0,0.35,TN,No Face Detected by SCRFD
5421,New_Images,006038.jpg,006038,NONE,Unmasked,UNRECOGNIZED,0.2425,0.35,TN,CORRECTLY_REJECTED_UNKNOWN
5422,New_Images,005818.jpg,005818,NONE,Unmasked,UNRECOGNIZED,0.2167,0.35,TN,CORRECTLY_REJECTED_UNKNOWN
5423,New_Images,006436.jpg,006436,NONE,Unmasked,UNRECOGNIZED,0.3083,0.35,TN,CORRECTLY_REJECTED_UNKNOWN
5424,New_Images,005536.jpg,005536,NONE,Unmasked,UNRECOGNIZED,0.2618,0.35,TN,CORRECTLY_REJECTED_UNKNOWN
5425,New_Images,005999.jpg,005999,NONE,Unmasked,NO_FACE_DETECTED,0.0,0.35,TN,No Face Detected by SCRFD
5426,New_Images,006454.jpg,006454,NONE,Unmasked,NO_FACE_DETECTED,0.0,0.35,TN,No Face Detected by SCRFD
5427,New_Images,008145.jpg,008145,NONE,Unmasked,NO_FACE_DETECTED,0.0,0.35,TN,No Face Detected by SCRFD
5428,New_Images,008493.jpg,008493,NONE,Unmasked,NO_FACE_DETECTED,0.0,0.35,TN,No Face Detected by SCRFD
5429,New_Images,008644.jpg,008644,NONE,Unmasked,NO_FACE_DETECTED,0.0,0.35,TN,No Face Detected by SCRFD
5430,New_Images,009248.jpg,009248,NONE,Unmasked,UNRECOGNIZED,0.2799,0.35,TN,CORRECTLY_REJECTED_UNKNOWN
5431,New_Images,007297.jpg,007297,NONE,Unmasked,NO_FACE_DETECTED,0.0,0.35,TN,No Face Detected by SCRFD
5432,Masked Images,000702__N95__masked.jpg,000702,N95,N95 Mask,000702,0.8709,0.35,TP,CORRECT_MATCH
5433,New_Images,008936.jpg,008936,NONE,Unmasked,UNRECOGNIZED,0.268,0.35,TN,CORRECTLY_REJECTED_UNKNOWN
5434,Masked Images,000345__SUR__masked.jpg,000345,SUR,Surgical Mask,000345,0.8766,0.35,TP,CORRECT_MATCH
5435,New_Images,008733.jpg,008733,NONE,Unmasked,UNRECOGNIZED,0.2769,0.35,TN,CORRECTLY_REJECTED_UNKNOWN
5436,New_Images,008605.jpg,008605,NONE,Unmasked,UNRECOGNIZED,0.2982,0.35,TN,CORRECTLY_REJECTED_UNKNOWN
5437,New_Images,005879.jpg,005879,NONE,Unmasked,NO_FACE_DETECTED,0.0,0.35,TN,No Face Detected by SCRFD
5438,New_Images,008529.jpg,008529,NONE,Unmasked,UNRECOGNIZED,0.2589,0.35,TN,CORRECTLY_REJECTED_UNKNOWN
5439,Masked Images,001018__K95__masked.jpg,001018,K95,KN95 Mask,001018,0.9449,0.35,TP,CORRECT_MATCH
5440,New_Images,007170.jpg,007170,NONE,Unmasked,NO_FACE_DETECTED,0.0,0.35,TN,No Face Detected by SCRFD
5441,New_Images,005789.jpg,005789,NONE,Unmasked,NO_FACE_DETECTED,0.0,0.35,TN,No Face Detected by SCRFD
5442,Masked Images,000584__N95__masked.jpg,000584,N95,N95 Mask,000584,0.8907,0.35,TP,CORRECT_MATCH
5443,New_Images,008737.jpg,008737,NONE,Unmasked,NO_FACE_DETECTED,0.0,0.35,TN,No Face Detected by SCRFD
5444,Masked Images,000589__N95__masked.jpg,000589,N95,N95 Mask,000589,0.8612,0.35,TP,CORRECT_MATCH
5445,New_Images,005385.jpg,005385,NONE,Unmasked,NO_FACE_DETECTED,0.0,0.35,TN,No Face Detected by SCRFD
5446,Masked Images,000687__N95__masked.jpg,000687,N95,N95 Mask,000687,0.744,0.35,TP,CORRECT_MATCH
5447,New_Images,008023.jpg,008023,NONE,Unmasked,UNRECOGNIZED,0.2563,0.35,TN,CORRECTLY_REJECTED_UNKNOWN
5448,Masked Images,000490__SUR__masked.jpg,000490,SUR,Surgical Mask,000490,0.9034,0.35,TP,CORRECT_MATCH
5449,New_Images,005152.jpg,005152,NONE,Unmasked,UNRECOGNIZED,0.2881,0.35,TN,CORRECTLY_REJECTED_UNKNOWN
5450,New_Images,008213.jpg,008213,NONE,Unmasked,UNRECOGNIZED,0.3012,0.35,TN,CORRECTLY_REJECTED_UNKNOWN
5451,New_Images,007982.jpg,007982,NONE,Unmasked,UNRECOGNIZED,0.2318,0.35,TN,CORRECTLY_REJECTED_UNKNOWN
5452,New_Images,007768.jpg,007768,NONE,Unmasked,NO_FACE_DETECTED,0.0,0.35,TN,No Face Detected by SCRFD
5453,New_Images,008648.jpg,008648,NONE,Unmasked,UNRECOGNIZED,0.2622,0.35,TN,CORRECTLY_REJECTED_UNKNOWN
5454,Masked Images,000433__SUR__masked.jpg,000433,SUR,Surgical Mask,000433,0.9309,0.35,TP,CORRECT_MATCH
5455,Masked Images,000493__CLT__masked.jpg,000493,CLT,Cloth Mask,000493,0.909,0.35,TP,CORRECT_MATCH
5456,New_Images,006432.jpg,006432,NONE,Unmasked,UNRECOGNIZED,0.2321,0.35,TN,CORRECTLY_REJECTED_UNKNOWN
5457,Masked Images,000524__GAS__masked.jpg,000524,GAS,Gas Mask,000524,0.8537,0.35,TP,CORRECT_MATCH
5458,New_Images,008304.jpg,008304,NONE,Unmasked,UNRECOGNIZED,0.2587,0.35,TN,CORRECTLY_REJECTED_UNKNOWN
5459,New_Images,008607.jpg,008607,NONE,Unmasked,UNRECOGNIZED,0.2536,0.35,TN,CORRECTLY_REJECTED_UNKNOWN
5460,Masked Images,000504__GAS__masked.jpg,000504,GAS,Gas Mask,000504,0.863,0.35,TP,CORRECT_MATCH
5461,New_Images,005646.jpg,005646,NONE,Unmasked,UNRECOGNIZED,0.2453,0.35,TN,CORRECTLY_REJECTED_UNKNOWN
5462,New_Images,006293.jpg,006293,NONE,Unmasked,NO_FACE_DETECTED,0.0,0.35,TN,No Face Detected by SCRFD
5463,New_Images,005418.jpg,005418,NONE,Unmasked,UNRECOGNIZED,0.2353,0.35,TN,CORRECTLY_REJECTED_UNKNOWN
5464,New_Images,005131.jpg,005131,NONE,Unmasked,NO_FACE_DETECTED,0.0,0.35,TN,No Face Detected by SCRFD
5465,New_Images,007849.jpg,007849,NONE,Unmasked,NO_FACE_DETECTED,0.0,0.35,TN,No Face Detected by SCRFD
5466,New_Images,009285.jpg,009285,NONE,Unmasked,UNRECOGNIZED,0.2769,0.35,TN,CORRECTLY_REJECTED_UNKNOWN
5467,New_Images,008415.jpg,008415,NONE,Unmasked,NO_FACE_DETECTED,0.0,0.35,TN,No Face Detected by SCRFD
5468,New_Images,007328.jpg,007328,NONE,Unmasked,UNRECOGNIZED,0.2443,0.35,TN,CORRECTLY_REJECTED_UNKNOWN
5469,New_Images,006199.jpg,006199,NONE,Unmasked,NO_FACE_DETECTED,0.0,0.35,TN,No Face Detected by SCRFD
5470,New_Images,007590.jpg,007590,NONE,Unmasked,NO_FACE_DETECTED,0.0,0.35,TN,No Face Detected by SCRFD
5471,New_Images,006035.jpg,006035,NONE,Unmasked,UNRECOGNIZED,0.2523,0.35,TN,CORRECTLY_REJECTED_UNKNOWN
5472,New_Images,007061.jpg,007061,NONE,Unmasked,NO_FACE_DETECTED,0.0,0.35,TN,No Face Detected by SCRFD
5473,Masked Images,000020__K95__masked.jpg,000020,K95,KN95 Mask,000020,0.9121,0.35,TP,CORRECT_MATCH
5474,New_Images,006967.jpg,006967,NONE,Unmasked,UNRECOGNIZED,0.2194,0.35,TN,CORRECTLY_REJECTED_UNKNOWN
5475,New_Images,005211.jpg,005211,NONE,Unmasked,NO_FACE_DETECTED,0.0,0.35,TN,No Face Detected by SCRFD
5476,Masked Images,000505__SUR__masked.jpg,000505,SUR,Surgical Mask,000505,0.9095,0.35,TP,CORRECT_MATCH
5477,New_Images,007148.jpg,007148,NONE,Unmasked,UNRECOGNIZED,0.2435,0.35,TN,CORRECTLY_REJECTED_UNKNOWN
5478,New_Images,005614.jpg,005614,NONE,Unmasked,UNRECOGNIZED,0.246,0.35,TN,CORRECTLY_REJECTED_UNKNOWN
5479,New_Images,007806.jpg,007806,NONE,Unmasked,UNRECOGNIZED,0.2729,0.35,TN,CORRECTLY_REJECTED_UNKNOWN
5480,New_Images,007841.jpg,007841,NONE,Unmasked,UNRECOGNIZED,0.2767,0.35,TN,CORRECTLY_REJECTED_UNKNOWN
5481,New_Images,007192.jpg,007192,NONE,Unmasked,NO_FACE_DETECTED,0.0,0.35,TN,No Face Detected by SCRFD
5482,New_Images,005225.jpg,005225,NONE,Unmasked,UNRECOGNIZED,0.2547,0.35,TN,CORRECTLY_REJECTED_UNKNOWN
5483,New_Images,005799.jpg,005799,NONE,Unmasked,UNRECOGNIZED,0.2308,0.35,TN,CORRECTLY_REJECTED_UNKNOWN
5484,Masked Images,000795__GAS__masked.jpg,000795,GAS,Gas Mask,000795,0.8851,0.35,TP,CORRECT_MATCH
5485,Masked Images,000126__SUR__masked.jpg,000126,SUR,Surgical Mask,000126,0.9266,0.35,TP,CORRECT_MATCH
5486,New_Images,008291.jpg,008291,NONE,Unmasked,NO_FACE_DETECTED,0.0,0.35,TN,No Face Detected by SCRFD
5487,New_Images,009205.jpg,009205,NONE,Unmasked,UNRECOGNIZED,0.268,0.35,TN,CORRECTLY_REJECTED_UNKNOWN
5488,Masked Images,000438__GAS__masked.jpg,000438,GAS,Gas Mask,000438,0.8963,0.35,TP,CORRECT_MATCH
5489,Masked Images,000834__K95__masked.jpg,000834,K95,KN95 Mask,000834,0.9152,0.35,TP,CORRECT_MATCH
5490,New_Images,008371.jpg,008371,NONE,Unmasked,UNRECOGNIZED,0.2542,0.35,TN,CORRECTLY_REJECTED_UNKNOWN
5491,New_Images,007493.jpg,007493,NONE,Unmasked,UNRECOGNIZED,0.2637,0.35,TN,CORRECTLY_REJECTED_UNKNOWN
5492,Masked Images,000648__K95__masked.jpg,000648,K95,KN95 Mask,000648,0.9013,0.35,TP,CORRECT_MATCH
5493,New_Images,005909.jpg,005909,NONE,Unmasked,NO_FACE_DETECTED,0.0,0.35,TN,No Face Detected by SCRFD
5494,New_Images,007652.jpg,007652,NONE,Unmasked,UNRECOGNIZED,0.256,0.35,TN,CORRECTLY_REJECTED_UNKNOWN
5495,New_Images,009394.jpg,009394,NONE,Unmasked,UNRECOGNIZED,0.283,0.35,TN,CORRECTLY_REJECTED_UNKNOWN
5496,New_Images,005366.jpg,005366,NONE,Unmasked,NO_FACE_DETECTED,0.0,0.35,TN,No Face Detected by SCRFD
5497,New_Images,009618.jpg,009618,NONE,Unmasked,UNRECOGNIZED,0.2197,0.35,TN,CORRECTLY_REJECTED_UNKNOWN
5498,New_Images,005011.jpg,005011,NONE,Unmasked,UNRECOGNIZED,0.2448,0.35,TN,CORRECTLY_REJECTED_UNKNOWN
5499,New_Images,007538.jpg,007538,NONE,Unmasked,UNRECOGNIZED,0.2493,0.35,TN,CORRECTLY_REJECTED_UNKNOWN
5500,New_Images,008256.jpg,008256,NONE,Unmasked,NO_FACE_DETECTED,0.0,0.35,TN,No Face Detected by SCRFD
5501,New_Images,005421.jpg,005421,NONE,Unmasked,UNRECOGNIZED,0.2468,0.35,TN,CORRECTLY_REJECTED_UNKNOWN
5502,New_Images,005432.jpg,005432,NONE,Unmasked,NO_FACE_DETECTED,0.0,0.35,TN,No Face Detected by SCRFD
5503,New_Images,005899.jpg,005899,NONE,Unmasked,UNRECOGNIZED,0.2553,0.35,TN,CORRECTLY_REJECTED_UNKNOWN
5504,Masked Images,000929__SUR__masked.jpg,000929,SUR,Surgical Mask,000929,0.9175,0.35,TP,CORRECT_MATCH
5505,New_Images,006642.jpg,006642,NONE,Unmasked,UNRECOGNIZED,0.2351,0.35,TN,CORRECTLY_REJECTED_UNKNOWN
5506,New_Images,007161.jpg,007161,NONE,Unmasked,UNRECOGNIZED,0.2556,0.35,TN,CORRECTLY_REJECTED_UNKNOWN
5507,Masked Images,000521__N95__masked.jpg,000521,N95,N95 Mask,000521,0.9191,0.35,TP,CORRECT_MATCH
5508,Masked Images,000838__N95__masked.jpg,000838,N95,N95 Mask,000838,0.907,0.35,TP,CORRECT_MATCH
5509,New_Images,009156.jpg,009156,NONE,Unmasked,UNRECOGNIZED,0.2405,0.35,TN,CORRECTLY_REJECTED_UNKNOWN
5510,New_Images,009216.jpg,009216,NONE,Unmasked,NO_FACE_DETECTED,0.0,0.35,TN,No Face Detected by SCRFD
5511,Masked Images,000468__CLT__masked.jpg,000468,CLT,Cloth Mask,000468,0.9266,0.35,TP,CORRECT_MATCH
5512,New_Images,007688.jpg,007688,NONE,Unmasked,UNRECOGNIZED,0.2672,0.35,TN,CORRECTLY_REJECTED_UNKNOWN
5513,New_Images,007230.jpg,007230,NONE,Unmasked,UNRECOGNIZED,0.2676,0.35,TN,CORRECTLY_REJECTED_UNKNOWN
5514,New_Images,007332.jpg,007332,NONE,Unmasked,UNRECOGNIZED,0.2578,0.35,TN,CORRECTLY_REJECTED_UNKNOWN
5515,New_Images,006765.jpg,006765,NONE,Unmasked,UNRECOGNIZED,0.2647,0.35,TN,CORRECTLY_REJECTED_UNKNOWN
5516,New_Images,007394.jpg,007394,NONE,Unmasked,NO_FACE_DETECTED,0.0,0.35,TN,No Face Detected by SCRFD
5517,New_Images,009261.jpg,009261,NONE,Unmasked,UNRECOGNIZED,0.2575,0.35,TN,CORRECTLY_REJECTED_UNKNOWN
5518,Masked Images,000826__GAS__masked.jpg,000826,GAS,Gas Mask,000826,0.9323,0.35,TP,CORRECT_MATCH
5519,Masked Images,000803__K95__masked.jpg,000803,K95,KN95 Mask,000803,0.9286,0.35,TP,CORRECT_MATCH
5520,New_Images,005422.jpg,005422,NONE,Unmasked,NO_FACE_DETECTED,0.0,0.35,TN,No Face Detected by SCRFD
5521,New_Images,007197.jpg,007197,NONE,Unmasked,NO_FACE_DETECTED,0.0,0.35,TN,No Face Detected by SCRFD
5522,New_Images,007737.jpg,007737,NONE,Unmasked,UNRECOGNIZED,0.2638,0.35,TN,CORRECTLY_REJECTED_UNKNOWN
5523,New_Images,005853.jpg,005853,NONE,Unmasked,UNRECOGNIZED,0.2465,0.35,TN,CORRECTLY_REJECTED_UNKNOWN
5524,New_Images,007735.jpg,007735,NONE,Unmasked,UNRECOGNIZED,0.3171,0.35,TN,CORRECTLY_REJECTED_UNKNOWN
5525,New_Images,008583.jpg,008583,NONE,Unmasked,NO_FACE_DETECTED,0.0,0.35,TN,No Face Detected by SCRFD
5526,New_Images,008540.jpg,008540,NONE,Unmasked,UNRECOGNIZED,0.2825,0.35,TN,CORRECTLY_REJECTED_UNKNOWN
5527,Masked Images,001123__CLT__masked.jpg,001123,CLT,Cloth Mask,001123,0.9524,0.35,TP,CORRECT_MATCH
5528,New_Images,009426.jpg,009426,NONE,Unmasked,NO_FACE_DETECTED,0.0,0.35,TN,No Face Detected by SCRFD
5529,New_Images,005618.jpg,005618,NONE,Unmasked,UNRECOGNIZED,0.2213,0.35,TN,CORRECTLY_REJECTED_UNKNOWN
5530,New_Images,007839.jpg,007839,NONE,Unmasked,UNRECOGNIZED,0.247,0.35,TN,CORRECTLY_REJECTED_UNKNOWN
5531,New_Images,009343.jpg,009343,NONE,Unmasked,UNRECOGNIZED,0.2173,0.35,TN,CORRECTLY_REJECTED_UNKNOWN
5532,New_Images,006144.jpg,006144,NONE,Unmasked,UNRECOGNIZED,0.3447,0.35,TN,CORRECTLY_REJECTED_UNKNOWN
5533,New_Images,005812.jpg,005812,NONE,Unmasked,UNRECOGNIZED,0.3278,0.35,TN,CORRECTLY_REJECTED_UNKNOWN
5534,New_Images,008074.jpg,008074,NONE,Unmasked,UNRECOGNIZED,0.2282,0.35,TN,CORRECTLY_REJECTED_UNKNOWN
5535,Masked Images,000609__SUR__masked.jpg,000609,SUR,Surgical Mask,000609,0.8716,0.35,TP,CORRECT_MATCH
5536,New_Images,006569.jpg,006569,NONE,Unmasked,NO_FACE_DETECTED,0.0,0.35,TN,No Face Detected by SCRFD
5537,Masked Images,000275__K95__masked.jpg,000275,K95,KN95 Mask,000275,0.9269,0.35,TP,CORRECT_MATCH
5538,Masked Images,000579__K95__masked.jpg,000579,K95,KN95 Mask,000579,0.9503,0.35,TP,CORRECT_MATCH
5539,New_Images,005738.jpg,005738,NONE,Unmasked,NO_FACE_DETECTED,0.0,0.35,TN,No Face Detected by SCRFD
5540,Masked Images,000507__K95__masked.jpg,000507,K95,KN95 Mask,000507,0.9229,0.35,TP,CORRECT_MATCH
5541,New_Images,009032.jpg,009032,NONE,Unmasked,UNRECOGNIZED,0.2459,0.35,TN,CORRECTLY_REJECTED_UNKNOWN
5542,Masked Images,000610__N95__masked.jpg,000610,N95,N95 Mask,000610,0.8934,0.35,TP,CORRECT_MATCH
5543,Masked Images,000062__CLT__masked.jpg,000062,CLT,Cloth Mask,000062,0.8038,0.35,TP,CORRECT_MATCH
5544,New_Images,005667.jpg,005667,NONE,Unmasked,UNRECOGNIZED,0.222,0.35,TN,CORRECTLY_REJECTED_UNKNOWN
5545,New_Images,008683.jpg,008683,NONE,Unmasked,UNRECOGNIZED,0.24,0.35,TN,CORRECTLY_REJECTED_UNKNOWN
5546,New_Images,005748.jpg,005748,NONE,Unmasked,UNRECOGNIZED,0.2723,0.35,TN,CORRECTLY_REJECTED_UNKNOWN
5547,New_Images,008400.jpg,008400,NONE,Unmasked,UNRECOGNIZED,0.2386,0.35,TN,CORRECTLY_REJECTED_UNKNOWN
5548,New_Images,008682.jpg,008682,NONE,Unmasked,UNRECOGNIZED,0.2659,0.35,TN,CORRECTLY_REJECTED_UNKNOWN
5549,Masked Images,000186__K95__masked.jpg,000186,K95,KN95 Mask,000186,0.886,0.35,TP,CORRECT_MATCH
5550,New_Images,006632.jpg,006632,NONE,Unmasked,UNRECOGNIZED,0.2828,0.35,TN,CORRECTLY_REJECTED_UNKNOWN
5551,Masked Images,000549__GAS__masked.jpg,000549,GAS,Gas Mask,000549,0.8886,0.35,TP,CORRECT_MATCH
5552,New_Images,005703.jpg,005703,NONE,Unmasked,UNRECOGNIZED,0.2798,0.35,TN,CORRECTLY_REJECTED_UNKNOWN
5553,New_Images,005893.jpg,005893,NONE,Unmasked,NO_FACE_DETECTED,0.0,0.35,TN,No Face Detected by SCRFD
5554,Masked Images,001027__N95__masked.jpg,001027,N95,N95 Mask,001027,0.8396,0.35,TP,CORRECT_MATCH
5555,New_Images,007561.jpg,007561,NONE,Unmasked,UNRECOGNIZED,0.2622,0.35,TN,CORRECTLY_REJECTED_UNKNOWN
5556,New_Images,008102.jpg,008102,NONE,Unmasked,UNRECOGNIZED,0.2454,0.35,TN,CORRECTLY_REJECTED_UNKNOWN
5557,New_Images,007451.jpg,007451,NONE,Unmasked,UNRECOGNIZED,0.2512,0.35,TN,CORRECTLY_REJECTED_UNKNOWN
5558,New_Images,006922.jpg,006922,NONE,Unmasked,NO_FACE_DETECTED,0.0,0.35,TN,No Face Detected by SCRFD
5559,New_Images,009607.jpg,009607,NONE,Unmasked,NO_FACE_DETECTED,0.0,0.35,TN,No Face Detected by SCRFD
5560,New_Images,009365.jpg,009365,NONE,Unmasked,UNRECOGNIZED,0.2743,0.35,TN,CORRECTLY_REJECTED_UNKNOWN
5561,New_Images,007131.jpg,007131,NONE,Unmasked,UNRECOGNIZED,0.2164,0.35,TN,CORRECTLY_REJECTED_UNKNOWN
5562,New_Images,006416.jpg,006416,NONE,Unmasked,UNRECOGNIZED,0.2534,0.35,TN,CORRECTLY_REJECTED_UNKNOWN
5563,New_Images,005510.jpg,005510,NONE,Unmasked,UNRECOGNIZED,0.2061,0.35,TN,CORRECTLY_REJECTED_UNKNOWN
5564,New_Images,008280.jpg,008280,NONE,Unmasked,UNRECOGNIZED,0.3019,0.35,TN,CORRECTLY_REJECTED_UNKNOWN
5565,New_Images,005598.jpg,005598,NONE,Unmasked,UNRECOGNIZED,0.2608,0.35,TN,CORRECTLY_REJECTED_UNKNOWN
5566,New_Images,007329.jpg,007329,NONE,Unmasked,NO_FACE_DETECTED,0.0,0.35,TN,No Face Detected by SCRFD
5567,New_Images,008832.jpg,008832,NONE,Unmasked,NO_FACE_DETECTED,0.0,0.35,TN,No Face Detected by SCRFD
5568,New_Images,008185.jpg,008185,NONE,Unmasked,UNRECOGNIZED,0.223,0.35,TN,CORRECTLY_REJECTED_UNKNOWN
5569,New_Images,006034.jpg,006034,NONE,Unmasked,UNRECOGNIZED,0.2669,0.35,TN,CORRECTLY_REJECTED_UNKNOWN
5570,New_Images,005215.jpg,005215,NONE,Unmasked,UNRECOGNIZED,0.2355,0.35,TN,CORRECTLY_REJECTED_UNKNOWN
5571,New_Images,008366.jpg,008366,NONE,Unmasked,UNRECOGNIZED,0.2732,0.35,TN,CORRECTLY_REJECTED_UNKNOWN
5572,New_Images,007756.jpg,007756,NONE,Unmasked,UNRECOGNIZED,0.2624,0.35,TN,CORRECTLY_REJECTED_UNKNOWN
5573,New_Images,009267.jpg,009267,NONE,Unmasked,UNRECOGNIZED,0.2122,0.35,TN,CORRECTLY_REJECTED_UNKNOWN
5574,Masked Images,001089__N95__masked.jpg,001089,N95,N95 Mask,001089,0.8677,0.35,TP,CORRECT_MATCH
5575,Masked Images,001068__SUR__masked.jpg,001068,SUR,Surgical Mask,001068,0.9269,0.35,TP,CORRECT_MATCH
5576,New_Images,008226.jpg,008226,NONE,Unmasked,UNRECOGNIZED,0.2908,0.35,TN,CORRECTLY_REJECTED_UNKNOWN
5577,Masked Images,000594__N95__masked.jpg,000594,N95,N95 Mask,000594,0.8459,0.35,TP,CORRECT_MATCH
5578,New_Images,007844.jpg,007844,NONE,Unmasked,UNRECOGNIZED,0.2536,0.35,TN,CORRECTLY_REJECTED_UNKNOWN
5579,Masked Images,000732__N95__masked.jpg,000732,N95,N95 Mask,000732,0.9211,0.35,TP,CORRECT_MATCH
5580,New_Images,009578.jpg,009578,NONE,Unmasked,NO_FACE_DETECTED,0.0,0.35,TN,No Face Detected by SCRFD
5581,New_Images,008510.jpg,008510,NONE,Unmasked,UNRECOGNIZED,0.2897,0.35,TN,CORRECTLY_REJECTED_UNKNOWN
5582,New_Images,005836.jpg,005836,NONE,Unmasked,UNRECOGNIZED,0.2952,0.35,TN,CORRECTLY_REJECTED_UNKNOWN
5583,Masked Images,000499__GAS__masked.jpg,000499,GAS,Gas Mask,000499,0.8768,0.35,TP,CORRECT_MATCH
5584,New_Images,005824.jpg,005824,NONE,Unmasked,UNRECOGNIZED,0.2917,0.35,TN,CORRECTLY_REJECTED_UNKNOWN
5585,New_Images,006382.jpg,006382,NONE,Unmasked,UNRECOGNIZED,0.2699,0.35,TN,CORRECTLY_REJECTED_UNKNOWN
5586,New_Images,006836.jpg,006836,NONE,Unmasked,NO_FACE_DETECTED,0.0,0.35,TN,No Face Detected by SCRFD
5587,Masked Images,000951__N95__masked.jpg,000951,N95,N95 Mask,000951,0.8596,0.35,TP,CORRECT_MATCH
5588,Masked Images,000173__GAS__masked.jpg,000173,GAS,Gas Mask,000173,0.9286,0.35,TP,CORRECT_MATCH
5589,New_Images,007865.jpg,007865,NONE,Unmasked,UNRECOGNIZED,0.2625,0.35,TN,CORRECTLY_REJECTED_UNKNOWN
5590,New_Images,006518.jpg,006518,NONE,Unmasked,NO_FACE_DETECTED,0.0,0.35,TN,No Face Detected by SCRFD
5591,New_Images,008769.jpg,008769,NONE,Unmasked,NO_FACE_DETECTED,0.0,0.35,TN,No Face Detected by SCRFD
5592,Masked Images,000007__GAS__masked.jpg,000007,GAS,Gas Mask,000007,0.8666,0.35,TP,CORRECT_MATCH
5593,New_Images,008207.jpg,008207,NONE,Unmasked,UNRECOGNIZED,0.2669,0.35,TN,CORRECTLY_REJECTED_UNKNOWN
5594,New_Images,008281.jpg,008281,NONE,Unmasked,UNRECOGNIZED,0.2557,0.35,TN,CORRECTLY_REJECTED_UNKNOWN
5595,New_Images,005186.jpg,005186,NONE,Unmasked,NO_FACE_DETECTED,0.0,0.35,TN,No Face Detected by SCRFD
5596,New_Images,006926.jpg,006926,NONE,Unmasked,UNRECOGNIZED,0.2055,0.35,TN,CORRECTLY_REJECTED_UNKNOWN
5597,New_Images,009498.jpg,009498,NONE,Unmasked,UNRECOGNIZED,0.2049,0.35,TN,CORRECTLY_REJECTED_UNKNOWN
5598,New_Images,005492.jpg,005492,NONE,Unmasked,UNRECOGNIZED,0.2368,0.35,TN,CORRECTLY_REJECTED_UNKNOWN
5599,New_Images,008851.jpg,008851,NONE,Unmasked,UNRECOGNIZED,0.2438,0.35,TN,CORRECTLY_REJECTED_UNKNOWN
5600,New_Images,009467.jpg,009467,NONE,Unmasked,UNRECOGNIZED,0.2606,0.35,TN,CORRECTLY_REJECTED_UNKNOWN
5601,New_Images,009097.jpg,009097,NONE,Unmasked,UNRECOGNIZED,0.206,0.35,TN,CORRECTLY_REJECTED_UNKNOWN
5602,New_Images,006307.jpg,006307,NONE,Unmasked,UNRECOGNIZED,0.2364,0.35,TN,CORRECTLY_REJECTED_UNKNOWN
5603,New_Images,008985.jpg,008985,NONE,Unmasked,NO_FACE_DETECTED,0.0,0.35,TN,No Face Detected by SCRFD
5604,Masked Images,000905__N95__masked.jpg,000905,N95,N95 Mask,000905,0.8449,0.35,TP,CORRECT_MATCH
5605,New_Images,008021.jpg,008021,NONE,Unmasked,UNRECOGNIZED,0.2644,0.35,TN,CORRECTLY_REJECTED_UNKNOWN
5606,New_Images,005326.jpg,005326,NONE,Unmasked,UNRECOGNIZED,0.2603,0.35,TN,CORRECTLY_REJECTED_UNKNOWN
5607,New_Images,007963.jpg,007963,NONE,Unmasked,UNRECOGNIZED,0.2419,0.35,TN,CORRECTLY_REJECTED_UNKNOWN
5608,New_Images,006020.jpg,006020,NONE,Unmasked,UNRECOGNIZED,0.2277,0.35,TN,CORRECTLY_REJECTED_UNKNOWN
5609,Masked Images,000029__N95__masked.jpg,000029,N95,N95 Mask,000029,0.7829,0.35,TP,CORRECT_MATCH
5610,New_Images,007579.jpg,007579,NONE,Unmasked,UNRECOGNIZED,0.2711,0.35,TN,CORRECTLY_REJECTED_UNKNOWN
5611,New_Images,005158.jpg,005158,NONE,Unmasked,NO_FACE_DETECTED,0.0,0.35,TN,No Face Detected by SCRFD
5612,New_Images,007424.jpg,007424,NONE,Unmasked,NO_FACE_DETECTED,0.0,0.35,TN,No Face Detected by SCRFD
5613,New_Images,006267.jpg,006267,NONE,Unmasked,UNRECOGNIZED,0.2757,0.35,TN,CORRECTLY_REJECTED_UNKNOWN
5614,Masked Images,000947__CLT__masked.jpg,000947,CLT,Cloth Mask,000947,0.6389,0.35,TP,CORRECT_MATCH
5615,New_Images,006649.jpg,006649,NONE,Unmasked,NO_FACE_DETECTED,0.0,0.35,TN,No Face Detected by SCRFD
5616,New_Images,009113.jpg,009113,NONE,Unmasked,UNRECOGNIZED,0.2564,0.35,TN,CORRECTLY_REJECTED_UNKNOWN
5617,New_Images,006048.jpg,006048,NONE,Unmasked,NO_FACE_DETECTED,0.0,0.35,TN,No Face Detected by SCRFD
5618,New_Images,008261.jpg,008261,NONE,Unmasked,UNRECOGNIZED,0.2464,0.35,TN,CORRECTLY_REJECTED_UNKNOWN
5619,New_Images,009447.jpg,009447,NONE,Unmasked,UNRECOGNIZED,0.2149,0.35,TN,CORRECTLY_REJECTED_UNKNOWN
5620,Masked Images,000973__CLT__masked.jpg,000973,CLT,Cloth Mask,000973,0.9327,0.35,TP,CORRECT_MATCH
5621,New_Images,009435.jpg,009435,NONE,Unmasked,UNRECOGNIZED,0.266,0.35,TN,CORRECTLY_REJECTED_UNKNOWN
5622,Masked Images,000099__GAS__masked.jpg,000099,GAS,Gas Mask,000099,0.8754,0.35,TP,CORRECT_MATCH
5623,New_Images,008395.jpg,008395,NONE,Unmasked,UNRECOGNIZED,0.2199,0.35,TN,CORRECTLY_REJECTED_UNKNOWN
5624,New_Images,005922.jpg,005922,NONE,Unmasked,UNRECOGNIZED,0.2753,0.35,TN,CORRECTLY_REJECTED_UNKNOWN
5625,New_Images,008197.jpg,008197,NONE,Unmasked,NO_FACE_DETECTED,0.0,0.35,TN,No Face Detected by SCRFD
5626,New_Images,007697.jpg,007697,NONE,Unmasked,UNRECOGNIZED,0.2417,0.35,TN,CORRECTLY_REJECTED_UNKNOWN
5627,New_Images,008744.jpg,008744,NONE,Unmasked,NO_FACE_DETECTED,0.0,0.35,TN,No Face Detected by SCRFD
5628,New_Images,006989.jpg,006989,NONE,Unmasked,UNRECOGNIZED,0.2171,0.35,TN,CORRECTLY_REJECTED_UNKNOWN
5629,New_Images,007015.jpg,007015,NONE,Unmasked,UNRECOGNIZED,0.2225,0.35,TN,CORRECTLY_REJECTED_UNKNOWN
5630,Masked Images,000545__SUR__masked.jpg,000545,SUR,Surgical Mask,000545,0.909,0.35,TP,CORRECT_MATCH
5631,New_Images,008748.jpg,008748,NONE,Unmasked,NO_FACE_DETECTED,0.0,0.35,TN,No Face Detected by SCRFD
5632,New_Images,007321.jpg,007321,NONE,Unmasked,UNRECOGNIZED,0.2852,0.35,TN,CORRECTLY_REJECTED_UNKNOWN
5633,New_Images,009437.jpg,009437,NONE,Unmasked,UNRECOGNIZED,0.2322,0.35,TN,CORRECTLY_REJECTED_UNKNOWN
5634,New_Images,005173.jpg,005173,NONE,Unmasked,UNRECOGNIZED,0.2402,0.35,TN,CORRECTLY_REJECTED_UNKNOWN
5635,New_Images,009003.jpg,009003,NONE,Unmasked,UNRECOGNIZED,0.2292,0.35,TN,CORRECTLY_REJECTED_UNKNOWN
5636,New_Images,005115.jpg,005115,NONE,Unmasked,UNRECOGNIZED,0.259,0.35,TN,CORRECTLY_REJECTED_UNKNOWN
5637,Masked Images,000932__CLT__masked.jpg,000932,CLT,Cloth Mask,000932,0.9288,0.35,TP,CORRECT_MATCH
5638,Masked Images,000406__SUR__masked.jpg,000406,SUR,Surgical Mask,000406,0.9009,0.35,TP,CORRECT_MATCH
5639,Masked Images,000775__GAS__masked.jpg,000775,GAS,Gas Mask,000775,0.9057,0.35,TP,CORRECT_MATCH
5640,New_Images,007905.jpg,007905,NONE,Unmasked,NO_FACE_DETECTED,0.0,0.35,TN,No Face Detected by SCRFD
5641,New_Images,008037.jpg,008037,NONE,Unmasked,UNRECOGNIZED,0.2353,0.35,TN,CORRECTLY_REJECTED_UNKNOWN
5642,Masked Images,001175__CLT__masked.jpg,001175,CLT,Cloth Mask,001175,0.8784,0.35,TP,CORRECT_MATCH
5643,New_Images,005659.jpg,005659,NONE,Unmasked,UNRECOGNIZED,0.2617,0.35,TN,CORRECTLY_REJECTED_UNKNOWN
5644,New_Images,006828.jpg,006828,NONE,Unmasked,UNRECOGNIZED,0.2676,0.35,TN,CORRECTLY_REJECTED_UNKNOWN
5645,New_Images,007134.jpg,007134,NONE,Unmasked,NO_FACE_DETECTED,0.0,0.35,TN,No Face Detected by SCRFD
5646,New_Images,008643.jpg,008643,NONE,Unmasked,UNRECOGNIZED,0.244,0.35,TN,CORRECTLY_REJECTED_UNKNOWN
5647,New_Images,007372.jpg,007372,NONE,Unmasked,UNRECOGNIZED,0.2281,0.35,TN,CORRECTLY_REJECTED_UNKNOWN
5648,New_Images,008651.jpg,008651,NONE,Unmasked,UNRECOGNIZED,0.2103,0.35,TN,CORRECTLY_REJECTED_UNKNOWN
5649,New_Images,006015.jpg,006015,NONE,Unmasked,NO_FACE_DETECTED,0.0,0.35,TN,No Face Detected by SCRFD
5650,New_Images,008278.jpg,008278,NONE,Unmasked,NO_FACE_DETECTED,0.0,0.35,TN,No Face Detected by SCRFD
5651,New_Images,008461.jpg,008461,NONE,Unmasked,UNRECOGNIZED,0.2976,0.35,TN,CORRECTLY_REJECTED_UNKNOWN
5652,New_Images,005883.jpg,005883,NONE,Unmasked,NO_FACE_DETECTED,0.0,0.35,TN,No Face Detected by SCRFD
5653,New_Images,009624.jpg,009624,NONE,Unmasked,UNRECOGNIZED,0.2461,0.35,TN,CORRECTLY_REJECTED_UNKNOWN
5654,New_Images,006032.jpg,006032,NONE,Unmasked,UNRECOGNIZED,0.2642,0.35,TN,CORRECTLY_REJECTED_UNKNOWN
5655,New_Images,005033.jpg,005033,NONE,Unmasked,UNRECOGNIZED,0.1982,0.35,TN,CORRECTLY_REJECTED_UNKNOWN
5656,New_Images,007621.jpg,007621,NONE,Unmasked,UNRECOGNIZED,0.2044,0.35,TN,CORRECTLY_REJECTED_UNKNOWN
5657,New_Images,009129.jpg,009129,NONE,Unmasked,UNRECOGNIZED,0.2399,0.35,TN,CORRECTLY_REJECTED_UNKNOWN
5658,New_Images,007104.jpg,007104,NONE,Unmasked,NO_FACE_DETECTED,0.0,0.35,TN,No Face Detected by SCRFD
5659,New_Images,007952.jpg,007952,NONE,Unmasked,UNRECOGNIZED,0.2814,0.35,TN,CORRECTLY_REJECTED_UNKNOWN
5660,New_Images,009232.jpg,009232,NONE,Unmasked,NO_FACE_DETECTED,0.0,0.35,TN,No Face Detected by SCRFD
5661,New_Images,005604.jpg,005604,NONE,Unmasked,UNRECOGNIZED,0.2764,0.35,TN,CORRECTLY_REJECTED_UNKNOWN
5662,New_Images,006440.jpg,006440,NONE,Unmasked,UNRECOGNIZED,0.2791,0.35,TN,CORRECTLY_REJECTED_UNKNOWN
5663,New_Images,008509.jpg,008509,NONE,Unmasked,NO_FACE_DETECTED,0.0,0.35,TN,No Face Detected by SCRFD
5664,New_Images,005591.jpg,005591,NONE,Unmasked,UNRECOGNIZED,0.2423,0.35,TN,CORRECTLY_REJECTED_UNKNOWN
5665,Masked Images,000568__K95__masked.jpg,000568,K95,KN95 Mask,000568,0.9278,0.35,TP,CORRECT_MATCH
5666,New_Images,006056.jpg,006056,NONE,Unmasked,UNRECOGNIZED,0.203,0.35,TN,CORRECTLY_REJECTED_UNKNOWN
5667,New_Images,007149.jpg,007149,NONE,Unmasked,UNRECOGNIZED,0.2625,0.35,TN,CORRECTLY_REJECTED_UNKNOWN
5668,New_Images,006447.jpg,006447,NONE,Unmasked,UNRECOGNIZED,0.219,0.35,TN,CORRECTLY_REJECTED_UNKNOWN
5669,Masked Images,000280__K95__masked.jpg,000280,K95,KN95 Mask,000280,0.9439,0.35,TP,CORRECT_MATCH
5670,New_Images,005739.jpg,005739,NONE,Unmasked,UNRECOGNIZED,0.2822,0.35,TN,CORRECTLY_REJECTED_UNKNOWN
5671,Masked Images,000483__CLT__masked.jpg,000483,CLT,Cloth Mask,000483,0.6902,0.35,TP,CORRECT_MATCH
5672,New_Images,006519.jpg,006519,NONE,Unmasked,UNRECOGNIZED,0.2232,0.35,TN,CORRECTLY_REJECTED_UNKNOWN
5673,New_Images,009471.jpg,009471,NONE,Unmasked,UNRECOGNIZED,0.2227,0.35,TN,CORRECTLY_REJECTED_UNKNOWN
5674,New_Images,005662.jpg,005662,NONE,Unmasked,UNRECOGNIZED,0.2836,0.35,TN,CORRECTLY_REJECTED_UNKNOWN
5675,New_Images,008425.jpg,008425,NONE,Unmasked,UNRECOGNIZED,0.2384,0.35,TN,CORRECTLY_REJECTED_UNKNOWN
5676,New_Images,009500.jpg,009500,NONE,Unmasked,NO_FACE_DETECTED,0.0,0.35,TN,No Face Detected by SCRFD
5677,New_Images,009105.jpg,009105,NONE,Unmasked,UNRECOGNIZED,0.2423,0.35,TN,CORRECTLY_REJECTED_UNKNOWN
5678,New_Images,006074.jpg,006074,NONE,Unmasked,UNRECOGNIZED,0.2957,0.35,TN,CORRECTLY_REJECTED_UNKNOWN
5679,New_Images,006971.jpg,006971,NONE,Unmasked,UNRECOGNIZED,0.2353,0.35,TN,CORRECTLY_REJECTED_UNKNOWN
5680,New_Images,007649.jpg,007649,NONE,Unmasked,NO_FACE_DETECTED,0.0,0.35,TN,No Face Detected by SCRFD
5681,New_Images,005201.jpg,005201,NONE,Unmasked,UNRECOGNIZED,0.2349,0.35,TN,CORRECTLY_REJECTED_UNKNOWN
5682,New_Images,005868.jpg,005868,NONE,Unmasked,NO_FACE_DETECTED,0.0,0.35,TN,No Face Detected by SCRFD
5683,New_Images,008238.jpg,008238,NONE,Unmasked,UNRECOGNIZED,0.2583,0.35,TN,CORRECTLY_REJECTED_UNKNOWN
5684,New_Images,005264.jpg,005264,NONE,Unmasked,NO_FACE_DETECTED,0.0,0.35,TN,No Face Detected by SCRFD
5685,New_Images,009064.jpg,009064,NONE,Unmasked,NO_FACE_DETECTED,0.0,0.35,TN,No Face Detected by SCRFD
5686,New_Images,008853.jpg,008853,NONE,Unmasked,NO_FACE_DETECTED,0.0,0.35,TN,No Face Detected by SCRFD
5687,Masked Images,000613__GAS__masked.jpg,000613,GAS,Gas Mask,000613,0.9206,0.35,TP,CORRECT_MATCH
5688,New_Images,009171.jpg,009171,NONE,Unmasked,UNRECOGNIZED,0.233,0.35,TN,CORRECTLY_REJECTED_UNKNOWN
5689,New_Images,009462.jpg,009462,NONE,Unmasked,UNRECOGNIZED,0.2234,0.35,TN,CORRECTLY_REJECTED_UNKNOWN
5690,New_Images,006050.jpg,006050,NONE,Unmasked,UNRECOGNIZED,0.2695,0.35,TN,CORRECTLY_REJECTED_UNKNOWN
5691,New_Images,009353.jpg,009353,NONE,Unmasked,UNRECOGNIZED,0.2672,0.35,TN,CORRECTLY_REJECTED_UNKNOWN
5692,New_Images,005579.jpg,005579,NONE,Unmasked,UNRECOGNIZED,0.2569,0.35,TN,CORRECTLY_REJECTED_UNKNOWN
5693,New_Images,006773.jpg,006773,NONE,Unmasked,NO_FACE_DETECTED,0.0,0.35,TN,No Face Detected by SCRFD
5694,New_Images,006895.jpg,006895,NONE,Unmasked,UNRECOGNIZED,0.2305,0.35,TN,CORRECTLY_REJECTED_UNKNOWN
5695,New_Images,005195.jpg,005195,NONE,Unmasked,NO_FACE_DETECTED,0.0,0.35,TN,No Face Detected by SCRFD
5696,New_Images,006851.jpg,006851,NONE,Unmasked,UNRECOGNIZED,0.2295,0.35,TN,CORRECTLY_REJECTED_UNKNOWN
5697,New_Images,009070.jpg,009070,NONE,Unmasked,NO_FACE_DETECTED,0.0,0.35,TN,No Face Detected by SCRFD
5698,New_Images,007577.jpg,007577,NONE,Unmasked,UNRECOGNIZED,0.2187,0.35,TN,CORRECTLY_REJECTED_UNKNOWN
5699,New_Images,006140.jpg,006140,NONE,Unmasked,UNRECOGNIZED,0.2493,0.35,TN,CORRECTLY_REJECTED_UNKNOWN
5700,New_Images,006976.jpg,006976,NONE,Unmasked,UNRECOGNIZED,0.2953,0.35,TN,CORRECTLY_REJECTED_UNKNOWN
5701,Masked Images,000859__K95__masked.jpg,000859,K95,KN95 Mask,000859,0.9428,0.35,TP,CORRECT_MATCH
5702,New_Images,005770.jpg,005770,NONE,Unmasked,UNRECOGNIZED,0.2381,0.35,TN,CORRECTLY_REJECTED_UNKNOWN
5703,Masked Images,000684__CLT__masked.jpg,000684,CLT,Cloth Mask,000684,0.9114,0.35,TP,CORRECT_MATCH
5704,New_Images,006233.jpg,006233,NONE,Unmasked,UNRECOGNIZED,0.241,0.35,TN,CORRECTLY_REJECTED_UNKNOWN
5705,New_Images,005729.jpg,005729,NONE,Unmasked,UNRECOGNIZED,0.2426,0.35,TN,CORRECTLY_REJECTED_UNKNOWN
5706,New_Images,009280.jpg,009280,NONE,Unmasked,UNRECOGNIZED,0.2392,0.35,TN,CORRECTLY_REJECTED_UNKNOWN
5707,Masked Images,000396__SUR__masked.jpg,000396,SUR,Surgical Mask,000396,0.9113,0.35,TP,CORRECT_MATCH
5708,Masked Images,000597__GAS__masked.jpg,000597,GAS,Gas Mask,000597,0.9188,0.35,TP,CORRECT_MATCH
5709,New_Images,005438.jpg,005438,NONE,Unmasked,UNRECOGNIZED,0.2682,0.35,TN,CORRECTLY_REJECTED_UNKNOWN
5710,New_Images,008592.jpg,008592,NONE,Unmasked,NO_FACE_DETECTED,0.0,0.35,TN,No Face Detected by SCRFD
5711,New_Images,006825.jpg,006825,NONE,Unmasked,UNRECOGNIZED,0.2556,0.35,TN,CORRECTLY_REJECTED_UNKNOWN
5712,New_Images,008929.jpg,008929,NONE,Unmasked,UNRECOGNIZED,0.2184,0.35,TN,CORRECTLY_REJECTED_UNKNOWN
5713,New_Images,009012.jpg,009012,NONE,Unmasked,UNRECOGNIZED,0.2583,0.35,TN,CORRECTLY_REJECTED_UNKNOWN
5714,New_Images,006264.jpg,006264,NONE,Unmasked,UNRECOGNIZED,0.2519,0.35,TN,CORRECTLY_REJECTED_UNKNOWN
5715,New_Images,008385.jpg,008385,NONE,Unmasked,UNRECOGNIZED,0.219,0.35,TN,CORRECTLY_REJECTED_UNKNOWN
5716,Masked Images,000676__SUR__masked.jpg,000676,SUR,Surgical Mask,000676,0.8508,0.35,TP,CORRECT_MATCH
5717,New_Images,006963.jpg,006963,NONE,Unmasked,UNRECOGNIZED,0.2711,0.35,TN,CORRECTLY_REJECTED_UNKNOWN
5718,Masked Images,001060__K95__masked.jpg,001060,K95,KN95 Mask,001060,0.9378,0.35,TP,CORRECT_MATCH
5719,New_Images,008255.jpg,008255,NONE,Unmasked,UNRECOGNIZED,0.2245,0.35,TN,CORRECTLY_REJECTED_UNKNOWN
5720,New_Images,007626.jpg,007626,NONE,Unmasked,NO_FACE_DETECTED,0.0,0.35,TN,No Face Detected by SCRFD
5721,Masked Images,000376__SUR__masked.jpg,000376,SUR,Surgical Mask,000376,0.8958,0.35,TP,CORRECT_MATCH
5722,New_Images,006029.jpg,006029,NONE,Unmasked,NO_FACE_DETECTED,0.0,0.35,TN,No Face Detected by SCRFD
5723,New_Images,008808.jpg,008808,NONE,Unmasked,UNRECOGNIZED,0.252,0.35,TN,CORRECTLY_REJECTED_UNKNOWN
5724,New_Images,006680.jpg,006680,NONE,Unmasked,UNRECOGNIZED,0.2598,0.35,TN,CORRECTLY_REJECTED_UNKNOWN
5725,New_Images,006803.jpg,006803,NONE,Unmasked,UNRECOGNIZED,0.2279,0.35,TN,CORRECTLY_REJECTED_UNKNOWN
5726,Masked Images,000824__K95__masked.jpg,000824,K95,KN95 Mask,000824,0.8831,0.35,TP,CORRECT_MATCH
5727,New_Images,006975.jpg,006975,NONE,Unmasked,NO_FACE_DETECTED,0.0,0.35,TN,No Face Detected by SCRFD
5728,Masked Images,000790__GAS__masked.jpg,000790,GAS,Gas Mask,000790,0.9165,0.35,TP,CORRECT_MATCH
5729,Masked Images,000869__K95__masked.jpg,000869,K95,KN95 Mask,000869,0.7676,0.35,TP,CORRECT_MATCH
5730,New_Images,006620.jpg,006620,NONE,Unmasked,UNRECOGNIZED,0.2446,0.35,TN,CORRECTLY_REJECTED_UNKNOWN
5731,New_Images,005626.jpg,005626,NONE,Unmasked,UNRECOGNIZED,0.2457,0.35,TN,CORRECTLY_REJECTED_UNKNOWN
5732,New_Images,005136.jpg,005136,NONE,Unmasked,UNRECOGNIZED,0.2442,0.35,TN,CORRECTLY_REJECTED_UNKNOWN
5733,New_Images,006139.jpg,006139,NONE,Unmasked,UNRECOGNIZED,0.254,0.35,TN,CORRECTLY_REJECTED_UNKNOWN
5734,New_Images,006650.jpg,006650,NONE,Unmasked,NO_FACE_DETECTED,0.0,0.35,TN,No Face Detected by SCRFD
5735,New_Images,007325.jpg,007325,NONE,Unmasked,UNRECOGNIZED,0.2489,0.35,TN,CORRECTLY_REJECTED_UNKNOWN
5736,New_Images,009582.jpg,009582,NONE,Unmasked,UNRECOGNIZED,0.2239,0.35,TN,CORRECTLY_REJECTED_UNKNOWN
5737,New_Images,005170.jpg,005170,NONE,Unmasked,NO_FACE_DETECTED,0.0,0.35,TN,No Face Detected by SCRFD
5738,Masked Images,000057__CLT__masked.jpg,000057,CLT,Cloth Mask,000057,0.9332,0.35,TP,CORRECT_MATCH
5739,New_Images,006141.jpg,006141,NONE,Unmasked,UNRECOGNIZED,0.273,0.35,TN,CORRECTLY_REJECTED_UNKNOWN
5740,New_Images,008690.jpg,008690,NONE,Unmasked,NO_FACE_DETECTED,0.0,0.35,TN,No Face Detected by SCRFD
5741,New_Images,007542.jpg,007542,NONE,Unmasked,UNRECOGNIZED,0.2151,0.35,TN,CORRECTLY_REJECTED_UNKNOWN
5742,New_Images,005668.jpg,005668,NONE,Unmasked,UNRECOGNIZED,0.2345,0.35,TN,CORRECTLY_REJECTED_UNKNOWN
5743,New_Images,007299.jpg,007299,NONE,Unmasked,NO_FACE_DETECTED,0.0,0.35,TN,No Face Detected by SCRFD
5744,New_Images,008327.jpg,008327,NONE,Unmasked,UNRECOGNIZED,0.2255,0.35,TN,CORRECTLY_REJECTED_UNKNOWN
5745,New_Images,009186.jpg,009186,NONE,Unmasked,UNRECOGNIZED,0.2754,0.35,TN,CORRECTLY_REJECTED_UNKNOWN
5746,New_Images,005491.jpg,005491,NONE,Unmasked,UNRECOGNIZED,0.2404,0.35,TN,CORRECTLY_REJECTED_UNKNOWN
5747,New_Images,008460.jpg,008460,NONE,Unmasked,UNRECOGNIZED,0.2422,0.35,TN,CORRECTLY_REJECTED_UNKNOWN
5748,Masked Images,000234__K95__masked.jpg,000234,K95,KN95 Mask,000234,0.9301,0.35,TP,CORRECT_MATCH
5749,New_Images,008794.jpg,008794,NONE,Unmasked,UNRECOGNIZED,0.2839,0.35,TN,CORRECTLY_REJECTED_UNKNOWN
5750,New_Images,008002.jpg,008002,NONE,Unmasked,UNRECOGNIZED,0.2521,0.35,TN,CORRECTLY_REJECTED_UNKNOWN
5751,New_Images,005768.jpg,005768,NONE,Unmasked,UNRECOGNIZED,0.2214,0.35,TN,CORRECTLY_REJECTED_UNKNOWN
5752,New_Images,005654.jpg,005654,NONE,Unmasked,NO_FACE_DETECTED,0.0,0.35,TN,No Face Detected by SCRFD
5753,Masked Images,000798__K95__masked.jpg,000798,K95,KN95 Mask,000798,0.9417,0.35,TP,CORRECT_MATCH
5754,Masked Images,000262__GAS__masked.jpg,000262,GAS,Gas Mask,000262,0.9106,0.35,TP,CORRECT_MATCH
5755,Masked Images,000278__SUR__masked.jpg,000278,SUR,Surgical Mask,000278,0.9126,0.35,TP,CORRECT_MATCH
5756,New_Images,007319.jpg,007319,NONE,Unmasked,NO_FACE_DETECTED,0.0,0.35,TN,No Face Detected by SCRFD
5757,New_Images,008700.jpg,008700,NONE,Unmasked,NO_FACE_DETECTED,0.0,0.35,TN,No Face Detected by SCRFD
5758,Masked Images,000743__K95__masked.jpg,000743,K95,KN95 Mask,000743,0.9656,0.35,TP,CORRECT_MATCH
5759,New_Images,008330.jpg,008330,NONE,Unmasked,NO_FACE_DETECTED,0.0,0.35,TN,No Face Detected by SCRFD
5760,New_Images,009406.jpg,009406,NONE,Unmasked,UNRECOGNIZED,0.2575,0.35,TN,CORRECTLY_REJECTED_UNKNOWN
5761,Masked Images,000871__GAS__masked.jpg,000871,GAS,Gas Mask,000871,0.9027,0.35,TP,CORRECT_MATCH
5762,New_Images,005006.jpg,005006,NONE,Unmasked,UNRECOGNIZED,0.3273,0.35,TN,CORRECTLY_REJECTED_UNKNOWN
5763,New_Images,005691.jpg,005691,NONE,Unmasked,UNRECOGNIZED,0.2589,0.35,TN,CORRECTLY_REJECTED_UNKNOWN
5764,New_Images,005869.jpg,005869,NONE,Unmasked,UNRECOGNIZED,0.2465,0.35,TN,CORRECTLY_REJECTED_UNKNOWN
5765,New_Images,006116.jpg,006116,NONE,Unmasked,UNRECOGNIZED,0.2533,0.35,TN,CORRECTLY_REJECTED_UNKNOWN
5766,Masked Images,000219__GAS__masked.jpg,000219,GAS,Gas Mask,000219,0.9459,0.35,TP,CORRECT_MATCH
5767,Masked Images,000946__K95__masked.jpg,000946,K95,KN95 Mask,000946,0.9305,0.35,TP,CORRECT_MATCH
5768,New_Images,009101.jpg,009101,NONE,Unmasked,UNRECOGNIZED,0.2397,0.35,TN,CORRECTLY_REJECTED_UNKNOWN
