Iteration,Source_Folder,Image_File,GroundTruth_ID,Detected_ID,Similarity_Score,Threshold,Status,Result_Description
1,Real Images,004085.jpg,4085,4085,1,0.35,TP,CORRECT_MATCH
2,New_Images,005835.jpg,5835,UNRECOGNIZED,0.2175,0.35,TN,CORRECTLY_REJECTED_UNKNOWN
3,Real Images,001673.jpg,1673,1673,1,0.35,TP,CORRECT_MATCH
4,New_Images,006747.jpg,6747,NO_FACE_DETECTED,0,0.35,TN,No Face Detected by SCRFD
5,Real Images,000908.jpg,908,908,1,0.35,TP,CORRECT_MATCH
6,New_Images,005403.jpg,5403,UNRECOGNIZED,0.2383,0.35,TN,CORRECTLY_REJECTED_UNKNOWN
7,New_Images,008626.jpg,8626,UNRECOGNIZED,0.1922,0.35,TN,CORRECTLY_REJECTED_UNKNOWN
8,New_Images,006789.jpg,6789,UNRECOGNIZED,0.271,0.35,TN,CORRECTLY_REJECTED_UNKNOWN
9,Real Images,002518.jpg,2518,2518,1,0.35,TP,CORRECT_MATCH
10,Real Images,001176.jpg,1176,1176,1,0.35,TP,CORRECT_MATCH
11,New_Images,005045.jpg,5045,UNRECOGNIZED,0.274,0.35,TN,CORRECTLY_REJECTED_UNKNOWN
12,New_Images,008316.jpg,8316,UNRECOGNIZED,0.2572,0.35,TN,CORRECTLY_REJECTED_UNKNOWN
13,New_Images,007314.jpg,7314,UNRECOGNIZED,0.3315,0.35,TN,CORRECTLY_REJECTED_UNKNOWN
14,New_Images,006125.jpg,6125,UNRECOGNIZED,0.2772,0.35,TN,CORRECTLY_REJECTED_UNKNOWN
15,Real Images,000836.jpg,836,836,1,0.35,TP,CORRECT_MATCH
16,Real Images,004977.jpg,4977,4977,1,0.35,TP,CORRECT_MATCH
17,Real Images,003225.jpg,3225,3225,1,0.35,TP,CORRECT_MATCH
18,New_Images,008955.jpg,8955,NO_FACE_DETECTED,0,0.35,TN,No Face Detected by SCRFD
19,Real Images,000020.jpg,20,20,1,0.35,TP,CORRECT_MATCH
20,New_Images,006371.jpg,6371,NO_FACE_DETECTED,0,0.35,TN,No Face Detected by SCRFD
21,New_Images,006124.jpg,6124,UNRECOGNIZED,0.2329,0.35,TN,CORRECTLY_REJECTED_UNKNOWN
22,Real Images,002558.jpg,2558,2558,1,0.35,TP,CORRECT_MATCH
23,Real Images,004879.jpg,4879,4879,1,0.35,TP,CORRECT_MATCH
24,Real Images,004063.jpg,4063,4063,1,0.35,TP,CORRECT_MATCH
25,Real Images,002782.jpg,2782,2782,1,0.35,TP,CORRECT_MATCH
26,New_Images,007650.jpg,7650,UNRECOGNIZED,0.2636,0.35,TN,CORRECTLY_REJECTED_UNKNOWN
27,New_Images,009577.jpg,9577,UNRECOGNIZED,0.2977,0.35,TN,CORRECTLY_REJECTED_UNKNOWN
28,Real Images,004969.jpg,4969,4969,1,0.35,TP,CORRECT_MATCH
29,New_Images,008681.jpg,8681,2581,0.4012,0.35,FP,MISIDENTIFIED_AS_002581
30,New_Images,005809.jpg,5809,NO_FACE_DETECTED,0,0.35,TN,No Face Detected by SCRFD
31,Real Images,004751.jpg,4751,4751,1,0.35,TP,CORRECT_MATCH
32,Real Images,003993.jpg,3993,3993,1,0.35,TP,CORRECT_MATCH
33,New_Images,008871.jpg,8871,NO_FACE_DETECTED,0,0.35,TN,No Face Detected by SCRFD
34,New_Images,008579.jpg,8579,UNRECOGNIZED,0.2265,0.35,TN,CORRECTLY_REJECTED_UNKNOWN
35,Real Images,004905.jpg,4905,4905,1,0.35,TP,CORRECT_MATCH
36,New_Images,007730.jpg,7730,UNRECOGNIZED,0.265,0.35,TN,CORRECTLY_REJECTED_UNKNOWN
37,Real Images,003002.jpg,3002,3002,1,0.35,TP,CORRECT_MATCH
38,Real Images,001915.jpg,1915,1915,1,0.35,TP,CORRECT_MATCH
39,New_Images,007480.jpg,7480,UNRECOGNIZED,0.2741,0.35,TN,CORRECTLY_REJECTED_UNKNOWN
40,New_Images,007520.jpg,7520,NO_FACE_DETECTED,0,0.35,TN,No Face Detected by SCRFD
41,Real Images,004791.jpg,4791,4791,1,0.35,TP,CORRECT_MATCH
42,Real Images,004070.jpg,4070,4070,1,0.35,TP,CORRECT_MATCH
43,Real Images,002138.jpg,2138,2138,1,0.35,TP,CORRECT_MATCH
44,New_Images,008011.jpg,8011,NO_FACE_DETECTED,0,0.35,TN,No Face Detected by SCRFD
45,New_Images,005059.jpg,5059,NO_FACE_DETECTED,0,0.35,TN,No Face Detected by SCRFD
46,New_Images,009046.jpg,9046,UNRECOGNIZED,0.3139,0.35,TN,CORRECTLY_REJECTED_UNKNOWN
47,Real Images,002780.jpg,2780,2780,1,0.35,TP,CORRECT_MATCH
48,Real Images,000071.jpg,71,71,1,0.35,TP,CORRECT_MATCH
49,Real Images,004966.jpg,4966,4966,1,0.35,TP,CORRECT_MATCH
50,Real Images,000215.jpg,215,215,1,0.35,TP,CORRECT_MATCH
51,New_Images,007688.jpg,7688,UNRECOGNIZED,0.2672,0.35,TN,CORRECTLY_REJECTED_UNKNOWN
52,Real Images,000616.jpg,616,616,1,0.35,TP,CORRECT_MATCH
53,Real Images,001958.jpg,1958,1958,1,0.35,TP,CORRECT_MATCH
54,New_Images,007735.jpg,7735,UNRECOGNIZED,0.3171,0.35,TN,CORRECTLY_REJECTED_UNKNOWN
55,Real Images,002876.jpg,2876,2876,1,0.35,TP,CORRECT_MATCH
56,Real Images,003094.jpg,3094,3094,1,0.35,TP,CORRECT_MATCH
57,New_Images,006270.jpg,6270,UNRECOGNIZED,0.2613,0.35,TN,CORRECTLY_REJECTED_UNKNOWN
58,New_Images,009447.jpg,9447,UNRECOGNIZED,0.2149,0.35,TN,CORRECTLY_REJECTED_UNKNOWN
59,New_Images,006084.jpg,6084,NO_FACE_DETECTED,0,0.35,TN,No Face Detected by SCRFD
60,New_Images,006535.jpg,6535,UNRECOGNIZED,0.238,0.35,TN,CORRECTLY_REJECTED_UNKNOWN
61,Real Images,002295.jpg,2295,2295,1,0.35,TP,CORRECT_MATCH
62,New_Images,007159.jpg,7159,UNRECOGNIZED,0.2503,0.35,TN,CORRECTLY_REJECTED_UNKNOWN
63,Real Images,003571.jpg,3571,3571,1,0.35,TP,CORRECT_MATCH
64,New_Images,008873.jpg,8873,UNRECOGNIZED,0.2507,0.35,TN,CORRECTLY_REJECTED_UNKNOWN
65,Real Images,002844.jpg,2844,2844,1,0.35,TP,CORRECT_MATCH
66,Real Images,000064.jpg,64,64,1,0.35,TP,CORRECT_MATCH
67,Real Images,004918.jpg,4918,4918,1,0.35,TP,CORRECT_MATCH
68,Real Images,003866.jpg,3866,3866,1,0.35,TP,CORRECT_MATCH
69,New_Images,008312.jpg,8312,UNRECOGNIZED,0.2931,0.35,TN,CORRECTLY_REJECTED_UNKNOWN
70,New_Images,005654.jpg,5654,NO_FACE_DETECTED,0,0.35,TN,No Face Detected by SCRFD
71,New_Images,006218.jpg,6218,UNRECOGNIZED,0.2471,0.35,TN,CORRECTLY_REJECTED_UNKNOWN
72,New_Images,008965.jpg,8965,UNRECOGNIZED,0.2179,0.35,TN,CORRECTLY_REJECTED_UNKNOWN
73,New_Images,008453.jpg,8453,UNRECOGNIZED,0.2574,0.35,TN,CORRECTLY_REJECTED_UNKNOWN
74,Real Images,001406.jpg,1406,1406,1,0.35,TP,CORRECT_MATCH
75,New_Images,009205.jpg,9205,UNRECOGNIZED,0.268,0.35,TN,CORRECTLY_REJECTED_UNKNOWN
76,Real Images,004884.jpg,4884,4884,1,0.35,TP,CORRECT_MATCH
77,Real Images,004964.jpg,4964,4964,1,0.35,TP,CORRECT_MATCH
78,Real Images,004655.jpg,4655,4655,1,0.35,TP,CORRECT_MATCH
79,Real Images,004874.jpg,4874,4874,1,0.35,TP,CORRECT_MATCH
80,New_Images,009073.jpg,9073,UNRECOGNIZED,0.2335,0.35,TN,CORRECTLY_REJECTED_UNKNOWN
81,Real Images,000586.jpg,586,586,1,0.35,TP,CORRECT_MATCH
82,Real Images,001288.jpg,1288,1288,1,0.35,TP,CORRECT_MATCH
83,New_Images,007402.jpg,7402,UNRECOGNIZED,0.2339,0.35,TN,CORRECTLY_REJECTED_UNKNOWN
84,New_Images,009208.jpg,9208,UNRECOGNIZED,0.256,0.35,TN,CORRECTLY_REJECTED_UNKNOWN
85,New_Images,008058.jpg,8058,UNRECOGNIZED,0.2478,0.35,TN,CORRECTLY_REJECTED_UNKNOWN
86,New_Images,008123.jpg,8123,UNRECOGNIZED,0.2374,0.35,TN,CORRECTLY_REJECTED_UNKNOWN
87,Real Images,002542.jpg,2542,2542,1,0.35,TP,CORRECT_MATCH
88,Real Images,000806.jpg,806,806,1,0.35,TP,CORRECT_MATCH
89,New_Images,008335.jpg,8335,UNRECOGNIZED,0.2816,0.35,TN,CORRECTLY_REJECTED_UNKNOWN
90,Real Images,000545.jpg,545,545,1,0.35,TP,CORRECT_MATCH
91,Real Images,003972.jpg,3972,3972,1,0.35,TP,CORRECT_MATCH
92,New_Images,008950.jpg,8950,NO_FACE_DETECTED,0,0.35,TN,No Face Detected by SCRFD
93,Real Images,002466.jpg,2466,2466,1,0.35,TP,CORRECT_MATCH
94,Real Images,002883.jpg,2883,2883,1,0.35,TP,CORRECT_MATCH
95,Real Images,003452.jpg,3452,3452,1,0.35,TP,CORRECT_MATCH
96,New_Images,008564.jpg,8564,NO_FACE_DETECTED,0,0.35,TN,No Face Detected by SCRFD
97,New_Images,005509.jpg,5509,UNRECOGNIZED,0.2434,0.35,TN,CORRECTLY_REJECTED_UNKNOWN
98,New_Images,005966.jpg,5966,NO_FACE_DETECTED,0,0.35,TN,No Face Detected by SCRFD
99,Real Images,003097.jpg,3097,3097,1,0.35,TP,CORRECT_MATCH
100,Real Images,004427.jpg,4427,4427,1,0.35,TP,CORRECT_MATCH
101,New_Images,006409.jpg,6409,NO_FACE_DETECTED,0,0.35,TN,No Face Detected by SCRFD
102,Real Images,000641.jpg,641,641,1,0.35,TP,CORRECT_MATCH
103,Real Images,001073.jpg,1073,1073,1,0.35,TP,CORRECT_MATCH
104,New_Images,005480.jpg,5480,UNRECOGNIZED,0.2158,0.35,TN,CORRECTLY_REJECTED_UNKNOWN
105,New_Images,007001.jpg,7001,UNRECOGNIZED,0.2733,0.35,TN,CORRECTLY_REJECTED_UNKNOWN
106,New_Images,007527.jpg,7527,UNRECOGNIZED,0.2497,0.35,TN,CORRECTLY_REJECTED_UNKNOWN
107,New_Images,007519.jpg,7519,UNRECOGNIZED,0.2463,0.35,TN,CORRECTLY_REJECTED_UNKNOWN
108,New_Images,007877.jpg,7877,UNRECOGNIZED,0.2225,0.35,TN,CORRECTLY_REJECTED_UNKNOWN
109,New_Images,009524.jpg,9524,UNRECOGNIZED,0.3407,0.35,TN,CORRECTLY_REJECTED_UNKNOWN
110,New_Images,006834.jpg,6834,UNRECOGNIZED,0.2829,0.35,TN,CORRECTLY_REJECTED_UNKNOWN
111,New_Images,006222.jpg,6222,NO_FACE_DETECTED,0,0.35,TN,No Face Detected by SCRFD
112,New_Images,008169.jpg,8169,UNRECOGNIZED,0.2314,0.35,TN,CORRECTLY_REJECTED_UNKNOWN
113,Real Images,002163.jpg,2163,2163,1,0.35,TP,CORRECT_MATCH
114,Real Images,002741.jpg,2741,2741,1,0.35,TP,CORRECT_MATCH
115,Real Images,003234.jpg,3234,3234,1,0.35,TP,CORRECT_MATCH
116,Real Images,003678.jpg,3678,3678,1,0.35,TP,CORRECT_MATCH
117,New_Images,009471.jpg,9471,UNRECOGNIZED,0.2227,0.35,TN,CORRECTLY_REJECTED_UNKNOWN
118,Real Images,002499.jpg,2499,2499,1,0.35,TP,CORRECT_MATCH
119,New_Images,005262.jpg,5262,UNRECOGNIZED,0.2175,0.35,TN,CORRECTLY_REJECTED_UNKNOWN
120,Real Images,001761.jpg,1761,1761,1,0.35,TP,CORRECT_MATCH
121,New_Images,005954.jpg,5954,UNRECOGNIZED,0.2477,0.35,TN,CORRECTLY_REJECTED_UNKNOWN
122,Real Images,000807.jpg,807,807,1,0.35,TP,CORRECT_MATCH
123,Real Images,003975.jpg,3975,3975,1,0.35,TP,CORRECT_MATCH
124,Real Images,001678.jpg,1678,1678,1,0.35,TP,CORRECT_MATCH
125,Real Images,004901.jpg,4901,4901,1,0.35,TP,CORRECT_MATCH
126,Real Images,002123.jpg,2123,2123,1,0.35,TP,CORRECT_MATCH
127,New_Images,005997.jpg,5997,NO_FACE_DETECTED,0,0.35,TN,No Face Detected by SCRFD
128,New_Images,006723.jpg,6723,NO_FACE_DETECTED,0,0.35,TN,No Face Detected by SCRFD
129,Real Images,002582.jpg,2582,2582,1,0.35,TP,CORRECT_MATCH
130,Real Images,000878.jpg,878,878,1,0.35,TP,CORRECT_MATCH
131,New_Images,009217.jpg,9217,UNRECOGNIZED,0.2682,0.35,TN,CORRECTLY_REJECTED_UNKNOWN
132,Real Images,004762.jpg,4762,4762,1,0.35,TP,CORRECT_MATCH
133,Real Images,000837.jpg,837,837,1,0.35,TP,CORRECT_MATCH
134,Real Images,001582.jpg,1582,1582,1,0.35,TP,CORRECT_MATCH
135,New_Images,007288.jpg,7288,UNRECOGNIZED,0.265,0.35,TN,CORRECTLY_REJECTED_UNKNOWN
136,New_Images,005590.jpg,5590,UNRECOGNIZED,0.2559,0.35,TN,CORRECTLY_REJECTED_UNKNOWN
137,Real Images,000287.jpg,287,287,1,0.35,TP,CORRECT_MATCH
138,New_Images,008623.jpg,8623,NO_FACE_DETECTED,0,0.35,TN,No Face Detected by SCRFD
139,New_Images,006955.jpg,6955,UNRECOGNIZED,0.2511,0.35,TN,CORRECTLY_REJECTED_UNKNOWN
140,New_Images,008488.jpg,8488,NO_FACE_DETECTED,0,0.35,TN,No Face Detected by SCRFD
141,Real Images,004282.jpg,4282,4282,1,0.35,TP,CORRECT_MATCH
142,Real Images,004525.jpg,4525,4525,1,0.35,TP,CORRECT_MATCH
143,New_Images,006650.jpg,6650,NO_FACE_DETECTED,0,0.35,TN,No Face Detected by SCRFD
144,New_Images,009411.jpg,9411,UNRECOGNIZED,0.2638,0.35,TN,CORRECTLY_REJECTED_UNKNOWN
145,New_Images,006519.jpg,6519,UNRECOGNIZED,0.2232,0.35,TN,CORRECTLY_REJECTED_UNKNOWN
146,New_Images,009123.jpg,9123,NO_FACE_DETECTED,0,0.35,TN,No Face Detected by SCRFD
147,Real Images,003371.jpg,3371,3371,1,0.35,TP,CORRECT_MATCH
148,New_Images,005629.jpg,5629,NO_FACE_DETECTED,0,0.35,TN,No Face Detected by SCRFD
149,Real Images,004323.jpg,4323,4323,1,0.35,TP,CORRECT_MATCH
150,Real Images,000576.jpg,576,576,1,0.35,TP,CORRECT_MATCH
151,Real Images,004588.jpg,4588,4588,1,0.35,TP,CORRECT_MATCH
152,New_Images,007757.jpg,7757,UNRECOGNIZED,0.2741,0.35,TN,CORRECTLY_REJECTED_UNKNOWN
153,Real Images,003739.jpg,3739,3739,1,0.35,TP,CORRECT_MATCH
154,Real Images,002740.jpg,2740,2740,1,0.35,TP,CORRECT_MATCH
155,Real Images,004932.jpg,4932,4932,1,0.35,TP,CORRECT_MATCH
156,New_Images,006116.jpg,6116,UNRECOGNIZED,0.2533,0.35,TN,CORRECTLY_REJECTED_UNKNOWN
157,New_Images,008710.jpg,8710,UNRECOGNIZED,0.2582,0.35,TN,CORRECTLY_REJECTED_UNKNOWN
158,New_Images,006297.jpg,6297,UNRECOGNIZED,0.3179,0.35,TN,CORRECTLY_REJECTED_UNKNOWN
159,New_Images,006765.jpg,6765,UNRECOGNIZED,0.2647,0.35,TN,CORRECTLY_REJECTED_UNKNOWN
160,Real Images,004412.jpg,4412,4412,1,0.35,TP,CORRECT_MATCH
161,Real Images,004887.jpg,4887,4887,1,0.35,TP,CORRECT_MATCH
162,New_Images,007534.jpg,7534,NO_FACE_DETECTED,0,0.35,TN,No Face Detected by SCRFD
163,Real Images,001429.jpg,1429,1429,1,0.35,TP,CORRECT_MATCH
164,Real Images,001629.jpg,1629,1629,1,0.35,TP,CORRECT_MATCH
165,New_Images,009457.jpg,9457,NO_FACE_DETECTED,0,0.35,TN,No Face Detected by SCRFD
166,Real Images,000960.jpg,960,960,1,0.35,TP,CORRECT_MATCH
167,New_Images,006452.jpg,6452,UNRECOGNIZED,0.2304,0.35,TN,CORRECTLY_REJECTED_UNKNOWN
168,New_Images,009024.jpg,9024,UNRECOGNIZED,0.276,0.35,TN,CORRECTLY_REJECTED_UNKNOWN
169,New_Images,009584.jpg,9584,UNRECOGNIZED,0.216,0.35,TN,CORRECTLY_REJECTED_UNKNOWN
170,New_Images,009598.jpg,9598,UNRECOGNIZED,0.2441,0.35,TN,CORRECTLY_REJECTED_UNKNOWN
171,New_Images,008340.jpg,8340,UNRECOGNIZED,0.2505,0.35,TN,CORRECTLY_REJECTED_UNKNOWN
172,New_Images,008407.jpg,8407,NO_FACE_DETECTED,0,0.35,TN,No Face Detected by SCRFD
173,Real Images,004354.jpg,4354,4354,1,0.35,TP,CORRECT_MATCH
174,Real Images,003105.jpg,3105,3105,1,0.35,TP,CORRECT_MATCH
175,Real Images,002679.jpg,2679,2679,1,0.35,TP,CORRECT_MATCH
176,Real Images,000312.jpg,312,312,1,0.35,TP,CORRECT_MATCH
177,Real Images,000199.jpg,199,NO_FACE_DETECTED,0,0.35,TN,No Face Detected by SCRFD
178,New_Images,006743.jpg,6743,UNRECOGNIZED,0.2568,0.35,TN,CORRECTLY_REJECTED_UNKNOWN
179,Real Images,003422.jpg,3422,3422,1,0.35,TP,CORRECT_MATCH
180,New_Images,005357.jpg,5357,UNRECOGNIZED,0.2602,0.35,TN,CORRECTLY_REJECTED_UNKNOWN
181,Real Images,001381.jpg,1381,1381,1,0.35,TP,CORRECT_MATCH
182,Real Images,001668.jpg,1668,1668,1,0.35,TP,CORRECT_MATCH
183,Real Images,002861.jpg,2861,2861,1,0.35,TP,CORRECT_MATCH
184,Real Images,000527.jpg,527,527,1,0.35,TP,CORRECT_MATCH
185,Real Images,000192.jpg,192,192,1,0.35,TP,CORRECT_MATCH
186,Real Images,004676.jpg,4676,4676,1,0.35,TP,CORRECT_MATCH
187,New_Images,006182.jpg,6182,UNRECOGNIZED,0.2398,0.35,TN,CORRECTLY_REJECTED_UNKNOWN
188,Real Images,000761.jpg,761,761,1,0.35,TP,CORRECT_MATCH
189,New_Images,005541.jpg,5541,UNRECOGNIZED,0.2612,0.35,TN,CORRECTLY_REJECTED_UNKNOWN
190,Real Images,003449.jpg,3449,3449,1,0.35,TP,CORRECT_MATCH
191,New_Images,007348.jpg,7348,UNRECOGNIZED,0.2658,0.35,TN,CORRECTLY_REJECTED_UNKNOWN
192,Real Images,000170.jpg,170,170,1,0.35,TP,CORRECT_MATCH
193,Real Images,003130.jpg,3130,3130,1,0.35,TP,CORRECT_MATCH
194,New_Images,008634.jpg,8634,UNRECOGNIZED,0.245,0.35,TN,CORRECTLY_REJECTED_UNKNOWN
195,Real Images,003206.jpg,3206,3206,1,0.35,TP,CORRECT_MATCH
196,New_Images,008423.jpg,8423,NO_FACE_DETECTED,0,0.35,TN,No Face Detected by SCRFD
197,New_Images,005715.jpg,5715,NO_FACE_DETECTED,0,0.35,TN,No Face Detected by SCRFD
198,Real Images,003213.jpg,3213,3213,1,0.35,TP,CORRECT_MATCH
199,Real Images,004591.jpg,4591,4591,1,0.35,TP,CORRECT_MATCH
200,Real Images,001619.jpg,1619,1619,1,0.35,TP,CORRECT_MATCH
201,New_Images,005183.jpg,5183,UNRECOGNIZED,0.2702,0.35,TN,CORRECTLY_REJECTED_UNKNOWN
202,New_Images,005035.jpg,5035,UNRECOGNIZED,0.213,0.35,TN,CORRECTLY_REJECTED_UNKNOWN
203,New_Images,005030.jpg,5030,NO_FACE_DETECTED,0,0.35,TN,No Face Detected by SCRFD
204,New_Images,006921.jpg,6921,UNRECOGNIZED,0.2685,0.35,TN,CORRECTLY_REJECTED_UNKNOWN
205,New_Images,008828.jpg,8828,UNRECOGNIZED,0.2314,0.35,TN,CORRECTLY_REJECTED_UNKNOWN
206,New_Images,007904.jpg,7904,UNRECOGNIZED,0.3057,0.35,TN,CORRECTLY_REJECTED_UNKNOWN
207,Real Images,003973.jpg,3973,3973,1,0.35,TP,CORRECT_MATCH
208,Real Images,003245.jpg,3245,3245,1,0.35,TP,CORRECT_MATCH
209,New_Images,008996.jpg,8996,UNRECOGNIZED,0.206,0.35,TN,CORRECTLY_REJECTED_UNKNOWN
210,New_Images,008817.jpg,8817,UNRECOGNIZED,0.2544,0.35,TN,CORRECTLY_REJECTED_UNKNOWN
211,Real Images,003944.jpg,3944,3944,1,0.35,TP,CORRECT_MATCH
212,New_Images,008625.jpg,8625,UNRECOGNIZED,0.2554,0.35,TN,CORRECTLY_REJECTED_UNKNOWN
213,Real Images,004455.jpg,4455,4455,1,0.35,TP,CORRECT_MATCH
214,New_Images,008722.jpg,8722,UNRECOGNIZED,0.2293,0.35,TN,CORRECTLY_REJECTED_UNKNOWN
215,Real Images,004748.jpg,4748,4748,1,0.35,TP,CORRECT_MATCH
216,Real Images,003741.jpg,3741,3741,1,0.35,TP,CORRECT_MATCH
217,Real Images,004871.jpg,4871,4871,1,0.35,TP,CORRECT_MATCH
218,Real Images,000206.jpg,206,206,1,0.35,TP,CORRECT_MATCH
219,Real Images,000662.jpg,662,662,1,0.35,TP,CORRECT_MATCH
220,Real Images,000796.jpg,796,796,1,0.35,TP,CORRECT_MATCH
221,Real Images,002001.jpg,2001,2001,1,0.35,TP,CORRECT_MATCH
222,Real Images,000362.jpg,362,362,1,0.35,TP,CORRECT_MATCH
223,Real Images,003621.jpg,3621,3621,1,0.35,TP,CORRECT_MATCH
224,New_Images,007856.jpg,7856,NO_FACE_DETECTED,0,0.35,TN,No Face Detected by SCRFD
225,Real Images,000193.jpg,193,193,1,0.35,TP,CORRECT_MATCH
226,New_Images,007783.jpg,7783,UNRECOGNIZED,0.2279,0.35,TN,CORRECTLY_REJECTED_UNKNOWN
227,Real Images,002397.jpg,2397,2397,1,0.35,TP,CORRECT_MATCH
228,New_Images,006652.jpg,6652,UNRECOGNIZED,0.2024,0.35,TN,CORRECTLY_REJECTED_UNKNOWN
229,Real Images,002649.jpg,2649,2649,1,0.35,TP,CORRECT_MATCH
230,Real Images,004002.jpg,4002,4002,1,0.35,TP,CORRECT_MATCH
231,Real Images,003412.jpg,3412,3412,1,0.35,TP,CORRECT_MATCH
232,New_Images,005788.jpg,5788,UNRECOGNIZED,0.238,0.35,TN,CORRECTLY_REJECTED_UNKNOWN
233,Real Images,001334.jpg,1334,1334,1,0.35,TP,CORRECT_MATCH
234,New_Images,005175.jpg,5175,UNRECOGNIZED,0.3128,0.35,TN,CORRECTLY_REJECTED_UNKNOWN
235,New_Images,009006.jpg,9006,NO_FACE_DETECTED,0,0.35,TN,No Face Detected by SCRFD
236,Real Images,000659.jpg,659,659,1,0.35,TP,CORRECT_MATCH
237,Real Images,004568.jpg,4568,4568,1,0.35,TP,CORRECT_MATCH
238,Real Images,001461.jpg,1461,1461,1,0.35,TP,CORRECT_MATCH
239,New_Images,008856.jpg,8856,UNRECOGNIZED,0.2776,0.35,TN,CORRECTLY_REJECTED_UNKNOWN
240,New_Images,006278.jpg,6278,NO_FACE_DETECTED,0,0.35,TN,No Face Detected by SCRFD
241,Real Images,001755.jpg,1755,1755,1,0.35,TP,CORRECT_MATCH
242,New_Images,007025.jpg,7025,UNRECOGNIZED,0.2666,0.35,TN,CORRECTLY_REJECTED_UNKNOWN
243,Real Images,004485.jpg,4485,4485,1,0.35,TP,CORRECT_MATCH
244,New_Images,005643.jpg,5643,UNRECOGNIZED,0.2756,0.35,TN,CORRECTLY_REJECTED_UNKNOWN
245,Real Images,004851.jpg,4851,4851,1,0.35,TP,CORRECT_MATCH
246,New_Images,008458.jpg,8458,UNRECOGNIZED,0.2315,0.35,TN,CORRECTLY_REJECTED_UNKNOWN
247,New_Images,006520.jpg,6520,NO_FACE_DETECTED,0,0.35,TN,No Face Detected by SCRFD
248,New_Images,006720.jpg,6720,UNRECOGNIZED,0.3068,0.35,TN,CORRECTLY_REJECTED_UNKNOWN
249,Real Images,004057.jpg,4057,4057,1,0.35,TP,CORRECT_MATCH
250,New_Images,009037.jpg,9037,UNRECOGNIZED,0.2621,0.35,TN,CORRECTLY_REJECTED_UNKNOWN
251,Real Images,000510.jpg,510,510,1,0.35,TP,CORRECT_MATCH
252,Real Images,001799.jpg,1799,1799,1,0.35,TP,CORRECT_MATCH
253,Real Images,002543.jpg,2543,2543,1,0.35,TP,CORRECT_MATCH
254,Real Images,001466.jpg,1466,1466,1,0.35,TP,CORRECT_MATCH
255,Real Images,001275.jpg,1275,1275,1,0.35,TP,CORRECT_MATCH
256,Real Images,001956.jpg,1956,1956,1,0.35,TP,CORRECT_MATCH
257,Real Images,000629.jpg,629,629,1,0.35,TP,CORRECT_MATCH
258,New_Images,007269.jpg,7269,UNRECOGNIZED,0.2327,0.35,TN,CORRECTLY_REJECTED_UNKNOWN
259,Real Images,003720.jpg,3720,3720,1,0.35,TP,CORRECT_MATCH
260,New_Images,005761.jpg,5761,UNRECOGNIZED,0.2355,0.35,TN,CORRECTLY_REJECTED_UNKNOWN
261,New_Images,008995.jpg,8995,UNRECOGNIZED,0.2753,0.35,TN,CORRECTLY_REJECTED_UNKNOWN
262,Real Images,002602.jpg,2602,2602,1,0.35,TP,CORRECT_MATCH
263,New_Images,006400.jpg,6400,NO_FACE_DETECTED,0,0.35,TN,No Face Detected by SCRFD
264,Real Images,002899.jpg,2899,2899,1,0.35,TP,CORRECT_MATCH
265,Real Images,003968.jpg,3968,3968,1,0.35,TP,CORRECT_MATCH
266,New_Images,005841.jpg,5841,NO_FACE_DETECTED,0,0.35,TN,No Face Detected by SCRFD
267,New_Images,005735.jpg,5735,UNRECOGNIZED,0.2462,0.35,TN,CORRECTLY_REJECTED_UNKNOWN
268,Real Images,000277.jpg,277,277,1,0.35,TP,CORRECT_MATCH
269,New_Images,007472.jpg,7472,UNRECOGNIZED,0.2936,0.35,TN,CORRECTLY_REJECTED_UNKNOWN
270,Real Images,003814.jpg,3814,3814,1,0.35,TP,CORRECT_MATCH
271,New_Images,007967.jpg,7967,UNRECOGNIZED,0.2488,0.35,TN,CORRECTLY_REJECTED_UNKNOWN
272,New_Images,008645.jpg,8645,UNRECOGNIZED,0.2874,0.35,TN,CORRECTLY_REJECTED_UNKNOWN
273,Real Images,004859.jpg,4859,4859,1,0.35,TP,CORRECT_MATCH
274,Real Images,002739.jpg,2739,2739,1,0.35,TP,CORRECT_MATCH
275,Real Images,004257.jpg,4257,4257,1,0.35,TP,CORRECT_MATCH
276,New_Images,006313.jpg,6313,NO_FACE_DETECTED,0,0.35,TN,No Face Detected by SCRFD
277,Real Images,001386.jpg,1386,1386,1,0.35,TP,CORRECT_MATCH
278,New_Images,009466.jpg,9466,UNRECOGNIZED,0.2819,0.35,TN,CORRECTLY_REJECTED_UNKNOWN
279,New_Images,006744.jpg,6744,NO_FACE_DETECTED,0,0.35,TN,No Face Detected by SCRFD
280,Real Images,000897.jpg,897,897,1,0.35,TP,CORRECT_MATCH
281,New_Images,008720.jpg,8720,UNRECOGNIZED,0.2815,0.35,TN,CORRECTLY_REJECTED_UNKNOWN
282,New_Images,006672.jpg,6672,UNRECOGNIZED,0.231,0.35,TN,CORRECTLY_REJECTED_UNKNOWN
283,New_Images,007087.jpg,7087,UNRECOGNIZED,0.2415,0.35,TN,CORRECTLY_REJECTED_UNKNOWN
284,New_Images,007645.jpg,7645,UNRECOGNIZED,0.2301,0.35,TN,CORRECTLY_REJECTED_UNKNOWN
285,Real Images,002754.jpg,2754,2754,1,0.35,TP,CORRECT_MATCH
286,New_Images,009146.jpg,9146,NO_FACE_DETECTED,0,0.35,TN,No Face Detected by SCRFD
287,Real Images,003029.jpg,3029,3029,1,0.35,TP,CORRECT_MATCH
288,Real Images,000117.jpg,117,117,1,0.35,TP,CORRECT_MATCH
289,Real Images,003349.jpg,3349,3349,1,0.35,TP,CORRECT_MATCH
290,Real Images,001473.jpg,1473,1473,1,0.35,TP,CORRECT_MATCH
291,Real Images,001346.jpg,1346,1346,1,0.35,TP,CORRECT_MATCH
292,Real Images,002798.jpg,2798,2798,1,0.35,TP,CORRECT_MATCH
293,New_Images,009569.jpg,9569,NO_FACE_DETECTED,0,0.35,TN,No Face Detected by SCRFD
294,New_Images,005691.jpg,5691,UNRECOGNIZED,0.2589,0.35,TN,CORRECTLY_REJECTED_UNKNOWN
295,Real Images,000090.jpg,90,90,1,0.35,TP,CORRECT_MATCH
296,New_Images,005907.jpg,5907,NO_FACE_DETECTED,0,0.35,TN,No Face Detected by SCRFD
297,Real Images,001697.jpg,1697,1697,1,0.35,TP,CORRECT_MATCH
298,New_Images,007272.jpg,7272,UNRECOGNIZED,0.2508,0.35,TN,CORRECTLY_REJECTED_UNKNOWN
299,Real Images,001910.jpg,1910,1910,1,0.35,TP,CORRECT_MATCH
300,New_Images,007209.jpg,7209,NO_FACE_DETECTED,0,0.35,TN,No Face Detected by SCRFD
301,New_Images,006727.jpg,6727,NO_FACE_DETECTED,0,0.35,TN,No Face Detected by SCRFD
302,New_Images,008339.jpg,8339,UNRECOGNIZED,0.2066,0.35,TN,CORRECTLY_REJECTED_UNKNOWN
303,Real Images,002488.jpg,2488,2488,1,0.35,TP,CORRECT_MATCH
304,Real Images,002529.jpg,2529,2529,1,0.35,TP,CORRECT_MATCH
305,New_Images,007050.jpg,7050,UNRECOGNIZED,0.3334,0.35,TN,CORRECTLY_REJECTED_UNKNOWN
306,Real Images,004056.jpg,4056,4056,1,0.35,TP,CORRECT_MATCH
307,New_Images,006355.jpg,6355,UNRECOGNIZED,0.2461,0.35,TN,CORRECTLY_REJECTED_UNKNOWN
308,New_Images,006034.jpg,6034,UNRECOGNIZED,0.2669,0.35,TN,CORRECTLY_REJECTED_UNKNOWN
309,Real Images,001242.jpg,1242,1242,1,0.35,TP,CORRECT_MATCH
310,Real Images,000081.jpg,81,81,1,0.35,TP,CORRECT_MATCH
311,Real Images,004913.jpg,4913,4913,1,0.35,TP,CORRECT_MATCH
312,New_Images,009213.jpg,9213,UNRECOGNIZED,0.2382,0.35,TN,CORRECTLY_REJECTED_UNKNOWN
313,New_Images,007684.jpg,7684,NO_FACE_DETECTED,0,0.35,TN,No Face Detected by SCRFD
314,Real Images,000248.jpg,248,248,1,0.35,TP,CORRECT_MATCH
315,Real Images,003954.jpg,3954,3954,1,0.35,TP,CORRECT_MATCH
316,Real Images,002425.jpg,2425,2425,1,0.35,TP,CORRECT_MATCH
317,New_Images,005755.jpg,5755,NO_FACE_DETECTED,0,0.35,TN,No Face Detected by SCRFD
318,New_Images,008570.jpg,8570,UNRECOGNIZED,0.2599,0.35,TN,CORRECTLY_REJECTED_UNKNOWN
319,Real Images,000389.jpg,389,389,1,0.35,TP,CORRECT_MATCH
320,Real Images,002850.jpg,2850,2850,1,0.35,TP,CORRECT_MATCH
321,New_Images,006287.jpg,6287,UNRECOGNIZED,0.2424,0.35,TN,CORRECTLY_REJECTED_UNKNOWN
322,Real Images,001143.jpg,1143,1143,1,0.35,TP,CORRECT_MATCH
323,New_Images,009207.jpg,9207,UNRECOGNIZED,0.2156,0.35,TN,CORRECTLY_REJECTED_UNKNOWN
324,Real Images,000848.jpg,848,848,1,0.35,TP,CORRECT_MATCH
325,New_Images,006646.jpg,6646,NO_FACE_DETECTED,0,0.35,TN,No Face Detected by SCRFD
326,New_Images,008758.jpg,8758,NO_FACE_DETECTED,0,0.35,TN,No Face Detected by SCRFD
327,New_Images,009420.jpg,9420,UNRECOGNIZED,0.2192,0.35,TN,CORRECTLY_REJECTED_UNKNOWN
328,Real Images,000478.jpg,478,478,1,0.35,TP,CORRECT_MATCH
329,Real Images,001591.jpg,1591,1591,1,0.35,TP,CORRECT_MATCH
330,New_Images,006267.jpg,6267,UNRECOGNIZED,0.2757,0.35,TN,CORRECTLY_REJECTED_UNKNOWN
331,New_Images,008533.jpg,8533,UNRECOGNIZED,0.2441,0.35,TN,CORRECTLY_REJECTED_UNKNOWN
332,New_Images,007061.jpg,7061,NO_FACE_DETECTED,0,0.35,TN,No Face Detected by SCRFD
333,Real Images,003128.jpg,3128,3128,1,0.35,TP,CORRECT_MATCH
334,Real Images,001029.jpg,1029,1029,1,0.35,TP,CORRECT_MATCH
335,New_Images,007184.jpg,7184,UNRECOGNIZED,0.2863,0.35,TN,CORRECTLY_REJECTED_UNKNOWN
336,New_Images,005700.jpg,5700,NO_FACE_DETECTED,0,0.35,TN,No Face Detected by SCRFD
337,Real Images,004069.jpg,4069,4069,1,0.35,TP,CORRECT_MATCH
338,New_Images,007442.jpg,7442,UNRECOGNIZED,0.2301,0.35,TN,CORRECTLY_REJECTED_UNKNOWN
339,Real Images,003694.jpg,3694,3694,1,0.35,TP,CORRECT_MATCH
340,Real Images,000531.jpg,531,531,1,0.35,TP,CORRECT_MATCH
341,New_Images,006351.jpg,6351,UNRECOGNIZED,0.2344,0.35,TN,CORRECTLY_REJECTED_UNKNOWN
342,New_Images,008693.jpg,8693,UNRECOGNIZED,0.2626,0.35,TN,CORRECTLY_REJECTED_UNKNOWN
343,New_Images,009590.jpg,9590,NO_FACE_DETECTED,0,0.35,TN,No Face Detected by SCRFD
344,Real Images,001524.jpg,1524,1524,1,0.35,TP,CORRECT_MATCH
345,New_Images,005021.jpg,5021,UNRECOGNIZED,0.302,0.35,TN,CORRECTLY_REJECTED_UNKNOWN
346,Real Images,003176.jpg,3176,3176,1,0.35,TP,CORRECT_MATCH
347,Real Images,001677.jpg,1677,1677,1,0.35,TP,CORRECT_MATCH
348,Real Images,000683.jpg,683,683,1,0.35,TP,CORRECT_MATCH
349,New_Images,005456.jpg,5456,UNRECOGNIZED,0.2151,0.35,TN,CORRECTLY_REJECTED_UNKNOWN
350,Real Images,001874.jpg,1874,1874,1,0.35,TP,CORRECT_MATCH
351,Real Images,003364.jpg,3364,3364,1,0.35,TP,CORRECT_MATCH
352,Real Images,000817.jpg,817,817,1,0.35,TP,CORRECT_MATCH
353,Real Images,002667.jpg,2667,2667,1,0.35,TP,CORRECT_MATCH
354,Real Images,000546.jpg,546,546,1,0.35,TP,CORRECT_MATCH
355,Real Images,003757.jpg,3757,3757,1,0.35,TP,CORRECT_MATCH
356,Real Images,003215.jpg,3215,3215,1,0.35,TP,CORRECT_MATCH
357,New_Images,008708.jpg,8708,NO_FACE_DETECTED,0,0.35,TN,No Face Detected by SCRFD
358,Real Images,002350.jpg,2350,2350,1,0.35,TP,CORRECT_MATCH
359,Real Images,004079.jpg,4079,4079,1,0.35,TP,CORRECT_MATCH
360,New_Images,007937.jpg,7937,UNRECOGNIZED,0.253,0.35,TN,CORRECTLY_REJECTED_UNKNOWN
361,New_Images,008114.jpg,8114,UNRECOGNIZED,0.2171,0.35,TN,CORRECTLY_REJECTED_UNKNOWN
362,Real Images,004716.jpg,4716,4716,1,0.35,TP,CORRECT_MATCH
363,New_Images,009228.jpg,9228,NO_FACE_DETECTED,0,0.35,TN,No Face Detected by SCRFD
364,Real Images,000390.jpg,390,390,1,0.35,TP,CORRECT_MATCH
365,Real Images,003214.jpg,3214,3214,1,0.35,TP,CORRECT_MATCH
366,Real Images,001967.jpg,1967,1967,1,0.35,TP,CORRECT_MATCH
367,Real Images,002066.jpg,2066,2066,1,0.35,TP,CORRECT_MATCH
368,Real Images,004982.jpg,4982,4982,1,0.35,TP,CORRECT_MATCH
369,New_Images,008739.jpg,8739,NO_FACE_DETECTED,0,0.35,TN,No Face Detected by SCRFD
370,Real Images,000558.jpg,558,558,1,0.35,TP,CORRECT_MATCH
371,Real Images,004030.jpg,4030,4030,1,0.35,TP,CORRECT_MATCH
372,Real Images,002730.jpg,2730,2730,1,0.35,TP,CORRECT_MATCH
373,New_Images,007849.jpg,7849,NO_FACE_DETECTED,0,0.35,TN,No Face Detected by SCRFD
374,New_Images,008932.jpg,8932,NO_FACE_DETECTED,0,0.35,TN,No Face Detected by SCRFD
375,Real Images,002923.jpg,2923,2923,1,0.35,TP,CORRECT_MATCH
376,New_Images,005521.jpg,5521,UNRECOGNIZED,0.2698,0.35,TN,CORRECTLY_REJECTED_UNKNOWN
377,New_Images,005827.jpg,5827,UNRECOGNIZED,0.2185,0.35,TN,CORRECTLY_REJECTED_UNKNOWN
378,Real Images,002142.jpg,2142,2142,1,0.35,TP,CORRECT_MATCH
379,Real Images,003719.jpg,3719,3719,1,0.35,TP,CORRECT_MATCH
380,Real Images,001729.jpg,1729,1729,1,0.35,TP,CORRECT_MATCH
381,New_Images,006805.jpg,6805,NO_FACE_DETECTED,0,0.35,TN,No Face Detected by SCRFD
382,Real Images,002329.jpg,2329,2329,1,0.35,TP,CORRECT_MATCH
383,New_Images,009432.jpg,9432,NO_FACE_DETECTED,0,0.35,TN,No Face Detected by SCRFD
384,New_Images,007444.jpg,7444,NO_FACE_DETECTED,0,0.35,TN,No Face Detected by SCRFD
385,New_Images,008511.jpg,8511,UNRECOGNIZED,0.2672,0.35,TN,CORRECTLY_REJECTED_UNKNOWN
386,New_Images,005785.jpg,5785,UNRECOGNIZED,0.3076,0.35,TN,CORRECTLY_REJECTED_UNKNOWN
387,New_Images,006778.jpg,6778,UNRECOGNIZED,0.2611,0.35,TN,CORRECTLY_REJECTED_UNKNOWN
388,New_Images,006594.jpg,6594,UNRECOGNIZED,0.3274,0.35,TN,CORRECTLY_REJECTED_UNKNOWN
389,Real Images,002506.jpg,2506,2506,1,0.35,TP,CORRECT_MATCH
390,New_Images,007440.jpg,7440,UNRECOGNIZED,0.228,0.35,TN,CORRECTLY_REJECTED_UNKNOWN
391,Real Images,004302.jpg,4302,4302,1,0.35,TP,CORRECT_MATCH
392,Real Images,001667.jpg,1667,1667,1,0.35,TP,CORRECT_MATCH
393,New_Images,008895.jpg,8895,UNRECOGNIZED,0.2539,0.35,TN,CORRECTLY_REJECTED_UNKNOWN
394,Real Images,003895.jpg,3895,3895,1,0.35,TP,CORRECT_MATCH
395,Real Images,000528.jpg,528,528,1,0.35,TP,CORRECT_MATCH
396,Real Images,004819.jpg,4819,4819,1,0.35,TP,CORRECT_MATCH
397,New_Images,005817.jpg,5817,UNRECOGNIZED,0.2214,0.35,TN,CORRECTLY_REJECTED_UNKNOWN
398,New_Images,005474.jpg,5474,UNRECOGNIZED,0.2668,0.35,TN,CORRECTLY_REJECTED_UNKNOWN
399,New_Images,009145.jpg,9145,UNRECOGNIZED,0.2213,0.35,TN,CORRECTLY_REJECTED_UNKNOWN
400,New_Images,006430.jpg,6430,UNRECOGNIZED,0.2737,0.35,TN,CORRECTLY_REJECTED_UNKNOWN
401,New_Images,008135.jpg,8135,UNRECOGNIZED,0.2875,0.35,TN,CORRECTLY_REJECTED_UNKNOWN
402,New_Images,006739.jpg,6739,NO_FACE_DETECTED,0,0.35,TN,No Face Detected by SCRFD
403,New_Images,006206.jpg,6206,UNRECOGNIZED,0.2509,0.35,TN,CORRECTLY_REJECTED_UNKNOWN
404,Real Images,004596.jpg,4596,4596,1,0.35,TP,CORRECT_MATCH
405,Real Images,001107.jpg,1107,1107,1,0.35,TP,CORRECT_MATCH
406,New_Images,006852.jpg,6852,UNRECOGNIZED,0.3028,0.35,TN,CORRECTLY_REJECTED_UNKNOWN
407,New_Images,007829.jpg,7829,UNRECOGNIZED,0.2062,0.35,TN,CORRECTLY_REJECTED_UNKNOWN
408,New_Images,006394.jpg,6394,UNRECOGNIZED,0.3072,0.35,TN,CORRECTLY_REJECTED_UNKNOWN
409,Real Images,003960.jpg,3960,3960,1,0.35,TP,CORRECT_MATCH
410,New_Images,007850.jpg,7850,UNRECOGNIZED,0.2171,0.35,TN,CORRECTLY_REJECTED_UNKNOWN
411,Real Images,000562.jpg,562,562,1,0.35,TP,CORRECT_MATCH
412,Real Images,003280.jpg,3280,3280,1,0.35,TP,CORRECT_MATCH
413,New_Images,006146.jpg,6146,UNRECOGNIZED,0.2516,0.35,TN,CORRECTLY_REJECTED_UNKNOWN
414,Real Images,003915.jpg,3915,3915,1,0.35,TP,CORRECT_MATCH
415,New_Images,006048.jpg,6048,NO_FACE_DETECTED,0,0.35,TN,No Face Detected by SCRFD
416,Real Images,003665.jpg,3665,3665,1,0.35,TP,CORRECT_MATCH
417,New_Images,006651.jpg,6651,NO_FACE_DETECTED,0,0.35,TN,No Face Detected by SCRFD
418,Real Images,004149.jpg,4149,4149,1,0.35,TP,CORRECT_MATCH
419,Real Images,002105.jpg,2105,2105,1,0.35,TP,CORRECT_MATCH
420,Real Images,000418.jpg,418,418,1,0.35,TP,CORRECT_MATCH
421,New_Images,009367.jpg,9367,UNRECOGNIZED,0.2767,0.35,TN,CORRECTLY_REJECTED_UNKNOWN
422,Real Images,001460.jpg,1460,1460,1,0.35,TP,CORRECT_MATCH
423,Real Images,000008.jpg,8,8,1,0.35,TP,CORRECT_MATCH
424,New_Images,005215.jpg,5215,UNRECOGNIZED,0.2355,0.35,TN,CORRECTLY_REJECTED_UNKNOWN
425,New_Images,006523.jpg,6523,UNRECOGNIZED,0.2233,0.35,TN,CORRECTLY_REJECTED_UNKNOWN
426,New_Images,009560.jpg,9560,UNRECOGNIZED,0.2911,0.35,TN,CORRECTLY_REJECTED_UNKNOWN
427,New_Images,008867.jpg,8867,UNRECOGNIZED,0.241,0.35,TN,CORRECTLY_REJECTED_UNKNOWN
428,Real Images,000412.jpg,412,412,1,0.35,TP,CORRECT_MATCH
429,Real Images,002006.jpg,2006,2006,1,0.35,TP,CORRECT_MATCH
430,New_Images,007543.jpg,7543,NO_FACE_DETECTED,0,0.35,TN,No Face Detected by SCRFD
431,Real Images,000541.jpg,541,541,1,0.35,TP,CORRECT_MATCH
432,Real Images,000458.jpg,458,458,1,0.35,TP,CORRECT_MATCH
433,New_Images,009554.jpg,9554,UNRECOGNIZED,0.2474,0.35,TN,CORRECTLY_REJECTED_UNKNOWN
434,Real Images,000798.jpg,798,798,1,0.35,TP,CORRECT_MATCH
435,Real Images,000916.jpg,916,916,1,0.35,TP,CORRECT_MATCH
436,Real Images,002436.jpg,2436,2436,1,0.35,TP,CORRECT_MATCH
437,Real Images,002060.jpg,2060,2060,1,0.35,TP,CORRECT_MATCH
438,Real Images,002408.jpg,2408,2408,1,0.35,TP,CORRECT_MATCH
439,Real Images,000250.jpg,250,250,1,0.35,TP,CORRECT_MATCH
440,New_Images,006405.jpg,6405,UNRECOGNIZED,0.2904,0.35,TN,CORRECTLY_REJECTED_UNKNOWN
441,Real Images,003361.jpg,3361,3361,1,0.35,TP,CORRECT_MATCH
442,Real Images,002837.jpg,2837,2837,1,0.35,TP,CORRECT_MATCH
443,New_Images,009329.jpg,9329,UNRECOGNIZED,0.2645,0.35,TN,CORRECTLY_REJECTED_UNKNOWN
444,New_Images,005638.jpg,5638,UNRECOGNIZED,0.3134,0.35,TN,CORRECTLY_REJECTED_UNKNOWN
445,Real Images,000355.jpg,355,355,1,0.35,TP,CORRECT_MATCH
446,Real Images,004154.jpg,4154,4154,1,0.35,TP,CORRECT_MATCH
447,Real Images,004639.jpg,4639,4639,1,0.35,TP,CORRECT_MATCH
448,New_Images,008598.jpg,8598,NO_FACE_DETECTED,0,0.35,TN,No Face Detected by SCRFD
449,New_Images,005683.jpg,5683,UNRECOGNIZED,0.2553,0.35,TN,CORRECTLY_REJECTED_UNKNOWN
450,New_Images,005222.jpg,5222,NO_FACE_DETECTED,0,0.35,TN,No Face Detected by SCRFD
451,New_Images,008241.jpg,8241,NO_FACE_DETECTED,0,0.35,TN,No Face Detected by SCRFD
452,New_Images,007956.jpg,7956,UNRECOGNIZED,0.2582,0.35,TN,CORRECTLY_REJECTED_UNKNOWN
453,New_Images,006890.jpg,6890,NO_FACE_DETECTED,0,0.35,TN,No Face Detected by SCRFD
454,Real Images,004330.jpg,4330,4330,1,0.35,TP,CORRECT_MATCH
455,Real Images,003552.jpg,3552,3552,1,0.35,TP,CORRECT_MATCH
456,New_Images,006810.jpg,6810,UNRECOGNIZED,0.2559,0.35,TN,CORRECTLY_REJECTED_UNKNOWN
457,Real Images,002110.jpg,2110,2110,1,0.35,TP,CORRECT_MATCH
458,New_Images,007368.jpg,7368,UNRECOGNIZED,0.2574,0.35,TN,CORRECTLY_REJECTED_UNKNOWN
459,Real Images,002122.jpg,2122,2122,1,0.35,TP,CORRECT_MATCH
460,New_Images,008308.jpg,8308,UNRECOGNIZED,0.2375,0.35,TN,CORRECTLY_REJECTED_UNKNOWN
461,Real Images,004064.jpg,4064,4064,1,0.35,TP,CORRECT_MATCH
462,Real Images,000725.jpg,725,725,1,0.35,TP,CORRECT_MATCH
463,New_Images,009014.jpg,9014,UNRECOGNIZED,0.2083,0.35,TN,CORRECTLY_REJECTED_UNKNOWN
464,Real Images,002040.jpg,2040,2040,1,0.35,TP,CORRECT_MATCH
465,New_Images,009111.jpg,9111,UNRECOGNIZED,0.1925,0.35,TN,CORRECTLY_REJECTED_UNKNOWN
466,New_Images,008712.jpg,8712,UNRECOGNIZED,0.2517,0.35,TN,CORRECTLY_REJECTED_UNKNOWN
467,New_Images,008055.jpg,8055,UNRECOGNIZED,0.2489,0.35,TN,CORRECTLY_REJECTED_UNKNOWN
468,New_Images,006923.jpg,6923,UNRECOGNIZED,0.2582,0.35,TN,CORRECTLY_REJECTED_UNKNOWN
469,Real Images,003148.jpg,3148,3148,1,0.35,TP,CORRECT_MATCH
470,Real Images,003265.jpg,3265,3265,1,0.35,TP,CORRECT_MATCH
471,Real Images,004188.jpg,4188,4188,1,0.35,TP,CORRECT_MATCH
472,New_Images,005950.jpg,5950,UNRECOGNIZED,0.2457,0.35,TN,CORRECTLY_REJECTED_UNKNOWN
473,New_Images,007130.jpg,7130,UNRECOGNIZED,0.2943,0.35,TN,CORRECTLY_REJECTED_UNKNOWN
474,New_Images,007982.jpg,7982,UNRECOGNIZED,0.2318,0.35,TN,CORRECTLY_REJECTED_UNKNOWN
475,Real Images,002067.jpg,2067,2067,1,0.35,TP,CORRECT_MATCH
476,New_Images,009616.jpg,9616,UNRECOGNIZED,0.2898,0.35,TN,CORRECTLY_REJECTED_UNKNOWN
477,New_Images,005275.jpg,5275,NO_FACE_DETECTED,0,0.35,TN,No Face Detected by SCRFD
478,New_Images,005497.jpg,5497,NO_FACE_DETECTED,0,0.35,TN,No Face Detected by SCRFD
479,Real Images,004663.jpg,4663,4663,1,0.35,TP,CORRECT_MATCH
480,Real Images,004749.jpg,4749,4749,1,0.35,TP,CORRECT_MATCH
481,New_Images,009163.jpg,9163,UNRECOGNIZED,0.2832,0.35,TN,CORRECTLY_REJECTED_UNKNOWN
482,Real Images,000449.jpg,449,449,1,0.35,TP,CORRECT_MATCH
483,New_Images,007366.jpg,7366,NO_FACE_DETECTED,0,0.35,TN,No Face Detected by SCRFD
484,Real Images,003462.jpg,3462,3462,1,0.35,TP,CORRECT_MATCH
485,New_Images,007376.jpg,7376,UNRECOGNIZED,0.2394,0.35,TN,CORRECTLY_REJECTED_UNKNOWN
486,New_Images,005728.jpg,5728,NO_FACE_DETECTED,0,0.35,TN,No Face Detected by SCRFD
487,New_Images,005857.jpg,5857,UNRECOGNIZED,0.2457,0.35,TN,CORRECTLY_REJECTED_UNKNOWN
488,Real Images,003224.jpg,3224,3224,1,0.35,TP,CORRECT_MATCH
489,New_Images,008460.jpg,8460,UNRECOGNIZED,0.2422,0.35,TN,CORRECTLY_REJECTED_UNKNOWN
490,Real Images,003732.jpg,3732,3732,1,0.35,TP,CORRECT_MATCH
491,Real Images,004914.jpg,4914,4914,1,0.35,TP,CORRECT_MATCH
492,Real Images,002500.jpg,2500,2500,1,0.35,TP,CORRECT_MATCH
493,Real Images,003198.jpg,3198,3198,1,0.35,TP,CORRECT_MATCH
494,Real Images,002424.jpg,2424,2424,1,0.35,TP,CORRECT_MATCH
495,New_Images,008601.jpg,8601,NO_FACE_DETECTED,0,0.35,TN,No Face Detected by SCRFD
496,Real Images,004357.jpg,4357,4357,1,0.35,TP,CORRECT_MATCH
497,Real Images,000900.jpg,900,900,1,0.35,TP,CORRECT_MATCH
498,New_Images,008869.jpg,8869,UNRECOGNIZED,0.2557,0.35,TN,CORRECTLY_REJECTED_UNKNOWN
499,Real Images,001846.jpg,1846,1846,1,0.35,TP,CORRECT_MATCH
500,Real Images,002555.jpg,2555,2555,1,0.35,TP,CORRECT_MATCH
501,New_Images,005467.jpg,5467,UNRECOGNIZED,0.253,0.35,TN,CORRECTLY_REJECTED_UNKNOWN
502,Real Images,001773.jpg,1773,1773,1,0.35,TP,CORRECT_MATCH
503,Real Images,001300.jpg,1300,1300,1,0.35,TP,CORRECT_MATCH
504,Real Images,003354.jpg,3354,3354,1,0.35,TP,CORRECT_MATCH
505,Real Images,003316.jpg,3316,3316,1,0.35,TP,CORRECT_MATCH
506,Real Images,003307.jpg,3307,3307,1,0.35,TP,CORRECT_MATCH
507,Real Images,002890.jpg,2890,2890,1,0.35,TP,CORRECT_MATCH
508,New_Images,008210.jpg,8210,UNRECOGNIZED,0.2586,0.35,TN,CORRECTLY_REJECTED_UNKNOWN
509,Real Images,003668.jpg,3668,3668,1,0.35,TP,CORRECT_MATCH
510,New_Images,005245.jpg,5245,NO_FACE_DETECTED,0,0.35,TN,No Face Detected by SCRFD
511,New_Images,006624.jpg,6624,UNRECOGNIZED,0.2614,0.35,TN,CORRECTLY_REJECTED_UNKNOWN
512,Real Images,004991.jpg,4991,4991,1,0.35,TP,CORRECT_MATCH
513,New_Images,006319.jpg,6319,UNRECOGNIZED,0.2593,0.35,TN,CORRECTLY_REJECTED_UNKNOWN
514,Real Images,003286.jpg,3286,3286,1,0.35,TP,CORRECT_MATCH
515,New_Images,007525.jpg,7525,NO_FACE_DETECTED,0,0.35,TN,No Face Detected by SCRFD
516,Real Images,004708.jpg,4708,4708,1,0.35,TP,CORRECT_MATCH
517,Real Images,002170.jpg,2170,2170,1,0.35,TP,CORRECT_MATCH
518,Real Images,001302.jpg,1302,1302,1,0.35,TP,CORRECT_MATCH
519,Real Images,003533.jpg,3533,3533,1,0.35,TP,CORRECT_MATCH
520,New_Images,006959.jpg,6959,UNRECOGNIZED,0.2357,0.35,TN,CORRECTLY_REJECTED_UNKNOWN
521,Real Images,001706.jpg,1706,1706,1,0.35,TP,CORRECT_MATCH
522,New_Images,008573.jpg,8573,UNRECOGNIZED,0.2271,0.35,TN,CORRECTLY_REJECTED_UNKNOWN
523,New_Images,008486.jpg,8486,UNRECOGNIZED,0.3032,0.35,TN,CORRECTLY_REJECTED_UNKNOWN
524,New_Images,006983.jpg,6983,NO_FACE_DETECTED,0,0.35,TN,No Face Detected by SCRFD
525,New_Images,006085.jpg,6085,NO_FACE_DETECTED,0,0.35,TN,No Face Detected by SCRFD
526,Real Images,002099.jpg,2099,2099,1,0.35,TP,CORRECT_MATCH
527,Real Images,002875.jpg,2875,2875,1,0.35,TP,CORRECT_MATCH
528,Real Images,004971.jpg,4971,4971,1,0.35,TP,CORRECT_MATCH
529,Real Images,003806.jpg,3806,3806,1,0.35,TP,CORRECT_MATCH
530,New_Images,009280.jpg,9280,UNRECOGNIZED,0.2392,0.35,TN,CORRECTLY_REJECTED_UNKNOWN
531,Real Images,000803.jpg,803,803,1,0.35,TP,CORRECT_MATCH
532,New_Images,005736.jpg,5736,UNRECOGNIZED,0.2175,0.35,TN,CORRECTLY_REJECTED_UNKNOWN
533,Real Images,003772.jpg,3772,3772,1,0.35,TP,CORRECT_MATCH
534,New_Images,005166.jpg,5166,NO_FACE_DETECTED,0,0.35,TN,No Face Detected by SCRFD
535,Real Images,002232.jpg,2232,2232,1,0.35,TP,CORRECT_MATCH
536,Real Images,001530.jpg,1530,1530,1,0.35,TP,CORRECT_MATCH
537,Real Images,002026.jpg,2026,2026,1,0.35,TP,CORRECT_MATCH
538,Real Images,002111.jpg,2111,2111,1,0.35,TP,CORRECT_MATCH
539,Real Images,000191.jpg,191,191,1,0.35,TP,CORRECT_MATCH
540,New_Images,005584.jpg,5584,NO_FACE_DETECTED,0,0.35,TN,No Face Detected by SCRFD
541,Real Images,003861.jpg,3861,3861,1,0.35,TP,CORRECT_MATCH
542,Real Images,002788.jpg,2788,2788,1,0.35,TP,CORRECT_MATCH
543,Real Images,001723.jpg,1723,1723,1,0.35,TP,CORRECT_MATCH
544,Real Images,000275.jpg,275,275,1,0.35,TP,CORRECT_MATCH
545,Real Images,001660.jpg,1660,1660,1,0.35,TP,CORRECT_MATCH
546,New_Images,006591.jpg,6591,UNRECOGNIZED,0.2367,0.35,TN,CORRECTLY_REJECTED_UNKNOWN
547,Real Images,002364.jpg,2364,2364,1,0.35,TP,CORRECT_MATCH
548,New_Images,008278.jpg,8278,NO_FACE_DETECTED,0,0.35,TN,No Face Detected by SCRFD
549,New_Images,008279.jpg,8279,NO_FACE_DETECTED,0,0.35,TN,No Face Detected by SCRFD
550,Real Images,004259.jpg,4259,4259,1,0.35,TP,CORRECT_MATCH
551,Real Images,003910.jpg,3910,3910,1,0.35,TP,CORRECT_MATCH
552,Real Images,004035.jpg,4035,4035,1,0.35,TP,CORRECT_MATCH
553,New_Images,005840.jpg,5840,UNRECOGNIZED,0.2222,0.35,TN,CORRECTLY_REJECTED_UNKNOWN
554,New_Images,006286.jpg,6286,UNRECOGNIZED,0.3149,0.35,TN,CORRECTLY_REJECTED_UNKNOWN
555,New_Images,005308.jpg,5308,UNRECOGNIZED,0.2496,0.35,TN,CORRECTLY_REJECTED_UNKNOWN
556,New_Images,009380.jpg,9380,NO_FACE_DETECTED,0,0.35,TN,No Face Detected by SCRFD
557,New_Images,009400.jpg,9400,UNRECOGNIZED,0.2469,0.35,TN,CORRECTLY_REJECTED_UNKNOWN
558,Real Images,001000.jpg,1000,1000,1,0.35,TP,CORRECT_MATCH
559,New_Images,006001.jpg,6001,UNRECOGNIZED,0.237,0.35,TN,CORRECTLY_REJECTED_UNKNOWN
560,New_Images,006649.jpg,6649,NO_FACE_DETECTED,0,0.35,TN,No Face Detected by SCRFD
561,New_Images,009424.jpg,9424,UNRECOGNIZED,0.2108,0.35,TN,CORRECTLY_REJECTED_UNKNOWN
562,Real Images,004876.jpg,4876,4876,1,0.35,TP,CORRECT_MATCH
563,Real Images,004101.jpg,4101,4101,1,0.35,TP,CORRECT_MATCH
564,New_Images,008537.jpg,8537,NO_FACE_DETECTED,0,0.35,TN,No Face Detected by SCRFD
565,New_Images,008715.jpg,8715,NO_FACE_DETECTED,0,0.35,TN,No Face Detected by SCRFD
566,Real Images,004911.jpg,4911,4911,1,0.35,TP,CORRECT_MATCH
567,Real Images,002987.jpg,2987,2987,1,0.35,TP,CORRECT_MATCH
568,New_Images,007410.jpg,7410,UNRECOGNIZED,0.251,0.35,TN,CORRECTLY_REJECTED_UNKNOWN
569,Real Images,001654.jpg,1654,1654,1,0.35,TP,CORRECT_MATCH
570,Real Images,000183.jpg,183,183,1,0.35,TP,CORRECT_MATCH
571,Real Images,001630.jpg,1630,1630,1,0.35,TP,CORRECT_MATCH
572,New_Images,006234.jpg,6234,NO_FACE_DETECTED,0,0.35,TN,No Face Detected by SCRFD
573,Real Images,004542.jpg,4542,4542,1,0.35,TP,CORRECT_MATCH
574,New_Images,006031.jpg,6031,UNRECOGNIZED,0.2685,0.35,TN,CORRECTLY_REJECTED_UNKNOWN
575,Real Images,002599.jpg,2599,2599,1,0.35,TP,CORRECT_MATCH
576,New_Images,005539.jpg,5539,UNRECOGNIZED,0.2179,0.35,TN,CORRECTLY_REJECTED_UNKNOWN
577,Real Images,001006.jpg,1006,1006,1,0.35,TP,CORRECT_MATCH
578,Real Images,003903.jpg,3903,3903,1,0.35,TP,CORRECT_MATCH
579,New_Images,008010.jpg,8010,UNRECOGNIZED,0.2482,0.35,TN,CORRECTLY_REJECTED_UNKNOWN
580,New_Images,008629.jpg,8629,UNRECOGNIZED,0.2946,0.35,TN,CORRECTLY_REJECTED_UNKNOWN
581,New_Images,008668.jpg,8668,UNRECOGNIZED,0.2303,0.35,TN,CORRECTLY_REJECTED_UNKNOWN
582,Real Images,004164.jpg,4164,4164,1,0.35,TP,CORRECT_MATCH
583,New_Images,009306.jpg,9306,UNRECOGNIZED,0.3193,0.35,TN,CORRECTLY_REJECTED_UNKNOWN
584,New_Images,007988.jpg,7988,NO_FACE_DETECTED,0,0.35,TN,No Face Detected by SCRFD
585,New_Images,006729.jpg,6729,NO_FACE_DETECTED,0,0.35,TN,No Face Detected by SCRFD
586,Real Images,002217.jpg,2217,2217,1,0.35,TP,CORRECT_MATCH
587,New_Images,006336.jpg,6336,UNRECOGNIZED,0.2231,0.35,TN,CORRECTLY_REJECTED_UNKNOWN
588,New_Images,007604.jpg,7604,UNRECOGNIZED,0.2382,0.35,TN,CORRECTLY_REJECTED_UNKNOWN
589,New_Images,007446.jpg,7446,UNRECOGNIZED,0.2836,0.35,TN,CORRECTLY_REJECTED_UNKNOWN
590,Real Images,004290.jpg,4290,4290,1,0.35,TP,CORRECT_MATCH
591,New_Images,007686.jpg,7686,NO_FACE_DETECTED,0,0.35,TN,No Face Detected by SCRFD
592,Real Images,002965.jpg,2965,2965,1,0.35,TP,CORRECT_MATCH
593,Real Images,001482.jpg,1482,1482,1,0.35,TP,CORRECT_MATCH
594,New_Images,006082.jpg,6082,NO_FACE_DETECTED,0,0.35,TN,No Face Detected by SCRFD
595,New_Images,007281.jpg,7281,UNRECOGNIZED,0.2339,0.35,TN,CORRECTLY_REJECTED_UNKNOWN
596,Real Images,001569.jpg,1569,1569,1,0.35,TP,CORRECT_MATCH
597,New_Images,009563.jpg,9563,UNRECOGNIZED,0.2412,0.35,TN,CORRECTLY_REJECTED_UNKNOWN
598,New_Images,005304.jpg,5304,UNRECOGNIZED,0.2739,0.35,TN,CORRECTLY_REJECTED_UNKNOWN
599,New_Images,006954.jpg,6954,UNRECOGNIZED,0.2706,0.35,TN,CORRECTLY_REJECTED_UNKNOWN
600,Real Images,004621.jpg,4621,4621,1,0.35,TP,CORRECT_MATCH
601,Real Images,002707.jpg,2707,2707,1,0.35,TP,CORRECT_MATCH
602,New_Images,009072.jpg,9072,UNRECOGNIZED,0.2141,0.35,TN,CORRECTLY_REJECTED_UNKNOWN
603,Real Images,003559.jpg,3559,3559,1,0.35,TP,CORRECT_MATCH
604,New_Images,005786.jpg,5786,UNRECOGNIZED,0.2799,0.35,TN,CORRECTLY_REJECTED_UNKNOWN
605,New_Images,008919.jpg,8919,UNRECOGNIZED,0.236,0.35,TN,CORRECTLY_REJECTED_UNKNOWN
606,Real Images,002136.jpg,2136,2136,1,0.35,TP,CORRECT_MATCH
607,Real Images,003463.jpg,3463,3463,1,0.35,TP,CORRECT_MATCH
608,New_Images,008501.jpg,8501,UNRECOGNIZED,0.2554,0.35,TN,CORRECTLY_REJECTED_UNKNOWN
609,New_Images,009189.jpg,9189,NO_FACE_DETECTED,0,0.35,TN,No Face Detected by SCRFD
610,New_Images,009385.jpg,9385,UNRECOGNIZED,0.2401,0.35,TN,CORRECTLY_REJECTED_UNKNOWN
611,Real Images,000005.jpg,5,5,1,0.35,TP,CORRECT_MATCH
612,Real Images,004037.jpg,4037,4037,1,0.35,TP,CORRECT_MATCH
613,New_Images,009147.jpg,9147,UNRECOGNIZED,0.2593,0.35,TN,CORRECTLY_REJECTED_UNKNOWN
614,Real Images,004529.jpg,4529,4529,1,0.35,TP,CORRECT_MATCH
615,New_Images,008383.jpg,8383,NO_FACE_DETECTED,0,0.35,TN,No Face Detected by SCRFD
616,New_Images,008796.jpg,8796,UNRECOGNIZED,0.2381,0.35,TN,CORRECTLY_REJECTED_UNKNOWN
617,New_Images,009620.jpg,9620,NO_FACE_DETECTED,0,0.35,TN,No Face Detected by SCRFD
618,New_Images,006500.jpg,6500,UNRECOGNIZED,0.2225,0.35,TN,CORRECTLY_REJECTED_UNKNOWN
619,New_Images,005945.jpg,5945,UNRECOGNIZED,0.3265,0.35,TN,CORRECTLY_REJECTED_UNKNOWN
620,New_Images,008724.jpg,8724,NO_FACE_DETECTED,0,0.35,TN,No Face Detected by SCRFD
621,Real Images,003133.jpg,3133,3133,1,0.35,TP,CORRECT_MATCH
622,Real Images,004888.jpg,4888,4888,1,0.35,TP,CORRECT_MATCH
623,Real Images,000358.jpg,358,358,1,0.35,TP,CORRECT_MATCH
624,New_Images,008357.jpg,8357,NO_FACE_DETECTED,0,0.35,TN,No Face Detected by SCRFD
625,Real Images,004213.jpg,4213,4213,1,0.35,TP,CORRECT_MATCH
626,New_Images,007055.jpg,7055,NO_FACE_DETECTED,0,0.35,TN,No Face Detected by SCRFD
627,New_Images,006281.jpg,6281,NO_FACE_DETECTED,0,0.35,TN,No Face Detected by SCRFD
628,Real Images,002522.jpg,2522,2522,1,0.35,TP,CORRECT_MATCH
629,New_Images,005135.jpg,5135,UNRECOGNIZED,0.2757,0.35,TN,CORRECTLY_REJECTED_UNKNOWN
630,Real Images,001964.jpg,1964,1964,1,0.35,TP,CORRECT_MATCH
631,New_Images,007119.jpg,7119,UNRECOGNIZED,0.2355,0.35,TN,CORRECTLY_REJECTED_UNKNOWN
632,Real Images,004606.jpg,4606,4606,1,0.35,TP,CORRECT_MATCH
633,Real Images,002633.jpg,2633,2633,1,0.35,TP,CORRECT_MATCH
634,New_Images,007898.jpg,7898,UNRECOGNIZED,0.2701,0.35,TN,CORRECTLY_REJECTED_UNKNOWN
635,New_Images,005484.jpg,5484,UNRECOGNIZED,0.2648,0.35,TN,CORRECTLY_REJECTED_UNKNOWN
636,New_Images,008824.jpg,8824,NO_FACE_DETECTED,0,0.35,TN,No Face Detected by SCRFD
637,Real Images,004220.jpg,4220,4220,1,0.35,TP,CORRECT_MATCH
638,Real Images,000168.jpg,168,168,1,0.35,TP,CORRECT_MATCH
639,New_Images,008742.jpg,8742,NO_FACE_DETECTED,0,0.35,TN,No Face Detected by SCRFD
640,New_Images,006653.jpg,6653,NO_FACE_DETECTED,0,0.35,TN,No Face Detected by SCRFD
641,Real Images,004377.jpg,4377,4377,1,0.35,TP,CORRECT_MATCH
642,Real Images,003701.jpg,3701,3701,1,0.35,TP,CORRECT_MATCH
643,Real Images,000236.jpg,236,236,1,0.35,TP,CORRECT_MATCH
644,New_Images,005340.jpg,5340,UNRECOGNIZED,0.2217,0.35,TN,CORRECTLY_REJECTED_UNKNOWN
645,Real Images,003054.jpg,3054,3054,1,0.35,TP,CORRECT_MATCH
646,Real Images,002072.jpg,2072,2072,1,0.35,TP,CORRECT_MATCH
647,Real Images,001213.jpg,1213,1213,1,0.35,TP,CORRECT_MATCH
648,Real Images,003809.jpg,3809,3809,1,0.35,TP,CORRECT_MATCH
649,New_Images,007248.jpg,7248,UNRECOGNIZED,0.2246,0.35,TN,CORRECTLY_REJECTED_UNKNOWN
650,New_Images,009429.jpg,9429,UNRECOGNIZED,0.2567,0.35,TN,CORRECTLY_REJECTED_UNKNOWN
651,Real Images,004502.jpg,4502,4502,1,0.35,TP,CORRECT_MATCH
652,Real Images,002027.jpg,2027,2027,1,0.35,TP,CORRECT_MATCH
653,Real Images,001283.jpg,1283,1283,1,0.35,TP,CORRECT_MATCH
654,Real Images,001464.jpg,1464,1464,1,0.35,TP,CORRECT_MATCH
655,Real Images,000667.jpg,667,667,1,0.35,TP,CORRECT_MATCH
656,Real Images,000530.jpg,530,530,1,0.35,TP,CORRECT_MATCH
657,Real Images,001690.jpg,1690,1690,1,0.35,TP,CORRECT_MATCH
658,New_Images,008874.jpg,8874,NO_FACE_DETECTED,0,0.35,TN,No Face Detected by SCRFD
659,New_Images,008700.jpg,8700,NO_FACE_DETECTED,0,0.35,TN,No Face Detected by SCRFD
660,New_Images,005606.jpg,5606,NO_FACE_DETECTED,0,0.35,TN,No Face Detected by SCRFD
661,New_Images,006450.jpg,6450,UNRECOGNIZED,0.2117,0.35,TN,CORRECTLY_REJECTED_UNKNOWN
662,New_Images,005710.jpg,5710,UNRECOGNIZED,0.2215,0.35,TN,CORRECTLY_REJECTED_UNKNOWN
663,Real Images,002194.jpg,2194,2194,1,0.35,TP,CORRECT_MATCH
664,Real Images,000512.jpg,512,512,1,0.35,TP,CORRECT_MATCH
665,Real Images,004096.jpg,4096,4096,1,0.35,TP,CORRECT_MATCH
666,New_Images,007126.jpg,7126,NO_FACE_DETECTED,0,0.35,TN,No Face Detected by SCRFD
667,New_Images,007894.jpg,7894,UNRECOGNIZED,0.2956,0.35,TN,CORRECTLY_REJECTED_UNKNOWN
668,New_Images,007234.jpg,7234,NO_FACE_DETECTED,0,0.35,TN,No Face Detected by SCRFD
669,Real Images,003833.jpg,3833,3833,1,0.35,TP,CORRECT_MATCH
670,New_Images,006887.jpg,6887,UNRECOGNIZED,0.2362,0.35,TN,CORRECTLY_REJECTED_UNKNOWN
671,Real Images,001933.jpg,1933,1933,1,0.35,TP,CORRECT_MATCH
672,Real Images,004773.jpg,4773,4773,1,0.35,TP,CORRECT_MATCH
673,Real Images,003878.jpg,3878,3878,1,0.35,TP,CORRECT_MATCH
674,New_Images,008666.jpg,8666,UNRECOGNIZED,0.3226,0.35,TN,CORRECTLY_REJECTED_UNKNOWN
675,Real Images,002098.jpg,2098,2098,1,0.35,TP,CORRECT_MATCH
676,New_Images,009276.jpg,9276,NO_FACE_DETECTED,0,0.35,TN,No Face Detected by SCRFD
677,New_Images,006820.jpg,6820,UNRECOGNIZED,0.2066,0.35,TN,CORRECTLY_REJECTED_UNKNOWN
678,New_Images,005398.jpg,5398,UNRECOGNIZED,0.2531,0.35,TN,CORRECTLY_REJECTED_UNKNOWN
679,Real Images,004014.jpg,4014,4014,1,0.35,TP,CORRECT_MATCH
680,Real Images,004278.jpg,4278,4278,1,0.35,TP,CORRECT_MATCH
681,Real Images,002710.jpg,2710,2710,1,0.35,TP,CORRECT_MATCH
682,New_Images,007800.jpg,7800,UNRECOGNIZED,0.2202,0.35,TN,CORRECTLY_REJECTED_UNKNOWN
683,New_Images,008823.jpg,8823,NO_FACE_DETECTED,0,0.35,TN,No Face Detected by SCRFD
684,New_Images,006636.jpg,6636,UNRECOGNIZED,0.2587,0.35,TN,CORRECTLY_REJECTED_UNKNOWN
685,Real Images,000573.jpg,573,573,1,0.35,TP,CORRECT_MATCH
686,New_Images,008300.jpg,8300,NO_FACE_DETECTED,0,0.35,TN,No Face Detected by SCRFD
687,Real Images,003077.jpg,3077,3077,1,0.35,TP,CORRECT_MATCH
688,New_Images,006458.jpg,6458,UNRECOGNIZED,0.282,0.35,TN,CORRECTLY_REJECTED_UNKNOWN
689,Real Images,003542.jpg,3542,3542,1,0.35,TP,CORRECT_MATCH
690,New_Images,009115.jpg,9115,UNRECOGNIZED,0.2688,0.35,TN,CORRECTLY_REJECTED_UNKNOWN
691,New_Images,009461.jpg,9461,UNRECOGNIZED,0.205,0.35,TN,CORRECTLY_REJECTED_UNKNOWN
692,Real Images,003598.jpg,3598,3598,1,0.35,TP,CORRECT_MATCH
693,New_Images,007994.jpg,7994,UNRECOGNIZED,0.2367,0.35,TN,CORRECTLY_REJECTED_UNKNOWN
694,Real Images,000902.jpg,902,902,1,0.35,TP,CORRECT_MATCH
695,New_Images,005536.jpg,5536,UNRECOGNIZED,0.2618,0.35,TN,CORRECTLY_REJECTED_UNKNOWN
696,Real Images,003672.jpg,3672,3672,1,0.35,TP,CORRECT_MATCH
697,New_Images,005760.jpg,5760,UNRECOGNIZED,0.2807,0.35,TN,CORRECTLY_REJECTED_UNKNOWN
698,New_Images,006388.jpg,6388,UNRECOGNIZED,0.2907,0.35,TN,CORRECTLY_REJECTED_UNKNOWN
699,Real Images,001551.jpg,1551,1551,1,0.35,TP,CORRECT_MATCH
700,Real Images,001180.jpg,1180,1180,1,0.35,TP,CORRECT_MATCH
701,Real Images,004868.jpg,4868,4868,1,0.35,TP,CORRECT_MATCH
702,New_Images,005635.jpg,5635,UNRECOGNIZED,0.2269,0.35,TN,CORRECTLY_REJECTED_UNKNOWN
703,New_Images,005482.jpg,5482,NO_FACE_DETECTED,0,0.35,TN,No Face Detected by SCRFD
704,Real Images,003623.jpg,3623,3623,1,0.35,TP,CORRECT_MATCH
705,New_Images,007929.jpg,7929,NO_FACE_DETECTED,0,0.35,TN,No Face Detected by SCRFD
706,New_Images,008788.jpg,8788,UNRECOGNIZED,0.2466,0.35,TN,CORRECTLY_REJECTED_UNKNOWN
707,New_Images,005820.jpg,5820,UNRECOGNIZED,0.2641,0.35,TN,CORRECTLY_REJECTED_UNKNOWN
708,New_Images,006814.jpg,6814,NO_FACE_DETECTED,0,0.35,TN,No Face Detected by SCRFD
709,New_Images,007631.jpg,7631,UNRECOGNIZED,0.2201,0.35,TN,CORRECTLY_REJECTED_UNKNOWN
710,New_Images,005493.jpg,5493,UNRECOGNIZED,0.2626,0.35,TN,CORRECTLY_REJECTED_UNKNOWN
711,Real Images,004331.jpg,4331,4331,1,0.35,TP,CORRECT_MATCH
712,Real Images,004267.jpg,4267,4267,1,0.35,TP,CORRECT_MATCH
713,New_Images,009157.jpg,9157,UNRECOGNIZED,0.2454,0.35,TN,CORRECTLY_REJECTED_UNKNOWN
714,Real Images,000984.jpg,984,984,1,0.35,TP,CORRECT_MATCH
715,Real Images,001247.jpg,1247,1247,1,0.35,TP,CORRECT_MATCH
716,Real Images,000710.jpg,710,710,1,0.35,TP,CORRECT_MATCH
717,New_Images,009093.jpg,9093,NO_FACE_DETECTED,0,0.35,TN,No Face Detected by SCRFD
718,Real Images,004417.jpg,4417,4417,1,0.35,TP,CORRECT_MATCH
719,Real Images,002744.jpg,2744,2744,1,0.35,TP,CORRECT_MATCH
720,New_Images,005824.jpg,5824,UNRECOGNIZED,0.2917,0.35,TN,CORRECTLY_REJECTED_UNKNOWN
721,New_Images,008013.jpg,8013,UNRECOGNIZED,0.2193,0.35,TN,CORRECTLY_REJECTED_UNKNOWN
722,New_Images,007900.jpg,7900,UNRECOGNIZED,0.3077,0.35,TN,CORRECTLY_REJECTED_UNKNOWN
723,Real Images,002306.jpg,2306,2306,1,0.35,TP,CORRECT_MATCH
724,New_Images,007358.jpg,7358,UNRECOGNIZED,0.2691,0.35,TN,CORRECTLY_REJECTED_UNKNOWN
725,Real Images,003080.jpg,3080,3080,1,0.35,TP,CORRECT_MATCH
726,Real Images,001338.jpg,1338,1338,1,0.35,TP,CORRECT_MATCH
727,New_Images,008378.jpg,8378,NO_FACE_DETECTED,0,0.35,TN,No Face Detected by SCRFD
728,New_Images,005895.jpg,5895,NO_FACE_DETECTED,0,0.35,TN,No Face Detected by SCRFD
729,New_Images,008683.jpg,8683,UNRECOGNIZED,0.24,0.35,TN,CORRECTLY_REJECTED_UNKNOWN
730,Real Images,001059.jpg,1059,1059,1,0.35,TP,CORRECT_MATCH
731,New_Images,005946.jpg,5946,UNRECOGNIZED,0.2433,0.35,TN,CORRECTLY_REJECTED_UNKNOWN
732,Real Images,003079.jpg,3079,3079,1,0.35,TP,CORRECT_MATCH
733,New_Images,008157.jpg,8157,NO_FACE_DETECTED,0,0.35,TN,No Face Detected by SCRFD
734,New_Images,006536.jpg,6536,NO_FACE_DETECTED,0,0.35,TN,No Face Detected by SCRFD
735,Real Images,002432.jpg,2432,2432,1,0.35,TP,CORRECT_MATCH
736,Real Images,000185.jpg,185,185,1,0.35,TP,CORRECT_MATCH
737,Real Images,000429.jpg,429,429,1,0.35,TP,CORRECT_MATCH
738,Real Images,001431.jpg,1431,1431,1,0.35,TP,CORRECT_MATCH
739,Real Images,001590.jpg,1590,1590,1,0.35,TP,CORRECT_MATCH
740,New_Images,005163.jpg,5163,UNRECOGNIZED,0.2985,0.35,TN,CORRECTLY_REJECTED_UNKNOWN
741,New_Images,006314.jpg,6314,UNRECOGNIZED,0.289,0.35,TN,CORRECTLY_REJECTED_UNKNOWN
742,Real Images,000769.jpg,769,769,1,0.35,TP,CORRECT_MATCH
743,New_Images,005808.jpg,5808,UNRECOGNIZED,0.2379,0.35,TN,CORRECTLY_REJECTED_UNKNOWN
744,Real Images,003629.jpg,3629,3629,1,0.35,TP,CORRECT_MATCH
745,Real Images,000810.jpg,810,810,1,0.35,TP,CORRECT_MATCH
746,New_Images,006578.jpg,6578,NO_FACE_DETECTED,0,0.35,TN,No Face Detected by SCRFD
747,New_Images,006009.jpg,6009,UNRECOGNIZED,0.2578,0.35,TN,CORRECTLY_REJECTED_UNKNOWN
748,New_Images,005468.jpg,5468,UNRECOGNIZED,0.2772,0.35,TN,CORRECTLY_REJECTED_UNKNOWN
749,Real Images,003187.jpg,3187,3187,1,0.35,TP,CORRECT_MATCH
750,New_Images,005529.jpg,5529,NO_FACE_DETECTED,0,0.35,TN,No Face Detected by SCRFD
751,New_Images,005964.jpg,5964,UNRECOGNIZED,0.2181,0.35,TN,CORRECTLY_REJECTED_UNKNOWN
752,New_Images,006302.jpg,6302,NO_FACE_DETECTED,0,0.35,TN,No Face Detected by SCRFD
753,Real Images,000813.jpg,813,813,1,0.35,TP,CORRECT_MATCH
754,Real Images,004883.jpg,4883,4883,1,0.35,TP,CORRECT_MATCH
755,New_Images,007481.jpg,7481,UNRECOGNIZED,0.256,0.35,TN,CORRECTLY_REJECTED_UNKNOWN
756,New_Images,007297.jpg,7297,NO_FACE_DETECTED,0,0.35,TN,No Face Detected by SCRFD
757,Real Images,001521.jpg,1521,1521,1,0.35,TP,CORRECT_MATCH
758,New_Images,005989.jpg,5989,NO_FACE_DETECTED,0,0.35,TN,No Face Detected by SCRFD
759,New_Images,009098.jpg,9098,UNRECOGNIZED,0.2534,0.35,TN,CORRECTLY_REJECTED_UNKNOWN
760,Real Images,000736.jpg,736,736,1,0.35,TP,CORRECT_MATCH
761,New_Images,005682.jpg,5682,UNRECOGNIZED,0.2695,0.35,TN,CORRECTLY_REJECTED_UNKNOWN
762,New_Images,007088.jpg,7088,UNRECOGNIZED,0.2552,0.35,TN,CORRECTLY_REJECTED_UNKNOWN
763,New_Images,008041.jpg,8041,UNRECOGNIZED,0.2664,0.35,TN,CORRECTLY_REJECTED_UNKNOWN
764,New_Images,009134.jpg,9134,UNRECOGNIZED,0.2819,0.35,TN,CORRECTLY_REJECTED_UNKNOWN
765,New_Images,005914.jpg,5914,UNRECOGNIZED,0.298,0.35,TN,CORRECTLY_REJECTED_UNKNOWN
766,Real Images,004951.jpg,4951,4951,1,0.35,TP,CORRECT_MATCH
767,New_Images,007418.jpg,7418,UNRECOGNIZED,0.241,0.35,TN,CORRECTLY_REJECTED_UNKNOWN
768,New_Images,009426.jpg,9426,NO_FACE_DETECTED,0,0.35,TN,No Face Detected by SCRFD
769,New_Images,008358.jpg,8358,NO_FACE_DETECTED,0,0.35,TN,No Face Detected by SCRFD
770,New_Images,009242.jpg,9242,UNRECOGNIZED,0.3021,0.35,TN,CORRECTLY_REJECTED_UNKNOWN
771,Real Images,000633.jpg,633,633,1,0.35,TP,CORRECT_MATCH
772,New_Images,005050.jpg,5050,UNRECOGNIZED,0.2323,0.35,TN,CORRECTLY_REJECTED_UNKNOWN
773,New_Images,006295.jpg,6295,UNRECOGNIZED,0.2265,0.35,TN,CORRECTLY_REJECTED_UNKNOWN
774,Real Images,003673.jpg,3673,3673,1,0.35,TP,CORRECT_MATCH
775,Real Images,003400.jpg,3400,3400,1,0.35,TP,CORRECT_MATCH
776,New_Images,005302.jpg,5302,UNRECOGNIZED,0.242,0.35,TN,CORRECTLY_REJECTED_UNKNOWN
777,Real Images,003070.jpg,3070,3070,1,0.35,TP,CORRECT_MATCH
778,Real Images,000474.jpg,474,474,1,0.35,TP,CORRECT_MATCH
779,New_Images,007323.jpg,7323,UNRECOGNIZED,0.259,0.35,TN,CORRECTLY_REJECTED_UNKNOWN
780,Real Images,001395.jpg,1395,1395,1,0.35,TP,CORRECT_MATCH
781,Real Images,001074.jpg,1074,1074,1,0.35,TP,CORRECT_MATCH
782,Real Images,004481.jpg,4481,4481,1,0.35,TP,CORRECT_MATCH
783,New_Images,008076.jpg,8076,NO_FACE_DETECTED,0,0.35,TN,No Face Detected by SCRFD
784,Real Images,002487.jpg,2487,2487,1,0.35,TP,CORRECT_MATCH
785,Real Images,002892.jpg,2892,2892,1,0.35,TP,CORRECT_MATCH
786,Real Images,000915.jpg,915,915,1,0.35,TP,CORRECT_MATCH
787,New_Images,009272.jpg,9272,UNRECOGNIZED,0.2524,0.35,TN,CORRECTLY_REJECTED_UNKNOWN
788,New_Images,009091.jpg,9091,NO_FACE_DETECTED,0,0.35,TN,No Face Detected by SCRFD
789,New_Images,006449.jpg,6449,UNRECOGNIZED,0.2135,0.35,TN,CORRECTLY_REJECTED_UNKNOWN
790,Real Images,003494.jpg,3494,3494,1,0.35,TP,CORRECT_MATCH
791,New_Images,007294.jpg,7294,UNRECOGNIZED,0.2685,0.35,TN,CORRECTLY_REJECTED_UNKNOWN
792,Real Images,000918.jpg,918,918,1,0.35,TP,CORRECT_MATCH
793,New_Images,005387.jpg,5387,UNRECOGNIZED,0.2227,0.35,TN,CORRECTLY_REJECTED_UNKNOWN
794,Real Images,001505.jpg,1505,1505,1,0.35,TP,CORRECT_MATCH
795,Real Images,001217.jpg,1217,1217,1,0.35,TP,CORRECT_MATCH
796,Real Images,002213.jpg,2213,2213,1,0.35,TP,CORRECT_MATCH
797,New_Images,007282.jpg,7282,NO_FACE_DETECTED,0,0.35,TN,No Face Detected by SCRFD
798,New_Images,007794.jpg,7794,UNRECOGNIZED,0.2541,0.35,TN,CORRECTLY_REJECTED_UNKNOWN
799,Real Images,004508.jpg,4508,4508,1,0.35,TP,CORRECT_MATCH
800,Real Images,002653.jpg,2653,2653,1,0.35,TP,CORRECT_MATCH
801,Real Images,003154.jpg,3154,3154,1,0.35,TP,CORRECT_MATCH
802,Real Images,002538.jpg,2538,2538,1,0.35,TP,CORRECT_MATCH
803,Real Images,001700.jpg,1700,1700,1,0.35,TP,CORRECT_MATCH
804,New_Images,009019.jpg,9019,UNRECOGNIZED,0.24,0.35,TN,CORRECTLY_REJECTED_UNKNOWN
805,New_Images,009170.jpg,9170,UNRECOGNIZED,0.2604,0.35,TN,CORRECTLY_REJECTED_UNKNOWN
806,Real Images,002401.jpg,2401,2401,1,0.35,TP,CORRECT_MATCH
807,New_Images,007903.jpg,7903,UNRECOGNIZED,0.2482,0.35,TN,CORRECTLY_REJECTED_UNKNOWN
808,Real Images,003173.jpg,3173,3173,1,0.35,TP,CORRECT_MATCH
809,Real Images,003758.jpg,3758,3758,1,0.35,TP,CORRECT_MATCH
810,New_Images,008450.jpg,8450,UNRECOGNIZED,0.2741,0.35,TN,CORRECTLY_REJECTED_UNKNOWN
811,Real Images,001509.jpg,1509,1509,1,0.35,TP,CORRECT_MATCH
812,Real Images,002914.jpg,2914,2914,1,0.35,TP,CORRECT_MATCH
813,New_Images,009165.jpg,9165,UNRECOGNIZED,0.2656,0.35,TN,CORRECTLY_REJECTED_UNKNOWN
814,New_Images,009408.jpg,9408,UNRECOGNIZED,0.2606,0.35,TN,CORRECTLY_REJECTED_UNKNOWN
815,New_Images,007460.jpg,7460,UNRECOGNIZED,0.2975,0.35,TN,CORRECTLY_REJECTED_UNKNOWN
816,New_Images,009153.jpg,9153,NO_FACE_DETECTED,0,0.35,TN,No Face Detected by SCRFD
817,Real Images,004163.jpg,4163,4163,1,0.35,TP,CORRECT_MATCH
818,Real Images,000114.jpg,114,114,1,0.35,TP,CORRECT_MATCH
819,Real Images,004443.jpg,4443,4443,1,0.35,TP,CORRECT_MATCH
820,New_Images,006029.jpg,6029,NO_FACE_DETECTED,0,0.35,TN,No Face Detected by SCRFD
821,Real Images,001935.jpg,1935,1935,1,0.35,TP,CORRECT_MATCH
822,Real Images,001209.jpg,1209,1209,1,0.35,TP,CORRECT_MATCH
823,Real Images,002300.jpg,2300,2300,1,0.35,TP,CORRECT_MATCH
824,Real Images,002806.jpg,2806,2806,1,0.35,TP,CORRECT_MATCH
825,New_Images,007854.jpg,7854,UNRECOGNIZED,0.2704,0.35,TN,CORRECTLY_REJECTED_UNKNOWN
826,New_Images,005644.jpg,5644,UNRECOGNIZED,0.2547,0.35,TN,CORRECTLY_REJECTED_UNKNOWN
827,Real Images,001063.jpg,1063,1063,1,0.35,TP,CORRECT_MATCH
828,New_Images,008403.jpg,8403,UNRECOGNIZED,0.2202,0.35,TN,CORRECTLY_REJECTED_UNKNOWN
829,Real Images,000811.jpg,811,811,1,0.35,TP,CORRECT_MATCH
830,Real Images,003826.jpg,3826,3826,1,0.35,TP,CORRECT_MATCH
831,Real Images,002638.jpg,2638,2638,1,0.35,TP,CORRECT_MATCH
832,New_Images,007168.jpg,7168,UNRECOGNIZED,0.2773,0.35,TN,CORRECTLY_REJECTED_UNKNOWN
833,New_Images,006366.jpg,6366,NO_FACE_DETECTED,0,0.35,TN,No Face Detected by SCRFD
834,New_Images,005528.jpg,5528,UNRECOGNIZED,0.265,0.35,TN,CORRECTLY_REJECTED_UNKNOWN
835,New_Images,008464.jpg,8464,UNRECOGNIZED,0.2443,0.35,TN,CORRECTLY_REJECTED_UNKNOWN
836,Real Images,004279.jpg,4279,4279,1,0.35,TP,CORRECT_MATCH
837,New_Images,005246.jpg,5246,UNRECOGNIZED,0.2784,0.35,TN,CORRECTLY_REJECTED_UNKNOWN
838,New_Images,008249.jpg,8249,UNRECOGNIZED,0.2836,0.35,TN,CORRECTLY_REJECTED_UNKNOWN
839,New_Images,008569.jpg,8569,NO_FACE_DETECTED,0,0.35,TN,No Face Detected by SCRFD
840,Real Images,001448.jpg,1448,1448,1,0.35,TP,CORRECT_MATCH
841,Real Images,000756.jpg,756,756,1,0.35,TP,CORRECT_MATCH
842,New_Images,008394.jpg,8394,NO_FACE_DETECTED,0,0.35,TN,No Face Detected by SCRFD
843,Real Images,002669.jpg,2669,2669,1,0.35,TP,CORRECT_MATCH
844,New_Images,009224.jpg,9224,UNRECOGNIZED,0.3256,0.35,TN,CORRECTLY_REJECTED_UNKNOWN
845,Real Images,001726.jpg,1726,1726,1,0.35,TP,CORRECT_MATCH
846,New_Images,007337.jpg,7337,UNRECOGNIZED,0.2258,0.35,TN,CORRECTLY_REJECTED_UNKNOWN
847,New_Images,006697.jpg,6697,UNRECOGNIZED,0.2581,0.35,TN,CORRECTLY_REJECTED_UNKNOWN
848,New_Images,006995.jpg,6995,UNRECOGNIZED,0.2313,0.35,TN,CORRECTLY_REJECTED_UNKNOWN
849,New_Images,007110.jpg,7110,UNRECOGNIZED,0.2284,0.35,TN,CORRECTLY_REJECTED_UNKNOWN
850,New_Images,006323.jpg,6323,UNRECOGNIZED,0.2699,0.35,TN,CORRECTLY_REJECTED_UNKNOWN
851,Real Images,002346.jpg,2346,2346,1,0.35,TP,CORRECT_MATCH
852,Real Images,004017.jpg,4017,4017,1,0.35,TP,CORRECT_MATCH
853,Real Images,001045.jpg,1045,1045,1,0.35,TP,CORRECT_MATCH
854,New_Images,009612.jpg,9612,UNRECOGNIZED,0.2564,0.35,TN,CORRECTLY_REJECTED_UNKNOWN
855,Real Images,004727.jpg,4727,4727,1,0.35,TP,CORRECT_MATCH
856,Real Images,004110.jpg,4110,4110,1,0.35,TP,CORRECT_MATCH
857,Real Images,002896.jpg,2896,2896,1,0.35,TP,CORRECT_MATCH
858,Real Images,004571.jpg,4571,4571,1,0.35,TP,CORRECT_MATCH
859,Real Images,004446.jpg,4446,4446,1,0.35,TP,CORRECT_MATCH
860,New_Images,008052.jpg,8052,UNRECOGNIZED,0.2532,0.35,TN,CORRECTLY_REJECTED_UNKNOWN
861,Real Images,000483.jpg,483,483,1,0.35,TP,CORRECT_MATCH
862,Real Images,000504.jpg,504,504,1,0.35,TP,CORRECT_MATCH
863,Real Images,004320.jpg,4320,4320,1,0.35,TP,CORRECT_MATCH
864,Real Images,001703.jpg,1703,1703,1,0.35,TP,CORRECT_MATCH
865,New_Images,007746.jpg,7746,NO_FACE_DETECTED,0,0.35,TN,No Face Detected by SCRFD
866,Real Images,001413.jpg,1413,1413,1,0.35,TP,CORRECT_MATCH
867,Real Images,002277.jpg,2277,2277,1,0.35,TP,CORRECT_MATCH
868,New_Images,007373.jpg,7373,UNRECOGNIZED,0.2159,0.35,TN,CORRECTLY_REJECTED_UNKNOWN
869,New_Images,006492.jpg,6492,UNRECOGNIZED,0.2395,0.35,TN,CORRECTLY_REJECTED_UNKNOWN
870,Real Images,002560.jpg,2560,2560,1,0.35,TP,CORRECT_MATCH
871,Real Images,004145.jpg,4145,4145,1,0.35,TP,CORRECT_MATCH
872,Real Images,002220.jpg,2220,2220,1,0.35,TP,CORRECT_MATCH
873,Real Images,003874.jpg,3874,3874,1,0.35,TP,CORRECT_MATCH
874,New_Images,009064.jpg,9064,NO_FACE_DETECTED,0,0.35,TN,No Face Detected by SCRFD
875,Real Images,003344.jpg,3344,3344,1,0.35,TP,CORRECT_MATCH
876,New_Images,009575.jpg,9575,UNRECOGNIZED,0.2493,0.35,TN,CORRECTLY_REJECTED_UNKNOWN
877,New_Images,009543.jpg,9543,UNRECOGNIZED,0.2595,0.35,TN,CORRECTLY_REJECTED_UNKNOWN
878,Real Images,000305.jpg,305,305,1,0.35,TP,CORRECT_MATCH
879,Real Images,001607.jpg,1607,1607,1,0.35,TP,CORRECT_MATCH
880,Real Images,000775.jpg,775,775,1,0.35,TP,CORRECT_MATCH
881,Real Images,002489.jpg,2489,2489,1,0.35,TP,CORRECT_MATCH
882,Real Images,001992.jpg,1992,1992,1,0.35,TP,CORRECT_MATCH
883,Real Images,004173.jpg,4173,4173,1,0.35,TP,CORRECT_MATCH
884,New_Images,005918.jpg,5918,UNRECOGNIZED,0.2226,0.35,TN,CORRECTLY_REJECTED_UNKNOWN
885,Real Images,002403.jpg,2403,2403,1,0.35,TP,CORRECT_MATCH
886,New_Images,009359.jpg,9359,NO_FACE_DETECTED,0,0.35,TN,No Face Detected by SCRFD
887,New_Images,006770.jpg,6770,NO_FACE_DETECTED,0,0.35,TN,No Face Detected by SCRFD
888,New_Images,007738.jpg,7738,UNRECOGNIZED,0.2488,0.35,TN,CORRECTLY_REJECTED_UNKNOWN
889,New_Images,008886.jpg,8886,UNRECOGNIZED,0.2818,0.35,TN,CORRECTLY_REJECTED_UNKNOWN
890,Real Images,002107.jpg,2107,2107,1,0.35,TP,CORRECT_MATCH
891,New_Images,006064.jpg,6064,UNRECOGNIZED,0.2647,0.35,TN,CORRECTLY_REJECTED_UNKNOWN
892,Real Images,003351.jpg,3351,3351,1,0.35,TP,CORRECT_MATCH
893,Real Images,000125.jpg,125,125,1,0.35,TP,CORRECT_MATCH
894,New_Images,007523.jpg,7523,UNRECOGNIZED,0.2723,0.35,TN,CORRECTLY_REJECTED_UNKNOWN
895,Real Images,001039.jpg,1039,1039,1,0.35,TP,CORRECT_MATCH
896,New_Images,009326.jpg,9326,UNRECOGNIZED,0.3305,0.35,TN,CORRECTLY_REJECTED_UNKNOWN
897,New_Images,005438.jpg,5438,UNRECOGNIZED,0.2682,0.35,TN,CORRECTLY_REJECTED_UNKNOWN
898,New_Images,008968.jpg,8968,UNRECOGNIZED,0.2499,0.35,TN,CORRECTLY_REJECTED_UNKNOWN
899,Real Images,003317.jpg,3317,3317,1,0.35,TP,CORRECT_MATCH
900,Real Images,003402.jpg,3402,3402,1,0.35,TP,CORRECT_MATCH
901,Real Images,001739.jpg,1739,1739,1,0.35,TP,CORRECT_MATCH
902,Real Images,003714.jpg,3714,3714,1,0.35,TP,CORRECT_MATCH
903,New_Images,007920.jpg,7920,UNRECOGNIZED,0.2761,0.35,TN,CORRECTLY_REJECTED_UNKNOWN
904,Real Images,001361.jpg,1361,1361,1,0.35,TP,CORRECT_MATCH
905,New_Images,009375.jpg,9375,UNRECOGNIZED,0.3108,0.35,TN,CORRECTLY_REJECTED_UNKNOWN
906,Real Images,001771.jpg,1771,1771,1,0.35,TP,CORRECT_MATCH
907,New_Images,005143.jpg,5143,UNRECOGNIZED,0.2648,0.35,TN,CORRECTLY_REJECTED_UNKNOWN
908,Real Images,004099.jpg,4099,4099,1,0.35,TP,CORRECT_MATCH
909,New_Images,006541.jpg,6541,NO_FACE_DETECTED,0,0.35,TN,No Face Detected by SCRFD
910,New_Images,006974.jpg,6974,UNRECOGNIZED,0.1991,0.35,TN,CORRECTLY_REJECTED_UNKNOWN
911,New_Images,008390.jpg,8390,UNRECOGNIZED,0.2307,0.35,TN,CORRECTLY_REJECTED_UNKNOWN
912,New_Images,008682.jpg,8682,UNRECOGNIZED,0.2659,0.35,TN,CORRECTLY_REJECTED_UNKNOWN
913,Real Images,001178.jpg,1178,1178,1,0.35,TP,CORRECT_MATCH
914,New_Images,005390.jpg,5390,UNRECOGNIZED,0.2748,0.35,TN,CORRECTLY_REJECTED_UNKNOWN
915,New_Images,006442.jpg,6442,NO_FACE_DETECTED,0,0.35,TN,No Face Detected by SCRFD
916,New_Images,009164.jpg,9164,UNRECOGNIZED,0.2812,0.35,TN,CORRECTLY_REJECTED_UNKNOWN
917,New_Images,007677.jpg,7677,UNRECOGNIZED,0.2511,0.35,TN,CORRECTLY_REJECTED_UNKNOWN
918,Real Images,002779.jpg,2779,2779,1,0.35,TP,CORRECT_MATCH
919,Real Images,002912.jpg,2912,2912,1,0.35,TP,CORRECT_MATCH
920,New_Images,006263.jpg,6263,UNRECOGNIZED,0.2403,0.35,TN,CORRECTLY_REJECTED_UNKNOWN
921,New_Images,009304.jpg,9304,UNRECOGNIZED,0.2442,0.35,TN,CORRECTLY_REJECTED_UNKNOWN
922,Real Images,000149.jpg,149,149,1,0.35,TP,CORRECT_MATCH
923,Real Images,004252.jpg,4252,4252,1,0.35,TP,CORRECT_MATCH
924,Real Images,003558.jpg,3558,3558,1,0.35,TP,CORRECT_MATCH
925,New_Images,009469.jpg,9469,UNRECOGNIZED,0.2288,0.35,TN,CORRECTLY_REJECTED_UNKNOWN
926,New_Images,008331.jpg,8331,UNRECOGNIZED,0.3146,0.35,TN,CORRECTLY_REJECTED_UNKNOWN
927,Real Images,004462.jpg,4462,4462,1,0.35,TP,CORRECT_MATCH
928,New_Images,006220.jpg,6220,NO_FACE_DETECTED,0,0.35,TN,No Face Detected by SCRFD
929,New_Images,006471.jpg,6471,UNRECOGNIZED,0.2393,0.35,TN,CORRECTLY_REJECTED_UNKNOWN
930,New_Images,009089.jpg,9089,NO_FACE_DETECTED,0,0.35,TN,No Face Detected by SCRFD
931,Real Images,003819.jpg,3819,3819,1,0.35,TP,CORRECT_MATCH
932,New_Images,008107.jpg,8107,NO_FACE_DETECTED,0,0.35,TN,No Face Detected by SCRFD
933,Real Images,004946.jpg,4946,4946,1,0.35,TP,CORRECT_MATCH
934,Real Images,000384.jpg,384,384,1,0.35,TP,CORRECT_MATCH
935,New_Images,008252.jpg,8252,UNRECOGNIZED,0.2243,0.35,TN,CORRECTLY_REJECTED_UNKNOWN
936,Real Images,001310.jpg,1310,1310,1,0.35,TP,CORRECT_MATCH
937,New_Images,008137.jpg,8137,UNRECOGNIZED,0.261,0.35,TN,CORRECTLY_REJECTED_UNKNOWN
938,New_Images,007342.jpg,7342,UNRECOGNIZED,0.2103,0.35,TN,CORRECTLY_REJECTED_UNKNOWN
939,Real Images,003223.jpg,3223,3223,1,0.35,TP,CORRECT_MATCH
940,Real Images,004645.jpg,4645,4645,1,0.35,TP,CORRECT_MATCH
941,New_Images,006365.jpg,6365,UNRECOGNIZED,0.2597,0.35,TN,CORRECTLY_REJECTED_UNKNOWN
942,New_Images,008080.jpg,8080,NO_FACE_DETECTED,0,0.35,TN,No Face Detected by SCRFD
943,Real Images,000282.jpg,282,282,1,0.35,TP,CORRECT_MATCH
944,New_Images,005614.jpg,5614,UNRECOGNIZED,0.246,0.35,TN,CORRECTLY_REJECTED_UNKNOWN
945,Real Images,004309.jpg,4309,4309,1,0.35,TP,CORRECT_MATCH
946,Real Images,000110.jpg,110,110,1,0.35,TP,CORRECT_MATCH
947,Real Images,000148.jpg,148,148,1,0.35,TP,CORRECT_MATCH
948,Real Images,001741.jpg,1741,1741,1,0.35,TP,CORRECT_MATCH
949,New_Images,009122.jpg,9122,UNRECOGNIZED,0.2496,0.35,TN,CORRECTLY_REJECTED_UNKNOWN
950,Real Images,002519.jpg,2519,2519,1,0.35,TP,CORRECT_MATCH
951,Real Images,001682.jpg,1682,1682,1,0.35,TP,CORRECT_MATCH
952,Real Images,000767.jpg,767,767,1,0.35,TP,CORRECT_MATCH
953,Real Images,004123.jpg,4123,4123,1,0.35,TP,CORRECT_MATCH
954,Real Images,002668.jpg,2668,2668,1,0.35,TP,CORRECT_MATCH
955,Real Images,003702.jpg,3702,3702,1,0.35,TP,CORRECT_MATCH
956,Real Images,003240.jpg,3240,3240,1,0.35,TP,CORRECT_MATCH
957,New_Images,005134.jpg,5134,UNRECOGNIZED,0.2475,0.35,TN,CORRECTLY_REJECTED_UNKNOWN
958,Real Images,004986.jpg,4986,4986,1,0.35,TP,CORRECT_MATCH
959,New_Images,006373.jpg,6373,UNRECOGNIZED,0.285,0.35,TN,CORRECTLY_REJECTED_UNKNOWN
960,New_Images,007038.jpg,7038,UNRECOGNIZED,0.2601,0.35,TN,CORRECTLY_REJECTED_UNKNOWN
961,Real Images,004284.jpg,4284,4284,1,0.35,TP,CORRECT_MATCH
962,New_Images,005332.jpg,5332,UNRECOGNIZED,0.3026,0.35,TN,CORRECTLY_REJECTED_UNKNOWN
963,Real Images,004140.jpg,4140,4140,1,0.35,TP,CORRECT_MATCH
964,New_Images,005087.jpg,5087,NO_FACE_DETECTED,0,0.35,TN,No Face Detected by SCRFD
965,Real Images,000989.jpg,989,989,1,0.35,TP,CORRECT_MATCH
966,Real Images,003588.jpg,3588,3588,1,0.35,TP,CORRECT_MATCH
967,Real Images,004734.jpg,4734,4734,1,0.35,TP,CORRECT_MATCH
968,Real Images,000258.jpg,258,258,1,0.35,TP,CORRECT_MATCH
969,New_Images,007997.jpg,7997,UNRECOGNIZED,0.2559,0.35,TN,CORRECTLY_REJECTED_UNKNOWN
970,New_Images,008385.jpg,8385,UNRECOGNIZED,0.219,0.35,TN,CORRECTLY_REJECTED_UNKNOWN
971,Real Images,002406.jpg,2406,2406,1,0.35,TP,CORRECT_MATCH
972,New_Images,008509.jpg,8509,NO_FACE_DETECTED,0,0.35,TN,No Face Detected by SCRFD
973,New_Images,006213.jpg,6213,UNRECOGNIZED,0.2599,0.35,TN,CORRECTLY_REJECTED_UNKNOWN
974,Real Images,000681.jpg,681,681,1,0.35,TP,CORRECT_MATCH
975,New_Images,009364.jpg,9364,UNRECOGNIZED,0.2488,0.35,TN,CORRECTLY_REJECTED_UNKNOWN
976,New_Images,005099.jpg,5099,UNRECOGNIZED,0.2618,0.35,TN,CORRECTLY_REJECTED_UNKNOWN
977,Real Images,000956.jpg,956,956,1,0.35,TP,CORRECT_MATCH
978,Real Images,003773.jpg,3773,3773,1,0.35,TP,CORRECT_MATCH
979,New_Images,007717.jpg,7717,NO_FACE_DETECTED,0,0.35,TN,No Face Detected by SCRFD
980,Real Images,004288.jpg,4288,4288,1,0.35,TP,CORRECT_MATCH
981,New_Images,006586.jpg,6586,UNRECOGNIZED,0.2845,0.35,TN,CORRECTLY_REJECTED_UNKNOWN
982,New_Images,005687.jpg,5687,UNRECOGNIZED,0.241,0.35,TN,CORRECTLY_REJECTED_UNKNOWN
983,New_Images,007232.jpg,7232,NO_FACE_DETECTED,0,0.35,TN,No Face Detected by SCRFD
984,New_Images,008466.jpg,8466,UNRECOGNIZED,0.2683,0.35,TN,CORRECTLY_REJECTED_UNKNOWN
985,Real Images,004460.jpg,4460,4460,1,0.35,TP,CORRECT_MATCH
986,Real Images,003497.jpg,3497,3497,1,0.35,TP,CORRECT_MATCH
987,New_Images,005205.jpg,5205,NO_FACE_DETECTED,0,0.35,TN,No Face Detected by SCRFD
988,New_Images,005231.jpg,5231,UNRECOGNIZED,0.2973,0.35,TN,CORRECTLY_REJECTED_UNKNOWN
989,New_Images,009108.jpg,9108,UNRECOGNIZED,0.2907,0.35,TN,CORRECTLY_REJECTED_UNKNOWN
990,Real Images,004135.jpg,4135,4135,1,0.35,TP,CORRECT_MATCH
991,Real Images,000674.jpg,674,674,1,0.35,TP,CORRECT_MATCH
992,Real Images,003194.jpg,3194,3194,1,0.35,TP,CORRECT_MATCH
993,New_Images,008962.jpg,8962,UNRECOGNIZED,0.2262,0.35,TN,CORRECTLY_REJECTED_UNKNOWN
994,New_Images,006551.jpg,6551,UNRECOGNIZED,0.2462,0.35,TN,CORRECTLY_REJECTED_UNKNOWN
995,New_Images,008748.jpg,8748,NO_FACE_DETECTED,0,0.35,TN,No Face Detected by SCRFD
996,Real Images,003577.jpg,3577,3577,1,0.35,TP,CORRECT_MATCH
997,New_Images,008546.jpg,8546,UNRECOGNIZED,0.2197,0.35,TN,CORRECTLY_REJECTED_UNKNOWN
998,Real Images,001968.jpg,1968,1968,1,0.35,TP,CORRECT_MATCH
999,New_Images,009418.jpg,9418,UNRECOGNIZED,0.2587,0.35,TN,CORRECTLY_REJECTED_UNKNOWN
1000,New_Images,005564.jpg,5564,UNRECOGNIZED,0.2271,0.35,TN,CORRECTLY_REJECTED_UNKNOWN
1001,New_Images,007380.jpg,7380,UNRECOGNIZED,0.2834,0.35,TN,CORRECTLY_REJECTED_UNKNOWN
1002,Real Images,002082.jpg,2082,2082,1,0.35,TP,CORRECT_MATCH
1003,Real Images,000086.jpg,86,86,1,0.35,TP,CORRECT_MATCH
1004,New_Images,007939.jpg,7939,UNRECOGNIZED,0.2346,0.35,TN,CORRECTLY_REJECTED_UNKNOWN
1005,New_Images,007576.jpg,7576,UNRECOGNIZED,0.2312,0.35,TN,CORRECTLY_REJECTED_UNKNOWN
1006,Real Images,004947.jpg,4947,4947,1,0.35,TP,CORRECT_MATCH
1007,New_Images,006165.jpg,6165,UNRECOGNIZED,0.2474,0.35,TN,CORRECTLY_REJECTED_UNKNOWN
1008,New_Images,005856.jpg,5856,NO_FACE_DETECTED,0,0.35,TN,No Face Detected by SCRFD
1009,Real Images,000498.jpg,498,498,1,0.35,TP,CORRECT_MATCH
1010,New_Images,008008.jpg,8008,UNRECOGNIZED,0.2326,0.35,TN,CORRECTLY_REJECTED_UNKNOWN
1011,Real Images,004784.jpg,4784,4784,1,0.35,TP,CORRECT_MATCH
1012,Real Images,004765.jpg,4765,4765,1,0.35,TP,CORRECT_MATCH
1013,Real Images,001836.jpg,1836,1836,1,0.35,TP,CORRECT_MATCH
1014,New_Images,008815.jpg,8815,NO_FACE_DETECTED,0,0.35,TN,No Face Detected by SCRFD
1015,New_Images,007426.jpg,7426,NO_FACE_DETECTED,0,0.35,TN,No Face Detected by SCRFD
1016,New_Images,009298.jpg,9298,UNRECOGNIZED,0.2587,0.35,TN,CORRECTLY_REJECTED_UNKNOWN
1017,New_Images,005399.jpg,5399,NO_FACE_DETECTED,0,0.35,TN,No Face Detected by SCRFD
1018,Real Images,002282.jpg,2282,2282,1,0.35,TP,CORRECT_MATCH
1019,New_Images,005417.jpg,5417,NO_FACE_DETECTED,0,0.35,TN,No Face Detected by SCRFD
1020,New_Images,007734.jpg,7734,UNRECOGNIZED,0.2553,0.35,TN,CORRECTLY_REJECTED_UNKNOWN
1021,New_Images,006367.jpg,6367,UNRECOGNIZED,0.2717,0.35,TN,CORRECTLY_REJECTED_UNKNOWN
1022,Real Images,001927.jpg,1927,1927,1,0.35,TP,CORRECT_MATCH
1023,New_Images,006344.jpg,6344,UNRECOGNIZED,0.2636,0.35,TN,CORRECTLY_REJECTED_UNKNOWN
1024,Real Images,003203.jpg,3203,3203,1,0.35,TP,CORRECT_MATCH
1025,New_Images,006700.jpg,6700,UNRECOGNIZED,0.2594,0.35,TN,CORRECTLY_REJECTED_UNKNOWN
1026,New_Images,008246.jpg,8246,UNRECOGNIZED,0.2285,0.35,TN,CORRECTLY_REJECTED_UNKNOWN
1027,New_Images,006496.jpg,6496,UNRECOGNIZED,0.2857,0.35,TN,CORRECTLY_REJECTED_UNKNOWN
1028,Real Images,000865.jpg,865,865,1,0.35,TP,CORRECT_MATCH
1029,New_Images,006782.jpg,6782,UNRECOGNIZED,0.2205,0.35,TN,CORRECTLY_REJECTED_UNKNOWN
1030,Real Images,002656.jpg,2656,2656,1,0.35,TP,CORRECT_MATCH
1031,Real Images,002995.jpg,2995,2995,1,0.35,TP,CORRECT_MATCH
1032,Real Images,000636.jpg,636,636,1,0.35,TP,CORRECT_MATCH
1033,New_Images,008402.jpg,8402,UNRECOGNIZED,0.2437,0.35,TN,CORRECTLY_REJECTED_UNKNOWN
1034,New_Images,005790.jpg,5790,UNRECOGNIZED,0.2819,0.35,TN,CORRECTLY_REJECTED_UNKNOWN
1035,Real Images,000394.jpg,394,394,1,0.35,TP,CORRECT_MATCH
1036,New_Images,008344.jpg,8344,UNRECOGNIZED,0.2249,0.35,TN,CORRECTLY_REJECTED_UNKNOWN
1037,Real Images,004440.jpg,4440,4440,1,0.35,TP,CORRECT_MATCH
1038,New_Images,008351.jpg,8351,UNRECOGNIZED,0.1964,0.35,TN,CORRECTLY_REJECTED_UNKNOWN
1039,New_Images,006423.jpg,6423,UNRECOGNIZED,0.2567,0.35,TN,CORRECTLY_REJECTED_UNKNOWN
1040,New_Images,009167.jpg,9167,NO_FACE_DETECTED,0,0.35,TN,No Face Detected by SCRFD
1041,New_Images,009551.jpg,9551,UNRECOGNIZED,0.2534,0.35,TN,CORRECTLY_REJECTED_UNKNOWN
1042,Real Images,002114.jpg,2114,2114,1,0.35,TP,CORRECT_MATCH
1043,Real Images,000588.jpg,588,588,1,0.35,TP,CORRECT_MATCH
1044,Real Images,004853.jpg,4853,4853,1,0.35,TP,CORRECT_MATCH
1045,Real Images,003287.jpg,3287,3287,1,0.35,TP,CORRECT_MATCH
1046,Real Images,004679.jpg,4679,4679,1,0.35,TP,CORRECT_MATCH
1047,Real Images,000132.jpg,132,132,1,0.35,TP,CORRECT_MATCH
1048,Real Images,000653.jpg,653,653,1,0.35,TP,CORRECT_MATCH
1049,New_Images,006362.jpg,6362,NO_FACE_DETECTED,0,0.35,TN,No Face Detected by SCRFD
1050,New_Images,006330.jpg,6330,UNRECOGNIZED,0.2997,0.35,TN,CORRECTLY_REJECTED_UNKNOWN
1051,New_Images,008444.jpg,8444,UNRECOGNIZED,0.2367,0.35,TN,CORRECTLY_REJECTED_UNKNOWN
1052,Real Images,001734.jpg,1734,1734,1,0.35,TP,CORRECT_MATCH
1053,Real Images,003512.jpg,3512,3512,1,0.35,TP,CORRECT_MATCH
1054,Real Images,004810.jpg,4810,4810,1,0.35,TP,CORRECT_MATCH
1055,New_Images,007513.jpg,7513,UNRECOGNIZED,0.2398,0.35,TN,CORRECTLY_REJECTED_UNKNOWN
1056,Real Images,004264.jpg,4264,4264,1,0.35,TP,CORRECT_MATCH
1057,Real Images,003798.jpg,3798,3798,1,0.35,TP,CORRECT_MATCH
1058,New_Images,009353.jpg,9353,UNRECOGNIZED,0.2672,0.35,TN,CORRECTLY_REJECTED_UNKNOWN
1059,Real Images,002260.jpg,2260,2260,1,0.35,TP,CORRECT_MATCH
1060,New_Images,005352.jpg,5352,UNRECOGNIZED,0.2385,0.35,TN,CORRECTLY_REJECTED_UNKNOWN
1061,Real Images,002312.jpg,2312,2312,1,0.35,TP,CORRECT_MATCH
1062,New_Images,008134.jpg,8134,UNRECOGNIZED,0.2159,0.35,TN,CORRECTLY_REJECTED_UNKNOWN
1063,New_Images,009182.jpg,9182,UNRECOGNIZED,0.2301,0.35,TN,CORRECTLY_REJECTED_UNKNOWN
1064,Real Images,000383.jpg,383,383,1,0.35,TP,CORRECT_MATCH
1065,Real Images,002234.jpg,2234,2234,1,0.35,TP,CORRECT_MATCH
1066,Real Images,003443.jpg,3443,3443,1,0.35,TP,CORRECT_MATCH
1067,New_Images,006895.jpg,6895,UNRECOGNIZED,0.2305,0.35,TN,CORRECTLY_REJECTED_UNKNOWN
1068,Real Images,002035.jpg,2035,2035,1,0.35,TP,CORRECT_MATCH
1069,New_Images,005002.jpg,5002,UNRECOGNIZED,0.252,0.35,TN,CORRECTLY_REJECTED_UNKNOWN
1070,Real Images,004562.jpg,4562,4562,1,0.35,TP,CORRECT_MATCH
1071,Real Images,002535.jpg,2535,2535,1,0.35,TP,CORRECT_MATCH
1072,Real Images,001518.jpg,1518,1518,1,0.35,TP,CORRECT_MATCH
1073,Real Images,003330.jpg,3330,3330,1,0.35,TP,CORRECT_MATCH
1074,New_Images,007583.jpg,7583,NO_FACE_DETECTED,0,0.35,TN,No Face Detected by SCRFD
1075,Real Images,000887.jpg,887,887,1,0.35,TP,CORRECT_MATCH
1076,Real Images,001538.jpg,1538,1538,1,0.35,TP,CORRECT_MATCH
1077,Real Images,004448.jpg,4448,4448,1,0.35,TP,CORRECT_MATCH
1078,Real Images,004703.jpg,4703,4703,1,0.35,TP,CORRECT_MATCH
1079,Real Images,004249.jpg,4249,4249,1,0.35,TP,CORRECT_MATCH
1080,New_Images,005279.jpg,5279,UNRECOGNIZED,0.2217,0.35,TN,CORRECTLY_REJECTED_UNKNOWN
1081,Real Images,002775.jpg,2775,2775,1,0.35,TP,CORRECT_MATCH
1082,Real Images,000875.jpg,875,875,1,0.35,TP,CORRECT_MATCH
1083,New_Images,008324.jpg,8324,UNRECOGNIZED,0.2649,0.35,TN,CORRECTLY_REJECTED_UNKNOWN
1084,New_Images,007722.jpg,7722,UNRECOGNIZED,0.2326,0.35,TN,CORRECTLY_REJECTED_UNKNOWN
1085,New_Images,007554.jpg,7554,UNRECOGNIZED,0.2124,0.35,TN,CORRECTLY_REJECTED_UNKNOWN
1086,Real Images,000690.jpg,690,690,1,0.35,TP,CORRECT_MATCH
1087,Real Images,004755.jpg,4755,4755,1,0.35,TP,CORRECT_MATCH
1088,New_Images,009505.jpg,9505,NO_FACE_DETECTED,0,0.35,TN,No Face Detected by SCRFD
1089,New_Images,009003.jpg,9003,UNRECOGNIZED,0.2292,0.35,TN,CORRECTLY_REJECTED_UNKNOWN
1090,New_Images,009021.jpg,9021,UNRECOGNIZED,0.2695,0.35,TN,CORRECTLY_REJECTED_UNKNOWN
1091,New_Images,006858.jpg,6858,UNRECOGNIZED,0.2199,0.35,TN,CORRECTLY_REJECTED_UNKNOWN
1092,New_Images,009191.jpg,9191,UNRECOGNIZED,0.246,0.35,TN,CORRECTLY_REJECTED_UNKNOWN
1093,New_Images,005852.jpg,5852,UNRECOGNIZED,0.2598,0.35,TN,CORRECTLY_REJECTED_UNKNOWN
1094,New_Images,008418.jpg,8418,NO_FACE_DETECTED,0,0.35,TN,No Face Detected by SCRFD
1095,Real Images,001299.jpg,1299,1299,1,0.35,TP,CORRECT_MATCH
1096,Real Images,003521.jpg,3521,3521,1,0.35,TP,CORRECT_MATCH
1097,New_Images,007219.jpg,7219,NO_FACE_DETECTED,0,0.35,TN,No Face Detected by SCRFD
1098,Real Images,001202.jpg,1202,1202,1,0.35,TP,CORRECT_MATCH
1099,New_Images,008245.jpg,8245,UNRECOGNIZED,0.2746,0.35,TN,CORRECTLY_REJECTED_UNKNOWN
1100,Real Images,002485.jpg,2485,2485,1,0.35,TP,CORRECT_MATCH
1101,Real Images,004882.jpg,4882,4882,1,0.35,TP,CORRECT_MATCH
1102,New_Images,008334.jpg,8334,NO_FACE_DETECTED,0,0.35,TN,No Face Detected by SCRFD
1103,New_Images,005796.jpg,5796,UNRECOGNIZED,0.3015,0.35,TN,CORRECTLY_REJECTED_UNKNOWN
1104,Real Images,001030.jpg,1030,1030,1,0.35,TP,CORRECT_MATCH
1105,New_Images,006132.jpg,6132,UNRECOGNIZED,0.2628,0.35,TN,CORRECTLY_REJECTED_UNKNOWN
1106,New_Images,007361.jpg,7361,UNRECOGNIZED,0.2611,0.35,TN,CORRECTLY_REJECTED_UNKNOWN
1107,Real Images,002554.jpg,2554,2554,1,0.35,TP,CORRECT_MATCH
1108,Real Images,002795.jpg,2795,2795,1,0.35,TP,CORRECT_MATCH
1109,Real Images,001001.jpg,1001,1001,1,0.35,TP,CORRECT_MATCH
1110,New_Images,009307.jpg,9307,UNRECOGNIZED,0.3436,0.35,TN,CORRECTLY_REJECTED_UNKNOWN
1111,Real Images,004965.jpg,4965,4965,1,0.35,TP,CORRECT_MATCH
1112,New_Images,009342.jpg,9342,NO_FACE_DETECTED,0,0.35,TN,No Face Detected by SCRFD
1113,New_Images,005534.jpg,5534,UNRECOGNIZED,0.2522,0.35,TN,CORRECTLY_REJECTED_UNKNOWN
1114,Real Images,002831.jpg,2831,2831,1,0.35,TP,CORRECT_MATCH
1115,New_Images,008800.jpg,8800,UNRECOGNIZED,0.2454,0.35,TN,CORRECTLY_REJECTED_UNKNOWN
1116,New_Images,006804.jpg,6804,UNRECOGNIZED,0.2571,0.35,TN,CORRECTLY_REJECTED_UNKNOWN
1117,Real Images,004552.jpg,4552,4552,1,0.35,TP,CORRECT_MATCH
1118,Real Images,003403.jpg,3403,3403,1,0.35,TP,CORRECT_MATCH
1119,Real Images,004150.jpg,4150,4150,1,0.35,TP,CORRECT_MATCH
1120,New_Images,006457.jpg,6457,UNRECOGNIZED,0.2615,0.35,TN,CORRECTLY_REJECTED_UNKNOWN
1121,Real Images,002455.jpg,2455,2455,1,0.35,TP,CORRECT_MATCH
1122,New_Images,008391.jpg,8391,UNRECOGNIZED,0.2858,0.35,TN,CORRECTLY_REJECTED_UNKNOWN
1123,New_Images,006631.jpg,6631,UNRECOGNIZED,0.2594,0.35,TN,CORRECTLY_REJECTED_UNKNOWN
1124,New_Images,008483.jpg,8483,UNRECOGNIZED,0.2513,0.35,TN,CORRECTLY_REJECTED_UNKNOWN
1125,Real Images,003487.jpg,3487,3487,1,0.35,TP,CORRECT_MATCH
1126,Real Images,000041.jpg,41,41,1,0.35,TP,CORRECT_MATCH
1127,New_Images,006596.jpg,6596,UNRECOGNIZED,0.2245,0.35,TN,CORRECTLY_REJECTED_UNKNOWN
1128,Real Images,000692.jpg,692,692,1,0.35,TP,CORRECT_MATCH
1129,Real Images,000235.jpg,235,235,1,0.35,TP,CORRECT_MATCH
1130,New_Images,008020.jpg,8020,UNRECOGNIZED,0.3263,0.35,TN,CORRECTLY_REJECTED_UNKNOWN
1131,Real Images,002807.jpg,2807,2807,1,0.35,TP,CORRECT_MATCH
1132,Real Images,004420.jpg,4420,4420,1,0.35,TP,CORRECT_MATCH
1133,Real Images,001173.jpg,1173,1173,1,0.35,TP,CORRECT_MATCH
1134,Real Images,004927.jpg,4927,4927,1,0.35,TP,CORRECT_MATCH
1135,New_Images,006748.jpg,6748,NO_FACE_DETECTED,0,0.35,TN,No Face Detected by SCRFD
1136,Real Images,003700.jpg,3700,3700,1,0.35,TP,CORRECT_MATCH
1137,New_Images,008425.jpg,8425,UNRECOGNIZED,0.2384,0.35,TN,CORRECTLY_REJECTED_UNKNOWN
1138,New_Images,008386.jpg,8386,NO_FACE_DETECTED,0,0.35,TN,No Face Detected by SCRFD
1139,New_Images,006607.jpg,6607,UNRECOGNIZED,0.2111,0.35,TN,CORRECTLY_REJECTED_UNKNOWN
1140,New_Images,008918.jpg,8918,NO_FACE_DETECTED,0,0.35,TN,No Face Detected by SCRFD
1141,New_Images,007222.jpg,7222,UNRECOGNIZED,0.2752,0.35,TN,CORRECTLY_REJECTED_UNKNOWN
1142,New_Images,009376.jpg,9376,UNRECOGNIZED,0.292,0.35,TN,CORRECTLY_REJECTED_UNKNOWN
1143,Real Images,000200.jpg,200,200,1,0.35,TP,CORRECT_MATCH
1144,Real Images,002681.jpg,2681,2681,1,0.35,TP,CORRECT_MATCH
1145,New_Images,006080.jpg,6080,UNRECOGNIZED,0.2358,0.35,TN,CORRECTLY_REJECTED_UNKNOWN
1146,New_Images,008889.jpg,8889,UNRECOGNIZED,0.3001,0.35,TN,CORRECTLY_REJECTED_UNKNOWN
1147,New_Images,008909.jpg,8909,UNRECOGNIZED,0.2668,0.35,TN,CORRECTLY_REJECTED_UNKNOWN
1148,New_Images,006198.jpg,6198,UNRECOGNIZED,0.2779,0.35,TN,CORRECTLY_REJECTED_UNKNOWN
1149,Real Images,000263.jpg,263,263,1,0.35,TP,CORRECT_MATCH
1150,Real Images,002654.jpg,2654,2654,1,0.35,TP,CORRECT_MATCH
1151,Real Images,000058.jpg,58,58,1,0.35,TP,CORRECT_MATCH
1152,Real Images,004225.jpg,4225,4225,1,0.35,TP,CORRECT_MATCH
1153,New_Images,009312.jpg,9312,UNRECOGNIZED,0.2578,0.35,TN,CORRECTLY_REJECTED_UNKNOWN
1154,Real Images,001555.jpg,1555,1555,1,0.35,TP,CORRECT_MATCH
1155,New_Images,005970.jpg,5970,UNRECOGNIZED,0.2532,0.35,TN,CORRECTLY_REJECTED_UNKNOWN
1156,Real Images,000774.jpg,774,774,1,0.35,TP,CORRECT_MATCH
1157,Real Images,003157.jpg,3157,3157,1,0.35,TP,CORRECT_MATCH
1158,Real Images,004008.jpg,4008,4008,1,0.35,TP,CORRECT_MATCH
1159,New_Images,007095.jpg,7095,UNRECOGNIZED,0.2393,0.35,TN,CORRECTLY_REJECTED_UNKNOWN
1160,New_Images,009542.jpg,9542,NO_FACE_DETECTED,0,0.35,TN,No Face Detected by SCRFD
1161,New_Images,006678.jpg,6678,UNRECOGNIZED,0.2833,0.35,TN,CORRECTLY_REJECTED_UNKNOWN
1162,New_Images,005368.jpg,5368,NO_FACE_DETECTED,0,0.35,TN,No Face Detected by SCRFD
1163,New_Images,007796.jpg,7796,NO_FACE_DETECTED,0,0.35,TN,No Face Detected by SCRFD
1164,Real Images,001232.jpg,1232,1232,1,0.35,TP,CORRECT_MATCH
1165,New_Images,009264.jpg,9264,UNRECOGNIZED,0.2473,0.35,TN,CORRECTLY_REJECTED_UNKNOWN
1166,New_Images,008689.jpg,8689,UNRECOGNIZED,0.2538,0.35,TN,CORRECTLY_REJECTED_UNKNOWN
1167,New_Images,008219.jpg,8219,NO_FACE_DETECTED,0,0.35,TN,No Face Detected by SCRFD
1168,Real Images,001904.jpg,1904,1904,1,0.35,TP,CORRECT_MATCH
1169,Real Images,003550.jpg,3550,3550,1,0.35,TP,CORRECT_MATCH
1170,New_Images,008307.jpg,8307,UNRECOGNIZED,0.2731,0.35,TN,CORRECTLY_REJECTED_UNKNOWN
1171,Real Images,003578.jpg,3578,3578,1,0.35,TP,CORRECT_MATCH
1172,Real Images,000797.jpg,797,797,1,0.35,TP,CORRECT_MATCH
1173,Real Images,003823.jpg,3823,3823,1,0.35,TP,CORRECT_MATCH
1174,New_Images,005632.jpg,5632,NO_FACE_DETECTED,0,0.35,TN,No Face Detected by SCRFD
1175,New_Images,007291.jpg,7291,NO_FACE_DETECTED,0,0.35,TN,No Face Detected by SCRFD
1176,Real Images,004306.jpg,4306,4306,1,0.35,TP,CORRECT_MATCH
1177,Real Images,000337.jpg,337,337,1,0.35,TP,CORRECT_MATCH
1178,Real Images,002905.jpg,2905,2905,1,0.35,TP,CORRECT_MATCH
1179,New_Images,006754.jpg,6754,NO_FACE_DETECTED,0,0.35,TN,No Face Detected by SCRFD
1180,New_Images,007043.jpg,7043,NO_FACE_DETECTED,0,0.35,TN,No Face Detected by SCRFD
1181,New_Images,006111.jpg,6111,UNRECOGNIZED,0.252,0.35,TN,CORRECTLY_REJECTED_UNKNOWN
1182,Real Images,000074.jpg,74,74,1,0.35,TP,CORRECT_MATCH
1183,Real Images,000942.jpg,942,942,1,0.35,TP,CORRECT_MATCH
1184,Real Images,001923.jpg,1923,1923,1,0.35,TP,CORRECT_MATCH
1185,Real Images,002510.jpg,2510,2510,1,0.35,TP,CORRECT_MATCH
1186,Real Images,000645.jpg,645,645,1,0.35,TP,CORRECT_MATCH
1187,New_Images,005337.jpg,5337,UNRECOGNIZED,0.2707,0.35,TN,CORRECTLY_REJECTED_UNKNOWN
1188,New_Images,005449.jpg,5449,UNRECOGNIZED,0.2862,0.35,TN,CORRECTLY_REJECTED_UNKNOWN
1189,Real Images,001350.jpg,1350,1350,1,0.35,TP,CORRECT_MATCH
1190,Real Images,000882.jpg,882,882,1,0.35,TP,CORRECT_MATCH
1191,Real Images,002479.jpg,2479,2479,1,0.35,TP,CORRECT_MATCH
1192,New_Images,009036.jpg,9036,UNRECOGNIZED,0.2723,0.35,TN,CORRECTLY_REJECTED_UNKNOWN
1193,Real Images,001120.jpg,1120,1120,1,0.35,TP,CORRECT_MATCH
1194,New_Images,007532.jpg,7532,UNRECOGNIZED,0.262,0.35,TN,CORRECTLY_REJECTED_UNKNOWN
1195,Real Images,004432.jpg,4432,4432,1,0.35,TP,CORRECT_MATCH
1196,Real Images,004015.jpg,4015,4015,1,0.35,TP,CORRECT_MATCH
1197,Real Images,000536.jpg,536,536,1,0.35,TP,CORRECT_MATCH
1198,New_Images,006118.jpg,6118,UNRECOGNIZED,0.2584,0.35,TN,CORRECTLY_REJECTED_UNKNOWN
1199,Real Images,001506.jpg,1506,1506,1,0.35,TP,CORRECT_MATCH
1200,Real Images,003727.jpg,3727,3727,1,0.35,TP,CORRECT_MATCH
1201,New_Images,008793.jpg,8793,UNRECOGNIZED,0.2289,0.35,TN,CORRECTLY_REJECTED_UNKNOWN
1202,Real Images,000414.jpg,414,414,1,0.35,TP,CORRECT_MATCH
1203,New_Images,005749.jpg,5749,NO_FACE_DETECTED,0,0.35,TN,No Face Detected by SCRFD
1204,Real Images,003278.jpg,3278,3278,1,0.35,TP,CORRECT_MATCH
1205,New_Images,006977.jpg,6977,UNRECOGNIZED,0.2655,0.35,TN,CORRECTLY_REJECTED_UNKNOWN
1206,Real Images,001391.jpg,1391,1391,1,0.35,TP,CORRECT_MATCH
1207,New_Images,009349.jpg,9349,NO_FACE_DETECTED,0,0.35,TN,No Face Detected by SCRFD
1208,New_Images,007665.jpg,7665,NO_FACE_DETECTED,0,0.35,TN,No Face Detected by SCRFD
1209,Real Images,000313.jpg,313,313,1,0.35,TP,CORRECT_MATCH
1210,New_Images,007826.jpg,7826,UNRECOGNIZED,0.2484,0.35,TN,CORRECTLY_REJECTED_UNKNOWN
1211,Real Images,000784.jpg,784,784,1,0.35,TP,CORRECT_MATCH
1212,New_Images,008476.jpg,8476,NO_FACE_DETECTED,0,0.35,TN,No Face Detected by SCRFD
1213,New_Images,005849.jpg,5849,NO_FACE_DETECTED,0,0.35,TN,No Face Detected by SCRFD
1214,New_Images,009090.jpg,9090,UNRECOGNIZED,0.2368,0.35,TN,CORRECTLY_REJECTED_UNKNOWN
1215,New_Images,007871.jpg,7871,NO_FACE_DETECTED,0,0.35,TN,No Face Detected by SCRFD
1216,Real Images,001447.jpg,1447,1447,1,0.35,TP,CORRECT_MATCH
1217,Real Images,003780.jpg,3780,3780,1,0.35,TP,CORRECT_MATCH
1218,New_Images,006134.jpg,6134,UNRECOGNIZED,0.2812,0.35,TN,CORRECTLY_REJECTED_UNKNOWN
1219,New_Images,006018.jpg,6018,UNRECOGNIZED,0.2993,0.35,TN,CORRECTLY_REJECTED_UNKNOWN
1220,New_Images,008190.jpg,8190,UNRECOGNIZED,0.236,0.35,TN,CORRECTLY_REJECTED_UNKNOWN
1221,Real Images,003482.jpg,3482,3482,1,0.35,TP,CORRECT_MATCH
1222,Real Images,003882.jpg,3882,3882,1,0.35,TP,CORRECT_MATCH
1223,Real Images,000514.jpg,514,514,1,0.35,TP,CORRECT_MATCH
1224,New_Images,005249.jpg,5249,NO_FACE_DETECTED,0,0.35,TN,No Face Detected by SCRFD
1225,Real Images,003338.jpg,3338,3338,1,0.35,TP,CORRECT_MATCH
1226,Real Images,004627.jpg,4627,4627,1,0.35,TP,CORRECT_MATCH
1227,Real Images,001916.jpg,1916,1916,1,0.35,TP,CORRECT_MATCH
1228,New_Images,005779.jpg,5779,UNRECOGNIZED,0.2249,0.35,TN,CORRECTLY_REJECTED_UNKNOWN
1229,Real Images,003339.jpg,3339,3339,1,0.35,TP,CORRECT_MATCH
1230,New_Images,008644.jpg,8644,NO_FACE_DETECTED,0,0.35,TN,No Face Detected by SCRFD
1231,Real Images,003042.jpg,3042,3042,1,0.35,TP,CORRECT_MATCH
1232,Real Images,003098.jpg,3098,3098,1,0.35,TP,CORRECT_MATCH
1233,New_Images,007340.jpg,7340,UNRECOGNIZED,0.2619,0.35,TN,CORRECTLY_REJECTED_UNKNOWN
1234,Real Images,004518.jpg,4518,4518,1,0.35,TP,CORRECT_MATCH
1235,New_Images,009069.jpg,9069,UNRECOGNIZED,0.2449,0.35,TN,CORRECTLY_REJECTED_UNKNOWN
1236,New_Images,007878.jpg,7878,NO_FACE_DETECTED,0,0.35,TN,No Face Detected by SCRFD
1237,Real Images,002423.jpg,2423,2423,1,0.35,TP,CORRECT_MATCH
1238,Real Images,000571.jpg,571,571,1,0.35,TP,CORRECT_MATCH
1239,Real Images,003298.jpg,3298,3298,1,0.35,TP,CORRECT_MATCH
1240,Real Images,002771.jpg,2771,2771,1,0.35,TP,CORRECT_MATCH
1241,Real Images,000477.jpg,477,477,1,0.35,TP,CORRECT_MATCH
1242,Real Images,001765.jpg,1765,1765,1,0.35,TP,CORRECT_MATCH
1243,Real Images,002689.jpg,2689,2689,1,0.35,TP,CORRECT_MATCH
1244,Real Images,001219.jpg,1219,1219,1,0.35,TP,CORRECT_MATCH
1245,Real Images,004960.jpg,4960,4960,1,0.35,TP,CORRECT_MATCH
1246,New_Images,008182.jpg,8182,NO_FACE_DETECTED,0,0.35,TN,No Face Detected by SCRFD
1247,Real Images,002012.jpg,2012,2012,1,0.35,TP,CORRECT_MATCH
1248,Real Images,004850.jpg,4850,4850,1,0.35,TP,CORRECT_MATCH
1249,Real Images,002862.jpg,2862,2862,1,0.35,TP,CORRECT_MATCH
1250,Real Images,002334.jpg,2334,2334,1,0.35,TP,CORRECT_MATCH
1251,New_Images,008928.jpg,8928,UNRECOGNIZED,0.2375,0.35,TN,CORRECTLY_REJECTED_UNKNOWN
1252,New_Images,007847.jpg,7847,NO_FACE_DETECTED,0,0.35,TN,No Face Detected by SCRFD
1253,New_Images,007318.jpg,7318,UNRECOGNIZED,0.2289,0.35,TN,CORRECTLY_REJECTED_UNKNOWN
1254,Real Images,000809.jpg,809,809,1,0.35,TP,CORRECT_MATCH
1255,Real Images,004752.jpg,4752,4752,1,0.35,TP,CORRECT_MATCH
1256,New_Images,006016.jpg,6016,UNRECOGNIZED,0.2293,0.35,TN,CORRECTLY_REJECTED_UNKNOWN
1257,Real Images,000175.jpg,175,175,1,0.35,TP,CORRECT_MATCH
1258,Real Images,002814.jpg,2814,2814,1,0.35,TP,CORRECT_MATCH
1259,New_Images,007490.jpg,7490,UNRECOGNIZED,0.2247,0.35,TN,CORRECTLY_REJECTED_UNKNOWN
1260,New_Images,007866.jpg,7866,UNRECOGNIZED,0.2352,0.35,TN,CORRECTLY_REJECTED_UNKNOWN
1261,Real Images,002320.jpg,2320,2320,1,0.35,TP,CORRECT_MATCH
1262,Real Images,002992.jpg,2992,2992,1,0.35,TP,CORRECT_MATCH
1263,New_Images,008940.jpg,8940,UNRECOGNIZED,0.2713,0.35,TN,CORRECTLY_REJECTED_UNKNOWN
1264,New_Images,005976.jpg,5976,UNRECOGNIZED,0.2531,0.35,TN,CORRECTLY_REJECTED_UNKNOWN
1265,Real Images,000753.jpg,753,753,1,0.35,TP,CORRECT_MATCH
1266,New_Images,005921.jpg,5921,NO_FACE_DETECTED,0,0.35,TN,No Face Detected by SCRFD
1267,New_Images,007354.jpg,7354,NO_FACE_DETECTED,0,0.35,TN,No Face Detected by SCRFD
1268,Real Images,003398.jpg,3398,3398,1,0.35,TP,CORRECT_MATCH
1269,New_Images,008757.jpg,8757,NO_FACE_DETECTED,0,0.35,TN,No Face Detected by SCRFD
1270,Real Images,003207.jpg,3207,3207,1,0.35,TP,CORRECT_MATCH
1271,Real Images,001296.jpg,1296,1296,1,0.35,TP,CORRECT_MATCH
1272,New_Images,009214.jpg,9214,UNRECOGNIZED,0.221,0.35,TN,CORRECTLY_REJECTED_UNKNOWN
1273,New_Images,008860.jpg,8860,UNRECOGNIZED,0.2806,0.35,TN,CORRECTLY_REJECTED_UNKNOWN
1274,New_Images,007643.jpg,7643,NO_FACE_DETECTED,0,0.35,TN,No Face Detected by SCRFD
1275,Real Images,002748.jpg,2748,2748,1,0.35,TP,CORRECT_MATCH
1276,New_Images,008088.jpg,8088,UNRECOGNIZED,0.2518,0.35,TN,CORRECTLY_REJECTED_UNKNOWN
1277,New_Images,006261.jpg,6261,NO_FACE_DETECTED,0,0.35,TN,No Face Detected by SCRFD
1278,New_Images,008557.jpg,8557,UNRECOGNIZED,0.2472,0.35,TN,CORRECTLY_REJECTED_UNKNOWN
1279,New_Images,009032.jpg,9032,UNRECOGNIZED,0.2459,0.35,TN,CORRECTLY_REJECTED_UNKNOWN
1280,New_Images,005174.jpg,5174,NO_FACE_DETECTED,0,0.35,TN,No Face Detected by SCRFD
1281,New_Images,006558.jpg,6558,NO_FACE_DETECTED,0,0.35,TN,No Face Detected by SCRFD
1282,New_Images,005434.jpg,5434,UNRECOGNIZED,0.2294,0.35,TN,CORRECTLY_REJECTED_UNKNOWN
1283,Real Images,002298.jpg,2298,2298,1,0.35,TP,CORRECT_MATCH
1284,New_Images,009139.jpg,9139,UNRECOGNIZED,0.2696,0.35,TN,CORRECTLY_REJECTED_UNKNOWN
1285,Real Images,001142.jpg,1142,1142,1,0.35,TP,CORRECT_MATCH
1286,New_Images,005812.jpg,5812,UNRECOGNIZED,0.3278,0.35,TN,CORRECTLY_REJECTED_UNKNOWN
1287,Real Images,002989.jpg,2989,2989,1,0.35,TP,CORRECT_MATCH
1288,Real Images,001016.jpg,1016,1016,1,0.35,TP,CORRECT_MATCH
1289,Real Images,002450.jpg,2450,2450,1,0.35,TP,CORRECT_MATCH
1290,Real Images,001711.jpg,1711,1711,1,0.35,TP,CORRECT_MATCH
1291,New_Images,007030.jpg,7030,UNRECOGNIZED,0.2107,0.35,TN,CORRECTLY_REJECTED_UNKNOWN
1292,New_Images,006829.jpg,6829,NO_FACE_DETECTED,0,0.35,TN,No Face Detected by SCRFD
1293,Real Images,003003.jpg,3003,3003,1,0.35,TP,CORRECT_MATCH
1294,Real Images,003150.jpg,3150,3150,1,0.35,TP,CORRECT_MATCH
1295,New_Images,005608.jpg,5608,NO_FACE_DETECTED,0,0.35,TN,No Face Detected by SCRFD
1296,New_Images,006188.jpg,6188,UNRECOGNIZED,0.2344,0.35,TN,CORRECTLY_REJECTED_UNKNOWN
1297,New_Images,006871.jpg,6871,UNRECOGNIZED,0.2745,0.35,TN,CORRECTLY_REJECTED_UNKNOWN
1298,Real Images,001054.jpg,1054,1054,1,0.35,TP,CORRECT_MATCH
1299,New_Images,007890.jpg,7890,UNRECOGNIZED,0.2455,0.35,TN,CORRECTLY_REJECTED_UNKNOWN
1300,Real Images,001539.jpg,1539,1539,1,0.35,TP,CORRECT_MATCH
1301,New_Images,005878.jpg,5878,UNRECOGNIZED,0.2408,0.35,TN,CORRECTLY_REJECTED_UNKNOWN
1302,Real Images,004551.jpg,4551,4551,1,0.35,TP,CORRECT_MATCH
1303,New_Images,009534.jpg,9534,NO_FACE_DETECTED,0,0.35,TN,No Face Detected by SCRFD
1304,New_Images,006022.jpg,6022,NO_FACE_DETECTED,0,0.35,TN,No Face Detected by SCRFD
1305,New_Images,008534.jpg,8534,UNRECOGNIZED,0.2583,0.35,TN,CORRECTLY_REJECTED_UNKNOWN
1306,New_Images,005025.jpg,5025,NO_FACE_DETECTED,0,0.35,TN,No Face Detected by SCRFD
1307,New_Images,005283.jpg,5283,NO_FACE_DETECTED,0,0.35,TN,No Face Detected by SCRFD
1308,Real Images,001808.jpg,1808,1808,1,0.35,TP,CORRECT_MATCH
1309,New_Images,005408.jpg,5408,NO_FACE_DETECTED,0,0.35,TN,No Face Detected by SCRFD
1310,New_Images,008064.jpg,8064,UNRECOGNIZED,0.3252,0.35,TN,CORRECTLY_REJECTED_UNKNOWN
1311,Real Images,002634.jpg,2634,2634,1,0.35,TP,CORRECT_MATCH
1312,New_Images,007051.jpg,7051,NO_FACE_DETECTED,0,0.35,TN,No Face Detected by SCRFD
1313,Real Images,003425.jpg,3425,3425,1,0.35,TP,CORRECT_MATCH
1314,Real Images,002029.jpg,2029,2029,1,0.35,TP,CORRECT_MATCH
1315,New_Images,008350.jpg,8350,UNRECOGNIZED,0.2434,0.35,TN,CORRECTLY_REJECTED_UNKNOWN
1316,Real Images,004597.jpg,4597,4597,1,0.35,TP,CORRECT_MATCH
1317,New_Images,008933.jpg,8933,UNRECOGNIZED,0.2775,0.35,TN,CORRECTLY_REJECTED_UNKNOWN
1318,Real Images,003618.jpg,3618,3618,1,0.35,TP,CORRECT_MATCH
1319,Real Images,004347.jpg,4347,4347,1,0.35,TP,CORRECT_MATCH
1320,New_Images,007070.jpg,7070,UNRECOGNIZED,0.2488,0.35,TN,CORRECTLY_REJECTED_UNKNOWN
1321,New_Images,007670.jpg,7670,UNRECOGNIZED,0.2413,0.35,TN,CORRECTLY_REJECTED_UNKNOWN
1322,New_Images,008492.jpg,8492,UNRECOGNIZED,0.2319,0.35,TN,CORRECTLY_REJECTED_UNKNOWN
1323,Real Images,002264.jpg,2264,2264,1,0.35,TP,CORRECT_MATCH
1324,Real Images,001168.jpg,1168,1168,1,0.35,TP,CORRECT_MATCH
1325,New_Images,007880.jpg,7880,NO_FACE_DETECTED,0,0.35,TN,No Face Detected by SCRFD
1326,New_Images,005980.jpg,5980,UNRECOGNIZED,0.2611,0.35,TN,CORRECTLY_REJECTED_UNKNOWN
1327,Real Images,001256.jpg,1256,1256,1,0.35,TP,CORRECT_MATCH
1328,New_Images,007714.jpg,7714,NO_FACE_DETECTED,0,0.35,TN,No Face Detected by SCRFD
1329,New_Images,007990.jpg,7990,UNRECOGNIZED,0.2449,0.35,TN,CORRECTLY_REJECTED_UNKNOWN
1330,New_Images,005090.jpg,5090,NO_FACE_DETECTED,0,0.35,TN,No Face Detected by SCRFD
1331,New_Images,005351.jpg,5351,UNRECOGNIZED,0.3094,0.35,TN,CORRECTLY_REJECTED_UNKNOWN
1332,New_Images,005367.jpg,5367,NO_FACE_DETECTED,0,0.35,TN,No Face Detected by SCRFD
1333,Real Images,000569.jpg,569,569,1,0.35,TP,CORRECT_MATCH
1334,Real Images,002214.jpg,2214,2214,1,0.35,TP,CORRECT_MATCH
1335,New_Images,009071.jpg,9071,UNRECOGNIZED,0.2625,0.35,TN,CORRECTLY_REJECTED_UNKNOWN
1336,Real Images,003005.jpg,3005,3005,1,0.35,TP,CORRECT_MATCH
1337,New_Images,009331.jpg,9331,UNRECOGNIZED,0.2499,0.35,TN,CORRECTLY_REJECTED_UNKNOWN
1338,Real Images,001945.jpg,1945,1945,1,0.35,TP,CORRECT_MATCH
1339,Real Images,002569.jpg,2569,2569,1,0.35,TP,CORRECT_MATCH
1340,New_Images,009565.jpg,9565,UNRECOGNIZED,0.2395,0.35,TN,CORRECTLY_REJECTED_UNKNOWN
1341,Real Images,001650.jpg,1650,1650,1,0.35,TP,CORRECT_MATCH
1342,New_Images,009278.jpg,9278,UNRECOGNIZED,0.2837,0.35,TN,CORRECTLY_REJECTED_UNKNOWN
1343,New_Images,005209.jpg,5209,UNRECOGNIZED,0.3007,0.35,TN,CORRECTLY_REJECTED_UNKNOWN
1344,Real Images,000198.jpg,198,198,1,0.35,TP,CORRECT_MATCH
1345,New_Images,005884.jpg,5884,NO_FACE_DETECTED,0,0.35,TN,No Face Detected by SCRFD
1346,Real Images,004992.jpg,4992,4992,1,0.35,TP,CORRECT_MATCH
1347,Real Images,003790.jpg,3790,3790,1,0.35,TP,CORRECT_MATCH
1348,Real Images,002796.jpg,2796,2796,1,0.35,TP,CORRECT_MATCH
1349,Real Images,004583.jpg,4583,4583,1,0.35,TP,CORRECT_MATCH
1350,New_Images,008510.jpg,8510,UNRECOGNIZED,0.2897,0.35,TN,CORRECTLY_REJECTED_UNKNOWN
1351,New_Images,009386.jpg,9386,UNRECOGNIZED,0.2078,0.35,TN,CORRECTLY_REJECTED_UNKNOWN
1352,Real Images,000122.jpg,122,122,1,0.35,TP,CORRECT_MATCH
1353,New_Images,006557.jpg,6557,UNRECOGNIZED,0.2022,0.35,TN,CORRECTLY_REJECTED_UNKNOWN
1354,Real Images,004788.jpg,4788,4788,1,0.35,TP,CORRECT_MATCH
1355,New_Images,005466.jpg,5466,UNRECOGNIZED,0.2277,0.35,TN,CORRECTLY_REJECTED_UNKNOWN
1356,New_Images,005900.jpg,5900,UNRECOGNIZED,0.2431,0.35,TN,CORRECTLY_REJECTED_UNKNOWN
1357,New_Images,006853.jpg,6853,UNRECOGNIZED,0.2469,0.35,TN,CORRECTLY_REJECTED_UNKNOWN
1358,Real Images,002289.jpg,2289,2289,1,0.35,TP,CORRECT_MATCH
1359,New_Images,008737.jpg,8737,NO_FACE_DETECTED,0,0.35,TN,No Face Detected by SCRFD
1360,Real Images,000884.jpg,884,884,1,0.35,TP,CORRECT_MATCH
1361,Real Images,001893.jpg,1893,1893,1,0.35,TP,CORRECT_MATCH
1362,New_Images,006280.jpg,6280,UNRECOGNIZED,0.275,0.35,TN,CORRECTLY_REJECTED_UNKNOWN
1363,New_Images,005652.jpg,5652,NO_FACE_DETECTED,0,0.35,TN,No Face Detected by SCRFD
1364,New_Images,008587.jpg,8587,UNRECOGNIZED,0.2849,0.35,TN,CORRECTLY_REJECTED_UNKNOWN
1365,Real Images,004824.jpg,4824,4824,1,0.35,TP,CORRECT_MATCH
1366,Real Images,002988.jpg,2988,2988,1,0.35,TP,CORRECT_MATCH
1367,New_Images,008789.jpg,8789,UNRECOGNIZED,0.2347,0.35,TN,CORRECTLY_REJECTED_UNKNOWN
1368,New_Images,007115.jpg,7115,NO_FACE_DETECTED,0,0.35,TN,No Face Detected by SCRFD
1369,Real Images,000257.jpg,257,257,1,0.35,TP,CORRECT_MATCH
1370,New_Images,007860.jpg,7860,UNRECOGNIZED,0.2213,0.35,TN,CORRECTLY_REJECTED_UNKNOWN
1371,New_Images,005011.jpg,5011,UNRECOGNIZED,0.2448,0.35,TN,CORRECTLY_REJECTED_UNKNOWN
1372,New_Images,005172.jpg,5172,UNRECOGNIZED,0.2341,0.35,TN,CORRECTLY_REJECTED_UNKNOWN
1373,New_Images,007081.jpg,7081,NO_FACE_DETECTED,0,0.35,TN,No Face Detected by SCRFD
1374,Real Images,001917.jpg,1917,1917,1,0.35,TP,CORRECT_MATCH
1375,New_Images,006674.jpg,6674,NO_FACE_DETECTED,0,0.35,TN,No Face Detected by SCRFD
1376,Real Images,003513.jpg,3513,3513,1,0.35,TP,CORRECT_MATCH
1377,Real Images,003781.jpg,3781,3781,1,0.35,TP,CORRECT_MATCH
1378,New_Images,007834.jpg,7834,NO_FACE_DETECTED,0,0.35,TN,No Face Detected by SCRFD
1379,Real Images,000701.jpg,701,701,1,0.35,TP,CORRECT_MATCH
1380,New_Images,007639.jpg,7639,UNRECOGNIZED,0.2403,0.35,TN,CORRECTLY_REJECTED_UNKNOWN
1381,New_Images,008976.jpg,8976,NO_FACE_DETECTED,0,0.35,TN,No Face Detected by SCRFD
1382,New_Images,006639.jpg,6639,UNRECOGNIZED,0.3266,0.35,TN,CORRECTLY_REJECTED_UNKNOWN
1383,Real Images,002230.jpg,2230,2230,1,0.35,TP,CORRECT_MATCH
1384,New_Images,008935.jpg,8935,UNRECOGNIZED,0.2673,0.35,TN,CORRECTLY_REJECTED_UNKNOWN
1385,New_Images,006089.jpg,6089,NO_FACE_DETECTED,0,0.35,TN,No Face Detected by SCRFD
1386,Real Images,000714.jpg,714,714,1,0.35,TP,CORRECT_MATCH
1387,New_Images,008431.jpg,8431,UNRECOGNIZED,0.2476,0.35,TN,CORRECTLY_REJECTED_UNKNOWN
1388,New_Images,006644.jpg,6644,UNRECOGNIZED,0.2491,0.35,TN,CORRECTLY_REJECTED_UNKNOWN
1389,Real Images,000269.jpg,269,269,1,0.35,TP,CORRECT_MATCH
1390,New_Images,006387.jpg,6387,NO_FACE_DETECTED,0,0.35,TN,No Face Detected by SCRFD
1391,New_Images,008102.jpg,8102,UNRECOGNIZED,0.2454,0.35,TN,CORRECTLY_REJECTED_UNKNOWN
1392,Real Images,000944.jpg,944,944,1,0.35,TP,CORRECT_MATCH
1393,Real Images,004919.jpg,4919,4919,1,0.35,TP,CORRECT_MATCH
1394,Real Images,000234.jpg,234,234,1,0.35,TP,CORRECT_MATCH
1395,New_Images,009387.jpg,9387,UNRECOGNIZED,0.317,0.35,TN,CORRECTLY_REJECTED_UNKNOWN
1396,New_Images,008983.jpg,8983,UNRECOGNIZED,0.2689,0.35,TN,CORRECTLY_REJECTED_UNKNOWN
1397,New_Images,008475.jpg,8475,NO_FACE_DETECTED,0,0.35,TN,No Face Detected by SCRFD
1398,New_Images,007868.jpg,7868,NO_FACE_DETECTED,0,0.35,TN,No Face Detected by SCRFD
1399,Real Images,003019.jpg,3019,3019,1,0.35,TP,CORRECT_MATCH
1400,Real Images,002540.jpg,2540,2540,1,0.35,TP,CORRECT_MATCH
1401,Real Images,003556.jpg,3556,3556,1,0.35,TP,CORRECT_MATCH
1402,Real Images,004793.jpg,4793,4793,1,0.35,TP,CORRECT_MATCH
1403,Real Images,004855.jpg,4855,4855,1,0.35,TP,CORRECT_MATCH
1404,New_Images,008844.jpg,8844,UNRECOGNIZED,0.2537,0.35,TN,CORRECTLY_REJECTED_UNKNOWN
1405,Real Images,000210.jpg,210,210,1,0.35,TP,CORRECT_MATCH
1406,Real Images,002596.jpg,2596,2596,1,0.35,TP,CORRECT_MATCH
1407,New_Images,006480.jpg,6480,UNRECOGNIZED,0.2162,0.35,TN,CORRECTLY_REJECTED_UNKNOWN
1408,Real Images,004299.jpg,4299,4299,1,0.35,TP,CORRECT_MATCH
1409,Real Images,002024.jpg,2024,2024,1,0.35,TP,CORRECT_MATCH
1410,New_Images,005458.jpg,5458,UNRECOGNIZED,0.2692,0.35,TN,CORRECTLY_REJECTED_UNKNOWN
1411,Real Images,000577.jpg,577,577,1,0.35,TP,CORRECT_MATCH
1412,Real Images,001062.jpg,1062,1062,1,0.35,TP,CORRECT_MATCH
1413,New_Images,006740.jpg,6740,UNRECOGNIZED,0.2593,0.35,TN,CORRECTLY_REJECTED_UNKNOWN
1414,Real Images,002088.jpg,2088,2088,1,0.35,TP,CORRECT_MATCH
1415,New_Images,005411.jpg,5411,UNRECOGNIZED,0.2677,0.35,TN,CORRECTLY_REJECTED_UNKNOWN
1416,Real Images,000721.jpg,721,721,1,0.35,TP,CORRECT_MATCH
1417,New_Images,005909.jpg,5909,NO_FACE_DETECTED,0,0.35,TN,No Face Detected by SCRFD
1418,New_Images,007191.jpg,7191,UNRECOGNIZED,0.251,0.35,TN,CORRECTLY_REJECTED_UNKNOWN
1419,Real Images,000197.jpg,197,197,1,0.35,TP,CORRECT_MATCH
1420,New_Images,008567.jpg,8567,UNRECOGNIZED,0.2459,0.35,TN,CORRECTLY_REJECTED_UNKNOWN
1421,New_Images,009536.jpg,9536,NO_FACE_DETECTED,0,0.35,TN,No Face Detected by SCRFD
1422,New_Images,006742.jpg,6742,NO_FACE_DETECTED,0,0.35,TN,No Face Detected by SCRFD
1423,New_Images,005511.jpg,5511,NO_FACE_DETECTED,0,0.35,TN,No Face Detected by SCRFD
1424,New_Images,008468.jpg,8468,NO_FACE_DETECTED,0,0.35,TN,No Face Detected by SCRFD
1425,New_Images,005161.jpg,5161,UNRECOGNIZED,0.2642,0.35,TN,CORRECTLY_REJECTED_UNKNOWN
1426,New_Images,009012.jpg,9012,UNRECOGNIZED,0.2583,0.35,TN,CORRECTLY_REJECTED_UNKNOWN
1427,New_Images,007740.jpg,7740,NO_FACE_DETECTED,0,0.35,TN,No Face Detected by SCRFD
1428,New_Images,009303.jpg,9303,NO_FACE_DETECTED,0,0.35,TN,No Face Detected by SCRFD
1429,New_Images,009602.jpg,9602,UNRECOGNIZED,0.2762,0.35,TN,CORRECTLY_REJECTED_UNKNOWN
1430,Real Images,004102.jpg,4102,4102,1,0.35,TP,CORRECT_MATCH
1431,Real Images,000194.jpg,194,194,1,0.35,TP,CORRECT_MATCH
1432,New_Images,008225.jpg,8225,UNRECOGNIZED,0.2938,0.35,TN,CORRECTLY_REJECTED_UNKNOWN
1433,Real Images,004025.jpg,4025,4025,1,0.35,TP,CORRECT_MATCH
1434,New_Images,006138.jpg,6138,UNRECOGNIZED,0.232,0.35,TN,CORRECTLY_REJECTED_UNKNOWN
1435,New_Images,007157.jpg,7157,UNRECOGNIZED,0.2635,0.35,TN,CORRECTLY_REJECTED_UNKNOWN
1436,Real Images,001742.jpg,1742,1742,1,0.35,TP,CORRECT_MATCH
1437,New_Images,009597.jpg,9597,UNRECOGNIZED,0.2971,0.35,TN,CORRECTLY_REJECTED_UNKNOWN
1438,New_Images,006583.jpg,6583,UNRECOGNIZED,0.2461,0.35,TN,CORRECTLY_REJECTED_UNKNOWN
1439,Real Images,001717.jpg,1717,1717,1,0.35,TP,CORRECT_MATCH
1440,New_Images,006322.jpg,6322,UNRECOGNIZED,0.258,0.35,TN,CORRECTLY_REJECTED_UNKNOWN
1441,New_Images,005421.jpg,5421,UNRECOGNIZED,0.2468,0.35,TN,CORRECTLY_REJECTED_UNKNOWN
1442,Real Images,004975.jpg,4975,4975,1,0.35,TP,CORRECT_MATCH
1443,Real Images,003670.jpg,3670,3670,1,0.35,TP,CORRECT_MATCH
1444,Real Images,002650.jpg,2650,2650,1,0.35,TP,CORRECT_MATCH
1445,Real Images,001564.jpg,1564,1564,1,0.35,TP,CORRECT_MATCH
1446,New_Images,008937.jpg,8937,UNRECOGNIZED,0.2537,0.35,TN,CORRECTLY_REJECTED_UNKNOWN
1447,Real Images,000109.jpg,109,109,1,0.35,TP,CORRECT_MATCH
1448,Real Images,000335.jpg,335,335,1,0.35,TP,CORRECT_MATCH
1449,Real Images,003711.jpg,3711,3711,1,0.35,TP,CORRECT_MATCH
1450,Real Images,002765.jpg,2765,2765,1,0.35,TP,CORRECT_MATCH
1451,New_Images,007637.jpg,7637,UNRECOGNIZED,0.2739,0.35,TN,CORRECTLY_REJECTED_UNKNOWN
1452,New_Images,007258.jpg,7258,NO_FACE_DETECTED,0,0.35,TN,No Face Detected by SCRFD
1453,Real Images,004090.jpg,4090,4090,1,0.35,TP,CORRECT_MATCH
1454,New_Images,007972.jpg,7972,NO_FACE_DETECTED,0,0.35,TN,No Face Detected by SCRFD
1455,New_Images,007640.jpg,7640,NO_FACE_DETECTED,0,0.35,TN,No Face Detected by SCRFD
1456,Real Images,001192.jpg,1192,1192,1,0.35,TP,CORRECT_MATCH
1457,New_Images,009030.jpg,9030,UNRECOGNIZED,0.2529,0.35,TN,CORRECTLY_REJECTED_UNKNOWN
1458,Real Images,004261.jpg,4261,4261,1,0.35,TP,CORRECT_MATCH
1459,Real Images,004799.jpg,4799,4799,1,0.35,TP,CORRECT_MATCH
1460,New_Images,006273.jpg,6273,UNRECOGNIZED,0.2572,0.35,TN,CORRECTLY_REJECTED_UNKNOWN
1461,Real Images,003387.jpg,3387,3387,1,0.35,TP,CORRECT_MATCH
1462,Real Images,003212.jpg,3212,3212,1,0.35,TP,CORRECT_MATCH
1463,Real Images,004776.jpg,4776,4776,1,0.35,TP,CORRECT_MATCH
1464,Real Images,001422.jpg,1422,1422,1,0.35,TP,CORRECT_MATCH
1465,New_Images,005149.jpg,5149,UNRECOGNIZED,0.256,0.35,TN,CORRECTLY_REJECTED_UNKNOWN
1466,Real Images,003481.jpg,3481,3481,1,0.35,TP,CORRECT_MATCH
1467,New_Images,006806.jpg,6806,UNRECOGNIZED,0.3086,0.35,TN,CORRECTLY_REJECTED_UNKNOWN
1468,New_Images,008109.jpg,8109,UNRECOGNIZED,0.2616,0.35,TN,CORRECTLY_REJECTED_UNKNOWN
1469,New_Images,008906.jpg,8906,UNRECOGNIZED,0.2361,0.35,TN,CORRECTLY_REJECTED_UNKNOWN
1470,New_Images,005727.jpg,5727,UNRECOGNIZED,0.2431,0.35,TN,CORRECTLY_REJECTED_UNKNOWN
1471,New_Images,008943.jpg,8943,NO_FACE_DETECTED,0,0.35,TN,No Face Detected by SCRFD
1472,New_Images,007547.jpg,7547,UNRECOGNIZED,0.2547,0.35,TN,CORRECTLY_REJECTED_UNKNOWN
1473,Real Images,003401.jpg,3401,3401,1,0.35,TP,CORRECT_MATCH
1474,Real Images,002732.jpg,2732,2732,1,0.35,TP,CORRECT_MATCH
1475,New_Images,006915.jpg,6915,UNRECOGNIZED,0.2165,0.35,TN,CORRECTLY_REJECTED_UNKNOWN
1476,New_Images,006988.jpg,6988,UNRECOGNIZED,0.1946,0.35,TN,CORRECTLY_REJECTED_UNKNOWN
1477,Real Images,004365.jpg,4365,4365,1,0.35,TP,CORRECT_MATCH
1478,New_Images,005407.jpg,5407,UNRECOGNIZED,0.2546,0.35,TN,CORRECTLY_REJECTED_UNKNOWN
1479,Real Images,002131.jpg,2131,2131,1,0.35,TP,CORRECT_MATCH
1480,Real Images,000502.jpg,502,502,1,0.35,TP,CORRECT_MATCH
1481,Real Images,002447.jpg,2447,2447,1,0.35,TP,CORRECT_MATCH
1482,New_Images,008019.jpg,8019,UNRECOGNIZED,0.2416,0.35,TN,CORRECTLY_REJECTED_UNKNOWN
1483,Real Images,001008.jpg,1008,1008,1,0.35,TP,CORRECT_MATCH
1484,Real Images,000368.jpg,368,368,1,0.35,TP,CORRECT_MATCH
1485,Real Images,003522.jpg,3522,3522,1,0.35,TP,CORRECT_MATCH
1486,New_Images,008523.jpg,8523,UNRECOGNIZED,0.2644,0.35,TN,CORRECTLY_REJECTED_UNKNOWN
1487,Real Images,004766.jpg,4766,4766,1,0.35,TP,CORRECT_MATCH
1488,New_Images,005559.jpg,5559,UNRECOGNIZED,0.2757,0.35,TN,CORRECTLY_REJECTED_UNKNOWN
1489,New_Images,006105.jpg,6105,UNRECOGNIZED,0.2357,0.35,TN,CORRECTLY_REJECTED_UNKNOWN
1490,New_Images,007833.jpg,7833,UNRECOGNIZED,0.2466,0.35,TN,CORRECTLY_REJECTED_UNKNOWN
1491,Real Images,002461.jpg,2461,2461,1,0.35,TP,CORRECT_MATCH
1492,New_Images,007965.jpg,7965,NO_FACE_DETECTED,0,0.35,TN,No Face Detected by SCRFD
1493,Real Images,004492.jpg,4492,4492,1,0.35,TP,CORRECT_MATCH
1494,Real Images,003917.jpg,3917,3917,1,0.35,TP,CORRECT_MATCH
1495,Real Images,000316.jpg,316,316,1,0.35,TP,CORRECT_MATCH
1496,New_Images,007817.jpg,7817,UNRECOGNIZED,0.2605,0.35,TN,CORRECTLY_REJECTED_UNKNOWN
1497,New_Images,005272.jpg,5272,NO_FACE_DETECTED,0,0.35,TN,No Face Detected by SCRFD
1498,Real Images,002692.jpg,2692,2692,1,0.35,TP,CORRECT_MATCH
1499,Real Images,001861.jpg,1861,1861,1,0.35,TP,CORRECT_MATCH
1500,New_Images,005721.jpg,5721,NO_FACE_DETECTED,0,0.35,TN,No Face Detected by SCRFD
1501,Real Images,001012.jpg,1012,1012,1,0.35,TP,CORRECT_MATCH
1502,Real Images,002330.jpg,2330,2330,1,0.35,TP,CORRECT_MATCH
1503,Real Images,001991.jpg,1991,1991,1,0.35,TP,CORRECT_MATCH
1504,New_Images,006178.jpg,6178,UNRECOGNIZED,0.1875,0.35,TN,CORRECTLY_REJECTED_UNKNOWN
1505,Real Images,004456.jpg,4456,4456,1,0.35,TP,CORRECT_MATCH
1506,Real Images,001571.jpg,1571,1571,1,0.35,TP,CORRECT_MATCH
1507,Real Images,001135.jpg,1135,1135,1,0.35,TP,CORRECT_MATCH
1508,Real Images,002913.jpg,2913,2913,1,0.35,TP,CORRECT_MATCH
1509,New_Images,006734.jpg,6734,NO_FACE_DETECTED,0,0.35,TN,No Face Detected by SCRFD
1510,New_Images,008764.jpg,8764,UNRECOGNIZED,0.2756,0.35,TN,CORRECTLY_REJECTED_UNKNOWN
1511,Real Images,000409.jpg,409,409,1,0.35,TP,CORRECT_MATCH
1512,Real Images,003797.jpg,3797,3797,1,0.35,TP,CORRECT_MATCH
1513,New_Images,007810.jpg,7810,UNRECOGNIZED,0.217,0.35,TN,CORRECTLY_REJECTED_UNKNOWN
1514,New_Images,006113.jpg,6113,UNRECOGNIZED,0.2229,0.35,TN,CORRECTLY_REJECTED_UNKNOWN
1515,New_Images,009300.jpg,9300,UNRECOGNIZED,0.2334,0.35,TN,CORRECTLY_REJECTED_UNKNOWN
1516,New_Images,005066.jpg,5066,UNRECOGNIZED,0.3063,0.35,TN,CORRECTLY_REJECTED_UNKNOWN
1517,Real Images,002642.jpg,2642,2642,1,0.35,TP,CORRECT_MATCH
1518,New_Images,008093.jpg,8093,UNRECOGNIZED,0.2832,0.35,TN,CORRECTLY_REJECTED_UNKNOWN
1519,Real Images,003795.jpg,3795,3795,1,0.35,TP,CORRECT_MATCH
1520,New_Images,008295.jpg,8295,UNRECOGNIZED,0.251,0.35,TN,CORRECTLY_REJECTED_UNKNOWN
1521,New_Images,005952.jpg,5952,UNRECOGNIZED,0.2265,0.35,TN,CORRECTLY_REJECTED_UNKNOWN
1522,Real Images,004465.jpg,4465,4465,1,0.35,TP,CORRECT_MATCH
1523,Real Images,000182.jpg,182,182,1,0.35,TP,CORRECT_MATCH
1524,Real Images,001996.jpg,1996,1996,1,0.35,TP,CORRECT_MATCH
1525,Real Images,001210.jpg,1210,1210,1,0.35,TP,CORRECT_MATCH
1526,New_Images,008885.jpg,8885,NO_FACE_DETECTED,0,0.35,TN,No Face Detected by SCRFD
1527,New_Images,006900.jpg,6900,UNRECOGNIZED,0.2647,0.35,TN,CORRECTLY_REJECTED_UNKNOWN
1528,Real Images,002308.jpg,2308,2308,1,0.35,TP,CORRECT_MATCH
1529,Real Images,004860.jpg,4860,4860,1,0.35,TP,CORRECT_MATCH
1530,New_Images,009475.jpg,9475,UNRECOGNIZED,0.218,0.35,TN,CORRECTLY_REJECTED_UNKNOWN
1531,Real Images,002271.jpg,2271,2271,1,0.35,TP,CORRECT_MATCH
1532,Real Images,000295.jpg,295,295,1,0.35,TP,CORRECT_MATCH
1533,Real Images,004421.jpg,4421,4421,1,0.35,TP,CORRECT_MATCH
1534,New_Images,005974.jpg,5974,NO_FACE_DETECTED,0,0.35,TN,No Face Detected by SCRFD
1535,Real Images,001203.jpg,1203,1203,1,0.35,TP,CORRECT_MATCH
1536,Real Images,001604.jpg,1604,1604,1,0.35,TP,CORRECT_MATCH
1537,New_Images,008905.jpg,8905,NO_FACE_DETECTED,0,0.35,TN,No Face Detected by SCRFD
1538,Real Images,004981.jpg,4981,4981,1,0.35,TP,CORRECT_MATCH
1539,Real Images,000869.jpg,869,869,1,0.35,TP,CORRECT_MATCH
1540,Real Images,001547.jpg,1547,1547,1,0.35,TP,CORRECT_MATCH
1541,Real Images,000336.jpg,336,336,1,0.35,TP,CORRECT_MATCH
1542,Real Images,000592.jpg,592,592,1,0.35,TP,CORRECT_MATCH
1543,Real Images,000907.jpg,907,907,1,0.35,TP,CORRECT_MATCH
1544,New_Images,005603.jpg,5603,UNRECOGNIZED,0.2546,0.35,TN,CORRECTLY_REJECTED_UNKNOWN
1545,Real Images,001519.jpg,1519,1519,1,0.35,TP,CORRECT_MATCH
1546,New_Images,006309.jpg,6309,UNRECOGNIZED,0.2752,0.35,TN,CORRECTLY_REJECTED_UNKNOWN
1547,New_Images,009430.jpg,9430,NO_FACE_DETECTED,0,0.35,TN,No Face Detected by SCRFD
1548,Real Images,004433.jpg,4433,4433,1,0.35,TP,CORRECT_MATCH
1549,Real Images,002920.jpg,2920,2920,1,0.35,TP,CORRECT_MATCH
1550,New_Images,006956.jpg,6956,UNRECOGNIZED,0.2458,0.35,TN,CORRECTLY_REJECTED_UNKNOWN
1551,Real Images,004626.jpg,4626,4626,1,0.35,TP,CORRECT_MATCH
1552,Real Images,004170.jpg,4170,4170,1,0.35,TP,CORRECT_MATCH
1553,New_Images,005517.jpg,5517,UNRECOGNIZED,0.2061,0.35,TN,CORRECTLY_REJECTED_UNKNOWN
1554,New_Images,008226.jpg,8226,UNRECOGNIZED,0.2908,0.35,TN,CORRECTLY_REJECTED_UNKNOWN
1555,New_Images,006906.jpg,6906,UNRECOGNIZED,0.2628,0.35,TN,CORRECTLY_REJECTED_UNKNOWN
1556,New_Images,007117.jpg,7117,NO_FACE_DETECTED,0,0.35,TN,No Face Detected by SCRFD
1557,Real Images,002545.jpg,2545,2545,1,0.35,TP,CORRECT_MATCH
1558,Real Images,002162.jpg,2162,2162,1,0.35,TP,CORRECT_MATCH
1559,New_Images,007987.jpg,7987,UNRECOGNIZED,0.2597,0.35,TN,CORRECTLY_REJECTED_UNKNOWN
1560,Real Images,000876.jpg,876,876,1,0.35,TP,CORRECT_MATCH
1561,New_Images,005361.jpg,5361,UNRECOGNIZED,0.316,0.35,TN,CORRECTLY_REJECTED_UNKNOWN
1562,Real Images,001713.jpg,1713,1713,1,0.35,TP,CORRECT_MATCH
1563,New_Images,008129.jpg,8129,NO_FACE_DETECTED,0,0.35,TN,No Face Detected by SCRFD
1564,New_Images,005991.jpg,5991,UNRECOGNIZED,0.2945,0.35,TN,CORRECTLY_REJECTED_UNKNOWN
1565,New_Images,005291.jpg,5291,NO_FACE_DETECTED,0,0.35,TN,No Face Detected by SCRFD
1566,Real Images,000115.jpg,115,115,1,0.35,TP,CORRECT_MATCH
1567,New_Images,005157.jpg,5157,NO_FACE_DETECTED,0,0.35,TN,No Face Detected by SCRFD
1568,New_Images,007182.jpg,7182,NO_FACE_DETECTED,0,0.35,TN,No Face Detected by SCRFD
1569,New_Images,005113.jpg,5113,NO_FACE_DETECTED,0,0.35,TN,No Face Detected by SCRFD
1570,Real Images,000651.jpg,651,651,1,0.35,TP,CORRECT_MATCH
1571,Real Images,004828.jpg,4828,4828,1,0.35,TP,CORRECT_MATCH
1572,Real Images,002127.jpg,2127,2127,1,0.35,TP,CORRECT_MATCH
1573,New_Images,008144.jpg,8144,UNRECOGNIZED,0.2568,0.35,TN,CORRECTLY_REJECTED_UNKNOWN
1574,Real Images,003530.jpg,3530,3530,1,0.35,TP,CORRECT_MATCH
1575,Real Images,004514.jpg,4514,4514,1,0.35,TP,CORRECT_MATCH
1576,New_Images,006785.jpg,6785,UNRECOGNIZED,0.2501,0.35,TN,CORRECTLY_REJECTED_UNKNOWN
1577,New_Images,005745.jpg,5745,UNRECOGNIZED,0.2748,0.35,TN,CORRECTLY_REJECTED_UNKNOWN
1578,Real Images,000913.jpg,913,913,1,0.35,TP,CORRECT_MATCH
1579,Real Images,002414.jpg,2414,2414,1,0.35,TP,CORRECT_MATCH
1580,New_Images,007195.jpg,7195,UNRECOGNIZED,0.2585,0.35,TN,CORRECTLY_REJECTED_UNKNOWN
1581,New_Images,007032.jpg,7032,UNRECOGNIZED,0.2357,0.35,TN,CORRECTLY_REJECTED_UNKNOWN
1582,Real Images,002273.jpg,2273,2273,1,0.35,TP,CORRECT_MATCH
1583,New_Images,007347.jpg,7347,UNRECOGNIZED,0.2557,0.35,TN,CORRECTLY_REJECTED_UNKNOWN
1584,New_Images,005535.jpg,5535,UNRECOGNIZED,0.2275,0.35,TN,CORRECTLY_REJECTED_UNKNOWN
1585,Real Images,002761.jpg,2761,2761,1,0.35,TP,CORRECT_MATCH
1586,New_Images,007060.jpg,7060,UNRECOGNIZED,0.2355,0.35,TN,CORRECTLY_REJECTED_UNKNOWN
1587,Real Images,001195.jpg,1195,1195,1,0.35,TP,CORRECT_MATCH
1588,New_Images,005137.jpg,5137,UNRECOGNIZED,0.2262,0.35,TN,CORRECTLY_REJECTED_UNKNOWN
1589,New_Images,005979.jpg,5979,UNRECOGNIZED,0.2716,0.35,TN,CORRECTLY_REJECTED_UNKNOWN
1590,New_Images,007017.jpg,7017,UNRECOGNIZED,0.2472,0.35,TN,CORRECTLY_REJECTED_UNKNOWN
1591,New_Images,005793.jpg,5793,UNRECOGNIZED,0.2969,0.35,TN,CORRECTLY_REJECTED_UNKNOWN
1592,New_Images,009515.jpg,9515,NO_FACE_DETECTED,0,0.35,TN,No Face Detected by SCRFD
1593,New_Images,007599.jpg,7599,NO_FACE_DETECTED,0,0.35,TN,No Face Detected by SCRFD
1594,Real Images,004590.jpg,4590,4590,1,0.35,TP,CORRECT_MATCH
1595,Real Images,000914.jpg,914,914,1,0.35,TP,CORRECT_MATCH
1596,New_Images,008883.jpg,8883,UNRECOGNIZED,0.2248,0.35,TN,CORRECTLY_REJECTED_UNKNOWN
1597,New_Images,008216.jpg,8216,UNRECOGNIZED,0.2289,0.35,TN,CORRECTLY_REJECTED_UNKNOWN
1598,Real Images,003195.jpg,3195,3195,1,0.35,TP,CORRECT_MATCH
1599,Real Images,004172.jpg,4172,4172,1,0.35,TP,CORRECT_MATCH
1600,Real Images,004493.jpg,4493,4493,1,0.35,TP,CORRECT_MATCH
1601,New_Images,006818.jpg,6818,NO_FACE_DETECTED,0,0.35,TN,No Face Detected by SCRFD
1602,Real Images,001129.jpg,1129,1129,1,0.35,TP,CORRECT_MATCH
1603,New_Images,008066.jpg,8066,NO_FACE_DETECTED,0,0.35,TN,No Face Detected by SCRFD
1604,New_Images,007921.jpg,7921,UNRECOGNIZED,0.2593,0.35,TN,CORRECTLY_REJECTED_UNKNOWN
1605,New_Images,007086.jpg,7086,UNRECOGNIZED,0.2253,0.35,TN,CORRECTLY_REJECTED_UNKNOWN
1606,Real Images,000981.jpg,981,981,1,0.35,TP,CORRECT_MATCH
1607,New_Images,007276.jpg,7276,UNRECOGNIZED,0.2717,0.35,TN,CORRECTLY_REJECTED_UNKNOWN
1608,New_Images,008125.jpg,8125,UNRECOGNIZED,0.2547,0.35,TN,CORRECTLY_REJECTED_UNKNOWN
1609,New_Images,006572.jpg,6572,UNRECOGNIZED,0.2648,0.35,TN,CORRECTLY_REJECTED_UNKNOWN
1610,Real Images,003507.jpg,3507,3507,1,0.35,TP,CORRECT_MATCH
1611,Real Images,000906.jpg,906,906,1,0.35,TP,CORRECT_MATCH
1612,Real Images,001493.jpg,1493,1493,1,0.35,TP,CORRECT_MATCH
1613,Real Images,001158.jpg,1158,1158,1,0.35,TP,CORRECT_MATCH
1614,New_Images,006487.jpg,6487,NO_FACE_DETECTED,0,0.35,TN,No Face Detected by SCRFD
1615,Real Images,003453.jpg,3453,3453,1,0.35,TP,CORRECT_MATCH
1616,Real Images,001911.jpg,1911,1911,1,0.35,TP,CORRECT_MATCH
1617,New_Images,007642.jpg,7642,UNRECOGNIZED,0.2629,0.35,TN,CORRECTLY_REJECTED_UNKNOWN
1618,New_Images,007698.jpg,7698,UNRECOGNIZED,0.2121,0.35,TN,CORRECTLY_REJECTED_UNKNOWN
1619,Real Images,001724.jpg,1724,1724,1,0.35,TP,CORRECT_MATCH
1620,Real Images,002394.jpg,2394,2394,1,0.35,TP,CORRECT_MATCH
1621,Real Images,001445.jpg,1445,1445,1,0.35,TP,CORRECT_MATCH
1622,New_Images,008187.jpg,8187,UNRECOGNIZED,0.2496,0.35,TN,CORRECTLY_REJECTED_UNKNOWN
1623,Real Images,000679.jpg,679,679,1,0.35,TP,CORRECT_MATCH
1624,New_Images,006417.jpg,6417,UNRECOGNIZED,0.3081,0.35,TN,CORRECTLY_REJECTED_UNKNOWN
1625,New_Images,006296.jpg,6296,NO_FACE_DETECTED,0,0.35,TN,No Face Detected by SCRFD
1626,New_Images,007221.jpg,7221,UNRECOGNIZED,0.262,0.35,TN,CORRECTLY_REJECTED_UNKNOWN
1627,New_Images,006098.jpg,6098,NO_FACE_DETECTED,0,0.35,TN,No Face Detected by SCRFD
1628,New_Images,005781.jpg,5781,UNRECOGNIZED,0.2618,0.35,TN,CORRECTLY_REJECTED_UNKNOWN
1629,New_Images,007522.jpg,7522,UNRECOGNIZED,0.2053,0.35,TN,CORRECTLY_REJECTED_UNKNOWN
1630,Real Images,004557.jpg,4557,4557,1,0.35,TP,CORRECT_MATCH
1631,New_Images,007295.jpg,7295,UNRECOGNIZED,0.2569,0.35,TN,CORRECTLY_REJECTED_UNKNOWN
1632,New_Images,005454.jpg,5454,UNRECOGNIZED,0.232,0.35,TN,CORRECTLY_REJECTED_UNKNOWN
1633,Real Images,001023.jpg,1023,1023,1,0.35,TP,CORRECT_MATCH
1634,New_Images,006284.jpg,6284,UNRECOGNIZED,0.2533,0.35,TN,CORRECTLY_REJECTED_UNKNOWN
1635,New_Images,006425.jpg,6425,UNRECOGNIZED,0.2652,0.35,TN,CORRECTLY_REJECTED_UNKNOWN
1636,Real Images,003514.jpg,3514,3514,1,0.35,TP,CORRECT_MATCH
1637,New_Images,007419.jpg,7419,UNRECOGNIZED,0.2439,0.35,TN,CORRECTLY_REJECTED_UNKNOWN
1638,Real Images,004775.jpg,4775,4775,1,0.35,TP,CORRECT_MATCH
1639,New_Images,007218.jpg,7218,UNRECOGNIZED,0.2778,0.35,TN,CORRECTLY_REJECTED_UNKNOWN
1640,New_Images,009593.jpg,9593,UNRECOGNIZED,0.2889,0.35,TN,CORRECTLY_REJECTED_UNKNOWN
1641,Real Images,000919.jpg,919,919,1,0.35,TP,CORRECT_MATCH
1642,New_Images,009016.jpg,9016,UNRECOGNIZED,0.2445,0.35,TN,CORRECTLY_REJECTED_UNKNOWN
1643,New_Images,008967.jpg,8967,NO_FACE_DETECTED,0,0.35,TN,No Face Detected by SCRFD
1644,Real Images,000705.jpg,705,705,1,0.35,TP,CORRECT_MATCH
1645,New_Images,006415.jpg,6415,UNRECOGNIZED,0.2281,0.35,TN,CORRECTLY_REJECTED_UNKNOWN
1646,New_Images,006714.jpg,6714,UNRECOGNIZED,0.2777,0.35,TN,CORRECTLY_REJECTED_UNKNOWN
1647,Real Images,000072.jpg,72,72,1,0.35,TP,CORRECT_MATCH
1648,Real Images,002723.jpg,2723,2723,1,0.35,TP,CORRECT_MATCH
1649,New_Images,007233.jpg,7233,UNRECOGNIZED,0.2446,0.35,TN,CORRECTLY_REJECTED_UNKNOWN
1650,New_Images,007469.jpg,7469,UNRECOGNIZED,0.2118,0.35,TN,CORRECTLY_REJECTED_UNKNOWN
1651,Real Images,000378.jpg,378,378,1,0.35,TP,CORRECT_MATCH
1652,New_Images,008663.jpg,8663,UNRECOGNIZED,0.2606,0.35,TN,CORRECTLY_REJECTED_UNKNOWN
1653,Real Images,000534.jpg,534,534,1,0.35,TP,CORRECT_MATCH
1654,Real Images,000903.jpg,903,903,1,0.35,TP,CORRECT_MATCH
1655,Real Images,003574.jpg,3574,3574,1,0.35,TP,CORRECT_MATCH
1656,New_Images,009216.jpg,9216,NO_FACE_DETECTED,0,0.35,TN,No Face Detected by SCRFD
1657,Real Images,000649.jpg,649,649,1,0.35,TP,CORRECT_MATCH
1658,Real Images,000085.jpg,85,85,1,0.35,TP,CORRECT_MATCH
1659,New_Images,008198.jpg,8198,UNRECOGNIZED,0.2692,0.35,TN,CORRECTLY_REJECTED_UNKNOWN
1660,New_Images,005579.jpg,5579,UNRECOGNIZED,0.2569,0.35,TN,CORRECTLY_REJECTED_UNKNOWN
1661,New_Images,006951.jpg,6951,NO_FACE_DETECTED,0,0.35,TN,No Face Detected by SCRFD
1662,Real Images,002355.jpg,2355,2355,1,0.35,TP,CORRECT_MATCH
1663,New_Images,005551.jpg,5551,UNRECOGNIZED,0.32,0.35,TN,CORRECTLY_REJECTED_UNKNOWN
1664,Real Images,001365.jpg,1365,1365,1,0.35,TP,CORRECT_MATCH
1665,New_Images,007059.jpg,7059,UNRECOGNIZED,0.2518,0.35,TN,CORRECTLY_REJECTED_UNKNOWN
1666,Real Images,001451.jpg,1451,1451,1,0.35,TP,CORRECT_MATCH
1667,Real Images,004457.jpg,4457,4457,1,0.35,TP,CORRECT_MATCH
1668,New_Images,005757.jpg,5757,NO_FACE_DETECTED,0,0.35,TN,No Face Detected by SCRFD
1669,Real Images,000585.jpg,585,585,1,0.35,TP,CORRECT_MATCH
1670,Real Images,004317.jpg,4317,4317,1,0.35,TP,CORRECT_MATCH
1671,Real Images,001458.jpg,1458,1458,1,0.35,TP,CORRECT_MATCH
1672,Real Images,002180.jpg,2180,2180,1,0.35,TP,CORRECT_MATCH
1673,Real Images,001267.jpg,1267,1267,1,0.35,TP,CORRECT_MATCH
1674,New_Images,005433.jpg,5433,UNRECOGNIZED,0.2283,0.35,TN,CORRECTLY_REJECTED_UNKNOWN
1675,Real Images,004997.jpg,4997,4997,1,0.35,TP,CORRECT_MATCH
1676,Real Images,003927.jpg,3927,3927,1,0.35,TP,CORRECT_MATCH
1677,New_Images,009555.jpg,9555,UNRECOGNIZED,0.2805,0.35,TN,CORRECTLY_REJECTED_UNKNOWN
1678,New_Images,005365.jpg,5365,UNRECOGNIZED,0.2265,0.35,TN,CORRECTLY_REJECTED_UNKNOWN
1679,Real Images,004126.jpg,4126,4126,1,0.35,TP,CORRECT_MATCH
1680,Real Images,004550.jpg,4550,4550,1,0.35,TP,CORRECT_MATCH
1681,Real Images,004475.jpg,4475,4475,1,0.35,TP,CORRECT_MATCH
1682,New_Images,009258.jpg,9258,UNRECOGNIZED,0.244,0.35,TN,CORRECTLY_REJECTED_UNKNOWN
1683,Real Images,000992.jpg,992,992,1,0.35,TP,CORRECT_MATCH
1684,Real Images,000465.jpg,465,465,1,0.35,TP,CORRECT_MATCH
1685,New_Images,009567.jpg,9567,NO_FACE_DETECTED,0,0.35,TN,No Face Detected by SCRFD
1686,New_Images,005136.jpg,5136,UNRECOGNIZED,0.2442,0.35,TN,CORRECTLY_REJECTED_UNKNOWN
1687,Real Images,003239.jpg,3239,3239,1,0.35,TP,CORRECT_MATCH
1688,Real Images,003326.jpg,3326,3326,1,0.35,TP,CORRECT_MATCH
1689,Real Images,002999.jpg,2999,2999,1,0.35,TP,CORRECT_MATCH
1690,Real Images,002376.jpg,2376,2376,1,0.35,TP,CORRECT_MATCH
1691,Real Images,001162.jpg,1162,1162,1,0.35,TP,CORRECT_MATCH
1692,New_Images,007747.jpg,7747,NO_FACE_DETECTED,0,0.35,TN,No Face Detected by SCRFD
1693,Real Images,004658.jpg,4658,4658,1,0.35,TP,CORRECT_MATCH
1694,New_Images,007846.jpg,7846,UNRECOGNIZED,0.2823,0.35,TN,CORRECTLY_REJECTED_UNKNOWN
1695,New_Images,005003.jpg,5003,UNRECOGNIZED,0.2774,0.35,TN,CORRECTLY_REJECTED_UNKNOWN
1696,New_Images,006719.jpg,6719,NO_FACE_DETECTED,0,0.35,TN,No Face Detected by SCRFD
1697,Real Images,001737.jpg,1737,1737,1,0.35,TP,CORRECT_MATCH
1698,Real Images,001364.jpg,1364,1364,1,0.35,TP,CORRECT_MATCH
1699,New_Images,005777.jpg,5777,NO_FACE_DETECTED,0,0.35,TN,No Face Detected by SCRFD
1700,Real Images,002470.jpg,2470,2470,1,0.35,TP,CORRECT_MATCH
1701,Real Images,003828.jpg,3828,3828,1,0.35,TP,CORRECT_MATCH
1702,Real Images,004783.jpg,4783,4783,1,0.35,TP,CORRECT_MATCH
1703,Real Images,004728.jpg,4728,4728,1,0.35,TP,CORRECT_MATCH
1704,New_Images,007303.jpg,7303,NO_FACE_DETECTED,0,0.35,TN,No Face Detected by SCRFD
1705,Real Images,004366.jpg,4366,4366,1,0.35,TP,CORRECT_MATCH
1706,Real Images,001186.jpg,1186,1186,1,0.35,TP,CORRECT_MATCH
1707,New_Images,006661.jpg,6661,NO_FACE_DETECTED,0,0.35,TN,No Face Detected by SCRFD
1708,New_Images,005158.jpg,5158,NO_FACE_DETECTED,0,0.35,TN,No Face Detected by SCRFD
1709,Real Images,003983.jpg,3983,3983,1,0.35,TP,CORRECT_MATCH
1710,Real Images,003867.jpg,3867,3867,1,0.35,TP,CORRECT_MATCH
1711,New_Images,009410.jpg,9410,NO_FACE_DETECTED,0,0.35,TN,No Face Detected by SCRFD
1712,New_Images,007144.jpg,7144,NO_FACE_DETECTED,0,0.35,TN,No Face Detected by SCRFD
1713,Real Images,001643.jpg,1643,1643,1,0.35,TP,CORRECT_MATCH
1714,Real Images,000046.jpg,46,46,1,0.35,TP,CORRECT_MATCH
1715,Real Images,003547.jpg,3547,3547,1,0.35,TP,CORRECT_MATCH
1716,New_Images,009235.jpg,9235,UNRECOGNIZED,0.2686,0.35,TN,CORRECTLY_REJECTED_UNKNOWN
1717,Real Images,003249.jpg,3249,3249,1,0.35,TP,CORRECT_MATCH
1718,New_Images,008389.jpg,8389,UNRECOGNIZED,0.2539,0.35,TN,CORRECTLY_REJECTED_UNKNOWN
1719,New_Images,008039.jpg,8039,UNRECOGNIZED,0.2205,0.35,TN,CORRECTLY_REJECTED_UNKNOWN
1720,New_Images,006794.jpg,6794,UNRECOGNIZED,0.2535,0.35,TN,CORRECTLY_REJECTED_UNKNOWN
1721,New_Images,005165.jpg,5165,UNRECOGNIZED,0.3381,0.35,TN,CORRECTLY_REJECTED_UNKNOWN
1722,Real Images,000861.jpg,861,861,1,0.35,TP,CORRECT_MATCH
1723,New_Images,007259.jpg,7259,UNRECOGNIZED,0.2573,0.35,TN,CORRECTLY_REJECTED_UNKNOWN
1724,Real Images,000971.jpg,971,971,1,0.35,TP,CORRECT_MATCH
1725,New_Images,008426.jpg,8426,UNRECOGNIZED,0.297,0.35,TN,CORRECTLY_REJECTED_UNKNOWN
1726,Real Images,001109.jpg,1109,1109,1,0.35,TP,CORRECT_MATCH
1727,New_Images,008106.jpg,8106,UNRECOGNIZED,0.2747,0.35,TN,CORRECTLY_REJECTED_UNKNOWN
1728,New_Images,008678.jpg,8678,NO_FACE_DETECTED,0,0.35,TN,No Face Detected by SCRFD
1729,Real Images,002498.jpg,2498,2498,1,0.35,TP,CORRECT_MATCH
1730,Real Images,002770.jpg,2770,2770,1,0.35,TP,CORRECT_MATCH
1731,New_Images,008502.jpg,8502,UNRECOGNIZED,0.2358,0.35,TN,CORRECTLY_REJECTED_UNKNOWN
1732,New_Images,006038.jpg,6038,UNRECOGNIZED,0.2425,0.35,TN,CORRECTLY_REJECTED_UNKNOWN
1733,New_Images,006843.jpg,6843,UNRECOGNIZED,0.2516,0.35,TN,CORRECTLY_REJECTED_UNKNOWN
1734,Real Images,000309.jpg,309,309,1,0.35,TP,CORRECT_MATCH
1735,Real Images,001017.jpg,1017,1017,1,0.35,TP,CORRECT_MATCH
1736,New_Images,005455.jpg,5455,UNRECOGNIZED,0.3055,0.35,TN,CORRECTLY_REJECTED_UNKNOWN
1737,Real Images,002559.jpg,2559,2559,1,0.35,TP,CORRECT_MATCH
1738,New_Images,007021.jpg,7021,UNRECOGNIZED,0.2578,0.35,TN,CORRECTLY_REJECTED_UNKNOWN
1739,Real Images,004349.jpg,4349,4349,1,0.35,TP,CORRECT_MATCH
1740,New_Images,008267.jpg,8267,NO_FACE_DETECTED,0,0.35,TN,No Face Detected by SCRFD
1741,New_Images,008912.jpg,8912,UNRECOGNIZED,0.2599,0.35,TN,CORRECTLY_REJECTED_UNKNOWN
1742,New_Images,005859.jpg,5859,UNRECOGNIZED,0.2549,0.35,TN,CORRECTLY_REJECTED_UNKNOWN
1743,New_Images,006876.jpg,6876,NO_FACE_DETECTED,0,0.35,TN,No Face Detected by SCRFD
1744,New_Images,008104.jpg,8104,UNRECOGNIZED,0.2313,0.35,TN,CORRECTLY_REJECTED_UNKNOWN
1745,Real Images,004319.jpg,4319,4319,1,0.35,TP,CORRECT_MATCH
1746,New_Images,005791.jpg,5791,UNRECOGNIZED,0.2352,0.35,TN,CORRECTLY_REJECTED_UNKNOWN
1747,Real Images,003200.jpg,3200,3200,1,0.35,TP,CORRECT_MATCH
1748,New_Images,009018.jpg,9018,UNRECOGNIZED,0.2719,0.35,TN,CORRECTLY_REJECTED_UNKNOWN
1749,Real Images,000386.jpg,386,386,1,0.35,TP,CORRECT_MATCH
1750,New_Images,008067.jpg,8067,UNRECOGNIZED,0.289,0.35,TN,CORRECTLY_REJECTED_UNKNOWN
1751,New_Images,007154.jpg,7154,UNRECOGNIZED,0.2071,0.35,TN,CORRECTLY_REJECTED_UNKNOWN
1752,New_Images,008361.jpg,8361,UNRECOGNIZED,0.246,0.35,TN,CORRECTLY_REJECTED_UNKNOWN
1753,New_Images,006842.jpg,6842,NO_FACE_DETECTED,0,0.35,TN,No Face Detected by SCRFD
1754,New_Images,009330.jpg,9330,NO_FACE_DETECTED,0,0.35,TN,No Face Detected by SCRFD
1755,New_Images,007864.jpg,7864,UNRECOGNIZED,0.2533,0.35,TN,CORRECTLY_REJECTED_UNKNOWN
1756,Real Images,002583.jpg,2583,2583,1,0.35,TP,CORRECT_MATCH
1757,Real Images,002193.jpg,2193,2193,1,0.35,TP,CORRECT_MATCH
1758,Real Images,004803.jpg,4803,4803,1,0.35,TP,CORRECT_MATCH
1759,Real Images,004903.jpg,4903,4903,1,0.35,TP,CORRECT_MATCH
1760,Real Images,001691.jpg,1691,1691,1,0.35,TP,CORRECT_MATCH
1761,Real Images,003536.jpg,3536,3536,1,0.35,TP,CORRECT_MATCH
1762,New_Images,007083.jpg,7083,NO_FACE_DETECTED,0,0.35,TN,No Face Detected by SCRFD
1763,New_Images,005631.jpg,5631,NO_FACE_DETECTED,0,0.35,TN,No Face Detected by SCRFD
1764,New_Images,009308.jpg,9308,UNRECOGNIZED,0.2732,0.35,TN,CORRECTLY_REJECTED_UNKNOWN
1765,New_Images,006306.jpg,6306,UNRECOGNIZED,0.3078,0.35,TN,CORRECTLY_REJECTED_UNKNOWN
1766,Real Images,003292.jpg,3292,3292,1,0.35,TP,CORRECT_MATCH
1767,Real Images,003886.jpg,3886,3886,1,0.35,TP,CORRECT_MATCH
1768,Real Images,003333.jpg,3333,3333,1,0.35,TP,CORRECT_MATCH
1769,New_Images,005377.jpg,5377,UNRECOGNIZED,0.2191,0.35,TN,CORRECTLY_REJECTED_UNKNOWN
1770,Real Images,001891.jpg,1891,1891,1,0.35,TP,CORRECT_MATCH
1771,New_Images,007526.jpg,7526,UNRECOGNIZED,0.2336,0.35,TN,CORRECTLY_REJECTED_UNKNOWN
1772,New_Images,008656.jpg,8656,NO_FACE_DETECTED,0,0.35,TN,No Face Detected by SCRFD
1773,Real Images,003341.jpg,3341,3341,1,0.35,TP,CORRECT_MATCH
1774,Real Images,003544.jpg,3544,3544,1,0.35,TP,CORRECT_MATCH
1775,New_Images,008410.jpg,8410,NO_FACE_DETECTED,0,0.35,TN,No Face Detected by SCRFD
1776,Real Images,000867.jpg,867,867,1,0.35,TP,CORRECT_MATCH
1777,Real Images,002680.jpg,2680,2680,1,0.35,TP,CORRECT_MATCH
1778,New_Images,007636.jpg,7636,NO_FACE_DETECTED,0,0.35,TN,No Face Detected by SCRFD
1779,Real Images,000548.jpg,548,548,1,0.35,TP,CORRECT_MATCH
1780,Real Images,004202.jpg,4202,4202,1,0.35,TP,CORRECT_MATCH
1781,Real Images,003601.jpg,3601,3601,1,0.35,TP,CORRECT_MATCH
1782,New_Images,007893.jpg,7893,UNRECOGNIZED,0.2979,0.35,TN,CORRECTLY_REJECTED_UNKNOWN
1783,Real Images,002921.jpg,2921,2921,1,0.35,TP,CORRECT_MATCH
1784,New_Images,007983.jpg,7983,UNRECOGNIZED,0.2441,0.35,TN,CORRECTLY_REJECTED_UNKNOWN
1785,New_Images,008672.jpg,8672,UNRECOGNIZED,0.2845,0.35,TN,CORRECTLY_REJECTED_UNKNOWN
1786,Real Images,002894.jpg,2894,2894,1,0.35,TP,CORRECT_MATCH
1787,New_Images,005182.jpg,5182,UNRECOGNIZED,0.2612,0.35,TN,CORRECTLY_REJECTED_UNKNOWN
1788,New_Images,006092.jpg,6092,UNRECOGNIZED,0.2563,0.35,TN,CORRECTLY_REJECTED_UNKNOWN
1789,New_Images,009352.jpg,9352,UNRECOGNIZED,0.2416,0.35,TN,CORRECTLY_REJECTED_UNKNOWN
1790,Real Images,002093.jpg,2093,2093,1,0.35,TP,CORRECT_MATCH
1791,New_Images,006201.jpg,6201,UNRECOGNIZED,0.2297,0.35,TN,CORRECTLY_REJECTED_UNKNOWN
1792,Real Images,002075.jpg,2075,2075,1,0.35,TP,CORRECT_MATCH
1793,New_Images,006490.jpg,6490,UNRECOGNIZED,0.248,0.35,TN,CORRECTLY_REJECTED_UNKNOWN
1794,New_Images,006214.jpg,6214,UNRECOGNIZED,0.2472,0.35,TN,CORRECTLY_REJECTED_UNKNOWN
1795,Real Images,003028.jpg,3028,3028,1,0.35,TP,CORRECT_MATCH
1796,New_Images,009619.jpg,9619,UNRECOGNIZED,0.2461,0.35,TN,CORRECTLY_REJECTED_UNKNOWN
1797,Real Images,002794.jpg,2794,2794,1,0.35,TP,CORRECT_MATCH
1798,New_Images,006345.jpg,6345,UNRECOGNIZED,0.2185,0.35,TN,CORRECTLY_REJECTED_UNKNOWN
1799,Real Images,003365.jpg,3365,3365,1,0.35,TP,CORRECT_MATCH
1800,New_Images,009595.jpg,9595,NO_FACE_DETECTED,0,0.35,TN,No Face Detected by SCRFD
1801,Real Images,001453.jpg,1453,1453,1,0.35,TP,CORRECT_MATCH
1802,Real Images,004839.jpg,4839,4839,1,0.35,TP,CORRECT_MATCH
1803,New_Images,005131.jpg,5131,NO_FACE_DETECTED,0,0.35,TN,No Face Detected by SCRFD
1804,New_Images,007408.jpg,7408,UNRECOGNIZED,0.247,0.35,TN,CORRECTLY_REJECTED_UNKNOWN
1805,New_Images,005999.jpg,5999,NO_FACE_DETECTED,0,0.35,TN,No Face Detected by SCRFD
1806,New_Images,005650.jpg,5650,UNRECOGNIZED,0.2483,0.35,TN,CORRECTLY_REJECTED_UNKNOWN
1807,New_Images,007986.jpg,7986,UNRECOGNIZED,0.2237,0.35,TN,CORRECTLY_REJECTED_UNKNOWN
1808,New_Images,009579.jpg,9579,NO_FACE_DETECTED,0,0.35,TN,No Face Detected by SCRFD
1809,New_Images,008272.jpg,8272,UNRECOGNIZED,0.2519,0.35,TN,CORRECTLY_REJECTED_UNKNOWN
1810,Real Images,000084.jpg,84,84,1,0.35,TP,CORRECT_MATCH
1811,Real Images,002908.jpg,2908,2908,1,0.35,TP,CORRECT_MATCH
1812,New_Images,005645.jpg,5645,UNRECOGNIZED,0.3,0.35,TN,CORRECTLY_REJECTED_UNKNOWN
1813,Real Images,000749.jpg,749,749,1,0.35,TP,CORRECT_MATCH
1814,Real Images,003543.jpg,3543,3543,1,0.35,TP,CORRECT_MATCH
1815,Real Images,001962.jpg,1962,1962,1,0.35,TP,CORRECT_MATCH
1816,Real Images,000106.jpg,106,106,1,0.35,TP,CORRECT_MATCH
1817,New_Images,007125.jpg,7125,UNRECOGNIZED,0.2825,0.35,TN,CORRECTLY_REJECTED_UNKNOWN
1818,New_Images,007902.jpg,7902,UNRECOGNIZED,0.2526,0.35,TN,CORRECTLY_REJECTED_UNKNOWN
1819,Real Images,002023.jpg,2023,2023,1,0.35,TP,CORRECT_MATCH
1820,New_Images,005984.jpg,5984,UNRECOGNIZED,0.2499,0.35,TN,CORRECTLY_REJECTED_UNKNOWN
1821,New_Images,006970.jpg,6970,UNRECOGNIZED,0.253,0.35,TN,CORRECTLY_REJECTED_UNKNOWN
1822,New_Images,008606.jpg,8606,NO_FACE_DETECTED,0,0.35,TN,No Face Detected by SCRFD
1823,Real Images,001804.jpg,1804,1804,1,0.35,TP,CORRECT_MATCH
1824,New_Images,007054.jpg,7054,UNRECOGNIZED,0.3487,0.35,TN,CORRECTLY_REJECTED_UNKNOWN
1825,New_Images,007970.jpg,7970,NO_FACE_DETECTED,0,0.35,TN,No Face Detected by SCRFD
1826,New_Images,007702.jpg,7702,NO_FACE_DETECTED,0,0.35,TN,No Face Detected by SCRFD
1827,Real Images,001614.jpg,1614,1614,1,0.35,TP,CORRECT_MATCH
1828,New_Images,007116.jpg,7116,NO_FACE_DETECTED,0,0.35,TN,No Face Detected by SCRFD
1829,Real Images,001948.jpg,1948,1948,1,0.35,TP,CORRECT_MATCH
1830,Real Images,003232.jpg,3232,3232,1,0.35,TP,CORRECT_MATCH
1831,Real Images,004625.jpg,4625,4625,1,0.35,TP,CORRECT_MATCH
1832,New_Images,005012.jpg,5012,NO_FACE_DETECTED,0,0.35,TN,No Face Detected by SCRFD
1833,Real Images,002865.jpg,2865,2865,1,0.35,TP,CORRECT_MATCH
1834,New_Images,008878.jpg,8878,UNRECOGNIZED,0.2299,0.35,TN,CORRECTLY_REJECTED_UNKNOWN
1835,New_Images,007721.jpg,7721,NO_FACE_DETECTED,0,0.35,TN,No Face Detected by SCRFD
1836,Real Images,004209.jpg,4209,4209,1,0.35,TP,CORRECT_MATCH
1837,Real Images,002868.jpg,2868,2868,1,0.35,TP,CORRECT_MATCH
1838,Real Images,003419.jpg,3419,3419,1,0.35,TP,CORRECT_MATCH
1839,New_Images,007874.jpg,7874,NO_FACE_DETECTED,0,0.35,TN,No Face Detected by SCRFD
1840,Real Images,003423.jpg,3423,3423,1,0.35,TP,CORRECT_MATCH
1841,New_Images,007823.jpg,7823,UNRECOGNIZED,0.2607,0.35,TN,CORRECTLY_REJECTED_UNKNOWN
1842,New_Images,008969.jpg,8969,UNRECOGNIZED,0.2402,0.35,TN,CORRECTLY_REJECTED_UNKNOWN
1843,Real Images,002966.jpg,2966,2966,1,0.35,TP,CORRECT_MATCH
1844,New_Images,006209.jpg,6209,UNRECOGNIZED,0.2681,0.35,TN,CORRECTLY_REJECTED_UNKNOWN
1845,New_Images,007951.jpg,7951,NO_FACE_DETECTED,0,0.35,TN,No Face Detected by SCRFD
1846,New_Images,007593.jpg,7593,UNRECOGNIZED,0.2393,0.35,TN,CORRECTLY_REJECTED_UNKNOWN
1847,Real Images,004920.jpg,4920,4920,1,0.35,TP,CORRECT_MATCH
1848,Real Images,003641.jpg,3641,3641,1,0.35,TP,CORRECT_MATCH
1849,New_Images,008583.jpg,8583,NO_FACE_DETECTED,0,0.35,TN,No Face Detected by SCRFD
1850,New_Images,005939.jpg,5939,UNRECOGNIZED,0.2632,0.35,TN,CORRECTLY_REJECTED_UNKNOWN
1851,New_Images,008233.jpg,8233,UNRECOGNIZED,0.2251,0.35,TN,CORRECTLY_REJECTED_UNKNOWN
1852,Real Images,000759.jpg,759,759,1,0.35,TP,CORRECT_MATCH
1853,New_Images,006153.jpg,6153,UNRECOGNIZED,0.253,0.35,TN,CORRECTLY_REJECTED_UNKNOWN
1854,Real Images,004714.jpg,4714,4714,1,0.35,TP,CORRECT_MATCH
1855,Real Images,000379.jpg,379,379,1,0.35,TP,CORRECT_MATCH
1856,Real Images,002396.jpg,2396,2396,1,0.35,TP,CORRECT_MATCH
1857,New_Images,008879.jpg,8879,NO_FACE_DETECTED,0,0.35,TN,No Face Detected by SCRFD
1858,New_Images,008578.jpg,8578,UNRECOGNIZED,0.3016,0.35,TN,CORRECTLY_REJECTED_UNKNOWN
1859,New_Images,005675.jpg,5675,NO_FACE_DETECTED,0,0.35,TN,No Face Detected by SCRFD
1860,Real Images,001581.jpg,1581,1581,1,0.35,TP,CORRECT_MATCH
1861,Real Images,004054.jpg,4054,4054,1,0.35,TP,CORRECT_MATCH
1862,New_Images,007035.jpg,7035,UNRECOGNIZED,0.276,0.35,TN,CORRECTLY_REJECTED_UNKNOWN
1863,Real Images,000050.jpg,50,50,1,0.35,TP,CORRECT_MATCH
1864,New_Images,006026.jpg,6026,NO_FACE_DETECTED,0,0.35,TN,No Face Detected by SCRFD
1865,Real Images,002011.jpg,2011,2011,1,0.35,TP,CORRECT_MATCH
1866,Real Images,001169.jpg,1169,1169,1,0.35,TP,CORRECT_MATCH
1867,New_Images,007835.jpg,7835,UNRECOGNIZED,0.2326,0.35,TN,CORRECTLY_REJECTED_UNKNOWN
1868,Real Images,000941.jpg,941,941,1,0.35,TP,CORRECT_MATCH
1869,New_Images,007296.jpg,7296,UNRECOGNIZED,0.2716,0.35,TN,CORRECTLY_REJECTED_UNKNOWN
1870,Real Images,004759.jpg,4759,4759,1,0.35,TP,CORRECT_MATCH
1871,Real Images,000625.jpg,625,625,1,0.35,TP,CORRECT_MATCH
1872,Real Images,004248.jpg,4248,4248,1,0.35,TP,CORRECT_MATCH
1873,Real Images,004706.jpg,4706,4706,1,0.35,TP,CORRECT_MATCH
1874,Real Images,000033.jpg,33,33,1,0.35,TP,CORRECT_MATCH
1875,New_Images,006408.jpg,6408,UNRECOGNIZED,0.2378,0.35,TN,CORRECTLY_REJECTED_UNKNOWN
1876,Real Images,003324.jpg,3324,3324,1,0.35,TP,CORRECT_MATCH
1877,Real Images,000490.jpg,490,490,1,0.35,TP,CORRECT_MATCH
1878,New_Images,006498.jpg,6498,NO_FACE_DETECTED,0,0.35,TN,No Face Detected by SCRFD
1879,Real Images,002402.jpg,2402,2402,1,0.35,TP,CORRECT_MATCH
1880,New_Images,007938.jpg,7938,UNRECOGNIZED,0.3127,0.35,TN,CORRECTLY_REJECTED_UNKNOWN
1881,New_Images,006421.jpg,6421,UNRECOGNIZED,0.2217,0.35,TN,CORRECTLY_REJECTED_UNKNOWN
1882,New_Images,009294.jpg,9294,UNRECOGNIZED,0.192,0.35,TN,CORRECTLY_REJECTED_UNKNOWN
1883,New_Images,005122.jpg,5122,NO_FACE_DETECTED,0,0.35,TN,No Face Detected by SCRFD
1884,New_Images,006310.jpg,6310,UNRECOGNIZED,0.2144,0.35,TN,CORRECTLY_REJECTED_UNKNOWN
1885,Real Images,002759.jpg,2759,2759,1,0.35,TP,CORRECT_MATCH
1886,New_Images,009404.jpg,9404,NO_FACE_DETECTED,0,0.35,TN,No Face Detected by SCRFD
1887,New_Images,008741.jpg,8741,NO_FACE_DETECTED,0,0.35,TN,No Face Detected by SCRFD
1888,Real Images,000171.jpg,171,171,1,0.35,TP,CORRECT_MATCH
1889,Real Images,000493.jpg,493,493,1,0.35,TP,CORRECT_MATCH
1890,New_Images,005250.jpg,5250,UNRECOGNIZED,0.2418,0.35,TN,CORRECTLY_REJECTED_UNKNOWN
1891,Real Images,003312.jpg,3312,3312,1,0.35,TP,CORRECT_MATCH
1892,New_Images,008535.jpg,8535,UNRECOGNIZED,0.2532,0.35,TN,CORRECTLY_REJECTED_UNKNOWN
1893,New_Images,005437.jpg,5437,UNRECOGNIZED,0.2363,0.35,TN,CORRECTLY_REJECTED_UNKNOWN
1894,New_Images,006546.jpg,6546,UNRECOGNIZED,0.2673,0.35,TN,CORRECTLY_REJECTED_UNKNOWN
1895,New_Images,007984.jpg,7984,UNRECOGNIZED,0.2895,0.35,TN,CORRECTLY_REJECTED_UNKNOWN
1896,Real Images,003718.jpg,3718,3718,1,0.35,TP,CORRECT_MATCH
1897,New_Images,005494.jpg,5494,UNRECOGNIZED,0.2337,0.35,TN,CORRECTLY_REJECTED_UNKNOWN
1898,New_Images,006459.jpg,6459,UNRECOGNIZED,0.2574,0.35,TN,CORRECTLY_REJECTED_UNKNOWN
1899,New_Images,006094.jpg,6094,UNRECOGNIZED,0.2633,0.35,TN,CORRECTLY_REJECTED_UNKNOWN
1900,Real Images,000872.jpg,872,872,1,0.35,TP,CORRECT_MATCH
1901,Real Images,004127.jpg,4127,4127,1,0.35,TP,CORRECT_MATCH
1902,Real Images,002353.jpg,2353,2353,1,0.35,TP,CORRECT_MATCH
1903,New_Images,006207.jpg,6207,UNRECOGNIZED,0.251,0.35,TN,CORRECTLY_REJECTED_UNKNOWN
1904,Real Images,001503.jpg,1503,1503,1,0.35,TP,CORRECT_MATCH
1905,Real Images,002465.jpg,2465,2465,1,0.35,TP,CORRECT_MATCH
1906,Real Images,000083.jpg,83,83,1,0.35,TP,CORRECT_MATCH
1907,New_Images,008931.jpg,8931,UNRECOGNIZED,0.2273,0.35,TN,CORRECTLY_REJECTED_UNKNOWN
1908,Real Images,000856.jpg,856,856,1,0.35,TP,CORRECT_MATCH
1909,New_Images,005507.jpg,5507,UNRECOGNIZED,0.2112,0.35,TN,CORRECTLY_REJECTED_UNKNOWN
1910,New_Images,005829.jpg,5829,UNRECOGNIZED,0.2274,0.35,TN,CORRECTLY_REJECTED_UNKNOWN
1911,New_Images,009241.jpg,9241,UNRECOGNIZED,0.2238,0.35,TN,CORRECTLY_REJECTED_UNKNOWN
1912,New_Images,007441.jpg,7441,UNRECOGNIZED,0.2335,0.35,TN,CORRECTLY_REJECTED_UNKNOWN
1913,New_Images,007301.jpg,7301,UNRECOGNIZED,0.234,0.35,TN,CORRECTLY_REJECTED_UNKNOWN
1914,New_Images,007531.jpg,7531,NO_FACE_DETECTED,0,0.35,TN,No Face Detected by SCRFD
1915,Real Images,003755.jpg,3755,3755,1,0.35,TP,CORRECT_MATCH
1916,Real Images,003875.jpg,3875,3875,1,0.35,TP,CORRECT_MATCH
1917,Real Images,003228.jpg,3228,3228,1,0.35,TP,CORRECT_MATCH
1918,Real Images,003802.jpg,3802,3802,1,0.35,TP,CORRECT_MATCH
1919,Real Images,003763.jpg,3763,3763,1,0.35,TP,CORRECT_MATCH
1920,New_Images,008925.jpg,8925,UNRECOGNIZED,0.2834,0.35,TN,CORRECTLY_REJECTED_UNKNOWN
1921,Real Images,000508.jpg,508,508,1,0.35,TP,CORRECT_MATCH
1922,New_Images,005718.jpg,5718,UNRECOGNIZED,0.2145,0.35,TN,CORRECTLY_REJECTED_UNKNOWN
1923,New_Images,005204.jpg,5204,UNRECOGNIZED,0.292,0.35,TN,CORRECTLY_REJECTED_UNKNOWN
1924,New_Images,007784.jpg,7784,UNRECOGNIZED,0.2663,0.35,TN,CORRECTLY_REJECTED_UNKNOWN
1925,Real Images,004108.jpg,4108,4108,1,0.35,TP,CORRECT_MATCH
1926,Real Images,001496.jpg,1496,1496,1,0.35,TP,CORRECT_MATCH
1927,New_Images,005556.jpg,5556,UNRECOGNIZED,0.3374,0.35,TN,CORRECTLY_REJECTED_UNKNOWN
1928,Real Images,004516.jpg,4516,4516,1,0.35,TP,CORRECT_MATCH
1929,Real Images,003840.jpg,3840,3840,1,0.35,TP,CORRECT_MATCH
1930,Real Images,001715.jpg,1715,1715,1,0.35,TP,CORRECT_MATCH
1931,New_Images,005486.jpg,5486,UNRECOGNIZED,0.2287,0.35,TN,CORRECTLY_REJECTED_UNKNOWN
1932,New_Images,008872.jpg,8872,UNRECOGNIZED,0.2291,0.35,TN,CORRECTLY_REJECTED_UNKNOWN
1933,Real Images,004667.jpg,4667,4667,1,0.35,TP,CORRECT_MATCH
1934,Real Images,003193.jpg,3193,3193,1,0.35,TP,CORRECT_MATCH
1935,Real Images,001002.jpg,1002,1002,1,0.35,TP,CORRECT_MATCH
1936,New_Images,008896.jpg,8896,UNRECOGNIZED,0.2205,0.35,TN,CORRECTLY_REJECTED_UNKNOWN
1937,New_Images,006004.jpg,6004,UNRECOGNIZED,0.2758,0.35,TN,CORRECTLY_REJECTED_UNKNOWN
1938,Real Images,000844.jpg,844,844,1,0.35,TP,CORRECT_MATCH
1939,Real Images,000178.jpg,178,178,1,0.35,TP,CORRECT_MATCH
1940,New_Images,006454.jpg,6454,NO_FACE_DETECTED,0,0.35,TN,No Face Detected by SCRFD
1941,Real Images,004707.jpg,4707,4707,1,0.35,TP,CORRECT_MATCH
1942,Real Images,002057.jpg,2057,2057,1,0.35,TP,CORRECT_MATCH
1943,Real Images,001184.jpg,1184,1184,1,0.35,TP,CORRECT_MATCH
1944,Real Images,003299.jpg,3299,3299,1,0.35,TP,CORRECT_MATCH
1945,New_Images,009101.jpg,9101,UNRECOGNIZED,0.2397,0.35,TN,CORRECTLY_REJECTED_UNKNOWN
1946,Real Images,001253.jpg,1253,1253,1,0.35,TP,CORRECT_MATCH
1947,Real Images,001307.jpg,1307,1307,1,0.35,TP,CORRECT_MATCH
1948,Real Images,004994.jpg,4994,4994,1,0.35,TP,CORRECT_MATCH
1949,New_Images,006420.jpg,6420,UNRECOGNIZED,0.2392,0.35,TN,CORRECTLY_REJECTED_UNKNOWN
1950,Real Images,002591.jpg,2591,2591,1,0.35,TP,CORRECT_MATCH
1951,Real Images,003416.jpg,3416,3416,1,0.35,TP,CORRECT_MATCH
1952,Real Images,003676.jpg,3676,3676,1,0.35,TP,CORRECT_MATCH
1953,New_Images,009114.jpg,9114,NO_FACE_DETECTED,0,0.35,TN,No Face Detected by SCRFD
1954,New_Images,008992.jpg,8992,UNRECOGNIZED,0.2495,0.35,TN,CORRECTLY_REJECTED_UNKNOWN
1955,New_Images,006432.jpg,6432,UNRECOGNIZED,0.2321,0.35,TN,CORRECTLY_REJECTED_UNKNOWN
1956,Real Images,004631.jpg,4631,4631,1,0.35,TP,CORRECT_MATCH
1957,New_Images,006229.jpg,6229,UNRECOGNIZED,0.2158,0.35,TN,CORRECTLY_REJECTED_UNKNOWN
1958,New_Images,005046.jpg,5046,NO_FACE_DETECTED,0,0.35,TN,No Face Detected by SCRFD
1959,New_Images,006911.jpg,6911,UNRECOGNIZED,0.1969,0.35,TN,CORRECTLY_REJECTED_UNKNOWN
1960,Real Images,002789.jpg,2789,2789,1,0.35,TP,CORRECT_MATCH
1961,Real Images,001745.jpg,1745,1745,1,0.35,TP,CORRECT_MATCH
1962,Real Images,000228.jpg,228,228,1,0.35,TP,CORRECT_MATCH
1963,Real Images,001978.jpg,1978,1978,1,0.35,TP,CORRECT_MATCH
1964,Real Images,000575.jpg,575,575,1,0.35,TP,CORRECT_MATCH
1965,Real Images,000123.jpg,123,123,1,0.35,TP,CORRECT_MATCH
1966,New_Images,007621.jpg,7621,UNRECOGNIZED,0.2044,0.35,TN,CORRECTLY_REJECTED_UNKNOWN
1967,Real Images,001418.jpg,1418,1418,1,0.35,TP,CORRECT_MATCH
1968,New_Images,005843.jpg,5843,UNRECOGNIZED,0.2336,0.35,TN,CORRECTLY_REJECTED_UNKNOWN
1969,Real Images,000261.jpg,261,261,1,0.35,TP,CORRECT_MATCH
1970,New_Images,008155.jpg,8155,UNRECOGNIZED,0.2782,0.35,TN,CORRECTLY_REJECTED_UNKNOWN
1971,New_Images,005949.jpg,5949,UNRECOGNIZED,0.2611,0.35,TN,CORRECTLY_REJECTED_UNKNOWN
1972,New_Images,009181.jpg,9181,UNRECOGNIZED,0.2431,0.35,TN,CORRECTLY_REJECTED_UNKNOWN
1973,New_Images,009501.jpg,9501,UNRECOGNIZED,0.227,0.35,TN,CORRECTLY_REJECTED_UNKNOWN
1974,New_Images,006131.jpg,6131,NO_FACE_DETECTED,0,0.35,TN,No Face Detected by SCRFD
1975,Real Images,003492.jpg,3492,3492,1,0.35,TP,CORRECT_MATCH
1976,Real Images,003428.jpg,3428,3428,1,0.35,TP,CORRECT_MATCH
1977,Real Images,000938.jpg,938,938,1,0.35,TP,CORRECT_MATCH
1978,Real Images,000280.jpg,280,280,1,0.35,TP,CORRECT_MATCH
1979,New_Images,007448.jpg,7448,UNRECOGNIZED,0.2525,0.35,TN,CORRECTLY_REJECTED_UNKNOWN
1980,Real Images,002055.jpg,2055,2055,1,0.35,TP,CORRECT_MATCH
1981,Real Images,000365.jpg,365,365,1,0.35,TP,CORRECT_MATCH
1982,Real Images,003118.jpg,3118,3118,1,0.35,TP,CORRECT_MATCH
1983,Real Images,003155.jpg,3155,3155,1,0.35,TP,CORRECT_MATCH
1984,New_Images,008240.jpg,8240,NO_FACE_DETECTED,0,0.35,TN,No Face Detected by SCRFD
1985,New_Images,005114.jpg,5114,NO_FACE_DETECTED,0,0.35,TN,No Face Detected by SCRFD
1986,Real Images,000297.jpg,297,297,1,0.35,TP,CORRECT_MATCH
1987,Real Images,003689.jpg,3689,3689,1,0.35,TP,CORRECT_MATCH
1988,Real Images,002515.jpg,2515,2515,1,0.35,TP,CORRECT_MATCH
1989,New_Images,008149.jpg,8149,UNRECOGNIZED,0.2282,0.35,TN,CORRECTLY_REJECTED_UNKNOWN
1990,New_Images,007208.jpg,7208,UNRECOGNIZED,0.2872,0.35,TN,CORRECTLY_REJECTED_UNKNOWN
1991,New_Images,007521.jpg,7521,UNRECOGNIZED,0.2072,0.35,TN,CORRECTLY_REJECTED_UNKNOWN
1992,Real Images,004999.jpg,4999,4999,1,0.35,TP,CORRECT_MATCH
1993,New_Images,008138.jpg,8138,UNRECOGNIZED,0.2498,0.35,TN,CORRECTLY_REJECTED_UNKNOWN
1994,Real Images,000452.jpg,452,452,1,0.35,TP,CORRECT_MATCH
1995,New_Images,006751.jpg,6751,UNRECOGNIZED,0.2815,0.35,TN,CORRECTLY_REJECTED_UNKNOWN
1996,Real Images,003067.jpg,3067,3067,1,0.35,TP,CORRECT_MATCH
1997,New_Images,008231.jpg,8231,NO_FACE_DETECTED,0,0.35,TN,No Face Detected by SCRFD
1998,New_Images,005219.jpg,5219,UNRECOGNIZED,0.2856,0.35,TN,CORRECTLY_REJECTED_UNKNOWN
1999,Real Images,002080.jpg,2080,2080,1,0.35,TP,CORRECT_MATCH
2000,Real Images,001511.jpg,1511,1511,1,0.35,TP,CORRECT_MATCH
2001,New_Images,006256.jpg,6256,UNRECOGNIZED,0.2621,0.35,TN,CORRECTLY_REJECTED_UNKNOWN
2002,New_Images,005343.jpg,5343,UNRECOGNIZED,0.2228,0.35,TN,CORRECTLY_REJECTED_UNKNOWN
2003,New_Images,006669.jpg,6669,UNRECOGNIZED,0.217,0.35,TN,CORRECTLY_REJECTED_UNKNOWN
2004,New_Images,006130.jpg,6130,UNRECOGNIZED,0.2537,0.35,TN,CORRECTLY_REJECTED_UNKNOWN
2005,Real Images,002867.jpg,2867,2867,1,0.35,TP,CORRECT_MATCH
2006,New_Images,006398.jpg,6398,UNRECOGNIZED,0.2104,0.35,TN,CORRECTLY_REJECTED_UNKNOWN
2007,Real Images,000472.jpg,472,472,1,0.35,TP,CORRECT_MATCH
2008,New_Images,005671.jpg,5671,UNRECOGNIZED,0.3314,0.35,TN,CORRECTLY_REJECTED_UNKNOWN
2009,New_Images,008847.jpg,8847,UNRECOGNIZED,0.2171,0.35,TN,CORRECTLY_REJECTED_UNKNOWN
2010,New_Images,007275.jpg,7275,NO_FACE_DETECTED,0,0.35,TN,No Face Detected by SCRFD
2011,Real Images,003836.jpg,3836,3836,1,0.35,TP,CORRECT_MATCH
2012,New_Images,008898.jpg,8898,UNRECOGNIZED,0.2726,0.35,TN,CORRECTLY_REJECTED_UNKNOWN
2013,New_Images,008812.jpg,8812,NO_FACE_DETECTED,0,0.35,TN,No Face Detected by SCRFD
2014,Real Images,000668.jpg,668,668,1,0.35,TP,CORRECT_MATCH
2015,New_Images,005232.jpg,5232,UNRECOGNIZED,0.2127,0.35,TN,CORRECTLY_REJECTED_UNKNOWN
2016,New_Images,008887.jpg,8887,UNRECOGNIZED,0.3096,0.35,TN,CORRECTLY_REJECTED_UNKNOWN
2017,New_Images,008087.jpg,8087,UNRECOGNIZED,0.251,0.35,TN,CORRECTLY_REJECTED_UNKNOWN
2018,New_Images,005104.jpg,5104,UNRECOGNIZED,0.2197,0.35,TN,CORRECTLY_REJECTED_UNKNOWN
2019,Real Images,002063.jpg,2063,2063,1,0.35,TP,CORRECT_MATCH
2020,New_Images,008717.jpg,8717,NO_FACE_DETECTED,0,0.35,TN,No Face Detected by SCRFD
2021,New_Images,008745.jpg,8745,NO_FACE_DETECTED,0,0.35,TN,No Face Detected by SCRFD
2022,New_Images,005267.jpg,5267,NO_FACE_DETECTED,0,0.35,TN,No Face Detected by SCRFD
2023,Real Images,002243.jpg,2243,2243,1,0.35,TP,CORRECT_MATCH
2024,New_Images,009416.jpg,9416,UNRECOGNIZED,0.2343,0.35,TN,CORRECTLY_REJECTED_UNKNOWN
2025,Real Images,000060.jpg,60,60,1,0.35,TP,CORRECT_MATCH
2026,Real Images,004753.jpg,4753,4753,1,0.35,TP,CORRECT_MATCH
2027,New_Images,007869.jpg,7869,NO_FACE_DETECTED,0,0.35,TN,No Face Detected by SCRFD
2028,New_Images,006505.jpg,6505,UNRECOGNIZED,0.286,0.35,TN,CORRECTLY_REJECTED_UNKNOWN
2029,Real Images,004532.jpg,4532,4532,1,0.35,TP,CORRECT_MATCH
2030,Real Images,002736.jpg,2736,2736,1,0.35,TP,CORRECT_MATCH
2031,Real Images,003346.jpg,3346,3346,1,0.35,TP,CORRECT_MATCH
2032,Real Images,001517.jpg,1517,1517,1,0.35,TP,CORRECT_MATCH
2033,New_Images,005666.jpg,5666,NO_FACE_DETECTED,0,0.35,TN,No Face Detected by SCRFD
2034,Real Images,004431.jpg,4431,4431,1,0.35,TP,CORRECT_MATCH
2035,New_Images,009343.jpg,9343,UNRECOGNIZED,0.2173,0.35,TN,CORRECTLY_REJECTED_UNKNOWN
2036,Real Images,001554.jpg,1554,1554,1,0.35,TP,CORRECT_MATCH
2037,New_Images,009544.jpg,9544,UNRECOGNIZED,0.1944,0.35,TN,CORRECTLY_REJECTED_UNKNOWN
2038,Real Images,001649.jpg,1649,1649,1,0.35,TP,CORRECT_MATCH
2039,New_Images,006643.jpg,6643,UNRECOGNIZED,0.2378,0.35,TN,CORRECTLY_REJECTED_UNKNOWN
2040,New_Images,005962.jpg,5962,UNRECOGNIZED,0.2352,0.35,TN,CORRECTLY_REJECTED_UNKNOWN
2041,Real Images,002444.jpg,2444,2444,1,0.35,TP,CORRECT_MATCH
2042,Real Images,003380.jpg,3380,3380,1,0.35,TP,CORRECT_MATCH
2043,Real Images,000430.jpg,430,430,1,0.35,TP,CORRECT_MATCH
2044,New_Images,005123.jpg,5123,UNRECOGNIZED,0.2581,0.35,TN,CORRECTLY_REJECTED_UNKNOWN
2045,New_Images,008907.jpg,8907,UNRECOGNIZED,0.2907,0.35,TN,CORRECTLY_REJECTED_UNKNOWN
2046,Real Images,004385.jpg,4385,4385,1,0.35,TP,CORRECT_MATCH
2047,Real Images,000111.jpg,111,111,1,0.35,TP,CORRECT_MATCH
2048,Real Images,000177.jpg,177,177,1,0.35,TP,CORRECT_MATCH
2049,New_Images,005552.jpg,5552,UNRECOGNIZED,0.2288,0.35,TN,CORRECTLY_REJECTED_UNKNOWN
2050,Real Images,004260.jpg,4260,4260,1,0.35,TP,CORRECT_MATCH
2051,New_Images,008472.jpg,8472,UNRECOGNIZED,0.2857,0.35,TN,CORRECTLY_REJECTED_UNKNOWN
2052,Real Images,002369.jpg,2369,2369,1,0.35,TP,CORRECT_MATCH
2053,Real Images,002790.jpg,2790,2790,1,0.35,TP,CORRECT_MATCH
2054,Real Images,000462.jpg,462,462,1,0.35,TP,CORRECT_MATCH
2055,New_Images,007625.jpg,7625,UNRECOGNIZED,0.2537,0.35,TN,CORRECTLY_REJECTED_UNKNOWN
2056,Real Images,003294.jpg,3294,3294,1,0.35,TP,CORRECT_MATCH
2057,New_Images,005313.jpg,5313,NO_FACE_DETECTED,0,0.35,TN,No Face Detected by SCRFD
2058,Real Images,003657.jpg,3657,3657,1,0.35,TP,CORRECT_MATCH
2059,New_Images,006684.jpg,6684,NO_FACE_DETECTED,0,0.35,TN,No Face Detected by SCRFD
2060,New_Images,005973.jpg,5973,NO_FACE_DETECTED,0,0.35,TN,No Face Detected by SCRFD
2061,Real Images,001483.jpg,1483,1483,1,0.35,TP,CORRECT_MATCH
2062,New_Images,005187.jpg,5187,UNRECOGNIZED,0.2396,0.35,TN,CORRECTLY_REJECTED_UNKNOWN
2063,Real Images,003638.jpg,3638,3638,1,0.35,TP,CORRECT_MATCH
2064,New_Images,007160.jpg,7160,UNRECOGNIZED,0.2708,0.35,TN,CORRECTLY_REJECTED_UNKNOWN
2065,New_Images,007563.jpg,7563,UNRECOGNIZED,0.2509,0.35,TN,CORRECTLY_REJECTED_UNKNOWN
2066,New_Images,008784.jpg,8784,NO_FACE_DETECTED,0,0.35,TN,No Face Detected by SCRFD
2067,New_Images,005094.jpg,5094,UNRECOGNIZED,0.2415,0.35,TN,CORRECTLY_REJECTED_UNKNOWN
2068,Real Images,004910.jpg,4910,4910,1,0.35,TP,CORRECT_MATCH
2069,New_Images,006192.jpg,6192,NO_FACE_DETECTED,0,0.35,TN,No Face Detected by SCRFD
2070,Real Images,003166.jpg,3166,3166,1,0.35,TP,CORRECT_MATCH
2071,New_Images,007165.jpg,7165,UNRECOGNIZED,0.261,0.35,TN,CORRECTLY_REJECTED_UNKNOWN
2072,New_Images,007649.jpg,7649,NO_FACE_DETECTED,0,0.35,TN,No Face Detected by SCRFD
2073,Real Images,004027.jpg,4027,4027,1,0.35,TP,CORRECT_MATCH
2074,Real Images,004026.jpg,4026,4026,1,0.35,TP,CORRECT_MATCH
2075,Real Images,000980.jpg,980,980,1,0.35,TP,CORRECT_MATCH
2076,Real Images,001688.jpg,1688,1688,1,0.35,TP,CORRECT_MATCH
2077,New_Images,006582.jpg,6582,UNRECOGNIZED,0.2809,0.35,TN,CORRECTLY_REJECTED_UNKNOWN
2078,New_Images,006568.jpg,6568,UNRECOGNIZED,0.2979,0.35,TN,CORRECTLY_REJECTED_UNKNOWN
2079,Real Images,003985.jpg,3985,3985,1,0.35,TP,CORRECT_MATCH
2080,Real Images,000845.jpg,845,845,1,0.35,TP,CORRECT_MATCH
2081,Real Images,004043.jpg,4043,4043,1,0.35,TP,CORRECT_MATCH
2082,Real Images,003306.jpg,3306,3306,1,0.35,TP,CORRECT_MATCH
2083,Real Images,001705.jpg,1705,1705,1,0.35,TP,CORRECT_MATCH
2084,Real Images,001163.jpg,1163,1163,1,0.35,TP,CORRECT_MATCH
2085,Real Images,003526.jpg,3526,3526,1,0.35,TP,CORRECT_MATCH
2086,New_Images,006618.jpg,6618,UNRECOGNIZED,0.2446,0.35,TN,CORRECTLY_REJECTED_UNKNOWN
2087,Real Images,004147.jpg,4147,4147,1,0.35,TP,CORRECT_MATCH
2088,New_Images,008194.jpg,8194,NO_FACE_DETECTED,0,0.35,TN,No Face Detected by SCRFD
2089,New_Images,005744.jpg,5744,UNRECOGNIZED,0.22,0.35,TN,CORRECTLY_REJECTED_UNKNOWN
2090,Real Images,001995.jpg,1995,1995,1,0.35,TP,CORRECT_MATCH
2091,Real Images,002440.jpg,2440,2440,1,0.35,TP,CORRECT_MATCH
2092,New_Images,005378.jpg,5378,NO_FACE_DETECTED,0,0.35,TN,No Face Detected by SCRFD
2093,Real Images,001541.jpg,1541,1541,1,0.35,TP,CORRECT_MATCH
2094,New_Images,009629.jpg,9629,UNRECOGNIZED,0.2681,0.35,TN,CORRECTLY_REJECTED_UNKNOWN
2095,New_Images,008614.jpg,8614,UNRECOGNIZED,0.2798,0.35,TN,CORRECTLY_REJECTED_UNKNOWN
2096,New_Images,006989.jpg,6989,UNRECOGNIZED,0.2171,0.35,TN,CORRECTLY_REJECTED_UNKNOWN
2097,Real Images,000998.jpg,998,998,1,0.35,TP,CORRECT_MATCH
2098,Real Images,003634.jpg,3634,3634,1,0.35,TP,CORRECT_MATCH
2099,New_Images,009500.jpg,9500,NO_FACE_DETECTED,0,0.35,TN,No Face Detected by SCRFD
2100,Real Images,001516.jpg,1516,1516,1,0.35,TP,CORRECT_MATCH
2101,New_Images,005746.jpg,5746,UNRECOGNIZED,0.2703,0.35,TN,CORRECTLY_REJECTED_UNKNOWN
2102,New_Images,007062.jpg,7062,UNRECOGNIZED,0.2783,0.35,TN,CORRECTLY_REJECTED_UNKNOWN
2103,Real Images,003209.jpg,3209,3209,1,0.35,TP,CORRECT_MATCH
2104,Real Images,003477.jpg,3477,3477,1,0.35,TP,CORRECT_MATCH
2105,New_Images,006845.jpg,6845,NO_FACE_DETECTED,0,0.35,TN,No Face Detected by SCRFD
2106,New_Images,007427.jpg,7427,NO_FACE_DETECTED,0,0.35,TN,No Face Detected by SCRFD
2107,Real Images,001375.jpg,1375,1375,1,0.35,TP,CORRECT_MATCH
2108,Real Images,002454.jpg,2454,2454,1,0.35,TP,CORRECT_MATCH
2109,Real Images,002776.jpg,2776,2776,1,0.35,TP,CORRECT_MATCH
2110,New_Images,008790.jpg,8790,NO_FACE_DETECTED,0,0.35,TN,No Face Detected by SCRFD
2111,New_Images,008825.jpg,8825,UNRECOGNIZED,0.2635,0.35,TN,CORRECTLY_REJECTED_UNKNOWN
2112,Real Images,002434.jpg,2434,2434,1,0.35,TP,CORRECT_MATCH
2113,Real Images,000495.jpg,495,495,1,0.35,TP,CORRECT_MATCH
2114,Real Images,001329.jpg,1329,1329,1,0.35,TP,CORRECT_MATCH
2115,New_Images,007792.jpg,7792,UNRECOGNIZED,0.26,0.35,TN,CORRECTLY_REJECTED_UNKNOWN
2116,Real Images,004000.jpg,4000,4000,1,0.35,TP,CORRECT_MATCH
2117,New_Images,006053.jpg,6053,NO_FACE_DETECTED,0,0.35,TN,No Face Detected by SCRFD
2118,New_Images,009255.jpg,9255,NO_FACE_DETECTED,0,0.35,TN,No Face Detected by SCRFD
2119,Real Images,002399.jpg,2399,2399,1,0.35,TP,CORRECT_MATCH
2120,New_Images,009470.jpg,9470,UNRECOGNIZED,0.2691,0.35,TN,CORRECTLY_REJECTED_UNKNOWN
2121,New_Images,007586.jpg,7586,UNRECOGNIZED,0.2454,0.35,TN,CORRECTLY_REJECTED_UNKNOWN
2122,New_Images,006157.jpg,6157,NO_FACE_DETECTED,0,0.35,TN,No Face Detected by SCRFD
2123,Real Images,003593.jpg,3593,3593,1,0.35,TP,CORRECT_MATCH
2124,Real Images,004362.jpg,4362,4362,1,0.35,TP,CORRECT_MATCH
2125,New_Images,007396.jpg,7396,UNRECOGNIZED,0.2196,0.35,TN,CORRECTLY_REJECTED_UNKNOWN
2126,New_Images,006668.jpg,6668,NO_FACE_DETECTED,0,0.35,TN,No Face Detected by SCRFD
2127,New_Images,006377.jpg,6377,UNRECOGNIZED,0.2357,0.35,TN,CORRECTLY_REJECTED_UNKNOWN
2128,New_Images,008051.jpg,8051,UNRECOGNIZED,0.2625,0.35,TN,CORRECTLY_REJECTED_UNKNOWN
2129,Real Images,000205.jpg,205,205,1,0.35,TP,CORRECT_MATCH
2130,Real Images,000706.jpg,706,706,1,0.35,TP,CORRECT_MATCH
2131,Real Images,004737.jpg,4737,4737,1,0.35,TP,CORRECT_MATCH
2132,Real Images,003293.jpg,3293,3293,1,0.35,TP,CORRECT_MATCH
2133,New_Images,005720.jpg,5720,UNRECOGNIZED,0.2624,0.35,TN,CORRECTLY_REJECTED_UNKNOWN
2134,Real Images,000188.jpg,188,188,1,0.35,TP,CORRECT_MATCH
2135,New_Images,005381.jpg,5381,NO_FACE_DETECTED,0,0.35,TN,No Face Detected by SCRFD
2136,New_Images,009414.jpg,9414,UNRECOGNIZED,0.2298,0.35,TN,CORRECTLY_REJECTED_UNKNOWN
2137,New_Images,007843.jpg,7843,UNRECOGNIZED,0.2297,0.35,TN,CORRECTLY_REJECTED_UNKNOWN
2138,New_Images,008254.jpg,8254,UNRECOGNIZED,0.2063,0.35,TN,CORRECTLY_REJECTED_UNKNOWN
2139,New_Images,007655.jpg,7655,NO_FACE_DETECTED,0,0.35,TN,No Face Detected by SCRFD
2140,Real Images,004237.jpg,4237,4237,1,0.35,TP,CORRECT_MATCH
2141,New_Images,006999.jpg,6999,NO_FACE_DETECTED,0,0.35,TN,No Face Detected by SCRFD
2142,Real Images,004700.jpg,4700,4700,1,0.35,TP,CORRECT_MATCH
2143,Real Images,004161.jpg,4161,4161,1,0.35,TP,CORRECT_MATCH
2144,New_Images,006893.jpg,6893,UNRECOGNIZED,0.2241,0.35,TN,CORRECTLY_REJECTED_UNKNOWN
2145,Real Images,004196.jpg,4196,4196,1,0.35,TP,CORRECT_MATCH
2146,Real Images,002785.jpg,2785,2785,1,0.35,TP,CORRECT_MATCH
2147,New_Images,005770.jpg,5770,UNRECOGNIZED,0.2381,0.35,TN,CORRECTLY_REJECTED_UNKNOWN
2148,Real Images,000176.jpg,176,176,1,0.35,TP,CORRECT_MATCH
2149,Real Images,001384.jpg,1384,1384,1,0.35,TP,CORRECT_MATCH
2150,Real Images,002734.jpg,2734,2734,1,0.35,TP,CORRECT_MATCH
2151,Real Images,003202.jpg,3202,3202,1,0.35,TP,CORRECT_MATCH
2152,Real Images,000152.jpg,152,152,1,0.35,TP,CORRECT_MATCH
2153,Real Images,000068.jpg,68,68,1,0.35,TP,CORRECT_MATCH
2154,New_Images,007577.jpg,7577,UNRECOGNIZED,0.2187,0.35,TN,CORRECTLY_REJECTED_UNKNOWN
2155,New_Images,007606.jpg,7606,UNRECOGNIZED,0.2343,0.35,TN,CORRECTLY_REJECTED_UNKNOWN
2156,Real Images,002764.jpg,2764,2764,1,0.35,TP,CORRECT_MATCH
2157,New_Images,007454.jpg,7454,UNRECOGNIZED,0.2999,0.35,TN,CORRECTLY_REJECTED_UNKNOWN
2158,New_Images,008877.jpg,8877,UNRECOGNIZED,0.2083,0.35,TN,CORRECTLY_REJECTED_UNKNOWN
2159,New_Images,005881.jpg,5881,UNRECOGNIZED,0.2638,0.35,TN,CORRECTLY_REJECTED_UNKNOWN
2160,Real Images,000977.jpg,977,977,1,0.35,TP,CORRECT_MATCH
2161,New_Images,008228.jpg,8228,NO_FACE_DETECTED,0,0.35,TN,No Face Detected by SCRFD
2162,New_Images,008691.jpg,8691,UNRECOGNIZED,0.2483,0.35,TN,CORRECTLY_REJECTED_UNKNOWN
2163,New_Images,005822.jpg,5822,NO_FACE_DETECTED,0,0.35,TN,No Face Detected by SCRFD
2164,Real Images,000574.jpg,574,574,1,0.35,TP,CORRECT_MATCH
2165,Real Images,004318.jpg,4318,4318,1,0.35,TP,CORRECT_MATCH
2166,Real Images,001794.jpg,1794,1794,1,0.35,TP,CORRECT_MATCH
2167,Real Images,000348.jpg,348,348,1,0.35,TP,CORRECT_MATCH
2168,New_Images,006622.jpg,6622,NO_FACE_DETECTED,0,0.35,TN,No Face Detected by SCRFD
2169,Real Images,004576.jpg,4576,4576,1,0.35,TP,CORRECT_MATCH
2170,New_Images,005194.jpg,5194,UNRECOGNIZED,0.2842,0.35,TN,CORRECTLY_REJECTED_UNKNOWN
2171,Real Images,002310.jpg,2310,2310,1,0.35,TP,CORRECT_MATCH
2172,New_Images,008094.jpg,8094,UNRECOGNIZED,0.2529,0.35,TN,CORRECTLY_REJECTED_UNKNOWN
2173,New_Images,008456.jpg,8456,UNRECOGNIZED,0.2523,0.35,TN,CORRECTLY_REJECTED_UNKNOWN
2174,Real Images,002927.jpg,2927,2927,1,0.35,TP,CORRECT_MATCH
2175,New_Images,008642.jpg,8642,NO_FACE_DETECTED,0,0.35,TN,No Face Detected by SCRFD
2176,Real Images,004863.jpg,4863,4863,1,0.35,TP,CORRECT_MATCH
2177,Real Images,000832.jpg,832,832,1,0.35,TP,CORRECT_MATCH
2178,Real Images,001188.jpg,1188,1188,1,0.35,TP,CORRECT_MATCH
2179,Real Images,004276.jpg,4276,4276,1,0.35,TP,CORRECT_MATCH
2180,New_Images,008654.jpg,8654,UNRECOGNIZED,0.2397,0.35,TN,CORRECTLY_REJECTED_UNKNOWN
2181,New_Images,005152.jpg,5152,UNRECOGNIZED,0.2881,0.35,TN,CORRECTLY_REJECTED_UNKNOWN
2182,Real Images,003839.jpg,3839,3839,1,0.35,TP,CORRECT_MATCH
2183,New_Images,007112.jpg,7112,NO_FACE_DETECTED,0,0.35,TN,No Face Detected by SCRFD
2184,Real Images,000227.jpg,227,227,1,0.35,TP,CORRECT_MATCH
2185,Real Images,004240.jpg,4240,4240,1,0.35,TP,CORRECT_MATCH
2186,New_Images,006051.jpg,6051,UNRECOGNIZED,0.2404,0.35,TN,CORRECTLY_REJECTED_UNKNOWN
2187,New_Images,006606.jpg,6606,NO_FACE_DETECTED,0,0.35,TN,No Face Detected by SCRFD
2188,Real Images,001471.jpg,1471,1471,1,0.35,TP,CORRECT_MATCH
2189,Real Images,004038.jpg,4038,4038,1,0.35,TP,CORRECT_MATCH
2190,New_Images,006006.jpg,6006,UNRECOGNIZED,0.208,0.35,TN,CORRECTLY_REJECTED_UNKNOWN
2191,Real Images,001575.jpg,1575,1575,1,0.35,TP,CORRECT_MATCH
2192,Real Images,000014.jpg,14,14,1,0.35,TP,CORRECT_MATCH
2193,Real Images,004912.jpg,4912,4912,1,0.35,TP,CORRECT_MATCH
2194,Real Images,000288.jpg,288,288,1,0.35,TP,CORRECT_MATCH
2195,New_Images,005358.jpg,5358,NO_FACE_DETECTED,0,0.35,TN,No Face Detected by SCRFD
2196,New_Images,008494.jpg,8494,UNRECOGNIZED,0.2293,0.35,TN,CORRECTLY_REJECTED_UNKNOWN
2197,New_Images,008927.jpg,8927,2581,0.3549,0.35,FP,MISIDENTIFIED_AS_002581
2198,Real Images,002010.jpg,2010,2010,1,0.35,TP,CORRECT_MATCH
2199,Real Images,004203.jpg,4203,4203,1,0.35,TP,CORRECT_MATCH
2200,Real Images,000016.jpg,16,16,1,0.35,TP,CORRECT_MATCH
2201,New_Images,006469.jpg,6469,UNRECOGNIZED,0.2787,0.35,TN,CORRECTLY_REJECTED_UNKNOWN
2202,New_Images,005043.jpg,5043,UNRECOGNIZED,0.2357,0.35,TN,CORRECTLY_REJECTED_UNKNOWN
2203,Real Images,000621.jpg,621,621,1,0.35,TP,CORRECT_MATCH
2204,Real Images,004811.jpg,4811,4811,1,0.35,TP,CORRECT_MATCH
2205,Real Images,001600.jpg,1600,1600,1,0.35,TP,CORRECT_MATCH
2206,New_Images,008068.jpg,8068,NO_FACE_DETECTED,0,0.35,TN,No Face Detected by SCRFD
2207,Real Images,002471.jpg,2471,2471,1,0.35,TP,CORRECT_MATCH
2208,New_Images,006724.jpg,6724,UNRECOGNIZED,0.2459,0.35,TN,CORRECTLY_REJECTED_UNKNOWN
2209,Real Images,004844.jpg,4844,4844,1,0.35,TP,CORRECT_MATCH
2210,Real Images,002727.jpg,2727,2727,1,0.35,TP,CORRECT_MATCH
2211,Real Images,002270.jpg,2270,2270,1,0.35,TP,CORRECT_MATCH
2212,New_Images,008942.jpg,8942,UNRECOGNIZED,0.2375,0.35,TN,CORRECTLY_REJECTED_UNKNOWN
2213,Real Images,003498.jpg,3498,3498,1,0.35,TP,CORRECT_MATCH
2214,New_Images,008227.jpg,8227,UNRECOGNIZED,0.2459,0.35,TN,CORRECTLY_REJECTED_UNKNOWN
2215,Real Images,000143.jpg,143,143,1,0.35,TP,CORRECT_MATCH
2216,New_Images,008820.jpg,8820,UNRECOGNIZED,0.257,0.35,TN,CORRECTLY_REJECTED_UNKNOWN
2217,New_Images,005088.jpg,5088,NO_FACE_DETECTED,0,0.35,TN,No Face Detected by SCRFD
2218,Real Images,004538.jpg,4538,4538,1,0.35,TP,CORRECT_MATCH
2219,Real Images,000436.jpg,436,436,1,0.35,TP,CORRECT_MATCH
2220,New_Images,007349.jpg,7349,UNRECOGNIZED,0.2574,0.35,TN,CORRECTLY_REJECTED_UNKNOWN
2221,New_Images,005986.jpg,5986,NO_FACE_DETECTED,0,0.35,TN,No Face Detected by SCRFD
2222,New_Images,006545.jpg,6545,NO_FACE_DETECTED,0,0.35,TN,No Face Detected by SCRFD
2223,Real Images,004359.jpg,4359,4359,1,0.35,TP,CORRECT_MATCH
2224,New_Images,006293.jpg,6293,NO_FACE_DETECTED,0,0.35,TN,No Face Detected by SCRFD
2225,Real Images,003785.jpg,3785,3785,1,0.35,TP,CORRECT_MATCH
2226,Real Images,002958.jpg,2958,2958,1,0.35,TP,CORRECT_MATCH
2227,New_Images,007718.jpg,7718,UNRECOGNIZED,0.2675,0.35,TN,CORRECTLY_REJECTED_UNKNOWN
2228,New_Images,009285.jpg,9285,UNRECOGNIZED,0.2769,0.35,TN,CORRECTLY_REJECTED_UNKNOWN
2229,Real Images,003850.jpg,3850,3850,1,0.35,TP,CORRECT_MATCH
2230,New_Images,008359.jpg,8359,NO_FACE_DETECTED,0,0.35,TN,No Face Detected by SCRFD
2231,Real Images,003375.jpg,3375,3375,1,0.35,TP,CORRECT_MATCH
2232,Real Images,000729.jpg,729,729,1,0.35,TP,CORRECT_MATCH
2233,New_Images,009547.jpg,9547,NO_FACE_DETECTED,0,0.35,TN,No Face Detected by SCRFD
2234,New_Images,007743.jpg,7743,NO_FACE_DETECTED,0,0.35,TN,No Face Detected by SCRFD
2235,New_Images,007830.jpg,7830,UNRECOGNIZED,0.2047,0.35,TN,CORRECTLY_REJECTED_UNKNOWN
2236,New_Images,007242.jpg,7242,UNRECOGNIZED,0.2428,0.35,TN,CORRECTLY_REJECTED_UNKNOWN
2237,New_Images,008795.jpg,8795,NO_FACE_DETECTED,0,0.35,TN,No Face Detected by SCRFD
2238,New_Images,007464.jpg,7464,NO_FACE_DETECTED,0,0.35,TN,No Face Detected by SCRFD
2239,New_Images,007668.jpg,7668,UNRECOGNIZED,0.3352,0.35,TN,CORRECTLY_REJECTED_UNKNOWN
2240,Real Images,001136.jpg,1136,1136,1,0.35,TP,CORRECT_MATCH
2241,Real Images,000304.jpg,304,304,1,0.35,TP,CORRECT_MATCH
2242,Real Images,004490.jpg,4490,4490,1,0.35,TP,CORRECT_MATCH
2243,New_Images,007545.jpg,7545,UNRECOGNIZED,0.2839,0.35,TN,CORRECTLY_REJECTED_UNKNOWN
2244,New_Images,006831.jpg,6831,UNRECOGNIZED,0.255,0.35,TN,CORRECTLY_REJECTED_UNKNOWN
2245,New_Images,006097.jpg,6097,UNRECOGNIZED,0.214,0.35,TN,CORRECTLY_REJECTED_UNKNOWN
2246,Real Images,001133.jpg,1133,1133,1,0.35,TP,CORRECT_MATCH
2247,Real Images,001858.jpg,1858,1858,1,0.35,TP,CORRECT_MATCH
2248,New_Images,008459.jpg,8459,NO_FACE_DETECTED,0,0.35,TN,No Face Detected by SCRFD
2249,New_Images,007170.jpg,7170,NO_FACE_DETECTED,0,0.35,TN,No Face Detected by SCRFD
2250,Real Images,002374.jpg,2374,2374,1,0.35,TP,CORRECT_MATCH
2251,Real Images,003699.jpg,3699,3699,1,0.35,TP,CORRECT_MATCH
2252,Real Images,003082.jpg,3082,3082,1,0.35,TP,CORRECT_MATCH
2253,New_Images,005897.jpg,5897,UNRECOGNIZED,0.2576,0.35,TN,CORRECTLY_REJECTED_UNKNOWN
2254,New_Images,006693.jpg,6693,UNRECOGNIZED,0.2263,0.35,TN,CORRECTLY_REJECTED_UNKNOWN
2255,New_Images,006738.jpg,6738,NO_FACE_DETECTED,0,0.35,TN,No Face Detected by SCRFD
2256,New_Images,006613.jpg,6613,UNRECOGNIZED,0.2227,0.35,TN,CORRECTLY_REJECTED_UNKNOWN
2257,New_Images,007210.jpg,7210,UNRECOGNIZED,0.2864,0.35,TN,CORRECTLY_REJECTED_UNKNOWN
2258,Real Images,000492.jpg,492,492,1,0.35,TP,CORRECT_MATCH
2259,Real Images,000499.jpg,499,499,1,0.35,TP,CORRECT_MATCH
2260,Real Images,002888.jpg,2888,2888,1,0.35,TP,CORRECT_MATCH
2261,New_Images,007689.jpg,7689,UNRECOGNIZED,0.2726,0.35,TN,CORRECTLY_REJECTED_UNKNOWN
2262,Real Images,003441.jpg,3441,3441,1,0.35,TP,CORRECT_MATCH
2263,New_Images,009323.jpg,9323,NO_FACE_DETECTED,0,0.35,TN,No Face Detected by SCRFD
2264,Real Images,000140.jpg,140,140,1,0.35,TP,CORRECT_MATCH
2265,Real Images,003632.jpg,3632,3632,1,0.35,TP,CORRECT_MATCH
2266,Real Images,001032.jpg,1032,1032,1,0.35,TP,CORRECT_MATCH
2267,Real Images,002623.jpg,2623,2623,1,0.35,TP,CORRECT_MATCH
2268,Real Images,000899.jpg,899,899,1,0.35,TP,CORRECT_MATCH
2269,Real Images,004885.jpg,4885,4885,1,0.35,TP,CORRECT_MATCH
2270,Real Images,002932.jpg,2932,2932,1,0.35,TP,CORRECT_MATCH
2271,Real Images,003934.jpg,3934,3934,1,0.35,TP,CORRECT_MATCH
2272,New_Images,007875.jpg,7875,UNRECOGNIZED,0.2355,0.35,TN,CORRECTLY_REJECTED_UNKNOWN
2273,New_Images,009156.jpg,9156,UNRECOGNIZED,0.2405,0.35,TN,CORRECTLY_REJECTED_UNKNOWN
2274,Real Images,003748.jpg,3748,3748,1,0.35,TP,CORRECT_MATCH
2275,Real Images,002304.jpg,2304,2304,1,0.35,TP,CORRECT_MATCH
2276,Real Images,000279.jpg,279,279,1,0.35,TP,CORRECT_MATCH
2277,New_Images,006160.jpg,6160,UNRECOGNIZED,0.2514,0.35,TN,CORRECTLY_REJECTED_UNKNOWN
2278,Real Images,004262.jpg,4262,4262,1,0.35,TP,CORRECT_MATCH
2279,Real Images,002244.jpg,2244,2244,1,0.35,TP,CORRECT_MATCH
2280,Real Images,001284.jpg,1284,1284,1,0.35,TP,CORRECT_MATCH
2281,Real Images,002430.jpg,2430,2430,1,0.35,TP,CORRECT_MATCH
2282,Real Images,003908.jpg,3908,3908,1,0.35,TP,CORRECT_MATCH
2283,New_Images,008516.jpg,8516,UNRECOGNIZED,0.2259,0.35,TN,CORRECTLY_REJECTED_UNKNOWN
2284,Real Images,004833.jpg,4833,4833,1,0.35,TP,CORRECT_MATCH
2285,Real Images,000991.jpg,991,991,1,0.35,TP,CORRECT_MATCH
2286,New_Images,005848.jpg,5848,NO_FACE_DETECTED,0,0.35,TN,No Face Detected by SCRFD
2287,Real Images,001603.jpg,1603,1603,1,0.35,TP,CORRECT_MATCH
2288,Real Images,001046.jpg,1046,1046,1,0.35,TP,CORRECT_MATCH
2289,New_Images,006976.jpg,6976,UNRECOGNIZED,0.2953,0.35,TN,CORRECTLY_REJECTED_UNKNOWN
2290,Real Images,003060.jpg,3060,3060,1,0.35,TP,CORRECT_MATCH
2291,Real Images,001108.jpg,1108,1108,1,0.35,TP,CORRECT_MATCH
2292,Real Images,002737.jpg,2737,2737,1,0.35,TP,CORRECT_MATCH
2293,New_Images,005074.jpg,5074,UNRECOGNIZED,0.2794,0.35,TN,CORRECTLY_REJECTED_UNKNOWN
2294,New_Images,006965.jpg,6965,UNRECOGNIZED,0.278,0.35,TN,CORRECTLY_REJECTED_UNKNOWN
2295,Real Images,002800.jpg,2800,2800,1,0.35,TP,CORRECT_MATCH
2296,Real Images,002495.jpg,2495,2495,1,0.35,TP,CORRECT_MATCH
2297,Real Images,003889.jpg,3889,3889,1,0.35,TP,CORRECT_MATCH
2298,Real Images,003335.jpg,3335,3335,1,0.35,TP,CORRECT_MATCH
2299,Real Images,002172.jpg,2172,2172,1,0.35,TP,CORRECT_MATCH
2300,Real Images,004073.jpg,4073,4073,1,0.35,TP,CORRECT_MATCH
2301,Real Images,001565.jpg,1565,1565,1,0.35,TP,CORRECT_MATCH
2302,Real Images,001839.jpg,1839,1839,1,0.35,TP,CORRECT_MATCH
2303,Real Images,002906.jpg,2906,2906,1,0.35,TP,CORRECT_MATCH
2304,New_Images,006602.jpg,6602,UNRECOGNIZED,0.2705,0.35,TN,CORRECTLY_REJECTED_UNKNOWN
2305,New_Images,006919.jpg,6919,UNRECOGNIZED,0.2114,0.35,TN,CORRECTLY_REJECTED_UNKNOWN
2306,New_Images,006511.jpg,6511,UNRECOGNIZED,0.2365,0.35,TN,CORRECTLY_REJECTED_UNKNOWN
2307,Real Images,002333.jpg,2333,2333,1,0.35,TP,CORRECT_MATCH
2308,Real Images,003635.jpg,3635,3635,1,0.35,TP,CORRECT_MATCH
2309,Real Images,002746.jpg,2746,2746,1,0.35,TP,CORRECT_MATCH
2310,New_Images,005338.jpg,5338,UNRECOGNIZED,0.2463,0.35,TN,CORRECTLY_REJECTED_UNKNOWN
2311,New_Images,005160.jpg,5160,NO_FACE_DETECTED,0,0.35,TN,No Face Detected by SCRFD
2312,Real Images,000958.jpg,958,958,1,0.35,TP,CORRECT_MATCH
2313,Real Images,002182.jpg,2182,2182,1,0.35,TP,CORRECT_MATCH
2314,New_Images,008284.jpg,8284,UNRECOGNIZED,0.2775,0.35,TN,CORRECTLY_REJECTED_UNKNOWN
2315,New_Images,006439.jpg,6439,UNRECOGNIZED,0.25,0.35,TN,CORRECTLY_REJECTED_UNKNOWN
2316,Real Images,003905.jpg,3905,3905,1,0.35,TP,CORRECT_MATCH
2317,New_Images,009151.jpg,9151,UNRECOGNIZED,0.2386,0.35,TN,CORRECTLY_REJECTED_UNKNOWN
2318,Real Images,001901.jpg,1901,1901,1,0.35,TP,CORRECT_MATCH
2319,Real Images,002840.jpg,2840,2840,1,0.35,TP,CORRECT_MATCH
2320,New_Images,006619.jpg,6619,NO_FACE_DETECTED,0,0.35,TN,No Face Detected by SCRFD
2321,New_Images,005098.jpg,5098,NO_FACE_DETECTED,0,0.35,TN,No Face Detected by SCRFD
2322,New_Images,006081.jpg,6081,UNRECOGNIZED,0.274,0.35,TN,CORRECTLY_REJECTED_UNKNOWN
2323,Real Images,000223.jpg,223,223,1,0.35,TP,CORRECT_MATCH
2324,New_Images,006342.jpg,6342,NO_FACE_DETECTED,0,0.35,TN,No Face Detected by SCRFD
2325,Real Images,000864.jpg,864,864,1,0.35,TP,CORRECT_MATCH
2326,New_Images,008760.jpg,8760,UNRECOGNIZED,0.2585,0.35,TN,CORRECTLY_REJECTED_UNKNOWN
2327,Real Images,001803.jpg,1803,1803,1,0.35,TP,CORRECT_MATCH
2328,Real Images,003096.jpg,3096,3096,1,0.35,TP,CORRECT_MATCH
2329,Real Images,001570.jpg,1570,1570,1,0.35,TP,CORRECT_MATCH
2330,New_Images,008934.jpg,8934,NO_FACE_DETECTED,0,0.35,TN,No Face Detected by SCRFD
2331,Real Images,002032.jpg,2032,2032,1,0.35,TP,CORRECT_MATCH
2332,New_Images,007949.jpg,7949,UNRECOGNIZED,0.2477,0.35,TN,CORRECTLY_REJECTED_UNKNOWN
2333,Real Images,003092.jpg,3092,3092,1,0.35,TP,CORRECT_MATCH
2334,New_Images,005649.jpg,5649,UNRECOGNIZED,0.2138,0.35,TN,CORRECTLY_REJECTED_UNKNOWN
2335,Real Images,001405.jpg,1405,1405,1,0.35,TP,CORRECT_MATCH
2336,Real Images,004798.jpg,4798,4798,1,0.35,TP,CORRECT_MATCH
2337,Real Images,002161.jpg,2161,2161,1,0.35,TP,CORRECT_MATCH
2338,New_Images,008782.jpg,8782,NO_FACE_DETECTED,0,0.35,TN,No Face Detected by SCRFD
2339,New_Images,007344.jpg,7344,NO_FACE_DETECTED,0,0.35,TN,No Face Detected by SCRFD
2340,Real Images,002813.jpg,2813,2813,1,0.35,TP,CORRECT_MATCH
2341,Real Images,004915.jpg,4915,4915,1,0.35,TP,CORRECT_MATCH
2342,New_Images,005663.jpg,5663,UNRECOGNIZED,0.2112,0.35,TN,CORRECTLY_REJECTED_UNKNOWN
2343,New_Images,006467.jpg,6467,UNRECOGNIZED,0.2331,0.35,TN,CORRECTLY_REJECTED_UNKNOWN
2344,New_Images,008602.jpg,8602,NO_FACE_DETECTED,0,0.35,TN,No Face Detected by SCRFD
2345,Real Images,000620.jpg,620,620,1,0.35,TP,CORRECT_MATCH
2346,New_Images,006628.jpg,6628,NO_FACE_DETECTED,0,0.35,TN,No Face Detected by SCRFD
2347,Real Images,000457.jpg,457,457,1,0.35,TP,CORRECT_MATCH
2348,Real Images,004303.jpg,4303,4303,1,0.35,TP,CORRECT_MATCH
2349,New_Images,009097.jpg,9097,UNRECOGNIZED,0.206,0.35,TN,CORRECTLY_REJECTED_UNKNOWN
2350,New_Images,006560.jpg,6560,UNRECOGNIZED,0.2968,0.35,TN,CORRECTLY_REJECTED_UNKNOWN
2351,Real Images,004820.jpg,4820,4820,1,0.35,TP,CORRECT_MATCH
2352,Real Images,000543.jpg,543,543,1,0.35,TP,CORRECT_MATCH
2353,Real Images,001033.jpg,1033,1033,1,0.35,TP,CORRECT_MATCH
2354,Real Images,004611.jpg,4611,4611,1,0.35,TP,CORRECT_MATCH
2355,Real Images,000315.jpg,315,315,1,0.35,TP,CORRECT_MATCH
2356,Real Images,004537.jpg,4537,4537,1,0.35,TP,CORRECT_MATCH
2357,Real Images,000520.jpg,520,520,1,0.35,TP,CORRECT_MATCH
2358,New_Images,007692.jpg,7692,UNRECOGNIZED,0.3114,0.35,TN,CORRECTLY_REJECTED_UNKNOWN
2359,New_Images,005996.jpg,5996,UNRECOGNIZED,0.2292,0.35,TN,CORRECTLY_REJECTED_UNKNOWN
2360,New_Images,007581.jpg,7581,UNRECOGNIZED,0.2565,0.35,TN,CORRECTLY_REJECTED_UNKNOWN
2361,Real Images,000112.jpg,112,112,1,0.35,TP,CORRECT_MATCH
2362,New_Images,006589.jpg,6589,UNRECOGNIZED,0.3137,0.35,TN,CORRECTLY_REJECTED_UNKNOWN
2363,Real Images,000212.jpg,212,212,1,0.35,TP,CORRECT_MATCH
2364,New_Images,008143.jpg,8143,UNRECOGNIZED,0.2645,0.35,TN,CORRECTLY_REJECTED_UNKNOWN
2365,Real Images,000693.jpg,693,693,1,0.35,TP,CORRECT_MATCH
2366,Real Images,003943.jpg,3943,3943,1,0.35,TP,CORRECT_MATCH
2367,New_Images,006189.jpg,6189,NO_FACE_DETECTED,0,0.35,TN,No Face Detected by SCRFD
2368,Real Images,001067.jpg,1067,1067,1,0.35,TP,CORRECT_MATCH
2369,New_Images,008184.jpg,8184,NO_FACE_DETECTED,0,0.35,TN,No Face Detected by SCRFD
2370,New_Images,009010.jpg,9010,UNRECOGNIZED,0.2349,0.35,TN,CORRECTLY_REJECTED_UNKNOWN
2371,Real Images,000145.jpg,145,145,1,0.35,TP,CORRECT_MATCH
2372,New_Images,008832.jpg,8832,NO_FACE_DETECTED,0,0.35,TN,No Face Detected by SCRFD
2373,Real Images,001185.jpg,1185,1185,1,0.35,TP,CORRECT_MATCH
2374,Real Images,001207.jpg,1207,1207,1,0.35,TP,CORRECT_MATCH
2375,Real Images,001446.jpg,1446,1446,1,0.35,TP,CORRECT_MATCH
2376,Real Images,004109.jpg,4109,4109,1,0.35,TP,CORRECT_MATCH
2377,Real Images,001358.jpg,1358,1358,1,0.35,TP,CORRECT_MATCH
2378,New_Images,008113.jpg,8113,UNRECOGNIZED,0.2287,0.35,TN,CORRECTLY_REJECTED_UNKNOWN
2379,New_Images,005128.jpg,5128,NO_FACE_DETECTED,0,0.35,TN,No Face Detected by SCRFD
2380,Real Images,002100.jpg,2100,2100,1,0.35,TP,CORRECT_MATCH
2381,Real Images,003591.jpg,3591,3591,1,0.35,TP,CORRECT_MATCH
2382,Real Images,003043.jpg,3043,3043,1,0.35,TP,CORRECT_MATCH
2383,New_Images,009169.jpg,9169,UNRECOGNIZED,0.2567,0.35,TN,CORRECTLY_REJECTED_UNKNOWN
2384,New_Images,005845.jpg,5845,UNRECOGNIZED,0.2898,0.35,TN,CORRECTLY_REJECTED_UNKNOWN
2385,Real Images,004410.jpg,4410,4410,1,0.35,TP,CORRECT_MATCH
2386,Real Images,000217.jpg,217,217,1,0.35,TP,CORRECT_MATCH
2387,New_Images,007818.jpg,7818,UNRECOGNIZED,0.1916,0.35,TN,CORRECTLY_REJECTED_UNKNOWN
2388,Real Images,004577.jpg,4577,4577,1,0.35,TP,CORRECT_MATCH
2389,Real Images,003894.jpg,3894,3894,1,0.35,TP,CORRECT_MATCH
2390,Real Images,003342.jpg,3342,3342,1,0.35,TP,CORRECT_MATCH
2391,New_Images,007212.jpg,7212,NO_FACE_DETECTED,0,0.35,TN,No Face Detected by SCRFD
2392,New_Images,008892.jpg,8892,UNRECOGNIZED,0.2368,0.35,TN,CORRECTLY_REJECTED_UNKNOWN
2393,New_Images,006470.jpg,6470,UNRECOGNIZED,0.2187,0.35,TN,CORRECTLY_REJECTED_UNKNOWN
2394,Real Images,004467.jpg,4467,4467,1,0.35,TP,CORRECT_MATCH
2395,New_Images,009086.jpg,9086,UNRECOGNIZED,0.3033,0.35,TN,CORRECTLY_REJECTED_UNKNOWN
2396,Real Images,002969.jpg,2969,2969,1,0.35,TP,CORRECT_MATCH
2397,New_Images,007220.jpg,7220,UNRECOGNIZED,0.2883,0.35,TN,CORRECTLY_REJECTED_UNKNOWN
2398,Real Images,001145.jpg,1145,1145,1,0.35,TP,CORRECT_MATCH
2399,New_Images,006825.jpg,6825,UNRECOGNIZED,0.2556,0.35,TN,CORRECTLY_REJECTED_UNKNOWN
2400,New_Images,006002.jpg,6002,UNRECOGNIZED,0.2648,0.35,TN,CORRECTLY_REJECTED_UNKNOWN
2401,New_Images,005124.jpg,5124,UNRECOGNIZED,0.2581,0.35,TN,CORRECTLY_REJECTED_UNKNOWN
2402,Real Images,002742.jpg,2742,2742,1,0.35,TP,CORRECT_MATCH
2403,Real Images,002377.jpg,2377,2377,1,0.35,TP,CORRECT_MATCH
2404,Real Images,002961.jpg,2961,2961,1,0.35,TP,CORRECT_MATCH
2405,New_Images,009510.jpg,9510,NO_FACE_DETECTED,0,0.35,TN,No Face Detected by SCRFD
2406,Real Images,001980.jpg,1980,1980,1,0.35,TP,CORRECT_MATCH
2407,Real Images,002328.jpg,2328,2328,1,0.35,TP,CORRECT_MATCH
2408,New_Images,007449.jpg,7449,NO_FACE_DETECTED,0,0.35,TN,No Face Detected by SCRFD
2409,Real Images,003721.jpg,3721,3721,1,0.35,TP,CORRECT_MATCH
2410,New_Images,006878.jpg,6878,NO_FACE_DETECTED,0,0.35,TN,No Face Detected by SCRFD
2411,New_Images,005826.jpg,5826,UNRECOGNIZED,0.2602,0.35,TN,CORRECTLY_REJECTED_UNKNOWN
2412,Real Images,002238.jpg,2238,2238,1,0.35,TP,CORRECT_MATCH
2413,Real Images,004301.jpg,4301,4301,1,0.35,TP,CORRECT_MATCH
2414,New_Images,008355.jpg,8355,UNRECOGNIZED,0.2915,0.35,TN,CORRECTLY_REJECTED_UNKNOWN
2415,New_Images,009393.jpg,9393,UNRECOGNIZED,0.2526,0.35,TN,CORRECTLY_REJECTED_UNKNOWN
2416,Real Images,004394.jpg,4394,4394,1,0.35,TP,CORRECT_MATCH
2417,Real Images,002041.jpg,2041,2041,1,0.35,TP,CORRECT_MATCH
2418,New_Images,007733.jpg,7733,NO_FACE_DETECTED,0,0.35,TN,No Face Detected by SCRFD
2419,Real Images,000031.jpg,31,31,1,0.35,TP,CORRECT_MATCH
2420,Real Images,001740.jpg,1740,1740,1,0.35,TP,CORRECT_MATCH
2421,Real Images,003851.jpg,3851,3851,1,0.35,TP,CORRECT_MATCH
2422,New_Images,008467.jpg,8467,UNRECOGNIZED,0.2429,0.35,TN,CORRECTLY_REJECTED_UNKNOWN
2423,New_Images,008253.jpg,8253,UNRECOGNIZED,0.2348,0.35,TN,CORRECTLY_REJECTED_UNKNOWN
2424,New_Images,006416.jpg,6416,UNRECOGNIZED,0.2534,0.35,TN,CORRECTLY_REJECTED_UNKNOWN
2425,Real Images,004133.jpg,4133,4133,1,0.35,TP,CORRECT_MATCH
2426,Real Images,002262.jpg,2262,2262,1,0.35,TP,CORRECT_MATCH
2427,Real Images,001738.jpg,1738,1738,1,0.35,TP,CORRECT_MATCH
2428,Real Images,002087.jpg,2087,2087,1,0.35,TP,CORRECT_MATCH
2429,Real Images,001862.jpg,1862,1862,1,0.35,TP,CORRECT_MATCH
2430,New_Images,006682.jpg,6682,UNRECOGNIZED,0.2843,0.35,TN,CORRECTLY_REJECTED_UNKNOWN
2431,New_Images,009497.jpg,9497,UNRECOGNIZED,0.2057,0.35,TN,CORRECTLY_REJECTED_UNKNOWN
2432,New_Images,005293.jpg,5293,UNRECOGNIZED,0.2226,0.35,TN,CORRECTLY_REJECTED_UNKNOWN
2433,New_Images,008762.jpg,8762,UNRECOGNIZED,0.2463,0.35,TN,CORRECTLY_REJECTED_UNKNOWN
2434,New_Images,005118.jpg,5118,NO_FACE_DETECTED,0,0.35,TN,No Face Detected by SCRFD
2435,New_Images,008613.jpg,8613,UNRECOGNIZED,0.2143,0.35,TN,CORRECTLY_REJECTED_UNKNOWN
2436,New_Images,006559.jpg,6559,NO_FACE_DETECTED,0,0.35,TN,No Face Detected by SCRFD
2437,Real Images,001789.jpg,1789,1789,1,0.35,TP,CORRECT_MATCH
2438,New_Images,008756.jpg,8756,UNRECOGNIZED,0.2714,0.35,TN,CORRECTLY_REJECTED_UNKNOWN
2439,Real Images,000590.jpg,590,590,1,0.35,TP,CORRECT_MATCH
2440,Real Images,000065.jpg,65,65,1,0.35,TP,CORRECT_MATCH
2441,Real Images,003276.jpg,3276,3276,1,0.35,TP,CORRECT_MATCH
2442,Real Images,000048.jpg,48,48,1,0.35,TP,CORRECT_MATCH
2443,Real Images,004081.jpg,4081,4081,1,0.35,TP,CORRECT_MATCH
2444,New_Images,006257.jpg,6257,UNRECOGNIZED,0.2807,0.35,TN,CORRECTLY_REJECTED_UNKNOWN
2445,New_Images,006712.jpg,6712,UNRECOGNIZED,0.2829,0.35,TN,CORRECTLY_REJECTED_UNKNOWN
2446,Real Images,003189.jpg,3189,3189,1,0.35,TP,CORRECT_MATCH
2447,Real Images,001709.jpg,1709,1709,1,0.35,TP,CORRECT_MATCH
2448,Real Images,002839.jpg,2839,2839,1,0.35,TP,CORRECT_MATCH
2449,New_Images,007403.jpg,7403,UNRECOGNIZED,0.2695,0.35,TN,CORRECTLY_REJECTED_UNKNOWN
2450,Real Images,002276.jpg,2276,2276,1,0.35,TP,CORRECT_MATCH
2451,Real Images,003799.jpg,3799,3799,1,0.35,TP,CORRECT_MATCH
2452,New_Images,008449.jpg,8449,UNRECOGNIZED,0.212,0.35,TN,CORRECTLY_REJECTED_UNKNOWN
2453,New_Images,005450.jpg,5450,UNRECOGNIZED,0.2384,0.35,TN,CORRECTLY_REJECTED_UNKNOWN
2454,New_Images,006045.jpg,6045,UNRECOGNIZED,0.2358,0.35,TN,CORRECTLY_REJECTED_UNKNOWN
2455,New_Images,005329.jpg,5329,UNRECOGNIZED,0.2259,0.35,TN,CORRECTLY_REJECTED_UNKNOWN
2456,Real Images,002233.jpg,2233,2233,1,0.35,TP,CORRECT_MATCH
2457,Real Images,001783.jpg,1783,1783,1,0.35,TP,CORRECT_MATCH
2458,Real Images,003359.jpg,3359,3359,1,0.35,TP,CORRECT_MATCH
2459,New_Images,007763.jpg,7763,UNRECOGNIZED,0.2809,0.35,TN,CORRECTLY_REJECTED_UNKNOWN
2460,Real Images,001568.jpg,1568,1568,1,0.35,TP,CORRECT_MATCH
2461,Real Images,001304.jpg,1304,1304,1,0.35,TP,CORRECT_MATCH
2462,Real Images,003585.jpg,3585,3585,1,0.35,TP,CORRECT_MATCH
2463,Real Images,002948.jpg,2948,2948,1,0.35,TP,CORRECT_MATCH
2464,New_Images,008482.jpg,8482,UNRECOGNIZED,0.2448,0.35,TN,CORRECTLY_REJECTED_UNKNOWN
2465,Real Images,000964.jpg,964,964,1,0.35,TP,CORRECT_MATCH
2466,New_Images,008604.jpg,8604,UNRECOGNIZED,0.2162,0.35,TN,CORRECTLY_REJECTED_UNKNOWN
2467,Real Images,004195.jpg,4195,4195,1,0.35,TP,CORRECT_MATCH
2468,Real Images,000450.jpg,450,450,1,0.35,TP,CORRECT_MATCH
2469,New_Images,009581.jpg,9581,UNRECOGNIZED,0.2418,0.35,TN,CORRECTLY_REJECTED_UNKNOWN
2470,Real Images,002294.jpg,2294,2294,1,0.35,TP,CORRECT_MATCH
2471,Real Images,000004.jpg,4,4,1,0.35,TP,CORRECT_MATCH
2472,New_Images,006395.jpg,6395,UNRECOGNIZED,0.2105,0.35,TN,CORRECTLY_REJECTED_UNKNOWN
2473,New_Images,007715.jpg,7715,UNRECOGNIZED,0.2535,0.35,TN,CORRECTLY_REJECTED_UNKNOWN
2474,New_Images,009545.jpg,9545,UNRECOGNIZED,0.2521,0.35,TN,CORRECTLY_REJECTED_UNKNOWN
2475,Real Images,004477.jpg,4477,4477,1,0.35,TP,CORRECT_MATCH
2476,New_Images,008479.jpg,8479,UNRECOGNIZED,0.2504,0.35,TN,CORRECTLY_REJECTED_UNKNOWN
2477,New_Images,005186.jpg,5186,NO_FACE_DETECTED,0,0.35,TN,No Face Detected by SCRFD
2478,New_Images,007357.jpg,7357,UNRECOGNIZED,0.2686,0.35,TN,CORRECTLY_REJECTED_UNKNOWN
2479,Real Images,004677.jpg,4677,4677,1,0.35,TP,CORRECT_MATCH
2480,New_Images,008244.jpg,8244,UNRECOGNIZED,0.2949,0.35,TN,CORRECTLY_REJECTED_UNKNOWN
2481,New_Images,006515.jpg,6515,UNRECOGNIZED,0.2457,0.35,TN,CORRECTLY_REJECTED_UNKNOWN
2482,New_Images,005406.jpg,5406,NO_FACE_DETECTED,0,0.35,TN,No Face Detected by SCRFD
2483,New_Images,006896.jpg,6896,UNRECOGNIZED,0.265,0.35,TN,CORRECTLY_REJECTED_UNKNOWN
2484,New_Images,008016.jpg,8016,UNRECOGNIZED,0.2592,0.35,TN,CORRECTLY_REJECTED_UNKNOWN
2485,New_Images,009055.jpg,9055,UNRECOGNIZED,0.2823,0.35,TN,CORRECTLY_REJECTED_UNKNOWN
2486,New_Images,005532.jpg,5532,UNRECOGNIZED,0.2967,0.35,TN,CORRECTLY_REJECTED_UNKNOWN
2487,New_Images,006885.jpg,6885,UNRECOGNIZED,0.2486,0.35,TN,CORRECTLY_REJECTED_UNKNOWN
2488,Real Images,003271.jpg,3271,3271,1,0.35,TP,CORRECT_MATCH
2489,New_Images,009517.jpg,9517,NO_FACE_DETECTED,0,0.35,TN,No Face Detected by SCRFD
2490,Real Images,000802.jpg,802,802,1,0.35,TP,CORRECT_MATCH
2491,Real Images,001832.jpg,1832,1832,1,0.35,TP,CORRECT_MATCH
2492,Real Images,002860.jpg,2860,2860,1,0.35,TP,CORRECT_MATCH
2493,Real Images,001598.jpg,1598,1598,1,0.35,TP,CORRECT_MATCH
2494,Real Images,003984.jpg,3984,3984,1,0.35,TP,CORRECT_MATCH
2495,Real Images,002177.jpg,2177,2177,1,0.35,TP,CORRECT_MATCH
2496,Real Images,001856.jpg,1856,1856,1,0.35,TP,CORRECT_MATCH
2497,New_Images,006191.jpg,6191,NO_FACE_DETECTED,0,0.35,TN,No Face Detected by SCRFD
2498,New_Images,007635.jpg,7635,UNRECOGNIZED,0.258,0.35,TN,CORRECTLY_REJECTED_UNKNOWN
2499,New_Images,007299.jpg,7299,NO_FACE_DETECTED,0,0.35,TN,No Face Detected by SCRFD
2500,New_Images,007808.jpg,7808,UNRECOGNIZED,0.3163,0.35,TN,CORRECTLY_REJECTED_UNKNOWN
2501,Real Images,000570.jpg,570,570,1,0.35,TP,CORRECT_MATCH
2502,Real Images,004489.jpg,4489,4489,1,0.35,TP,CORRECT_MATCH
2503,Real Images,003377.jpg,3377,3377,1,0.35,TP,CORRECT_MATCH
2504,New_Images,009363.jpg,9363,UNRECOGNIZED,0.239,0.35,TN,CORRECTLY_REJECTED_UNKNOWN
2505,New_Images,008585.jpg,8585,UNRECOGNIZED,0.2503,0.35,TN,CORRECTLY_REJECTED_UNKNOWN
2506,New_Images,009042.jpg,9042,UNRECOGNIZED,0.2427,0.35,TN,CORRECTLY_REJECTED_UNKNOWN
2507,Real Images,002846.jpg,2846,2846,1,0.35,TP,CORRECT_MATCH
2508,New_Images,005531.jpg,5531,NO_FACE_DETECTED,0,0.35,TN,No Face Detected by SCRFD
2509,Real Images,004796.jpg,4796,4796,1,0.35,TP,CORRECT_MATCH
2510,Real Images,002451.jpg,2451,2451,1,0.35,TP,CORRECT_MATCH
2511,New_Images,007881.jpg,7881,NO_FACE_DETECTED,0,0.35,TN,No Face Detected by SCRFD
2512,Real Images,001663.jpg,1663,1663,1,0.35,TP,CORRECT_MATCH
2513,New_Images,006474.jpg,6474,UNRECOGNIZED,0.245,0.35,TN,CORRECTLY_REJECTED_UNKNOWN
2514,New_Images,006093.jpg,6093,UNRECOGNIZED,0.3049,0.35,TN,CORRECTLY_REJECTED_UNKNOWN
2515,Real Images,001824.jpg,1824,1824,1,0.35,TP,CORRECT_MATCH
2516,Real Images,000400.jpg,400,400,1,0.35,TP,CORRECT_MATCH
2517,New_Images,006108.jpg,6108,UNRECOGNIZED,0.2352,0.35,TN,CORRECTLY_REJECTED_UNKNOWN
2518,New_Images,006096.jpg,6096,NO_FACE_DETECTED,0,0.35,TN,No Face Detected by SCRFD
2519,New_Images,005802.jpg,5802,UNRECOGNIZED,0.2099,0.35,TN,CORRECTLY_REJECTED_UNKNOWN
2520,New_Images,008258.jpg,8258,UNRECOGNIZED,0.229,0.35,TN,CORRECTLY_REJECTED_UNKNOWN
2521,New_Images,007186.jpg,7186,UNRECOGNIZED,0.2803,0.35,TN,CORRECTLY_REJECTED_UNKNOWN
2522,Real Images,002636.jpg,2636,2636,1,0.35,TP,CORRECT_MATCH
2523,Real Images,004071.jpg,4071,4071,1,0.35,TP,CORRECT_MATCH
2524,New_Images,009521.jpg,9521,UNRECOGNIZED,0.2376,0.35,TN,CORRECTLY_REJECTED_UNKNOWN
2525,Real Images,003495.jpg,3495,3495,1,0.35,TP,CORRECT_MATCH
2526,New_Images,009274.jpg,9274,NO_FACE_DETECTED,0,0.35,TN,No Face Detected by SCRFD
2527,Real Images,003142.jpg,3142,3142,1,0.35,TP,CORRECT_MATCH
2528,Real Images,002231.jpg,2231,2231,1,0.35,TP,CORRECT_MATCH
2529,Real Images,001402.jpg,1402,1402,1,0.35,TP,CORRECT_MATCH
2530,New_Images,006147.jpg,6147,NO_FACE_DETECTED,0,0.35,TN,No Face Detected by SCRFD
2531,Real Images,001784.jpg,1784,1784,1,0.35,TP,CORRECT_MATCH
2532,Real Images,001766.jpg,1766,1766,1,0.35,TP,CORRECT_MATCH
2533,New_Images,008201.jpg,8201,UNRECOGNIZED,0.2524,0.35,TN,CORRECTLY_REJECTED_UNKNOWN
2534,New_Images,009047.jpg,9047,NO_FACE_DETECTED,0,0.35,TN,No Face Detected by SCRFD
2535,New_Images,008882.jpg,8882,NO_FACE_DETECTED,0,0.35,TN,No Face Detected by SCRFD
2536,Real Images,003722.jpg,3722,3722,1,0.35,TP,CORRECT_MATCH
2537,New_Images,006776.jpg,6776,UNRECOGNIZED,0.2751,0.35,TN,CORRECTLY_REJECTED_UNKNOWN
2538,New_Images,007550.jpg,7550,NO_FACE_DETECTED,0,0.35,TN,No Face Detected by SCRFD
2539,New_Images,009350.jpg,9350,NO_FACE_DETECTED,0,0.35,TN,No Face Detected by SCRFD
2540,New_Images,009568.jpg,9568,NO_FACE_DETECTED,0,0.35,TN,No Face Detected by SCRFD
2541,New_Images,007381.jpg,7381,UNRECOGNIZED,0.2536,0.35,TN,CORRECTLY_REJECTED_UNKNOWN
2542,Real Images,004696.jpg,4696,4696,1,0.35,TP,CORRECT_MATCH
2543,Real Images,003575.jpg,3575,3575,1,0.35,TP,CORRECT_MATCH
2544,New_Images,006865.jpg,6865,UNRECOGNIZED,0.2016,0.35,TN,CORRECTLY_REJECTED_UNKNOWN
2545,Real Images,001642.jpg,1642,1642,1,0.35,TP,CORRECT_MATCH
2546,Real Images,001889.jpg,1889,1889,1,0.35,TP,CORRECT_MATCH
2547,Real Images,002183.jpg,2183,2183,1,0.35,TP,CORRECT_MATCH
2548,New_Images,006815.jpg,6815,UNRECOGNIZED,0.2513,0.35,TN,CORRECTLY_REJECTED_UNKNOWN
2549,Real Images,003524.jpg,3524,3524,1,0.35,TP,CORRECT_MATCH
2550,Real Images,002278.jpg,2278,2278,1,0.35,TP,CORRECT_MATCH
2551,New_Images,005230.jpg,5230,UNRECOGNIZED,0.2349,0.35,TN,CORRECTLY_REJECTED_UNKNOWN
2552,New_Images,007742.jpg,7742,UNRECOGNIZED,0.2301,0.35,TN,CORRECTLY_REJECTED_UNKNOWN
2553,Real Images,004160.jpg,4160,4160,1,0.35,TP,CORRECT_MATCH
2554,Real Images,004894.jpg,4894,4894,1,0.35,TP,CORRECT_MATCH
2555,Real Images,002081.jpg,2081,2081,1,0.35,TP,CORRECT_MATCH
2556,Real Images,000522.jpg,522,522,1,0.35,TP,CORRECT_MATCH
2557,Real Images,004180.jpg,4180,4180,1,0.35,TP,CORRECT_MATCH
2558,New_Images,005202.jpg,5202,UNRECOGNIZED,0.28,0.35,TN,CORRECTLY_REJECTED_UNKNOWN
2559,New_Images,007884.jpg,7884,UNRECOGNIZED,0.2289,0.35,TN,CORRECTLY_REJECTED_UNKNOWN
2560,Real Images,001157.jpg,1157,1157,1,0.35,TP,CORRECT_MATCH
2561,Real Images,003320.jpg,3320,3320,1,0.35,TP,CORRECT_MATCH
2562,Real Images,002976.jpg,2976,2976,1,0.35,TP,CORRECT_MATCH
2563,New_Images,006010.jpg,6010,UNRECOGNIZED,0.2574,0.35,TN,CORRECTLY_REJECTED_UNKNOWN
2564,New_Images,006494.jpg,6494,UNRECOGNIZED,0.218,0.35,TN,CORRECTLY_REJECTED_UNKNOWN
2565,Real Images,003688.jpg,3688,3688,1,0.35,TP,CORRECT_MATCH
2566,Real Images,003737.jpg,3737,3737,1,0.35,TP,CORRECT_MATCH
2567,New_Images,008721.jpg,8721,UNRECOGNIZED,0.2374,0.35,TN,CORRECTLY_REJECTED_UNKNOWN
2568,Real Images,000124.jpg,124,124,1,0.35,TP,CORRECT_MATCH
2569,New_Images,005685.jpg,5685,UNRECOGNIZED,0.2592,0.35,TN,CORRECTLY_REJECTED_UNKNOWN
2570,Real Images,001857.jpg,1857,1857,1,0.35,TP,CORRECT_MATCH
2571,Real Images,003016.jpg,3016,3016,1,0.35,TP,CORRECT_MATCH
2572,Real Images,002749.jpg,2749,2749,1,0.35,TP,CORRECT_MATCH
2573,New_Images,008145.jpg,8145,NO_FACE_DETECTED,0,0.35,TN,No Face Detected by SCRFD
2574,Real Images,002603.jpg,2603,2603,1,0.35,TP,CORRECT_MATCH
2575,Real Images,001489.jpg,1489,1489,1,0.35,TP,CORRECT_MATCH
2576,New_Images,008384.jpg,8384,UNRECOGNIZED,0.2502,0.35,TN,CORRECTLY_REJECTED_UNKNOWN
2577,New_Images,005439.jpg,5439,NO_FACE_DETECTED,0,0.35,TN,No Face Detected by SCRFD
2578,New_Images,008688.jpg,8688,UNRECOGNIZED,0.2142,0.35,TN,CORRECTLY_REJECTED_UNKNOWN
2579,New_Images,009553.jpg,9553,UNRECOGNIZED,0.236,0.35,TN,CORRECTLY_REJECTED_UNKNOWN
2580,New_Images,006908.jpg,6908,UNRECOGNIZED,0.3011,0.35,TN,CORRECTLY_REJECTED_UNKNOWN
2581,Real Images,001928.jpg,1928,1928,1,0.35,TP,CORRECT_MATCH
2582,New_Images,005628.jpg,5628,UNRECOGNIZED,0.3057,0.35,TN,CORRECTLY_REJECTED_UNKNOWN
2583,New_Images,007910.jpg,7910,NO_FACE_DETECTED,0,0.35,TN,No Face Detected by SCRFD
2584,Real Images,001867.jpg,1867,1867,1,0.35,TP,CORRECT_MATCH
2585,New_Images,005026.jpg,5026,NO_FACE_DETECTED,0,0.35,TN,No Face Detected by SCRFD
2586,Real Images,003608.jpg,3608,3608,1,0.35,TP,CORRECT_MATCH
2587,Real Images,004430.jpg,4430,4430,1,0.35,TP,CORRECT_MATCH
2588,New_Images,006750.jpg,6750,UNRECOGNIZED,0.248,0.35,TN,CORRECTLY_REJECTED_UNKNOWN
2589,New_Images,009249.jpg,9249,UNRECOGNIZED,0.2536,0.35,TN,CORRECTLY_REJECTED_UNKNOWN
2590,New_Images,007338.jpg,7338,UNRECOGNIZED,0.2799,0.35,TN,CORRECTLY_REJECTED_UNKNOWN
2591,Real Images,003358.jpg,3358,3358,1,0.35,TP,CORRECT_MATCH
2592,Real Images,002186.jpg,2186,2186,1,0.35,TP,CORRECT_MATCH
2593,Real Images,003288.jpg,3288,3288,1,0.35,TP,CORRECT_MATCH
2594,Real Images,001362.jpg,1362,1362,1,0.35,TP,CORRECT_MATCH
2595,Real Images,004428.jpg,4428,4428,1,0.35,TP,CORRECT_MATCH
2596,New_Images,008524.jpg,8524,UNRECOGNIZED,0.2747,0.35,TN,CORRECTLY_REJECTED_UNKNOWN
2597,New_Images,005252.jpg,5252,UNRECOGNIZED,0.2261,0.35,TN,CORRECTLY_REJECTED_UNKNOWN
2598,Real Images,004841.jpg,4841,4841,1,0.35,TP,CORRECT_MATCH
2599,New_Images,008395.jpg,8395,UNRECOGNIZED,0.2199,0.35,TN,CORRECTLY_REJECTED_UNKNOWN
2600,Real Images,002428.jpg,2428,2428,1,0.35,TP,CORRECT_MATCH
2601,New_Images,007453.jpg,7453,UNRECOGNIZED,0.2558,0.35,TN,CORRECTLY_REJECTED_UNKNOWN
2602,Real Images,000734.jpg,734,734,1,0.35,TP,CORRECT_MATCH
2603,Real Images,001606.jpg,1606,1606,1,0.35,TP,CORRECT_MATCH
2604,New_Images,008794.jpg,8794,UNRECOGNIZED,0.2839,0.35,TN,CORRECTLY_REJECTED_UNKNOWN
2605,Real Images,000353.jpg,353,353,1,0.35,TP,CORRECT_MATCH
2606,Real Images,003941.jpg,3941,3941,1,0.35,TP,CORRECT_MATCH
2607,Real Images,001572.jpg,1572,1572,1,0.35,TP,CORRECT_MATCH
2608,Real Images,000434.jpg,434,434,1,0.35,TP,CORRECT_MATCH
2609,New_Images,005015.jpg,5015,NO_FACE_DETECTED,0,0.35,TN,No Face Detected by SCRFD
2610,New_Images,007560.jpg,7560,NO_FACE_DETECTED,0,0.35,TN,No Face Detected by SCRFD
2611,Real Images,000119.jpg,119,119,1,0.35,TP,CORRECT_MATCH
2612,Real Images,000533.jpg,533,533,1,0.35,TP,CORRECT_MATCH
2613,New_Images,006868.jpg,6868,UNRECOGNIZED,0.2343,0.35,TN,CORRECTLY_REJECTED_UNKNOWN
2614,New_Images,009172.jpg,9172,NO_FACE_DETECTED,0,0.35,TN,No Face Detected by SCRFD
2615,New_Images,005380.jpg,5380,NO_FACE_DETECTED,0,0.35,TN,No Face Detected by SCRFD
2616,Real Images,001388.jpg,1388,1388,1,0.35,TP,CORRECT_MATCH
2617,Real Images,002972.jpg,2972,2972,1,0.35,TP,CORRECT_MATCH
2618,New_Images,008342.jpg,8342,UNRECOGNIZED,0.2624,0.35,TN,CORRECTLY_REJECTED_UNKNOWN
2619,Real Images,000292.jpg,292,292,1,0.35,TP,CORRECT_MATCH
2620,New_Images,008049.jpg,8049,UNRECOGNIZED,0.2298,0.35,TN,CORRECTLY_REJECTED_UNKNOWN
2621,New_Images,009320.jpg,9320,NO_FACE_DETECTED,0,0.35,TN,No Face Detected by SCRFD
2622,New_Images,007102.jpg,7102,UNRECOGNIZED,0.2367,0.35,TN,CORRECTLY_REJECTED_UNKNOWN
2623,New_Images,009603.jpg,9603,NO_FACE_DETECTED,0,0.35,TN,No Face Detected by SCRFD
2624,Real Images,000580.jpg,580,580,1,0.35,TP,CORRECT_MATCH
2625,New_Images,006203.jpg,6203,UNRECOGNIZED,0.239,0.35,TN,CORRECTLY_REJECTED_UNKNOWN
2626,New_Images,006259.jpg,6259,UNRECOGNIZED,0.2311,0.35,TN,CORRECTLY_REJECTED_UNKNOWN
2627,Real Images,004146.jpg,4146,4146,1,0.35,TP,CORRECT_MATCH
2628,New_Images,009125.jpg,9125,UNRECOGNIZED,0.2325,0.35,TN,CORRECTLY_REJECTED_UNKNOWN
2629,New_Images,005864.jpg,5864,UNRECOGNIZED,0.2113,0.35,TN,CORRECTLY_REJECTED_UNKNOWN
2630,Real Images,003860.jpg,3860,3860,1,0.35,TP,CORRECT_MATCH
2631,New_Images,007564.jpg,7564,UNRECOGNIZED,0.286,0.35,TN,CORRECTLY_REJECTED_UNKNOWN
2632,Real Images,002106.jpg,2106,2106,1,0.35,TP,CORRECT_MATCH
2633,New_Images,005678.jpg,5678,UNRECOGNIZED,0.2768,0.35,TN,CORRECTLY_REJECTED_UNKNOWN
2634,Real Images,003211.jpg,3211,3211,1,0.35,TP,CORRECT_MATCH
2635,Real Images,000063.jpg,63,63,1,0.35,TP,CORRECT_MATCH
2636,Real Images,000469.jpg,469,469,1,0.35,TP,CORRECT_MATCH
2637,Real Images,001121.jpg,1121,1121,1,0.35,TP,CORRECT_MATCH
2638,Real Images,003661.jpg,3661,3661,1,0.35,TP,CORRECT_MATCH
2639,Real Images,002721.jpg,2721,2721,1,0.35,TP,CORRECT_MATCH
2640,Real Images,001117.jpg,1117,1117,1,0.35,TP,CORRECT_MATCH
2641,New_Images,008071.jpg,8071,UNRECOGNIZED,0.1919,0.35,TN,CORRECTLY_REJECTED_UNKNOWN
2642,New_Images,006277.jpg,6277,UNRECOGNIZED,0.2123,0.35,TN,CORRECTLY_REJECTED_UNKNOWN
2643,New_Images,006266.jpg,6266,UNRECOGNIZED,0.2488,0.35,TN,CORRECTLY_REJECTED_UNKNOWN
2644,Real Images,002181.jpg,2181,2181,1,0.35,TP,CORRECT_MATCH
2645,Real Images,004948.jpg,4948,4948,1,0.35,TP,CORRECT_MATCH
2646,New_Images,006187.jpg,6187,UNRECOGNIZED,0.2685,0.35,TN,CORRECTLY_REJECTED_UNKNOWN
2647,Real Images,004339.jpg,4339,4339,1,0.35,TP,CORRECT_MATCH
2648,New_Images,009344.jpg,9344,UNRECOGNIZED,0.2242,0.35,TN,CORRECTLY_REJECTED_UNKNOWN
2649,Real Images,001315.jpg,1315,1315,1,0.35,TP,CORRECT_MATCH
2650,New_Images,007863.jpg,7863,UNRECOGNIZED,0.2581,0.35,TN,CORRECTLY_REJECTED_UNKNOWN
2651,Real Images,002617.jpg,2617,2617,1,0.35,TP,CORRECT_MATCH
2652,New_Images,006374.jpg,6374,UNRECOGNIZED,0.2337,0.35,TN,CORRECTLY_REJECTED_UNKNOWN
2653,Real Images,003465.jpg,3465,3465,1,0.35,TP,CORRECT_MATCH
2654,New_Images,005925.jpg,5925,NO_FACE_DETECTED,0,0.35,TN,No Face Detected by SCRFD
2655,New_Images,005244.jpg,5244,NO_FACE_DETECTED,0,0.35,TN,No Face Detected by SCRFD
2656,Real Images,004287.jpg,4287,4287,1,0.35,TP,CORRECT_MATCH
2657,New_Images,008229.jpg,8229,UNRECOGNIZED,0.1852,0.35,TN,CORRECTLY_REJECTED_UNKNOWN
2658,New_Images,009512.jpg,9512,UNRECOGNIZED,0.2896,0.35,TN,CORRECTLY_REJECTED_UNKNOWN
2659,Real Images,001913.jpg,1913,1913,1,0.35,TP,CORRECT_MATCH
2660,Real Images,002757.jpg,2757,2757,1,0.35,TP,CORRECT_MATCH
2661,New_Images,008481.jpg,8481,UNRECOGNIZED,0.2368,0.35,TN,CORRECTLY_REJECTED_UNKNOWN
2662,New_Images,008731.jpg,8731,NO_FACE_DETECTED,0,0.35,TN,No Face Detected by SCRFD
2663,Real Images,000181.jpg,181,181,1,0.35,TP,CORRECT_MATCH
2664,New_Images,006369.jpg,6369,UNRECOGNIZED,0.2737,0.35,TN,CORRECTLY_REJECTED_UNKNOWN
2665,Real Images,000017.jpg,17,17,1,0.35,TP,CORRECT_MATCH
2666,New_Images,008543.jpg,8543,NO_FACE_DETECTED,0,0.35,TN,No Face Detected by SCRFD
2667,New_Images,006184.jpg,6184,UNRECOGNIZED,0.2444,0.35,TN,CORRECTLY_REJECTED_UNKNOWN
2668,New_Images,006091.jpg,6091,NO_FACE_DETECTED,0,0.35,TN,No Face Detected by SCRFD
2669,New_Images,007646.jpg,7646,NO_FACE_DETECTED,0,0.35,TN,No Face Detected by SCRFD
2670,Real Images,000150.jpg,150,150,1,0.35,TP,CORRECT_MATCH
2671,Real Images,004857.jpg,4857,4857,1,0.35,TP,CORRECT_MATCH
2672,Real Images,000544.jpg,544,544,1,0.35,TP,CORRECT_MATCH
2673,Real Images,002985.jpg,2985,2985,1,0.35,TP,CORRECT_MATCH
2674,Real Images,000403.jpg,403,403,1,0.35,TP,CORRECT_MATCH
2675,Real Images,000587.jpg,587,587,1,0.35,TP,CORRECT_MATCH
2676,Real Images,001341.jpg,1341,1341,1,0.35,TP,CORRECT_MATCH
2677,Real Images,001272.jpg,1272,1272,1,0.35,TP,CORRECT_MATCH
2678,Real Images,004569.jpg,4569,4569,1,0.35,TP,CORRECT_MATCH
2679,New_Images,007632.jpg,7632,UNRECOGNIZED,0.2997,0.35,TN,CORRECTLY_REJECTED_UNKNOWN
2680,New_Images,005479.jpg,5479,NO_FACE_DETECTED,0,0.35,TN,No Face Detected by SCRFD
2681,New_Images,006099.jpg,6099,UNRECOGNIZED,0.2602,0.35,TN,CORRECTLY_REJECTED_UNKNOWN
2682,Real Images,003563.jpg,3563,3563,1,0.35,TP,CORRECT_MATCH
2683,New_Images,008170.jpg,8170,UNRECOGNIZED,0.2679,0.35,TN,CORRECTLY_REJECTED_UNKNOWN
2684,New_Images,007241.jpg,7241,UNRECOGNIZED,0.2521,0.35,TN,CORRECTLY_REJECTED_UNKNOWN
2685,Real Images,004955.jpg,4955,4955,1,0.35,TP,CORRECT_MATCH
2686,Real Images,003587.jpg,3587,3587,1,0.35,TP,CORRECT_MATCH
2687,Real Images,001818.jpg,1818,1818,1,0.35,TP,CORRECT_MATCH
2688,Real Images,000380.jpg,380,380,1,0.35,TP,CORRECT_MATCH
2689,New_Images,008322.jpg,8322,UNRECOGNIZED,0.2355,0.35,TN,CORRECTLY_REJECTED_UNKNOWN
2690,New_Images,008526.jpg,8526,UNRECOGNIZED,0.2526,0.35,TN,CORRECTLY_REJECTED_UNKNOWN
2691,New_Images,008185.jpg,8185,UNRECOGNIZED,0.223,0.35,TN,CORRECTLY_REJECTED_UNKNOWN
2692,New_Images,009250.jpg,9250,UNRECOGNIZED,0.2801,0.35,TN,CORRECTLY_REJECTED_UNKNOWN
2693,Real Images,004726.jpg,4726,4726,1,0.35,TP,CORRECT_MATCH
2694,New_Images,008411.jpg,8411,UNRECOGNIZED,0.2641,0.35,TN,CORRECTLY_REJECTED_UNKNOWN
2695,Real Images,002151.jpg,2151,2151,1,0.35,TP,CORRECT_MATCH
2696,New_Images,007514.jpg,7514,UNRECOGNIZED,0.2357,0.35,TN,CORRECTLY_REJECTED_UNKNOWN
2697,Real Images,001240.jpg,1240,1240,1,0.35,TP,CORRECT_MATCH
2698,Real Images,001852.jpg,1852,1852,1,0.35,TP,CORRECT_MATCH
2699,Real Images,003446.jpg,3446,3446,1,0.35,TP,CORRECT_MATCH
2700,New_Images,007546.jpg,7546,NO_FACE_DETECTED,0,0.35,TN,No Face Detected by SCRFD
2701,Real Images,002036.jpg,2036,2036,1,0.35,TP,CORRECT_MATCH
2702,Real Images,004325.jpg,4325,4325,1,0.35,TP,CORRECT_MATCH
2703,Real Images,002735.jpg,2735,2735,1,0.35,TP,CORRECT_MATCH
2704,Real Images,001113.jpg,1113,1113,1,0.35,TP,CORRECT_MATCH
2705,Real Images,003752.jpg,3752,3752,1,0.35,TP,CORRECT_MATCH
2706,New_Images,005892.jpg,5892,UNRECOGNIZED,0.2324,0.35,TN,CORRECTLY_REJECTED_UNKNOWN
2707,New_Images,006503.jpg,6503,UNRECOGNIZED,0.2582,0.35,TN,CORRECTLY_REJECTED_UNKNOWN
2708,Real Images,000479.jpg,479,479,1,0.35,TP,CORRECT_MATCH
2709,New_Images,005992.jpg,5992,NO_FACE_DETECTED,0,0.35,TN,No Face Detected by SCRFD
2710,Real Images,000768.jpg,768,768,1,0.35,TP,CORRECT_MATCH
2711,Real Images,004435.jpg,4435,4435,1,0.35,TP,CORRECT_MATCH
2712,New_Images,006327.jpg,6327,UNRECOGNIZED,0.245,0.35,TN,CORRECTLY_REJECTED_UNKNOWN
2713,Real Images,003906.jpg,3906,3906,1,0.35,TP,CORRECT_MATCH
2714,Real Images,000680.jpg,680,680,1,0.35,TP,CORRECT_MATCH
2715,Real Images,002189.jpg,2189,2189,1,0.35,TP,CORRECT_MATCH
2716,New_Images,005419.jpg,5419,UNRECOGNIZED,0.2298,0.35,TN,CORRECTLY_REJECTED_UNKNOWN
2717,New_Images,009566.jpg,9566,UNRECOGNIZED,0.2797,0.35,TN,CORRECTLY_REJECTED_UNKNOWN
2718,New_Images,006598.jpg,6598,UNRECOGNIZED,0.2298,0.35,TN,CORRECTLY_REJECTED_UNKNOWN
2719,Real Images,000128.jpg,128,128,1,0.35,TP,CORRECT_MATCH
2720,Real Images,001149.jpg,1149,1149,1,0.35,TP,CORRECT_MATCH
2721,New_Images,005771.jpg,5771,NO_FACE_DETECTED,0,0.35,TN,No Face Detected by SCRFD
2722,Real Images,000272.jpg,272,272,1,0.35,TP,CORRECT_MATCH
2723,New_Images,005100.jpg,5100,UNRECOGNIZED,0.2224,0.35,TN,CORRECTLY_REJECTED_UNKNOWN
2724,New_Images,005653.jpg,5653,UNRECOGNIZED,0.2249,0.35,TN,CORRECTLY_REJECTED_UNKNOWN
2725,Real Images,002366.jpg,2366,2366,1,0.35,TP,CORRECT_MATCH
2726,Real Images,003713.jpg,3713,3713,1,0.35,TP,CORRECT_MATCH
2727,New_Images,009617.jpg,9617,NO_FACE_DETECTED,0,0.35,TN,No Face Detected by SCRFD
2728,New_Images,006260.jpg,6260,UNRECOGNIZED,0.3377,0.35,TN,CORRECTLY_REJECTED_UNKNOWN
2729,Real Images,002275.jpg,2275,2275,1,0.35,TP,CORRECT_MATCH
2730,Real Images,003295.jpg,3295,3295,1,0.35,TP,CORRECT_MATCH
2731,Real Images,002315.jpg,2315,2315,1,0.35,TP,CORRECT_MATCH
2732,Real Images,001227.jpg,1227,1227,1,0.35,TP,CORRECT_MATCH
2733,New_Images,009340.jpg,9340,NO_FACE_DETECTED,0,0.35,TN,No Face Detected by SCRFD
2734,Real Images,003356.jpg,3356,3356,1,0.35,TP,CORRECT_MATCH
2735,Real Images,002777.jpg,2777,2777,1,0.35,TP,CORRECT_MATCH
2736,New_Images,009211.jpg,9211,UNRECOGNIZED,0.189,0.35,TN,CORRECTLY_REJECTED_UNKNOWN
2737,Real Images,002918.jpg,2918,2918,1,0.35,TP,CORRECT_MATCH
2738,New_Images,006149.jpg,6149,NO_FACE_DETECTED,0,0.35,TN,No Face Detected by SCRFD
2739,Real Images,004393.jpg,4393,4393,1,0.35,TP,CORRECT_MATCH
2740,New_Images,007447.jpg,7447,UNRECOGNIZED,0.2109,0.35,TN,CORRECTLY_REJECTED_UNKNOWN
2741,New_Images,007388.jpg,7388,NO_FACE_DETECTED,0,0.35,TN,No Face Detected by SCRFD
2742,Real Images,004837.jpg,4837,4837,1,0.35,TP,CORRECT_MATCH
2743,New_Images,006817.jpg,6817,NO_FACE_DETECTED,0,0.35,TN,No Face Detected by SCRFD
2744,New_Images,006148.jpg,6148,UNRECOGNIZED,0.2388,0.35,TN,CORRECTLY_REJECTED_UNKNOWN
2745,Real Images,004858.jpg,4858,4858,1,0.35,TP,CORRECT_MATCH
2746,Real Images,001944.jpg,1944,1944,1,0.35,TP,CORRECT_MATCH
2747,Real Images,001963.jpg,1963,1963,1,0.35,TP,CORRECT_MATCH
2748,New_Images,005033.jpg,5033,UNRECOGNIZED,0.1982,0.35,TN,CORRECTLY_REJECTED_UNKNOWN
2749,Real Images,001354.jpg,1354,1354,1,0.35,TP,CORRECT_MATCH
2750,New_Images,005431.jpg,5431,UNRECOGNIZED,0.2298,0.35,TN,CORRECTLY_REJECTED_UNKNOWN
2751,New_Images,007819.jpg,7819,UNRECOGNIZED,0.2326,0.35,TN,CORRECTLY_REJECTED_UNKNOWN
2752,Real Images,000120.jpg,120,NO_FACE_DETECTED,0,0.35,TN,No Face Detected by SCRFD
2753,Real Images,003516.jpg,3516,3516,1,0.35,TP,CORRECT_MATCH
2754,New_Images,008164.jpg,8164,UNRECOGNIZED,0.242,0.35,TN,CORRECTLY_REJECTED_UNKNOWN
2755,New_Images,008553.jpg,8553,UNRECOGNIZED,0.2345,0.35,TN,CORRECTLY_REJECTED_UNKNOWN
2756,New_Images,008445.jpg,8445,UNRECOGNIZED,0.299,0.35,TN,CORRECTLY_REJECTED_UNKNOWN
2757,New_Images,008178.jpg,8178,UNRECOGNIZED,0.2916,0.35,TN,CORRECTLY_REJECTED_UNKNOWN
2758,Real Images,000467.jpg,467,467,1,0.35,TP,CORRECT_MATCH
2759,Real Images,000026.jpg,26,26,1,0.35,TP,CORRECT_MATCH
2760,New_Images,007991.jpg,7991,UNRECOGNIZED,0.2274,0.35,TN,CORRECTLY_REJECTED_UNKNOWN
2761,Real Images,003459.jpg,3459,3459,1,0.35,TP,CORRECT_MATCH
2762,New_Images,008372.jpg,8372,UNRECOGNIZED,0.2297,0.35,TN,CORRECTLY_REJECTED_UNKNOWN
2763,New_Images,005876.jpg,5876,NO_FACE_DETECTED,0,0.35,TN,No Face Detected by SCRFD
2764,Real Images,001261.jpg,1261,1261,1,0.35,TP,CORRECT_MATCH
2765,Real Images,002832.jpg,2832,2832,1,0.35,TP,CORRECT_MATCH
2766,Real Images,001043.jpg,1043,1043,1,0.35,TP,CORRECT_MATCH
2767,Real Images,001154.jpg,1154,1154,1,0.35,TP,CORRECT_MATCH
2768,Real Images,000825.jpg,825,825,1,0.35,TP,CORRECT_MATCH
2769,New_Images,006848.jpg,6848,NO_FACE_DETECTED,0,0.35,TN,No Face Detected by SCRFD
2770,New_Images,006621.jpg,6621,NO_FACE_DETECTED,0,0.35,TN,No Face Detected by SCRFD
2771,New_Images,007127.jpg,7127,UNRECOGNIZED,0.2097,0.35,TN,CORRECTLY_REJECTED_UNKNOWN
2772,New_Images,006979.jpg,6979,NO_FACE_DETECTED,0,0.35,TN,No Face Detected by SCRFD
2773,Real Images,004046.jpg,4046,4046,1,0.35,TP,CORRECT_MATCH
2774,New_Images,007293.jpg,7293,UNRECOGNIZED,0.239,0.35,TN,CORRECTLY_REJECTED_UNKNOWN
2775,New_Images,005894.jpg,5894,UNRECOGNIZED,0.2668,0.35,TN,CORRECTLY_REJECTED_UNKNOWN
2776,New_Images,007068.jpg,7068,UNRECOGNIZED,0.3142,0.35,TN,CORRECTLY_REJECTED_UNKNOWN
2777,New_Images,005478.jpg,5478,UNRECOGNIZED,0.2432,0.35,TN,CORRECTLY_REJECTED_UNKNOWN
2778,New_Images,007393.jpg,7393,UNRECOGNIZED,0.2354,0.35,TN,CORRECTLY_REJECTED_UNKNOWN
2779,New_Images,009129.jpg,9129,UNRECOGNIZED,0.2399,0.35,TN,CORRECTLY_REJECTED_UNKNOWN
2780,New_Images,005216.jpg,5216,UNRECOGNIZED,0.3295,0.35,TN,CORRECTLY_REJECTED_UNKNOWN
2781,Real Images,000484.jpg,484,484,1,0.35,TP,CORRECT_MATCH
2782,New_Images,008595.jpg,8595,NO_FACE_DETECTED,0,0.35,TN,No Face Detected by SCRFD
2783,Real Images,003190.jpg,3190,3190,1,0.35,TP,CORRECT_MATCH
2784,New_Images,006000.jpg,6000,NO_FACE_DETECTED,0,0.35,TN,No Face Detected by SCRFD
2785,New_Images,008816.jpg,8816,NO_FACE_DETECTED,0,0.35,TN,No Face Detected by SCRFD
2786,New_Images,009179.jpg,9179,NO_FACE_DETECTED,0,0.35,TN,No Face Detected by SCRFD
2787,New_Images,008077.jpg,8077,UNRECOGNIZED,0.2495,0.35,TN,CORRECTLY_REJECTED_UNKNOWN
2788,Real Images,001190.jpg,1190,1190,1,0.35,TP,CORRECT_MATCH
2789,Real Images,003642.jpg,3642,3642,1,0.35,TP,CORRECT_MATCH
2790,Real Images,004547.jpg,4547,4547,1,0.35,TP,CORRECT_MATCH
2791,Real Images,004121.jpg,4121,4121,1,0.35,TP,CORRECT_MATCH
2792,Real Images,002018.jpg,2018,2018,1,0.35,TP,CORRECT_MATCH
2793,Real Images,003622.jpg,3622,3622,1,0.35,TP,CORRECT_MATCH
2794,New_Images,008649.jpg,8649,UNRECOGNIZED,0.2388,0.35,TN,CORRECTLY_REJECTED_UNKNOWN
2795,Real Images,002129.jpg,2129,2129,1,0.35,TP,CORRECT_MATCH
2796,New_Images,007138.jpg,7138,UNRECOGNIZED,0.2887,0.35,TN,CORRECTLY_REJECTED_UNKNOWN
2797,New_Images,007588.jpg,7588,UNRECOGNIZED,0.2783,0.35,TN,CORRECTLY_REJECTED_UNKNOWN
2798,Real Images,002517.jpg,2517,2517,1,0.35,TP,CORRECT_MATCH
2799,New_Images,005690.jpg,5690,UNRECOGNIZED,0.2429,0.35,TN,CORRECTLY_REJECTED_UNKNOWN
2800,Real Images,001450.jpg,1450,1450,1,0.35,TP,CORRECT_MATCH
2801,New_Images,006677.jpg,6677,NO_FACE_DETECTED,0,0.35,TN,No Face Detected by SCRFD
2802,Real Images,002356.jpg,2356,2356,1,0.35,TP,CORRECT_MATCH
2803,New_Images,009088.jpg,9088,NO_FACE_DETECTED,0,0.35,TN,No Face Detected by SCRFD
2804,New_Images,009121.jpg,9121,UNRECOGNIZED,0.2433,0.35,TN,CORRECTLY_REJECTED_UNKNOWN
2805,Real Images,001297.jpg,1297,1297,1,0.35,TP,CORRECT_MATCH
2806,Real Images,002494.jpg,2494,2494,1,0.35,TP,CORRECT_MATCH
2807,Real Images,003464.jpg,3464,3464,1,0.35,TP,CORRECT_MATCH
2808,New_Images,007648.jpg,7648,UNRECOGNIZED,0.2559,0.35,TN,CORRECTLY_REJECTED_UNKNOWN
2809,Real Images,002478.jpg,2478,2478,1,0.35,TP,CORRECT_MATCH
2810,New_Images,009201.jpg,9201,UNRECOGNIZED,0.2697,0.35,TN,CORRECTLY_REJECTED_UNKNOWN
2811,Real Images,003617.jpg,3617,3617,1,0.35,TP,CORRECT_MATCH
2812,Real Images,003501.jpg,3501,3501,1,0.35,TP,CORRECT_MATCH
2813,New_Images,006036.jpg,6036,NO_FACE_DETECTED,0,0.35,TN,No Face Detected by SCRFD
2814,New_Images,007919.jpg,7919,UNRECOGNIZED,0.2395,0.35,TN,CORRECTLY_REJECTED_UNKNOWN
2815,Real Images,004291.jpg,4291,4291,1,0.35,TP,CORRECT_MATCH
2816,New_Images,009492.jpg,9492,UNRECOGNIZED,0.2559,0.35,TN,CORRECTLY_REJECTED_UNKNOWN
2817,Real Images,003062.jpg,3062,3062,1,0.35,TP,CORRECT_MATCH
2818,New_Images,008952.jpg,8952,UNRECOGNIZED,0.2283,0.35,TN,CORRECTLY_REJECTED_UNKNOWN
2819,New_Images,009238.jpg,9238,UNRECOGNIZED,0.2872,0.35,TN,CORRECTLY_REJECTED_UNKNOWN
2820,Real Images,002149.jpg,2149,2149,1,0.35,TP,CORRECT_MATCH
2821,Real Images,003266.jpg,3266,3266,1,0.35,TP,CORRECT_MATCH
2822,Real Images,002159.jpg,2159,2159,1,0.35,TP,CORRECT_MATCH
2823,New_Images,008536.jpg,8536,NO_FACE_DETECTED,0,0.35,TN,No Face Detected by SCRFD
2824,New_Images,005660.jpg,5660,NO_FACE_DETECTED,0,0.35,TN,No Face Detected by SCRFD
2825,Real Images,003730.jpg,3730,3730,1,0.35,TP,CORRECT_MATCH
2826,Real Images,003626.jpg,3626,3626,1,0.35,TP,CORRECT_MATCH
2827,Real Images,001929.jpg,1929,1929,1,0.35,TP,CORRECT_MATCH
2828,New_Images,009109.jpg,9109,NO_FACE_DETECTED,0,0.35,TN,No Face Detected by SCRFD
2829,New_Images,005538.jpg,5538,UNRECOGNIZED,0.2054,0.35,TN,CORRECTLY_REJECTED_UNKNOWN
2830,Real Images,002922.jpg,2922,2922,1,0.35,TP,CORRECT_MATCH
2831,Real Images,001751.jpg,1751,1751,1,0.35,TP,CORRECT_MATCH
2832,New_Images,007422.jpg,7422,UNRECOGNIZED,0.2201,0.35,TN,CORRECTLY_REJECTED_UNKNOWN
2833,Real Images,004573.jpg,4573,4573,1,0.35,TP,CORRECT_MATCH
2834,Real Images,001510.jpg,1510,1510,1,0.35,TP,CORRECT_MATCH
2835,Real Images,001323.jpg,1323,1323,1,0.35,TP,CORRECT_MATCH
2836,New_Images,009538.jpg,9538,UNRECOGNIZED,0.25,0.35,TN,CORRECTLY_REJECTED_UNKNOWN
2837,New_Images,006725.jpg,6725,UNRECOGNIZED,0.2408,0.35,TN,CORRECTLY_REJECTED_UNKNOWN
2838,New_Images,008195.jpg,8195,UNRECOGNIZED,0.2073,0.35,TN,CORRECTLY_REJECTED_UNKNOWN
2839,New_Images,005711.jpg,5711,NO_FACE_DETECTED,0,0.35,TN,No Face Detected by SCRFD
2840,New_Images,007955.jpg,7955,UNRECOGNIZED,0.2258,0.35,TN,CORRECTLY_REJECTED_UNKNOWN
2841,Real Images,003791.jpg,3791,3791,1,0.35,TP,CORRECT_MATCH
2842,New_Images,007491.jpg,7491,NO_FACE_DETECTED,0,0.35,TN,No Face Detected by SCRFD
2843,Real Images,004068.jpg,4068,4068,1,0.35,TP,CORRECT_MATCH
2844,New_Images,008658.jpg,8658,UNRECOGNIZED,0.2624,0.35,TN,CORRECTLY_REJECTED_UNKNOWN
2845,New_Images,005451.jpg,5451,UNRECOGNIZED,0.2216,0.35,TN,CORRECTLY_REJECTED_UNKNOWN
2846,New_Images,009081.jpg,9081,UNRECOGNIZED,0.2514,0.35,TN,CORRECTLY_REJECTED_UNKNOWN
2847,Real Images,004685.jpg,4685,4685,1,0.35,TP,CORRECT_MATCH
2848,New_Images,009099.jpg,9099,UNRECOGNIZED,0.2352,0.35,TN,CORRECTLY_REJECTED_UNKNOWN
2849,New_Images,006758.jpg,6758,UNRECOGNIZED,0.2517,0.35,TN,CORRECTLY_REJECTED_UNKNOWN
2850,Real Images,002753.jpg,2753,2753,1,0.35,TP,CORRECT_MATCH
2851,New_Images,006757.jpg,6757,UNRECOGNIZED,0.2294,0.35,TN,CORRECTLY_REJECTED_UNKNOWN
2852,Real Images,000731.jpg,731,731,1,0.35,TP,CORRECT_MATCH
2853,Real Images,001708.jpg,1708,1708,1,0.35,TP,CORRECT_MATCH
2854,New_Images,005442.jpg,5442,NO_FACE_DETECTED,0,0.35,TN,No Face Detected by SCRFD
2855,Real Images,003787.jpg,3787,3787,1,0.35,TP,CORRECT_MATCH
2856,New_Images,006539.jpg,6539,NO_FACE_DETECTED,0,0.35,TN,No Face Detected by SCRFD
2857,New_Images,008770.jpg,8770,UNRECOGNIZED,0.268,0.35,TN,CORRECTLY_REJECTED_UNKNOWN
2858,New_Images,007805.jpg,7805,UNRECOGNIZED,0.2613,0.35,TN,CORRECTLY_REJECTED_UNKNOWN
2859,New_Images,006020.jpg,6020,UNRECOGNIZED,0.2277,0.35,TN,CORRECTLY_REJECTED_UNKNOWN
2860,New_Images,007395.jpg,7395,UNRECOGNIZED,0.2486,0.35,TN,CORRECTLY_REJECTED_UNKNOWN
2861,Real Images,002733.jpg,2733,2733,1,0.35,TP,CORRECT_MATCH
2862,Real Images,003031.jpg,3031,3031,1,0.35,TP,CORRECT_MATCH
2863,Real Images,000596.jpg,596,596,1,0.35,TP,CORRECT_MATCH
2864,Real Images,000151.jpg,151,151,1,0.35,TP,CORRECT_MATCH
2865,New_Images,006399.jpg,6399,NO_FACE_DETECTED,0,0.35,TN,No Face Detected by SCRFD
2866,Real Images,002676.jpg,2676,2676,1,0.35,TP,CORRECT_MATCH
2867,Real Images,000226.jpg,226,226,1,0.35,TP,CORRECT_MATCH
2868,New_Images,005481.jpg,5481,UNRECOGNIZED,0.2303,0.35,TN,CORRECTLY_REJECTED_UNKNOWN
2869,New_Images,006943.jpg,6943,UNRECOGNIZED,0.2359,0.35,TN,CORRECTLY_REJECTED_UNKNOWN
2870,New_Images,009316.jpg,9316,UNRECOGNIZED,0.2542,0.35,TN,CORRECTLY_REJECTED_UNKNOWN
2871,Real Images,000851.jpg,851,851,1,0.35,TP,CORRECT_MATCH
2872,Real Images,004045.jpg,4045,4045,1,0.35,TP,CORRECT_MATCH
2873,New_Images,009311.jpg,9311,UNRECOGNIZED,0.2834,0.35,TN,CORRECTLY_REJECTED_UNKNOWN
2874,Real Images,003582.jpg,3582,3582,1,0.35,TP,CORRECT_MATCH
2875,New_Images,009580.jpg,9580,UNRECOGNIZED,0.2331,0.35,TN,CORRECTLY_REJECTED_UNKNOWN
2876,Real Images,004780.jpg,4780,4780,1,0.35,TP,CORRECT_MATCH
2877,Real Images,001003.jpg,1003,1003,1,0.35,TP,CORRECT_MATCH
2878,New_Images,005019.jpg,5019,UNRECOGNIZED,0.2564,0.35,TN,CORRECTLY_REJECTED_UNKNOWN
2879,Real Images,002459.jpg,2459,2459,1,0.35,TP,CORRECT_MATCH
2880,Real Images,002463.jpg,2463,2463,1,0.35,TP,CORRECT_MATCH
2881,Real Images,003049.jpg,3049,3049,1,0.35,TP,CORRECT_MATCH
2882,New_Images,008110.jpg,8110,NO_FACE_DETECTED,0,0.35,TN,No Face Detected by SCRFD
2883,New_Images,009624.jpg,9624,UNRECOGNIZED,0.2461,0.35,TN,CORRECTLY_REJECTED_UNKNOWN
2884,New_Images,006633.jpg,6633,UNRECOGNIZED,0.2295,0.35,TN,CORRECTLY_REJECTED_UNKNOWN
2885,Real Images,001949.jpg,1949,1949,1,0.35,TP,CORRECT_MATCH
2886,Real Images,002916.jpg,2916,2916,1,0.35,TP,CORRECT_MATCH
2887,Real Images,002412.jpg,2412,2412,1,0.35,TP,CORRECT_MATCH
2888,New_Images,008781.jpg,8781,UNRECOGNIZED,0.3197,0.35,TN,CORRECTLY_REJECTED_UNKNOWN
2889,Real Images,000975.jpg,975,975,1,0.35,TP,CORRECT_MATCH
2890,Real Images,003764.jpg,3764,3764,1,0.35,TP,CORRECT_MATCH
2891,New_Images,007943.jpg,7943,UNRECOGNIZED,0.2196,0.35,TN,CORRECTLY_REJECTED_UNKNOWN
2892,Real Images,000024.jpg,24,24,1,0.35,TP,CORRECT_MATCH
2893,New_Images,009609.jpg,9609,UNRECOGNIZED,0.2538,0.35,TN,CORRECTLY_REJECTED_UNKNOWN
2894,Real Images,002043.jpg,2043,2043,1,0.35,TP,CORRECT_MATCH
2895,New_Images,005069.jpg,5069,NO_FACE_DETECTED,0,0.35,TN,No Face Detected by SCRFD
2896,New_Images,008777.jpg,8777,NO_FACE_DETECTED,0,0.35,TN,No Face Detected by SCRFD
2897,Real Images,000051.jpg,51,51,1,0.35,TP,CORRECT_MATCH
2898,Real Images,001037.jpg,1037,1037,1,0.35,TP,CORRECT_MATCH
2899,New_Images,005723.jpg,5723,UNRECOGNIZED,0.2353,0.35,TN,CORRECTLY_REJECTED_UNKNOWN
2900,New_Images,005542.jpg,5542,NO_FACE_DETECTED,0,0.35,TN,No Face Detected by SCRFD
2901,New_Images,006170.jpg,6170,NO_FACE_DETECTED,0,0.35,TN,No Face Detected by SCRFD
2902,New_Images,006447.jpg,6447,UNRECOGNIZED,0.219,0.35,TN,CORRECTLY_REJECTED_UNKNOWN
2903,New_Images,006830.jpg,6830,UNRECOGNIZED,0.2375,0.35,TN,CORRECTLY_REJECTED_UNKNOWN
2904,New_Images,007676.jpg,7676,UNRECOGNIZED,0.2957,0.35,TN,CORRECTLY_REJECTED_UNKNOWN
2905,New_Images,008808.jpg,8808,UNRECOGNIZED,0.252,0.35,TN,CORRECTLY_REJECTED_UNKNOWN
2906,New_Images,006963.jpg,6963,UNRECOGNIZED,0.2711,0.35,TN,CORRECTLY_REJECTED_UNKNOWN
2907,New_Images,009507.jpg,9507,UNRECOGNIZED,0.2381,0.35,TN,CORRECTLY_REJECTED_UNKNOWN
2908,New_Images,008521.jpg,8521,NO_FACE_DETECTED,0,0.35,TN,No Face Detected by SCRFD
2909,New_Images,007723.jpg,7723,UNRECOGNIZED,0.2547,0.35,TN,CORRECTLY_REJECTED_UNKNOWN
2910,Real Images,001719.jpg,1719,1719,1,0.35,TP,CORRECT_MATCH
2911,New_Images,005430.jpg,5430,UNRECOGNIZED,0.2302,0.35,TN,CORRECTLY_REJECTED_UNKNOWN
2912,Real Images,004356.jpg,4356,4356,1,0.35,TP,CORRECT_MATCH
2913,Real Images,004208.jpg,4208,4208,1,0.35,TP,CORRECT_MATCH
2914,Real Images,000665.jpg,665,665,1,0.35,TP,CORRECT_MATCH
2915,Real Images,004968.jpg,4968,4968,1,0.35,TP,CORRECT_MATCH
2916,Real Images,002702.jpg,2702,2702,1,0.35,TP,CORRECT_MATCH
2917,New_Images,006735.jpg,6735,UNRECOGNIZED,0.285,0.35,TN,CORRECTLY_REJECTED_UNKNOWN
2918,Real Images,001373.jpg,1373,1373,1,0.35,TP,CORRECT_MATCH
2919,Real Images,000700.jpg,700,700,1,0.35,TP,CORRECT_MATCH
2920,Real Images,003551.jpg,3551,3551,1,0.35,TP,CORRECT_MATCH
2921,Real Images,003009.jpg,3009,3009,1,0.35,TP,CORRECT_MATCH
2922,New_Images,006997.jpg,6997,UNRECOGNIZED,0.2923,0.35,TN,CORRECTLY_REJECTED_UNKNOWN
2923,Real Images,001552.jpg,1552,1552,1,0.35,TP,CORRECT_MATCH
2924,Real Images,000655.jpg,655,655,1,0.35,TP,CORRECT_MATCH
2925,New_Images,005060.jpg,5060,UNRECOGNIZED,0.2603,0.35,TN,CORRECTLY_REJECTED_UNKNOWN
2926,New_Images,005553.jpg,5553,UNRECOGNIZED,0.2681,0.35,TN,CORRECTLY_REJECTED_UNKNOWN
2927,Real Images,001574.jpg,1574,1574,1,0.35,TP,CORRECT_MATCH
2928,Real Images,002898.jpg,2898,2898,1,0.35,TP,CORRECT_MATCH
2929,New_Images,009161.jpg,9161,NO_FACE_DETECTED,0,0.35,TN,No Face Detected by SCRFD
2930,New_Images,005362.jpg,5362,UNRECOGNIZED,0.308,0.35,TN,CORRECTLY_REJECTED_UNKNOWN
2931,Real Images,001487.jpg,1487,1487,1,0.35,TP,CORRECT_MATCH
2932,New_Images,007389.jpg,7389,UNRECOGNIZED,0.301,0.35,TN,CORRECTLY_REJECTED_UNKNOWN
2933,New_Images,009119.jpg,9119,UNRECOGNIZED,0.2283,0.35,TN,CORRECTLY_REJECTED_UNKNOWN
2934,New_Images,009061.jpg,9061,UNRECOGNIZED,0.2401,0.35,TN,CORRECTLY_REJECTED_UNKNOWN
2935,Real Images,000468.jpg,468,468,1,0.35,TP,CORRECT_MATCH
2936,Real Images,000374.jpg,374,374,1,0.35,TP,CORRECT_MATCH
2937,Real Images,000507.jpg,507,507,1,0.35,TP,CORRECT_MATCH
2938,Real Images,004827.jpg,4827,4827,1,0.35,TP,CORRECT_MATCH
2939,New_Images,007109.jpg,7109,NO_FACE_DETECTED,0,0.35,TN,No Face Detected by SCRFD
2940,New_Images,009419.jpg,9419,UNRECOGNIZED,0.2703,0.35,TN,CORRECTLY_REJECTED_UNKNOWN
2941,New_Images,006688.jpg,6688,UNRECOGNIZED,0.2415,0.35,TN,CORRECTLY_REJECTED_UNKNOWN
2942,New_Images,008177.jpg,8177,NO_FACE_DETECTED,0,0.35,TN,No Face Detected by SCRFD
2943,New_Images,008371.jpg,8371,UNRECOGNIZED,0.2542,0.35,TN,CORRECTLY_REJECTED_UNKNOWN
2944,Real Images,003767.jpg,3767,3767,1,0.35,TP,CORRECT_MATCH
2945,New_Images,008500.jpg,8500,UNRECOGNIZED,0.2115,0.35,TN,CORRECTLY_REJECTED_UNKNOWN
2946,Real Images,004795.jpg,4795,4795,1,0.35,TP,CORRECT_MATCH
2947,Real Images,004933.jpg,4933,4933,1,0.35,TP,CORRECT_MATCH
2948,New_Images,007266.jpg,7266,UNRECOGNIZED,0.2437,0.35,TN,CORRECTLY_REJECTED_UNKNOWN
2949,New_Images,008759.jpg,8759,UNRECOGNIZED,0.2344,0.35,TN,CORRECTLY_REJECTED_UNKNOWN
2950,Real Images,003479.jpg,3479,3479,1,0.35,TP,CORRECT_MATCH
2951,Real Images,000103.jpg,103,103,1,0.35,TP,CORRECT_MATCH
2952,New_Images,007807.jpg,7807,UNRECOGNIZED,0.2809,0.35,TN,CORRECTLY_REJECTED_UNKNOWN
2953,Real Images,003272.jpg,3272,3272,1,0.35,TP,CORRECT_MATCH
2954,New_Images,008655.jpg,8655,NO_FACE_DETECTED,0,0.35,TN,No Face Detected by SCRFD
2955,Real Images,001611.jpg,1611,1611,1,0.35,TP,CORRECT_MATCH
2956,New_Images,008045.jpg,8045,NO_FACE_DETECTED,0,0.35,TN,No Face Detected by SCRFD
2957,Real Images,004072.jpg,4072,4072,1,0.35,TP,CORRECT_MATCH
2958,Real Images,004221.jpg,4221,4221,1,0.35,TP,CORRECT_MATCH
2959,New_Images,008973.jpg,8973,NO_FACE_DETECTED,0,0.35,TN,No Face Detected by SCRFD
2960,Real Images,000737.jpg,737,737,1,0.35,TP,CORRECT_MATCH
2961,Real Images,004741.jpg,4741,4741,1,0.35,TP,CORRECT_MATCH
2962,Real Images,003163.jpg,3163,3163,1,0.35,TP,CORRECT_MATCH
2963,New_Images,007537.jpg,7537,UNRECOGNIZED,0.2638,0.35,TN,CORRECTLY_REJECTED_UNKNOWN
2964,New_Images,008285.jpg,8285,UNRECOGNIZED,0.3185,0.35,TN,CORRECTLY_REJECTED_UNKNOWN
2965,New_Images,006760.jpg,6760,NO_FACE_DETECTED,0,0.35,TN,No Face Detected by SCRFD
2966,New_Images,009491.jpg,9491,UNRECOGNIZED,0.2335,0.35,TN,CORRECTLY_REJECTED_UNKNOWN
2967,New_Images,005600.jpg,5600,UNRECOGNIZED,0.2446,0.35,TN,CORRECTLY_REJECTED_UNKNOWN
2968,Real Images,000583.jpg,583,583,1,0.35,TP,CORRECT_MATCH
2969,New_Images,007944.jpg,7944,UNRECOGNIZED,0.2513,0.35,TN,CORRECTLY_REJECTED_UNKNOWN
2970,Real Images,004411.jpg,4411,4411,1,0.35,TP,CORRECT_MATCH
2971,New_Images,009004.jpg,9004,UNRECOGNIZED,0.2414,0.35,TN,CORRECTLY_REJECTED_UNKNOWN
2972,Real Images,003562.jpg,3562,3562,1,0.35,TP,CORRECT_MATCH
2973,Real Images,001206.jpg,1206,1206,1,0.35,TP,CORRECT_MATCH
2974,New_Images,008750.jpg,8750,UNRECOGNIZED,0.2668,0.35,TN,CORRECTLY_REJECTED_UNKNOWN
2975,Real Images,000682.jpg,682,682,1,0.35,TP,CORRECT_MATCH
2976,New_Images,009222.jpg,9222,NO_FACE_DETECTED,0,0.35,TN,No Face Detected by SCRFD
2977,Real Images,001172.jpg,1172,1172,1,0.35,TP,CORRECT_MATCH
2978,Real Images,001248.jpg,1248,1248,1,0.35,TP,CORRECT_MATCH
2979,New_Images,007535.jpg,7535,UNRECOGNIZED,0.2634,0.35,TN,CORRECTLY_REJECTED_UNKNOWN
2980,Real Images,001801.jpg,1801,1801,1,0.35,TP,CORRECT_MATCH
2981,Real Images,001193.jpg,1193,1193,1,0.35,TP,CORRECT_MATCH
2982,Real Images,003569.jpg,3569,3569,1,0.35,TP,CORRECT_MATCH
2983,Real Images,003303.jpg,3303,3303,1,0.35,TP,CORRECT_MATCH
2984,Real Images,004077.jpg,4077,4077,1,0.35,TP,CORRECT_MATCH
2985,Real Images,002115.jpg,2115,2115,1,0.35,TP,CORRECT_MATCH
2986,Real Images,001587.jpg,1587,1587,1,0.35,TP,CORRECT_MATCH
2987,Real Images,002285.jpg,2285,2285,1,0.35,TP,CORRECT_MATCH
2988,Real Images,000161.jpg,161,161,1,0.35,TP,CORRECT_MATCH
2989,Real Images,001621.jpg,1621,1621,1,0.35,TP,CORRECT_MATCH
2990,New_Images,005778.jpg,5778,NO_FACE_DETECTED,0,0.35,TN,No Face Detected by SCRFD
2991,Real Images,002125.jpg,2125,2125,1,0.35,TP,CORRECT_MATCH
2992,Real Images,001007.jpg,1007,1007,1,0.35,TP,CORRECT_MATCH
2993,Real Images,000174.jpg,174,174,1,0.35,TP,CORRECT_MATCH
2994,New_Images,009463.jpg,9463,UNRECOGNIZED,0.2351,0.35,TN,CORRECTLY_REJECTED_UNKNOWN
2995,Real Images,001850.jpg,1850,1850,1,0.35,TP,CORRECT_MATCH
2996,New_Images,008069.jpg,8069,UNRECOGNIZED,0.257,0.35,TN,CORRECTLY_REJECTED_UNKNOWN
2997,New_Images,006982.jpg,6982,NO_FACE_DETECTED,0,0.35,TN,No Face Detected by SCRFD
2998,Real Images,000158.jpg,158,158,1,0.35,TP,CORRECT_MATCH
2999,Real Images,002885.jpg,2885,2885,1,0.35,TP,CORRECT_MATCH
3000,Real Images,002628.jpg,2628,2628,1,0.35,TP,CORRECT_MATCH
3001,Real Images,002152.jpg,2152,2152,1,0.35,TP,CORRECT_MATCH
3002,New_Images,007820.jpg,7820,NO_FACE_DETECTED,0,0.35,TN,No Face Detected by SCRFD
3003,New_Images,006154.jpg,6154,UNRECOGNIZED,0.2598,0.35,TN,CORRECTLY_REJECTED_UNKNOWN
3004,Real Images,004244.jpg,4244,4244,1,0.35,TP,CORRECT_MATCH
3005,Real Images,004873.jpg,4873,4873,1,0.35,TP,CORRECT_MATCH
3006,New_Images,006361.jpg,6361,UNRECOGNIZED,0.2714,0.35,TN,CORRECTLY_REJECTED_UNKNOWN
3007,Real Images,001282.jpg,1282,1282,1,0.35,TP,CORRECT_MATCH
3008,Real Images,002950.jpg,2950,2950,1,0.35,TP,CORRECT_MATCH
3009,Real Images,001559.jpg,1559,1559,1,0.35,TP,CORRECT_MATCH
3010,Real Images,002491.jpg,2491,2491,1,0.35,TP,CORRECT_MATCH
3011,Real Images,000172.jpg,172,172,1,0.35,TP,CORRECT_MATCH
3012,Real Images,001659.jpg,1659,1659,1,0.35,TP,CORRECT_MATCH
3013,Real Images,001752.jpg,1752,1752,1,0.35,TP,CORRECT_MATCH
3014,Real Images,001011.jpg,1011,1011,1,0.35,TP,CORRECT_MATCH
3015,New_Images,008959.jpg,8959,NO_FACE_DETECTED,0,0.35,TN,No Face Detected by SCRFD
3016,New_Images,006706.jpg,6706,UNRECOGNIZED,0.2926,0.35,TN,CORRECTLY_REJECTED_UNKNOWN
3017,New_Images,008034.jpg,8034,UNRECOGNIZED,0.2414,0.35,TN,CORRECTLY_REJECTED_UNKNOWN
3018,New_Images,008048.jpg,8048,UNRECOGNIZED,0.2753,0.35,TN,CORRECTLY_REJECTED_UNKNOWN
3019,New_Images,005570.jpg,5570,UNRECOGNIZED,0.2176,0.35,TN,CORRECTLY_REJECTED_UNKNOWN
3020,Real Images,001800.jpg,1800,1800,1,0.35,TP,CORRECT_MATCH
3021,New_Images,007945.jpg,7945,UNRECOGNIZED,0.3059,0.35,TN,CORRECTLY_REJECTED_UNKNOWN
3022,New_Images,008801.jpg,8801,UNRECOGNIZED,0.2551,0.35,TN,CORRECTLY_REJECTED_UNKNOWN
3023,New_Images,006630.jpg,6630,UNRECOGNIZED,0.2413,0.35,TN,CORRECTLY_REJECTED_UNKNOWN
3024,New_Images,006357.jpg,6357,UNRECOGNIZED,0.2381,0.35,TN,CORRECTLY_REJECTED_UNKNOWN
3025,New_Images,005142.jpg,5142,UNRECOGNIZED,0.2122,0.35,TN,CORRECTLY_REJECTED_UNKNOWN
3026,Real Images,000912.jpg,912,912,1,0.35,TP,CORRECT_MATCH
3027,New_Images,006135.jpg,6135,UNRECOGNIZED,0.2565,0.35,TN,CORRECTLY_REJECTED_UNKNOWN
3028,Real Images,001106.jpg,1106,1106,1,0.35,TP,CORRECT_MATCH
3029,New_Images,005763.jpg,5763,UNRECOGNIZED,0.2448,0.35,TN,CORRECTLY_REJECTED_UNKNOWN
3030,Real Images,001674.jpg,1674,1674,1,0.35,TP,CORRECT_MATCH
3031,New_Images,006872.jpg,6872,UNRECOGNIZED,0.2271,0.35,TN,CORRECTLY_REJECTED_UNKNOWN
3032,New_Images,006139.jpg,6139,UNRECOGNIZED,0.254,0.35,TN,CORRECTLY_REJECTED_UNKNOWN
3033,Real Images,003485.jpg,3485,3485,1,0.35,TP,CORRECT_MATCH
3034,New_Images,007167.jpg,7167,UNRECOGNIZED,0.193,0.35,TN,CORRECTLY_REJECTED_UNKNOWN
3035,New_Images,005673.jpg,5673,UNRECOGNIZED,0.2192,0.35,TN,CORRECTLY_REJECTED_UNKNOWN
3036,New_Images,007005.jpg,7005,UNRECOGNIZED,0.2377,0.35,TN,CORRECTLY_REJECTED_UNKNOWN
3037,New_Images,006152.jpg,6152,UNRECOGNIZED,0.2459,0.35,TN,CORRECTLY_REJECTED_UNKNOWN
3038,Real Images,003570.jpg,3570,3570,1,0.35,TP,CORRECT_MATCH
3039,Real Images,003964.jpg,3964,3964,1,0.35,TP,CORRECT_MATCH
3040,New_Images,005307.jpg,5307,NO_FACE_DETECTED,0,0.35,TN,No Face Detected by SCRFD
3041,Real Images,002661.jpg,2661,2661,1,0.35,TP,CORRECT_MATCH
3042,Real Images,004158.jpg,4158,4158,1,0.35,TP,CORRECT_MATCH
3043,Real Images,001921.jpg,1921,1921,1,0.35,TP,CORRECT_MATCH
3044,Real Images,002477.jpg,2477,2477,1,0.35,TP,CORRECT_MATCH
3045,Real Images,003329.jpg,3329,3329,1,0.35,TP,CORRECT_MATCH
3046,Real Images,000550.jpg,550,550,1,0.35,TP,CORRECT_MATCH
3047,Real Images,001953.jpg,1953,1953,1,0.35,TP,CORRECT_MATCH
3048,New_Images,006231.jpg,6231,UNRECOGNIZED,0.2288,0.35,TN,CORRECTLY_REJECTED_UNKNOWN
3049,Real Images,000326.jpg,326,326,1,0.35,TP,CORRECT_MATCH
3050,Real Images,001472.jpg,1472,1472,1,0.35,TP,CORRECT_MATCH
3051,Real Images,004712.jpg,4712,4712,1,0.35,TP,CORRECT_MATCH
3052,New_Images,006140.jpg,6140,UNRECOGNIZED,0.2493,0.35,TN,CORRECTLY_REJECTED_UNKNOWN
3053,Real Images,003056.jpg,3056,3056,1,0.35,TP,CORRECT_MATCH
3054,Real Images,000952.jpg,952,952,1,0.35,TP,CORRECT_MATCH
3055,Real Images,003667.jpg,3667,3667,1,0.35,TP,CORRECT_MATCH
3056,New_Images,007704.jpg,7704,NO_FACE_DETECTED,0,0.35,TN,No Face Detected by SCRFD
3057,New_Images,008337.jpg,8337,UNRECOGNIZED,0.2589,0.35,TN,CORRECTLY_REJECTED_UNKNOWN
3058,Real Images,004367.jpg,4367,4367,1,0.35,TP,CORRECT_MATCH
3059,New_Images,005601.jpg,5601,UNRECOGNIZED,0.2665,0.35,TN,CORRECTLY_REJECTED_UNKNOWN
3060,New_Images,005792.jpg,5792,NO_FACE_DETECTED,0,0.35,TN,No Face Detected by SCRFD
3061,New_Images,007601.jpg,7601,UNRECOGNIZED,0.1866,0.35,TN,CORRECTLY_REJECTED_UNKNOWN
3062,New_Images,008990.jpg,8990,UNRECOGNIZED,0.2545,0.35,TN,CORRECTLY_REJECTED_UNKNOWN
3063,Real Images,003940.jpg,3940,3940,1,0.35,TP,CORRECT_MATCH
3064,Real Images,000757.jpg,757,757,1,0.35,TP,CORRECT_MATCH
3065,New_Images,007774.jpg,7774,UNRECOGNIZED,0.2818,0.35,TN,CORRECTLY_REJECTED_UNKNOWN
3066,Real Images,000438.jpg,438,438,1,0.35,TP,CORRECT_MATCH
3067,Real Images,003784.jpg,3784,3784,1,0.35,TP,CORRECT_MATCH
3068,New_Images,007502.jpg,7502,NO_FACE_DETECTED,0,0.35,TN,No Face Detected by SCRFD
3069,New_Images,008687.jpg,8687,UNRECOGNIZED,0.2381,0.35,TN,CORRECTLY_REJECTED_UNKNOWN
3070,Real Images,003025.jpg,3025,3025,1,0.35,TP,CORRECT_MATCH
3071,Real Images,004494.jpg,4494,4494,1,0.35,TP,CORRECT_MATCH
3072,New_Images,005861.jpg,5861,NO_FACE_DETECTED,0,0.35,TN,No Face Detected by SCRFD
3073,New_Images,009301.jpg,9301,NO_FACE_DETECTED,0,0.35,TN,No Face Detected by SCRFD
3074,Real Images,001243.jpg,1243,1243,1,0.35,TP,CORRECT_MATCH
3075,New_Images,007498.jpg,7498,UNRECOGNIZED,0.2356,0.35,TN,CORRECTLY_REJECTED_UNKNOWN
3076,Real Images,003966.jpg,3966,3966,1,0.35,TP,CORRECT_MATCH
3077,Real Images,004666.jpg,4666,4666,1,0.35,TP,CORRECT_MATCH
3078,New_Images,008397.jpg,8397,UNRECOGNIZED,0.2581,0.35,TN,CORRECTLY_REJECTED_UNKNOWN
3079,Real Images,003770.jpg,3770,3770,1,0.35,TP,CORRECT_MATCH
3080,New_Images,009378.jpg,9378,UNRECOGNIZED,0.2712,0.35,TN,CORRECTLY_REJECTED_UNKNOWN
3081,Real Images,003088.jpg,3088,3088,1,0.35,TP,CORRECT_MATCH
3082,Real Images,000755.jpg,755,755,1,0.35,TP,CORRECT_MATCH
3083,New_Images,007311.jpg,7311,UNRECOGNIZED,0.2332,0.35,TN,CORRECTLY_REJECTED_UNKNOWN
3084,Real Images,004236.jpg,4236,4236,1,0.35,TP,CORRECT_MATCH
3085,New_Images,005622.jpg,5622,UNRECOGNIZED,0.2102,0.35,TN,CORRECTLY_REJECTED_UNKNOWN
3086,Real Images,002283.jpg,2283,2283,1,0.35,TP,CORRECT_MATCH
3087,New_Images,006828.jpg,6828,UNRECOGNIZED,0.2676,0.35,TN,CORRECTLY_REJECTED_UNKNOWN
3088,Real Images,001301.jpg,1301,1301,1,0.35,TP,CORRECT_MATCH
3089,Real Images,003454.jpg,3454,3454,1,0.35,TP,CORRECT_MATCH
3090,Real Images,003332.jpg,3332,3332,1,0.35,TP,CORRECT_MATCH
3091,New_Images,007149.jpg,7149,UNRECOGNIZED,0.2625,0.35,TN,CORRECTLY_REJECTED_UNKNOWN
3092,Real Images,004581.jpg,4581,4581,1,0.35,TP,CORRECT_MATCH
3093,Real Images,004230.jpg,4230,4230,1,0.35,TP,CORRECT_MATCH
3094,Real Images,003417.jpg,3417,3417,1,0.35,TP,CORRECT_MATCH
3095,Real Images,002146.jpg,2146,2146,1,0.35,TP,CORRECT_MATCH
3096,New_Images,007907.jpg,7907,NO_FACE_DETECTED,0,0.35,TN,No Face Detected by SCRFD
3097,New_Images,009221.jpg,9221,UNRECOGNIZED,0.3007,0.35,TN,CORRECTLY_REJECTED_UNKNOWN
3098,Real Images,001266.jpg,1266,1266,1,0.35,TP,CORRECT_MATCH
3099,New_Images,007105.jpg,7105,NO_FACE_DETECTED,0,0.35,TN,No Face Detected by SCRFD
3100,New_Images,008530.jpg,8530,UNRECOGNIZED,0.2081,0.35,TN,CORRECTLY_REJECTED_UNKNOWN
3101,New_Images,008451.jpg,8451,NO_FACE_DETECTED,0,0.35,TN,No Face Detected by SCRFD
3102,Real Images,002218.jpg,2218,2218,1,0.35,TP,CORRECT_MATCH
3103,New_Images,008274.jpg,8274,UNRECOGNIZED,0.2639,0.35,TN,CORRECTLY_REJECTED_UNKNOWN
3104,Real Images,000568.jpg,568,568,1,0.35,TP,CORRECT_MATCH
3105,New_Images,007391.jpg,7391,UNRECOGNIZED,0.2252,0.35,TN,CORRECTLY_REJECTED_UNKNOWN
3106,New_Images,006620.jpg,6620,UNRECOGNIZED,0.2446,0.35,TN,CORRECTLY_REJECTED_UNKNOWN
3107,Real Images,000540.jpg,540,540,1,0.35,TP,CORRECT_MATCH
3108,New_Images,006726.jpg,6726,UNRECOGNIZED,0.2511,0.35,TN,CORRECTLY_REJECTED_UNKNOWN
3109,New_Images,005869.jpg,5869,UNRECOGNIZED,0.2465,0.35,TN,CORRECTLY_REJECTED_UNKNOWN
3110,New_Images,007732.jpg,7732,UNRECOGNIZED,0.3089,0.35,TN,CORRECTLY_REJECTED_UNKNOWN
3111,New_Images,007716.jpg,7716,UNRECOGNIZED,0.2247,0.35,TN,CORRECTLY_REJECTED_UNKNOWN
3112,Real Images,001280.jpg,1280,1280,1,0.35,TP,CORRECT_MATCH
3113,New_Images,006061.jpg,6061,UNRECOGNIZED,0.2473,0.35,TN,CORRECTLY_REJECTED_UNKNOWN
3114,Real Images,000626.jpg,626,626,1,0.35,TP,CORRECT_MATCH
3115,New_Images,007724.jpg,7724,NO_FACE_DETECTED,0,0.35,TN,No Face Detected by SCRFD
3116,Real Images,000985.jpg,985,985,1,0.35,TP,CORRECT_MATCH
3117,Real Images,001710.jpg,1710,1710,1,0.35,TP,CORRECT_MATCH
3118,New_Images,009361.jpg,9361,UNRECOGNIZED,0.2226,0.35,TN,CORRECTLY_REJECTED_UNKNOWN
3119,New_Images,009080.jpg,9080,UNRECOGNIZED,0.2239,0.35,TN,CORRECTLY_REJECTED_UNKNOWN
3120,Real Images,002563.jpg,2563,2563,1,0.35,TP,CORRECT_MATCH
3121,New_Images,006802.jpg,6802,NO_FACE_DETECTED,0,0.35,TN,No Face Detected by SCRFD
3122,New_Images,007540.jpg,7540,UNRECOGNIZED,0.2169,0.35,TN,CORRECTLY_REJECTED_UNKNOWN
3123,New_Images,007838.jpg,7838,UNRECOGNIZED,0.2921,0.35,TN,CORRECTLY_REJECTED_UNKNOWN
3124,New_Images,007969.jpg,7969,UNRECOGNIZED,0.2498,0.35,TN,CORRECTLY_REJECTED_UNKNOWN
3125,New_Images,005192.jpg,5192,UNRECOGNIZED,0.3019,0.35,TN,CORRECTLY_REJECTED_UNKNOWN
3126,Real Images,004628.jpg,4628,4628,1,0.35,TP,CORRECT_MATCH
3127,New_Images,006174.jpg,6174,UNRECOGNIZED,0.2811,0.35,TN,CORRECTLY_REJECTED_UNKNOWN
3128,New_Images,008635.jpg,8635,UNRECOGNIZED,0.2408,0.35,TN,CORRECTLY_REJECTED_UNKNOWN
3129,New_Images,008159.jpg,8159,UNRECOGNIZED,0.2186,0.35,TN,CORRECTLY_REJECTED_UNKNOWN
3130,New_Images,005428.jpg,5428,NO_FACE_DETECTED,0,0.35,TN,No Face Detected by SCRFD
3131,Real Images,000622.jpg,622,622,1,0.35,TP,CORRECT_MATCH
3132,New_Images,006007.jpg,6007,UNRECOGNIZED,0.2472,0.35,TN,CORRECTLY_REJECTED_UNKNOWN
3133,New_Images,009002.jpg,9002,UNRECOGNIZED,0.2381,0.35,TN,CORRECTLY_REJECTED_UNKNOWN
3134,New_Images,007073.jpg,7073,NO_FACE_DETECTED,0,0.35,TN,No Face Detected by SCRFD
3135,Real Images,000121.jpg,121,121,1,0.35,TP,CORRECT_MATCH
3136,Real Images,004515.jpg,4515,4515,1,0.35,TP,CORRECT_MATCH
3137,New_Images,008498.jpg,8498,UNRECOGNIZED,0.2699,0.35,TN,CORRECTLY_REJECTED_UNKNOWN
3138,New_Images,008398.jpg,8398,UNRECOGNIZED,0.2385,0.35,TN,CORRECTLY_REJECTED_UNKNOWN
3139,New_Images,005469.jpg,5469,UNRECOGNIZED,0.2477,0.35,TN,CORRECTLY_REJECTED_UNKNOWN
3140,New_Images,006320.jpg,6320,UNRECOGNIZED,0.2409,0.35,TN,CORRECTLY_REJECTED_UNKNOWN
3141,Real Images,004526.jpg,4526,4526,1,0.35,TP,CORRECT_MATCH
3142,New_Images,008914.jpg,8914,UNRECOGNIZED,0.2634,0.35,TN,CORRECTLY_REJECTED_UNKNOWN
3143,New_Images,008805.jpg,8805,NO_FACE_DETECTED,0,0.35,TN,No Face Detected by SCRFD
3144,New_Images,005677.jpg,5677,UNRECOGNIZED,0.2631,0.35,TN,CORRECTLY_REJECTED_UNKNOWN
3145,New_Images,007379.jpg,7379,UNRECOGNIZED,0.2571,0.35,TN,CORRECTLY_REJECTED_UNKNOWN
3146,Real Images,001442.jpg,1442,1442,1,0.35,TP,CORRECT_MATCH
3147,Real Images,002803.jpg,2803,2803,1,0.35,TP,CORRECT_MATCH
3148,Real Images,001421.jpg,1421,1421,1,0.35,TP,CORRECT_MATCH
3149,New_Images,006446.jpg,6446,UNRECOGNIZED,0.2778,0.35,TN,CORRECTLY_REJECTED_UNKNOWN
3150,Real Images,000644.jpg,644,644,1,0.35,TP,CORRECT_MATCH
3151,New_Images,007488.jpg,7488,UNRECOGNIZED,0.3103,0.35,TN,CORRECTLY_REJECTED_UNKNOWN
3152,Real Images,001612.jpg,1612,1612,1,0.35,TP,CORRECT_MATCH
3153,Real Images,003974.jpg,3974,3974,1,0.35,TP,CORRECT_MATCH
3154,Real Images,004930.jpg,4930,4930,1,0.35,TP,CORRECT_MATCH
3155,Real Images,003255.jpg,3255,3255,1,0.35,TP,CORRECT_MATCH
3156,New_Images,008293.jpg,8293,NO_FACE_DETECTED,0,0.35,TN,No Face Detected by SCRFD
3157,New_Images,006058.jpg,6058,UNRECOGNIZED,0.2477,0.35,TN,CORRECTLY_REJECTED_UNKNOWN
3158,Real Images,000163.jpg,163,163,1,0.35,TP,CORRECT_MATCH
3159,New_Images,007993.jpg,7993,UNRECOGNIZED,0.2662,0.35,TN,CORRECTLY_REJECTED_UNKNOWN
3160,Real Images,002919.jpg,2919,2919,1,0.35,TP,CORRECT_MATCH
3161,Real Images,003832.jpg,3832,3832,1,0.35,TP,CORRECT_MATCH
3162,New_Images,006078.jpg,6078,UNRECOGNIZED,0.1985,0.35,TN,CORRECTLY_REJECTED_UNKNOWN
3163,Real Images,002051.jpg,2051,2051,1,0.35,TP,CORRECT_MATCH
3164,Real Images,004032.jpg,4032,4032,1,0.35,TP,CORRECT_MATCH
3165,New_Images,007075.jpg,7075,UNRECOGNIZED,0.2686,0.35,TN,CORRECTLY_REJECTED_UNKNOWN
3166,New_Images,005883.jpg,5883,NO_FACE_DETECTED,0,0.35,TN,No Face Detected by SCRFD
3167,Real Images,003488.jpg,3488,3488,1,0.35,TP,CORRECT_MATCH
3168,Real Images,003841.jpg,3841,3841,1,0.35,TP,CORRECT_MATCH
3169,New_Images,006537.jpg,6537,UNRECOGNIZED,0.2119,0.35,TN,CORRECTLY_REJECTED_UNKNOWN
3170,Real Images,001293.jpg,1293,1293,1,0.35,TP,CORRECT_MATCH
3171,Real Images,000408.jpg,408,408,1,0.35,TP,CORRECT_MATCH
3172,New_Images,005616.jpg,5616,NO_FACE_DETECTED,0,0.35,TN,No Face Detected by SCRFD
3173,Real Images,002083.jpg,2083,2083,1,0.35,TP,CORRECT_MATCH
3174,Real Images,001560.jpg,1560,1560,1,0.35,TP,CORRECT_MATCH
3175,Real Images,003489.jpg,3489,3489,1,0.35,TP,CORRECT_MATCH
3176,Real Images,001584.jpg,1584,1584,1,0.35,TP,CORRECT_MATCH
3177,Real Images,002660.jpg,2660,2660,1,0.35,TP,CORRECT_MATCH
3178,New_Images,007316.jpg,7316,UNRECOGNIZED,0.258,0.35,TN,CORRECTLY_REJECTED_UNKNOWN
3179,New_Images,005819.jpg,5819,NO_FACE_DETECTED,0,0.35,TN,No Face Detected by SCRFD
3180,New_Images,009062.jpg,9062,NO_FACE_DETECTED,0,0.35,TN,No Face Detected by SCRFD
3181,New_Images,007273.jpg,7273,NO_FACE_DETECTED,0,0.35,TN,No Face Detected by SCRFD
3182,Real Images,002704.jpg,2704,2704,1,0.35,TP,CORRECT_MATCH
3183,New_Images,005306.jpg,5306,UNRECOGNIZED,0.2603,0.35,TN,CORRECTLY_REJECTED_UNKNOWN
3184,New_Images,006641.jpg,6641,NO_FACE_DETECTED,0,0.35,TN,No Face Detected by SCRFD
3185,New_Images,009066.jpg,9066,UNRECOGNIZED,0.2338,0.35,TN,CORRECTLY_REJECTED_UNKNOWN
3186,Real Images,003537.jpg,3537,3537,1,0.35,TP,CORRECT_MATCH
3187,Real Images,000273.jpg,273,273,1,0.35,TP,CORRECT_MATCH
3188,Real Images,003956.jpg,3956,3956,1,0.35,TP,CORRECT_MATCH
3189,New_Images,005847.jpg,5847,UNRECOGNIZED,0.2148,0.35,TN,CORRECTLY_REJECTED_UNKNOWN
3190,Real Images,004314.jpg,4314,4314,1,0.35,TP,CORRECT_MATCH
3191,Real Images,000218.jpg,218,218,1,0.35,TP,CORRECT_MATCH
3192,New_Images,005320.jpg,5320,NO_FACE_DETECTED,0,0.35,TN,No Face Detected by SCRFD
3193,New_Images,008908.jpg,8908,UNRECOGNIZED,0.2159,0.35,TN,CORRECTLY_REJECTED_UNKNOWN
3194,Real Images,002853.jpg,2853,2853,1,0.35,TP,CORRECT_MATCH
3195,New_Images,009136.jpg,9136,NO_FACE_DETECTED,0,0.35,TN,No Face Detected by SCRFD
3196,New_Images,007999.jpg,7999,UNRECOGNIZED,0.2725,0.35,TN,CORRECTLY_REJECTED_UNKNOWN
3197,Real Images,000247.jpg,247,247,1,0.35,TP,CORRECT_MATCH
3198,Real Images,004556.jpg,4556,4556,1,0.35,TP,CORRECT_MATCH
3199,Real Images,001047.jpg,1047,1047,1,0.35,TP,CORRECT_MATCH
3200,New_Images,007352.jpg,7352,UNRECOGNIZED,0.2394,0.35,TN,CORRECTLY_REJECTED_UNKNOWN
3201,New_Images,005588.jpg,5588,UNRECOGNIZED,0.253,0.35,TN,CORRECTLY_REJECTED_UNKNOWN
3202,New_Images,007476.jpg,7476,UNRECOGNIZED,0.2323,0.35,TN,CORRECTLY_REJECTED_UNKNOWN
3203,New_Images,009531.jpg,9531,UNRECOGNIZED,0.2821,0.35,TN,CORRECTLY_REJECTED_UNKNOWN
3204,New_Images,005602.jpg,5602,UNRECOGNIZED,0.234,0.35,TN,CORRECTLY_REJECTED_UNKNOWN
3205,New_Images,007284.jpg,7284,NO_FACE_DETECTED,0,0.35,TN,No Face Detected by SCRFD
3206,Real Images,002738.jpg,2738,2738,1,0.35,TP,CORRECT_MATCH
3207,Real Images,004660.jpg,4660,4660,1,0.35,TP,CORRECT_MATCH
3208,New_Images,008862.jpg,8862,UNRECOGNIZED,0.2504,0.35,TN,CORRECTLY_REJECTED_UNKNOWN
3209,Real Images,000579.jpg,579,579,1,0.35,TP,CORRECT_MATCH
3210,New_Images,007755.jpg,7755,UNRECOGNIZED,0.2422,0.35,TN,CORRECTLY_REJECTED_UNKNOWN
3211,Real Images,002552.jpg,2552,2552,1,0.35,TP,CORRECT_MATCH
3212,Real Images,001979.jpg,1979,1979,1,0.35,TP,CORRECT_MATCH
3213,Real Images,002248.jpg,2248,2248,1,0.35,TP,CORRECT_MATCH
3214,Real Images,001060.jpg,1060,1060,1,0.35,TP,CORRECT_MATCH
3215,New_Images,006772.jpg,6772,NO_FACE_DETECTED,0,0.35,TN,No Face Detected by SCRFD
3216,New_Images,006056.jpg,6056,UNRECOGNIZED,0.203,0.35,TN,CORRECTLY_REJECTED_UNKNOWN
3217,New_Images,007960.jpg,7960,UNRECOGNIZED,0.2141,0.35,TN,CORRECTLY_REJECTED_UNKNOWN
3218,New_Images,005722.jpg,5722,UNRECOGNIZED,0.2419,0.35,TN,CORRECTLY_REJECTED_UNKNOWN
3219,New_Images,006461.jpg,6461,NO_FACE_DETECTED,0,0.35,TN,No Face Detected by SCRFD
3220,Real Images,002204.jpg,2204,2204,1,0.35,TP,CORRECT_MATCH
3221,Real Images,003032.jpg,3032,3032,1,0.35,TP,CORRECT_MATCH
3222,New_Images,006435.jpg,6435,UNRECOGNIZED,0.2675,0.35,TN,CORRECTLY_REJECTED_UNKNOWN
3223,New_Images,009596.jpg,9596,UNRECOGNIZED,0.3475,0.35,TN,CORRECTLY_REJECTED_UNKNOWN
3224,New_Images,009599.jpg,9599,UNRECOGNIZED,0.234,0.35,TN,CORRECTLY_REJECTED_UNKNOWN
3225,New_Images,007226.jpg,7226,NO_FACE_DETECTED,0,0.35,TN,No Face Detected by SCRFD
3226,Real Images,001844.jpg,1844,1844,1,0.35,TP,CORRECT_MATCH
3227,Real Images,001250.jpg,1250,1250,1,0.35,TP,CORRECT_MATCH
3228,New_Images,007135.jpg,7135,UNRECOGNIZED,0.2451,0.35,TN,CORRECTLY_REJECTED_UNKNOWN
3229,New_Images,005524.jpg,5524,UNRECOGNIZED,0.31,0.35,TN,CORRECTLY_REJECTED_UNKNOWN
3230,Real Images,001407.jpg,1407,1407,1,0.35,TP,CORRECT_MATCH
3231,Real Images,000057.jpg,57,57,1,0.35,TP,CORRECT_MATCH
3232,New_Images,005312.jpg,5312,UNRECOGNIZED,0.2396,0.35,TN,CORRECTLY_REJECTED_UNKNOWN
3233,New_Images,007762.jpg,7762,UNRECOGNIZED,0.2302,0.35,TN,CORRECTLY_REJECTED_UNKNOWN
3234,Real Images,002544.jpg,2544,2544,1,0.35,TP,CORRECT_MATCH
3235,New_Images,007090.jpg,7090,UNRECOGNIZED,0.2406,0.35,TN,CORRECTLY_REJECTED_UNKNOWN
3236,Real Images,000224.jpg,224,224,1,0.35,TP,CORRECT_MATCH
3237,Real Images,003030.jpg,3030,3030,1,0.35,TP,CORRECT_MATCH
3238,Real Images,003268.jpg,3268,3268,1,0.35,TP,CORRECT_MATCH
3239,Real Images,000352.jpg,352,352,1,0.35,TP,CORRECT_MATCH
3240,Real Images,002984.jpg,2984,2984,1,0.35,TP,CORRECT_MATCH
3241,Real Images,003104.jpg,3104,3104,1,0.35,TP,CORRECT_MATCH
3242,New_Images,009265.jpg,9265,NO_FACE_DETECTED,0,0.35,TN,No Face Detected by SCRFD
3243,New_Images,008171.jpg,8171,UNRECOGNIZED,0.2067,0.35,TN,CORRECTLY_REJECTED_UNKNOWN
3244,New_Images,008841.jpg,8841,UNRECOGNIZED,0.2481,0.35,TN,CORRECTLY_REJECTED_UNKNOWN
3245,Real Images,004959.jpg,4959,4959,1,0.35,TP,CORRECT_MATCH
3246,Real Images,000957.jpg,957,957,1,0.35,TP,CORRECT_MATCH
3247,Real Images,004383.jpg,4383,4383,1,0.35,TP,CORRECT_MATCH
3248,Real Images,001805.jpg,1805,1805,1,0.35,TP,CORRECT_MATCH
3249,Real Images,004092.jpg,4092,4092,1,0.35,TP,CORRECT_MATCH
3250,Real Images,002553.jpg,2553,2553,1,0.35,TP,CORRECT_MATCH
3251,Real Images,001812.jpg,1812,1812,1,0.35,TP,CORRECT_MATCH
3252,New_Images,007123.jpg,7123,UNRECOGNIZED,0.2528,0.35,TN,CORRECTLY_REJECTED_UNKNOWN
3253,Real Images,001433.jpg,1433,1433,1,0.35,TP,CORRECT_MATCH
3254,New_Images,006604.jpg,6604,UNRECOGNIZED,0.2715,0.35,TN,CORRECTLY_REJECTED_UNKNOWN
3255,Real Images,003337.jpg,3337,3337,1,0.35,TP,CORRECT_MATCH
3256,New_Images,007482.jpg,7482,UNRECOGNIZED,0.2803,0.35,TN,CORRECTLY_REJECTED_UNKNOWN
3257,Real Images,000100.jpg,100,100,1,0.35,TP,CORRECT_MATCH
3258,Real Images,002685.jpg,2685,2685,1,0.35,TP,CORRECT_MATCH
3259,Real Images,002433.jpg,2433,2433,1,0.35,TP,CORRECT_MATCH
3260,Real Images,001412.jpg,1412,1412,1,0.35,TP,CORRECT_MATCH
3261,Real Images,003576.jpg,3576,3576,1,0.35,TP,CORRECT_MATCH
3262,Real Images,004897.jpg,4897,4897,1,0.35,TP,CORRECT_MATCH
3263,New_Images,007798.jpg,7798,UNRECOGNIZED,0.2481,0.35,TN,CORRECTLY_REJECTED_UNKNOWN
3264,New_Images,009078.jpg,9078,NO_FACE_DETECTED,0,0.35,TN,No Face Detected by SCRFD
3265,New_Images,009117.jpg,9117,UNRECOGNIZED,0.2623,0.35,TN,CORRECTLY_REJECTED_UNKNOWN
3266,Real Images,004846.jpg,4846,4846,1,0.35,TP,CORRECT_MATCH
3267,Real Images,002752.jpg,2752,2752,1,0.35,TP,CORRECT_MATCH
3268,New_Images,005277.jpg,5277,UNRECOGNIZED,0.2471,0.35,TN,CORRECTLY_REJECTED_UNKNOWN
3269,New_Images,009373.jpg,9373,UNRECOGNIZED,0.3213,0.35,TN,CORRECTLY_REJECTED_UNKNOWN
3270,Real Images,002360.jpg,2360,2360,1,0.35,TP,CORRECT_MATCH
3271,Real Images,003808.jpg,3808,3808,1,0.35,TP,CORRECT_MATCH
3272,New_Images,005117.jpg,5117,NO_FACE_DETECTED,0,0.35,TN,No Face Detected by SCRFD
3273,New_Images,005743.jpg,5743,UNRECOGNIZED,0.3183,0.35,TN,CORRECTLY_REJECTED_UNKNOWN
3274,New_Images,005617.jpg,5617,NO_FACE_DETECTED,0,0.35,TN,No Face Detected by SCRFD
3275,New_Images,006402.jpg,6402,UNRECOGNIZED,0.2385,0.35,TN,CORRECTLY_REJECTED_UNKNOWN
3276,New_Images,007663.jpg,7663,UNRECOGNIZED,0.2772,0.35,TN,CORRECTLY_REJECTED_UNKNOWN
3277,New_Images,008539.jpg,8539,NO_FACE_DETECTED,0,0.35,TN,No Face Detected by SCRFD
3278,New_Images,005032.jpg,5032,NO_FACE_DETECTED,0,0.35,TN,No Face Detected by SCRFD
3279,New_Images,008600.jpg,8600,UNRECOGNIZED,0.2769,0.35,TN,CORRECTLY_REJECTED_UNKNOWN
3280,Real Images,003014.jpg,3014,3014,1,0.35,TP,CORRECT_MATCH
3281,Real Images,002524.jpg,2524,2524,1,0.35,TP,CORRECT_MATCH
3282,Real Images,004549.jpg,4549,4549,1,0.35,TP,CORRECT_MATCH
3283,New_Images,005896.jpg,5896,UNRECOGNIZED,0.3077,0.35,TN,CORRECTLY_REJECTED_UNKNOWN
3284,Real Images,004662.jpg,4662,4662,1,0.35,TP,CORRECT_MATCH
3285,New_Images,005346.jpg,5346,NO_FACE_DETECTED,0,0.35,TN,No Face Detected by SCRFD
3286,New_Images,009009.jpg,9009,UNRECOGNIZED,0.2857,0.35,TN,CORRECTLY_REJECTED_UNKNOWN
3287,Real Images,003643.jpg,3643,3643,1,0.35,TP,CORRECT_MATCH
3288,New_Images,008122.jpg,8122,NO_FACE_DETECTED,0,0.35,TN,No Face Detected by SCRFD
3289,Real Images,004104.jpg,4104,4104,1,0.35,TP,CORRECT_MATCH
3290,New_Images,006704.jpg,6704,UNRECOGNIZED,0.2702,0.35,TN,CORRECTLY_REJECTED_UNKNOWN
3291,Real Images,000553.jpg,553,553,1,0.35,TP,CORRECT_MATCH
3292,Real Images,003122.jpg,3122,3122,1,0.35,TP,CORRECT_MATCH
3293,New_Images,006343.jpg,6343,UNRECOGNIZED,0.2224,0.35,TN,CORRECTLY_REJECTED_UNKNOWN
3294,New_Images,007896.jpg,7896,NO_FACE_DETECTED,0,0.35,TN,No Face Detected by SCRFD
3295,New_Images,008031.jpg,8031,UNRECOGNIZED,0.3033,0.35,TN,CORRECTLY_REJECTED_UNKNOWN
3296,New_Images,006046.jpg,6046,UNRECOGNIZED,0.2437,0.35,TN,CORRECTLY_REJECTED_UNKNOWN
3297,Real Images,002056.jpg,2056,2056,1,0.35,TP,CORRECT_MATCH
3298,Real Images,001633.jpg,1633,1633,1,0.35,TP,CORRECT_MATCH
3299,New_Images,007457.jpg,7457,UNRECOGNIZED,0.2774,0.35,TN,CORRECTLY_REJECTED_UNKNOWN
3300,Real Images,003933.jpg,3933,3933,1,0.35,TP,CORRECT_MATCH
3301,Real Images,004166.jpg,4166,4166,1,0.35,TP,CORRECT_MATCH
3302,Real Images,003837.jpg,3837,3837,1,0.35,TP,CORRECT_MATCH
3303,Real Images,003529.jpg,3529,3529,1,0.35,TP,CORRECT_MATCH
3304,Real Images,004941.jpg,4941,4941,1,0.35,TP,CORRECT_MATCH
3305,New_Images,009403.jpg,9403,UNRECOGNIZED,0.2113,0.35,TN,CORRECTLY_REJECTED_UNKNOWN
3306,New_Images,007250.jpg,7250,UNRECOGNIZED,0.2701,0.35,TN,CORRECTLY_REJECTED_UNKNOWN
3307,Real Images,000339.jpg,339,339,1,0.35,TP,CORRECT_MATCH
3308,New_Images,007971.jpg,7971,NO_FACE_DETECTED,0,0.35,TN,No Face Detected by SCRFD
3309,New_Images,008441.jpg,8441,UNRECOGNIZED,0.2502,0.35,TN,CORRECTLY_REJECTED_UNKNOWN
3310,New_Images,007825.jpg,7825,UNRECOGNIZED,0.2478,0.35,TN,CORRECTLY_REJECTED_UNKNOWN
3311,Real Images,001616.jpg,1616,1616,1,0.35,TP,CORRECT_MATCH
3312,Real Images,003221.jpg,3221,3221,1,0.35,TP,CORRECT_MATCH
3313,New_Images,006445.jpg,6445,UNRECOGNIZED,0.2178,0.35,TN,CORRECTLY_REJECTED_UNKNOWN
3314,Real Images,001770.jpg,1770,1770,1,0.35,TP,CORRECT_MATCH
3315,Real Images,000910.jpg,910,910,1,0.35,TP,CORRECT_MATCH
3316,Real Images,000369.jpg,369,369,1,0.35,TP,CORRECT_MATCH
3317,New_Images,009546.jpg,9546,NO_FACE_DETECTED,0,0.35,TN,No Face Detected by SCRFD
3318,New_Images,007013.jpg,7013,UNRECOGNIZED,0.2535,0.35,TN,CORRECTLY_REJECTED_UNKNOWN
3319,Real Images,002438.jpg,2438,2438,1,0.35,TP,CORRECT_MATCH
3320,New_Images,008158.jpg,8158,UNRECOGNIZED,0.2483,0.35,TN,CORRECTLY_REJECTED_UNKNOWN
3321,Real Images,004415.jpg,4415,4415,1,0.35,TP,CORRECT_MATCH
3322,Real Images,004483.jpg,4483,4483,1,0.35,TP,CORRECT_MATCH
3323,Real Images,004468.jpg,4468,4468,1,0.35,TP,CORRECT_MATCH
3324,Real Images,002760.jpg,2760,2760,1,0.35,TP,CORRECT_MATCH
3325,Real Images,000207.jpg,207,207,1,0.35,TP,CORRECT_MATCH
3326,Real Images,000628.jpg,628,628,1,0.35,TP,CORRECT_MATCH
3327,New_Images,006462.jpg,6462,NO_FACE_DETECTED,0,0.35,TN,No Face Detected by SCRFD
3328,New_Images,008514.jpg,8514,UNRECOGNIZED,0.2325,0.35,TN,CORRECTLY_REJECTED_UNKNOWN
3329,Real Images,002058.jpg,2058,2058,1,0.35,TP,CORRECT_MATCH
3330,Real Images,001339.jpg,1339,1339,1,0.35,TP,CORRECT_MATCH
3331,Real Images,004167.jpg,4167,4167,1,0.35,TP,CORRECT_MATCH
3332,Real Images,002314.jpg,2314,2314,1,0.35,TP,CORRECT_MATCH
3333,New_Images,008643.jpg,8643,UNRECOGNIZED,0.244,0.35,TN,CORRECTLY_REJECTED_UNKNOWN
3334,New_Images,008265.jpg,8265,UNRECOGNIZED,0.2274,0.35,TN,CORRECTLY_REJECTED_UNKNOWN
3335,Real Images,000169.jpg,169,169,1,0.35,TP,CORRECT_MATCH
3336,New_Images,005983.jpg,5983,NO_FACE_DETECTED,0,0.35,TN,No Face Detected by SCRFD
3337,New_Images,007326.jpg,7326,UNRECOGNIZED,0.2383,0.35,TN,CORRECTLY_REJECTED_UNKNOWN
3338,Real Images,000222.jpg,222,222,1,0.35,TP,CORRECT_MATCH
3339,Real Images,001567.jpg,1567,1567,1,0.35,TP,CORRECT_MATCH
3340,Real Images,004861.jpg,4861,4861,1,0.35,TP,CORRECT_MATCH
3341,Real Images,003185.jpg,3185,3185,1,0.35,TP,CORRECT_MATCH
3342,Real Images,002597.jpg,2597,2597,1,0.35,TP,CORRECT_MATCH
3343,New_Images,006600.jpg,6600,NO_FACE_DETECTED,0,0.35,TN,No Face Detected by SCRFD
3344,Real Images,004678.jpg,4678,4678,1,0.35,TP,CORRECT_MATCH
3345,New_Images,006675.jpg,6675,UNRECOGNIZED,0.2602,0.35,TN,CORRECTLY_REJECTED_UNKNOWN
3346,New_Images,005549.jpg,5549,UNRECOGNIZED,0.2565,0.35,TN,CORRECTLY_REJECTED_UNKNOWN
3347,Real Images,004390.jpg,4390,4390,1,0.35,TP,CORRECT_MATCH
3348,New_Images,006610.jpg,6610,UNRECOGNIZED,0.2629,0.35,TN,CORRECTLY_REJECTED_UNKNOWN
3349,New_Images,007106.jpg,7106,UNRECOGNIZED,0.2269,0.35,TN,CORRECTLY_REJECTED_UNKNOWN
3350,Real Images,001707.jpg,1707,1707,1,0.35,TP,CORRECT_MATCH
3351,New_Images,008471.jpg,8471,UNRECOGNIZED,0.2587,0.35,TN,CORRECTLY_REJECTED_UNKNOWN
3352,New_Images,009578.jpg,9578,NO_FACE_DETECTED,0,0.35,TN,No Face Detected by SCRFD
3353,Real Images,001426.jpg,1426,1426,1,0.35,TP,CORRECT_MATCH
3354,New_Images,005366.jpg,5366,NO_FACE_DETECTED,0,0.35,TN,No Face Detected by SCRFD
3355,Real Images,003664.jpg,3664,3664,1,0.35,TP,CORRECT_MATCH
3356,New_Images,005707.jpg,5707,UNRECOGNIZED,0.2169,0.35,TN,CORRECTLY_REJECTED_UNKNOWN
3357,Real Images,003196.jpg,3196,3196,1,0.35,TP,CORRECT_MATCH
3358,New_Images,007500.jpg,7500,UNRECOGNIZED,0.2383,0.35,TN,CORRECTLY_REJECTED_UNKNOWN
3359,Real Images,003733.jpg,3733,3733,1,0.35,TP,CORRECT_MATCH
3360,Real Images,003605.jpg,3605,3605,1,0.35,TP,CORRECT_MATCH
3361,New_Images,005173.jpg,5173,UNRECOGNIZED,0.2402,0.35,TN,CORRECTLY_REJECTED_UNKNOWN
3362,New_Images,009171.jpg,9171,UNRECOGNIZED,0.233,0.35,TN,CORRECTLY_REJECTED_UNKNOWN
3363,New_Images,008652.jpg,8652,UNRECOGNIZED,0.2661,0.35,TN,CORRECTLY_REJECTED_UNKNOWN
3364,New_Images,005115.jpg,5115,UNRECOGNIZED,0.259,0.35,TN,CORRECTLY_REJECTED_UNKNOWN
3365,Real Images,002631.jpg,2631,2631,1,0.35,TP,CORRECT_MATCH
3366,New_Images,008581.jpg,8581,NO_FACE_DETECTED,0,0.35,TN,No Face Detected by SCRFD
3367,Real Images,000391.jpg,391,391,1,0.35,TP,CORRECT_MATCH
3368,Real Images,003595.jpg,3595,3595,1,0.35,TP,CORRECT_MATCH
3369,New_Images,008085.jpg,8085,UNRECOGNIZED,0.2108,0.35,TN,CORRECTLY_REJECTED_UNKNOWN
3370,New_Images,008354.jpg,8354,NO_FACE_DETECTED,0,0.35,TN,No Face Detected by SCRFD
3371,New_Images,008732.jpg,8732,UNRECOGNIZED,0.2001,0.35,TN,CORRECTLY_REJECTED_UNKNOWN
3372,Real Images,002000.jpg,2000,2000,1,0.35,TP,CORRECT_MATCH
3373,Real Images,004575.jpg,4575,4575,1,0.35,TP,CORRECT_MATCH
3374,New_Images,008930.jpg,8930,UNRECOGNIZED,0.2751,0.35,TN,CORRECTLY_REJECTED_UNKNOWN
3375,New_Images,008133.jpg,8133,UNRECOGNIZED,0.2578,0.35,TN,CORRECTLY_REJECTED_UNKNOWN
3376,New_Images,008749.jpg,8749,UNRECOGNIZED,0.2831,0.35,TN,CORRECTLY_REJECTED_UNKNOWN
3377,New_Images,007162.jpg,7162,UNRECOGNIZED,0.2044,0.35,TN,CORRECTLY_REJECTED_UNKNOWN
3378,Real Images,000317.jpg,317,317,1,0.35,TP,CORRECT_MATCH
3379,New_Images,008696.jpg,8696,UNRECOGNIZED,0.2479,0.35,TN,CORRECTLY_REJECTED_UNKNOWN
3380,Real Images,000891.jpg,891,891,1,0.35,TP,CORRECT_MATCH
3381,New_Images,005276.jpg,5276,NO_FACE_DETECTED,0,0.35,TN,No Face Detected by SCRFD
3382,New_Images,006211.jpg,6211,UNRECOGNIZED,0.2566,0.35,TN,CORRECTLY_REJECTED_UNKNOWN
3383,Real Images,002337.jpg,2337,2337,1,0.35,TP,CORRECT_MATCH
3384,Real Images,004909.jpg,4909,4909,1,0.35,TP,CORRECT_MATCH
3385,Real Images,003414.jpg,3414,3414,1,0.35,TP,CORRECT_MATCH
3386,Real Images,003323.jpg,3323,3323,1,0.35,TP,CORRECT_MATCH
3387,New_Images,009452.jpg,9452,UNRECOGNIZED,0.3039,0.35,TN,CORRECTLY_REJECTED_UNKNOWN
3388,Real Images,000955.jpg,955,955,1,0.35,TP,CORRECT_MATCH
3389,New_Images,007781.jpg,7781,NO_FACE_DETECTED,0,0.35,TN,No Face Detected by SCRFD
3390,Real Images,002385.jpg,2385,2385,1,0.35,TP,CORRECT_MATCH
3391,New_Images,007385.jpg,7385,NO_FACE_DETECTED,0,0.35,TN,No Face Detected by SCRFD
3392,Real Images,004928.jpg,4928,4928,1,0.35,TP,CORRECT_MATCH
3393,New_Images,006769.jpg,6769,UNRECOGNIZED,0.2134,0.35,TN,CORRECTLY_REJECTED_UNKNOWN
3394,New_Images,008755.jpg,8755,UNRECOGNIZED,0.2442,0.35,TN,CORRECTLY_REJECTED_UNKNOWN
3395,Real Images,004630.jpg,4630,4630,1,0.35,TP,CORRECT_MATCH
3396,Real Images,001886.jpg,1886,1886,1,0.35,TP,CORRECT_MATCH
3397,Real Images,000155.jpg,155,155,1,0.35,TP,CORRECT_MATCH
3398,Real Images,000387.jpg,387,387,1,0.35,TP,CORRECT_MATCH
3399,Real Images,000634.jpg,634,634,1,0.35,TP,CORRECT_MATCH
3400,New_Images,008975.jpg,8975,UNRECOGNIZED,0.2496,0.35,TN,CORRECTLY_REJECTED_UNKNOWN
3401,Real Images,002338.jpg,2338,2338,1,0.35,TP,CORRECT_MATCH
3402,Real Images,004877.jpg,4877,4877,1,0.35,TP,CORRECT_MATCH
3403,Real Images,002095.jpg,2095,2095,1,0.35,TP,CORRECT_MATCH
3404,New_Images,009103.jpg,9103,UNRECOGNIZED,0.238,0.35,TN,CORRECTLY_REJECTED_UNKNOWN
3405,Real Images,004364.jpg,4364,4364,1,0.35,TP,CORRECT_MATCH
3406,Real Images,003369.jpg,3369,3369,1,0.35,TP,CORRECT_MATCH
3407,New_Images,008457.jpg,8457,UNRECOGNIZED,0.2343,0.35,TN,CORRECTLY_REJECTED_UNKNOWN
3408,New_Images,007305.jpg,7305,NO_FACE_DETECTED,0,0.35,TN,No Face Detected by SCRFD
3409,Real Images,003161.jpg,3161,3161,1,0.35,TP,CORRECT_MATCH
3410,Real Images,000089.jpg,89,89,1,0.35,TP,CORRECT_MATCH
3411,Real Images,004370.jpg,4370,4370,1,0.35,TP,CORRECT_MATCH
3412,New_Images,007280.jpg,7280,UNRECOGNIZED,0.2712,0.35,TN,CORRECTLY_REJECTED_UNKNOWN
3413,New_Images,007172.jpg,7172,NO_FACE_DETECTED,0,0.35,TN,No Face Detected by SCRFD
3414,New_Images,008981.jpg,8981,NO_FACE_DETECTED,0,0.35,TN,No Face Detected by SCRFD
3415,Real Images,000027.jpg,27,27,1,0.35,TP,CORRECT_MATCH
3416,Real Images,001237.jpg,1237,1237,1,0.35,TP,CORRECT_MATCH
3417,New_Images,007320.jpg,7320,UNRECOGNIZED,0.2262,0.35,TN,CORRECTLY_REJECTED_UNKNOWN
3418,New_Images,005706.jpg,5706,NO_FACE_DETECTED,0,0.35,TN,No Face Detected by SCRFD
3419,New_Images,008580.jpg,8580,UNRECOGNIZED,0.3366,0.35,TN,CORRECTLY_REJECTED_UNKNOWN
3420,Real Images,002441.jpg,2441,2441,1,0.35,TP,CORRECT_MATCH
3421,New_Images,006540.jpg,6540,NO_FACE_DETECTED,0,0.35,TN,No Face Detected by SCRFD
3422,Real Images,000142.jpg,142,142,1,0.35,TP,CORRECT_MATCH
3423,Real Images,002975.jpg,2975,2975,1,0.35,TP,CORRECT_MATCH
3424,Real Images,003863.jpg,3863,3863,1,0.35,TP,CORRECT_MATCH
3425,Real Images,004980.jpg,4980,4980,1,0.35,TP,CORRECT_MATCH
3426,New_Images,009279.jpg,9279,UNRECOGNIZED,0.2524,0.35,TN,CORRECTLY_REJECTED_UNKNOWN
3427,Real Images,004218.jpg,4218,4218,1,0.35,TP,CORRECT_MATCH
3428,Real Images,004567.jpg,4567,4567,1,0.35,TP,CORRECT_MATCH
3429,New_Images,009519.jpg,9519,NO_FACE_DETECTED,0,0.35,TN,No Face Detected by SCRFD
3430,New_Images,009118.jpg,9118,UNRECOGNIZED,0.2794,0.35,TN,CORRECTLY_REJECTED_UNKNOWN
3431,New_Images,006350.jpg,6350,UNRECOGNIZED,0.2352,0.35,TN,CORRECTLY_REJECTED_UNKNOWN
3432,Real Images,003565.jpg,3565,3565,1,0.35,TP,CORRECT_MATCH
3433,Real Images,004815.jpg,4815,4815,1,0.35,TP,CORRECT_MATCH
3434,Real Images,004818.jpg,4818,4818,1,0.35,TP,CORRECT_MATCH
3435,New_Images,008152.jpg,8152,UNRECOGNIZED,0.2822,0.35,TN,CORRECTLY_REJECTED_UNKNOWN
3436,New_Images,006215.jpg,6215,NO_FACE_DETECTED,0,0.35,TN,No Face Detected by SCRFD
3437,New_Images,005369.jpg,5369,UNRECOGNIZED,0.244,0.35,TN,CORRECTLY_REJECTED_UNKNOWN
3438,New_Images,007122.jpg,7122,UNRECOGNIZED,0.2509,0.35,TN,CORRECTLY_REJECTED_UNKNOWN
3439,Real Images,001325.jpg,1325,1325,1,0.35,TP,CORRECT_MATCH
3440,New_Images,009328.jpg,9328,UNRECOGNIZED,0.2615,0.35,TN,CORRECTLY_REJECTED_UNKNOWN
3441,New_Images,006847.jpg,6847,NO_FACE_DETECTED,0,0.35,TN,No Face Detected by SCRFD
3442,Real Images,003844.jpg,3844,3844,1,0.35,TP,CORRECT_MATCH
3443,Real Images,002594.jpg,2594,2594,1,0.35,TP,CORRECT_MATCH
3444,New_Images,008958.jpg,8958,NO_FACE_DETECTED,0,0.35,TN,No Face Detected by SCRFD
3445,New_Images,006526.jpg,6526,NO_FACE_DETECTED,0,0.35,TN,No Face Detected by SCRFD
3446,Real Images,001523.jpg,1523,1523,1,0.35,TP,CORRECT_MATCH
3447,New_Images,007628.jpg,7628,UNRECOGNIZED,0.2242,0.35,TN,CORRECTLY_REJECTED_UNKNOWN
3448,New_Images,008218.jpg,8218,UNRECOGNIZED,0.2732,0.35,TN,CORRECTLY_REJECTED_UNKNOWN
3449,New_Images,006990.jpg,6990,UNRECOGNIZED,0.315,0.35,TN,CORRECTLY_REJECTED_UNKNOWN
3450,New_Images,008329.jpg,8329,UNRECOGNIZED,0.2276,0.35,TN,CORRECTLY_REJECTED_UNKNOWN
3451,Real Images,003724.jpg,3724,3724,1,0.35,TP,CORRECT_MATCH
3452,New_Images,006759.jpg,6759,UNRECOGNIZED,0.2609,0.35,TN,CORRECTLY_REJECTED_UNKNOWN
3453,New_Images,005436.jpg,5436,UNRECOGNIZED,0.2169,0.35,TN,CORRECTLY_REJECTED_UNKNOWN
3454,New_Images,007571.jpg,7571,NO_FACE_DETECTED,0,0.35,TN,No Face Detected by SCRFD
3455,Real Images,002694.jpg,2694,2694,1,0.35,TP,CORRECT_MATCH
3456,Real Images,001383.jpg,1383,1383,1,0.35,TP,CORRECT_MATCH
3457,New_Images,005213.jpg,5213,UNRECOGNIZED,0.2321,0.35,TN,CORRECTLY_REJECTED_UNKNOWN
3458,New_Images,005264.jpg,5264,NO_FACE_DETECTED,0,0.35,TN,No Face Detected by SCRFD
3459,New_Images,005679.jpg,5679,UNRECOGNIZED,0.2708,0.35,TN,CORRECTLY_REJECTED_UNKNOWN
3460,New_Images,007978.jpg,7978,UNRECOGNIZED,0.2083,0.35,TN,CORRECTLY_REJECTED_UNKNOWN
3461,Real Images,003246.jpg,3246,3246,1,0.35,TP,CORRECT_MATCH
3462,Real Images,004322.jpg,4322,4322,1,0.35,TP,CORRECT_MATCH
3463,Real Images,004268.jpg,4268,4268,1,0.35,TP,CORRECT_MATCH
3464,Real Images,001750.jpg,1750,1750,1,0.35,TP,CORRECT_MATCH
3465,New_Images,005101.jpg,5101,UNRECOGNIZED,0.2147,0.35,TN,CORRECTLY_REJECTED_UNKNOWN
3466,New_Images,005498.jpg,5498,NO_FACE_DETECTED,0,0.35,TN,No Face Detected by SCRFD
3467,Real Images,001879.jpg,1879,1879,1,0.35,TP,CORRECT_MATCH
3468,Real Images,002763.jpg,2763,2763,1,0.35,TP,CORRECT_MATCH
3469,New_Images,005875.jpg,5875,UNRECOGNIZED,0.2617,0.35,TN,CORRECTLY_REJECTED_UNKNOWN
3470,New_Images,008701.jpg,8701,NO_FACE_DETECTED,0,0.35,TN,No Face Detected by SCRFD
3471,New_Images,006341.jpg,6341,UNRECOGNIZED,0.2886,0.35,TN,CORRECTLY_REJECTED_UNKNOWN
3472,New_Images,006077.jpg,6077,UNRECOGNIZED,0.2779,0.35,TN,CORRECTLY_REJECTED_UNKNOWN
3473,Real Images,000433.jpg,433,433,1,0.35,TP,CORRECT_MATCH
3474,New_Images,009585.jpg,9585,NO_FACE_DETECTED,0,0.35,TN,No Face Detected by SCRFD
3475,New_Images,005756.jpg,5756,UNRECOGNIZED,0.289,0.35,TN,CORRECTLY_REJECTED_UNKNOWN
3476,New_Images,005624.jpg,5624,UNRECOGNIZED,0.3166,0.35,TN,CORRECTLY_REJECTED_UNKNOWN
3477,Real Images,003069.jpg,3069,3069,1,0.35,TP,CORRECT_MATCH
3478,New_Images,005018.jpg,5018,UNRECOGNIZED,0.2159,0.35,TN,CORRECTLY_REJECTED_UNKNOWN
3479,New_Images,007309.jpg,7309,UNRECOGNIZED,0.2572,0.35,TN,CORRECTLY_REJECTED_UNKNOWN
3480,Real Images,004044.jpg,4044,4044,1,0.35,TP,CORRECT_MATCH
3481,New_Images,006024.jpg,6024,NO_FACE_DETECTED,0,0.35,TN,No Face Detected by SCRFD
3482,Real Images,003662.jpg,3662,3662,1,0.35,TP,CORRECT_MATCH
3483,Real Images,002691.jpg,2691,2691,1,0.35,TP,CORRECT_MATCH
3484,Real Images,004304.jpg,4304,4304,1,0.35,TP,CORRECT_MATCH
3485,Real Images,000792.jpg,792,792,1,0.35,TP,CORRECT_MATCH
3486,Real Images,000777.jpg,777,777,1,0.35,TP,CORRECT_MATCH
3487,New_Images,009051.jpg,9051,UNRECOGNIZED,0.2802,0.35,TN,CORRECTLY_REJECTED_UNKNOWN
3488,Real Images,002178.jpg,2178,2178,1,0.35,TP,CORRECT_MATCH
3489,New_Images,005423.jpg,5423,NO_FACE_DETECTED,0,0.35,TN,No Face Detected by SCRFD
3490,Real Images,002971.jpg,2971,2971,1,0.35,TP,CORRECT_MATCH
3491,New_Images,007923.jpg,7923,NO_FACE_DETECTED,0,0.35,TN,No Face Detected by SCRFD
3492,New_Images,005132.jpg,5132,UNRECOGNIZED,0.2569,0.35,TN,CORRECTLY_REJECTED_UNKNOWN
3493,New_Images,006924.jpg,6924,UNRECOGNIZED,0.2913,0.35,TN,CORRECTLY_REJECTED_UNKNOWN
3494,Real Images,000885.jpg,885,885,1,0.35,TP,CORRECT_MATCH
3495,New_Images,008866.jpg,8866,2581,0.3567,0.35,FP,MISIDENTIFIED_AS_002581
3496,Real Images,001245.jpg,1245,1245,1,0.35,TP,CORRECT_MATCH
3497,Real Images,003418.jpg,3418,3418,1,0.35,TP,CORRECT_MATCH
3498,Real Images,000289.jpg,289,289,1,0.35,TP,CORRECT_MATCH
3499,Real Images,003008.jpg,3008,3008,1,0.35,TP,CORRECT_MATCH
3500,New_Images,008037.jpg,8037,UNRECOGNIZED,0.2353,0.35,TN,CORRECTLY_REJECTED_UNKNOWN
3501,Real Images,004355.jpg,4355,4355,1,0.35,TP,CORRECT_MATCH
3502,Real Images,001089.jpg,1089,1089,1,0.35,TP,CORRECT_MATCH
3503,New_Images,007085.jpg,7085,UNRECOGNIZED,0.2575,0.35,TN,CORRECTLY_REJECTED_UNKNOWN
3504,Real Images,003374.jpg,3374,3374,1,0.35,TP,CORRECT_MATCH
3505,Real Images,000239.jpg,239,239,1,0.35,TP,CORRECT_MATCH
3506,Real Images,002902.jpg,2902,2902,1,0.35,TP,CORRECT_MATCH
3507,New_Images,008151.jpg,8151,UNRECOGNIZED,0.278,0.35,TN,CORRECTLY_REJECTED_UNKNOWN
3508,New_Images,006389.jpg,6389,UNRECOGNIZED,0.2494,0.35,TN,CORRECTLY_REJECTED_UNKNOWN
3509,Real Images,003368.jpg,3368,3368,1,0.35,TP,CORRECT_MATCH
3510,Real Images,001704.jpg,1704,1704,1,0.35,TP,CORRECT_MATCH
3511,Real Images,003046.jpg,3046,3046,1,0.35,TP,CORRECT_MATCH
3512,New_Images,007401.jpg,7401,NO_FACE_DETECTED,0,0.35,TN,No Face Detected by SCRFD
3513,New_Images,006017.jpg,6017,UNRECOGNIZED,0.3206,0.35,TN,CORRECTLY_REJECTED_UNKNOWN
3514,New_Images,007675.jpg,7675,UNRECOGNIZED,0.2118,0.35,TN,CORRECTLY_REJECTED_UNKNOWN
3515,New_Images,005888.jpg,5888,UNRECOGNIZED,0.3456,0.35,TN,CORRECTLY_REJECTED_UNKNOWN
3516,Real Images,003281.jpg,3281,3281,1,0.35,TP,CORRECT_MATCH
3517,Real Images,004438.jpg,4438,4438,1,0.35,TP,CORRECT_MATCH
3518,Real Images,003952.jpg,3952,3952,1,0.35,TP,CORRECT_MATCH
3519,New_Images,008469.jpg,8469,NO_FACE_DETECTED,0,0.35,TN,No Face Detected by SCRFD
3520,Real Images,002013.jpg,2013,2013,1,0.35,TP,CORRECT_MATCH
3521,New_Images,005799.jpg,5799,UNRECOGNIZED,0.2308,0.35,TN,CORRECTLY_REJECTED_UNKNOWN
3522,Real Images,000855.jpg,855,855,1,0.35,TP,CORRECT_MATCH
3523,New_Images,009502.jpg,9502,UNRECOGNIZED,0.2298,0.35,TN,CORRECTLY_REJECTED_UNKNOWN
3524,Real Images,000291.jpg,291,291,1,0.35,TP,CORRECT_MATCH
3525,Real Images,002941.jpg,2941,2941,1,0.35,TP,CORRECT_MATCH
3526,Real Images,002482.jpg,2482,2482,1,0.35,TP,CORRECT_MATCH
3527,Real Images,004974.jpg,4974,4974,1,0.35,TP,CORRECT_MATCH
3528,Real Images,001501.jpg,1501,1501,1,0.35,TP,CORRECT_MATCH
3529,New_Images,006437.jpg,6437,UNRECOGNIZED,0.2767,0.35,TN,CORRECTLY_REJECTED_UNKNOWN
3530,New_Images,007304.jpg,7304,NO_FACE_DETECTED,0,0.35,TN,No Face Detected by SCRFD
3531,New_Images,009137.jpg,9137,NO_FACE_DETECTED,0,0.35,TN,No Face Detected by SCRFD
3532,Real Images,003648.jpg,3648,3648,1,0.35,TP,CORRECT_MATCH
3533,New_Images,006612.jpg,6612,2099,0.3564,0.35,FP,MISIDENTIFIED_AS_002099
3534,New_Images,008577.jpg,8577,UNRECOGNIZED,0.325,0.35,TN,CORRECTLY_REJECTED_UNKNOWN
3535,New_Images,007666.jpg,7666,UNRECOGNIZED,0.2489,0.35,TN,CORRECTLY_REJECTED_UNKNOWN
3536,Real Images,002695.jpg,2695,2695,1,0.35,TP,CORRECT_MATCH
3537,New_Images,005389.jpg,5389,NO_FACE_DETECTED,0,0.35,TN,No Face Detected by SCRFD
3538,New_Images,009173.jpg,9173,UNRECOGNIZED,0.2944,0.35,TN,CORRECTLY_REJECTED_UNKNOWN
3539,New_Images,005289.jpg,5289,NO_FACE_DETECTED,0,0.35,TN,No Face Detected by SCRFD
3540,New_Images,007313.jpg,7313,UNRECOGNIZED,0.2287,0.35,TN,CORRECTLY_REJECTED_UNKNOWN
3541,Real Images,000131.jpg,131,131,1,0.35,TP,CORRECT_MATCH
3542,Real Images,000405.jpg,405,405,1,0.35,TP,CORRECT_MATCH
3543,Real Images,000785.jpg,785,785,1,0.35,TP,CORRECT_MATCH
3544,New_Images,006962.jpg,6962,UNRECOGNIZED,0.2433,0.35,TN,CORRECTLY_REJECTED_UNKNOWN
3545,New_Images,008242.jpg,8242,UNRECOGNIZED,0.2101,0.35,TN,CORRECTLY_REJECTED_UNKNOWN
3546,New_Images,005007.jpg,5007,UNRECOGNIZED,0.2886,0.35,TN,CORRECTLY_REJECTED_UNKNOWN
3547,New_Images,006715.jpg,6715,NO_FACE_DETECTED,0,0.35,TN,No Face Detected by SCRFD
3548,New_Images,005903.jpg,5903,UNRECOGNIZED,0.2781,0.35,TN,CORRECTLY_REJECTED_UNKNOWN
3549,New_Images,008044.jpg,8044,UNRECOGNIZED,0.2803,0.35,TN,CORRECTLY_REJECTED_UNKNOWN
3550,New_Images,009079.jpg,9079,UNRECOGNIZED,0.3242,0.35,TN,CORRECTLY_REJECTED_UNKNOWN
3551,New_Images,007194.jpg,7194,NO_FACE_DETECTED,0,0.35,TN,No Face Detected by SCRFD
3552,New_Images,005487.jpg,5487,UNRECOGNIZED,0.269,0.35,TN,CORRECTLY_REJECTED_UNKNOWN
3553,Real Images,002699.jpg,2699,2699,1,0.35,TP,CORRECT_MATCH
3554,New_Images,006788.jpg,6788,UNRECOGNIZED,0.3138,0.35,TN,CORRECTLY_REJECTED_UNKNOWN
3555,New_Images,009013.jpg,9013,UNRECOGNIZED,0.2753,0.35,TN,CORRECTLY_REJECTED_UNKNOWN
3556,New_Images,007066.jpg,7066,2241,0.3614,0.35,FP,MISIDENTIFIED_AS_002241
3557,New_Images,006155.jpg,6155,NO_FACE_DETECTED,0,0.35,TN,No Face Detected by SCRFD
3558,Real Images,002626.jpg,2626,2626,1,0.35,TP,CORRECT_MATCH
3559,Real Images,001679.jpg,1679,1679,1,0.35,TP,CORRECT_MATCH
3560,Real Images,001322.jpg,1322,1322,1,0.35,TP,CORRECT_MATCH
3561,Real Images,001160.jpg,1160,1160,1,0.35,TP,CORRECT_MATCH
3562,New_Images,005872.jpg,5872,NO_FACE_DETECTED,0,0.35,TN,No Face Detected by SCRFD
3563,New_Images,007690.jpg,7690,UNRECOGNIZED,0.2479,0.35,TN,CORRECTLY_REJECTED_UNKNOWN
3564,New_Images,007053.jpg,7053,UNRECOGNIZED,0.21,0.35,TN,CORRECTLY_REJECTED_UNKNOWN
3565,New_Images,007873.jpg,7873,UNRECOGNIZED,0.2972,0.35,TN,CORRECTLY_REJECTED_UNKNOWN
3566,New_Images,008833.jpg,8833,NO_FACE_DETECTED,0,0.35,TN,No Face Detected by SCRFD
3567,Real Images,002799.jpg,2799,2799,1,0.35,TP,CORRECT_MATCH
3568,New_Images,008167.jpg,8167,UNRECOGNIZED,0.2442,0.35,TN,CORRECTLY_REJECTED_UNKNOWN
3569,Real Images,003615.jpg,3615,3615,1,0.35,TP,CORRECT_MATCH
3570,Real Images,001588.jpg,1588,1588,1,0.35,TP,CORRECT_MATCH
3571,New_Images,007897.jpg,7897,UNRECOGNIZED,0.2432,0.35,TN,CORRECTLY_REJECTED_UNKNOWN
3572,New_Images,005288.jpg,5288,NO_FACE_DETECTED,0,0.35,TN,No Face Detected by SCRFD
3573,Real Images,002697.jpg,2697,2697,1,0.35,TP,CORRECT_MATCH
3574,New_Images,006753.jpg,6753,UNRECOGNIZED,0.2636,0.35,TN,CORRECTLY_REJECTED_UNKNOWN
3575,New_Images,008224.jpg,8224,UNRECOGNIZED,0.2157,0.35,TN,CORRECTLY_REJECTED_UNKNOWN
3576,New_Images,008186.jpg,8186,NO_FACE_DETECTED,0,0.35,TN,No Face Detected by SCRFD
3577,New_Images,007797.jpg,7797,NO_FACE_DETECTED,0,0.35,TN,No Face Detected by SCRFD
3578,New_Images,005947.jpg,5947,UNRECOGNIZED,0.2805,0.35,TN,CORRECTLY_REJECTED_UNKNOWN
3579,New_Images,008622.jpg,8622,NO_FACE_DETECTED,0,0.35,TN,No Face Detected by SCRFD
3580,New_Images,007414.jpg,7414,NO_FACE_DETECTED,0,0.35,TN,No Face Detected by SCRFD
3581,New_Images,008223.jpg,8223,UNRECOGNIZED,0.2508,0.35,TN,CORRECTLY_REJECTED_UNKNOWN
3582,New_Images,005961.jpg,5961,UNRECOGNIZED,0.2579,0.35,TN,CORRECTLY_REJECTED_UNKNOWN
3583,New_Images,007438.jpg,7438,UNRECOGNIZED,0.2289,0.35,TN,CORRECTLY_REJECTED_UNKNOWN
3584,Real Images,000760.jpg,760,760,1,0.35,TP,CORRECT_MATCH
3585,New_Images,007694.jpg,7694,UNRECOGNIZED,0.2297,0.35,TN,CORRECTLY_REJECTED_UNKNOWN
3586,Real Images,001553.jpg,1553,1553,1,0.35,TP,CORRECT_MATCH
3587,Real Images,002073.jpg,2073,2073,1,0.35,TP,CORRECT_MATCH
3588,Real Images,002614.jpg,2614,2614,1,0.35,TP,CORRECT_MATCH
3589,Real Images,004593.jpg,4593,4593,1,0.35,TP,CORRECT_MATCH
3590,New_Images,005373.jpg,5373,NO_FACE_DETECTED,0,0.35,TN,No Face Detected by SCRFD
3591,Real Images,001860.jpg,1860,1860,1,0.35,TP,CORRECT_MATCH
3592,New_Images,008401.jpg,8401,UNRECOGNIZED,0.2686,0.35,TN,CORRECTLY_REJECTED_UNKNOWN
3593,Real Images,002219.jpg,2219,2219,1,0.35,TP,CORRECT_MATCH
3594,Real Images,001079.jpg,1079,1079,1,0.35,TP,CORRECT_MATCH
3595,New_Images,005310.jpg,5310,UNRECOGNIZED,0.2399,0.35,TN,CORRECTLY_REJECTED_UNKNOWN
3596,New_Images,009254.jpg,9254,UNRECOGNIZED,0.273,0.35,TN,CORRECTLY_REJECTED_UNKNOWN
3597,Real Images,001841.jpg,1841,1841,1,0.35,TP,CORRECT_MATCH
3598,Real Images,003666.jpg,3666,3666,1,0.35,TP,CORRECT_MATCH
3599,New_Images,007477.jpg,7477,UNRECOGNIZED,0.3179,0.35,TN,CORRECTLY_REJECTED_UNKNOWN
3600,New_Images,008949.jpg,8949,UNRECOGNIZED,0.3124,0.35,TN,CORRECTLY_REJECTED_UNKNOWN
3601,Real Images,000657.jpg,657,657,1,0.35,TP,CORRECT_MATCH
3602,New_Images,008014.jpg,8014,UNRECOGNIZED,0.2406,0.35,TN,CORRECTLY_REJECTED_UNKNOWN
3603,Real Images,004315.jpg,4315,4315,1,0.35,TP,CORRECT_MATCH
3604,Real Images,002453.jpg,2453,2453,1,0.35,TP,CORRECT_MATCH
3605,Real Images,003406.jpg,3406,3406,1,0.35,TP,CORRECT_MATCH
3606,Real Images,003554.jpg,3554,3554,1,0.35,TP,CORRECT_MATCH
3607,New_Images,007858.jpg,7858,NO_FACE_DETECTED,0,0.35,TN,No Face Detected by SCRFD
3608,New_Images,006104.jpg,6104,NO_FACE_DETECTED,0,0.35,TN,No Face Detected by SCRFD
3609,Real Images,003000.jpg,3000,3000,1,0.35,TP,CORRECT_MATCH
3610,Real Images,004274.jpg,4274,4274,1,0.35,TP,CORRECT_MATCH
3611,New_Images,009557.jpg,9557,UNRECOGNIZED,0.3166,0.35,TN,CORRECTLY_REJECTED_UNKNOWN
3612,Real Images,004934.jpg,4934,4934,1,0.35,TP,CORRECT_MATCH
3613,New_Images,007292.jpg,7292,NO_FACE_DETECTED,0,0.35,TN,No Face Detected by SCRFD
3614,Real Images,002322.jpg,2322,2322,1,0.35,TP,CORRECT_MATCH
3615,Real Images,000778.jpg,778,778,1,0.35,TP,CORRECT_MATCH
3616,Real Images,002008.jpg,2008,2008,1,0.35,TP,CORRECT_MATCH
3617,New_Images,006239.jpg,6239,UNRECOGNIZED,0.2367,0.35,TN,CORRECTLY_REJECTED_UNKNOWN
3618,New_Images,009057.jpg,9057,NO_FACE_DETECTED,0,0.35,TN,No Face Detected by SCRFD
3619,New_Images,006102.jpg,6102,UNRECOGNIZED,0.2437,0.35,TN,CORRECTLY_REJECTED_UNKNOWN
3620,Real Images,002290.jpg,2290,2290,1,0.35,TP,CORRECT_MATCH
3621,Real Images,004444.jpg,4444,4444,1,0.35,TP,CORRECT_MATCH
3622,Real Images,002895.jpg,2895,2895,1,0.35,TP,CORRECT_MATCH
3623,New_Images,006054.jpg,6054,UNRECOGNIZED,0.2439,0.35,TN,CORRECTLY_REJECTED_UNKNOWN
3624,New_Images,005022.jpg,5022,UNRECOGNIZED,0.304,0.35,TN,CORRECTLY_REJECTED_UNKNOWN
3625,New_Images,007761.jpg,7761,UNRECOGNIZED,0.2893,0.35,TN,CORRECTLY_REJECTED_UNKNOWN
3626,New_Images,008740.jpg,8740,UNRECOGNIZED,0.2613,0.35,TN,CORRECTLY_REJECTED_UNKNOWN
3627,Real Images,004298.jpg,4298,4298,1,0.35,TP,CORRECT_MATCH
3628,Real Images,004664.jpg,4664,4664,1,0.35,TP,CORRECT_MATCH
3629,Real Images,001548.jpg,1548,1548,1,0.35,TP,CORRECT_MATCH
3630,Real Images,002824.jpg,2824,2824,1,0.35,TP,CORRECT_MATCH
3631,Real Images,004246.jpg,4246,4246,1,0.35,TP,CORRECT_MATCH
3632,Real Images,000791.jpg,791,791,1,0.35,TP,CORRECT_MATCH
3633,New_Images,008538.jpg,8538,UNRECOGNIZED,0.2821,0.35,TN,CORRECTLY_REJECTED_UNKNOWN
3634,New_Images,009523.jpg,9523,UNRECOGNIZED,0.2731,0.35,TN,CORRECTLY_REJECTED_UNKNOWN
3635,Real Images,003300.jpg,3300,3300,1,0.35,TP,CORRECT_MATCH
3636,Real Images,003877.jpg,3877,3877,1,0.35,TP,CORRECT_MATCH
3637,New_Images,006701.jpg,6701,NO_FACE_DETECTED,0,0.35,TN,No Face Detected by SCRFD
3638,New_Images,008982.jpg,8982,UNRECOGNIZED,0.2566,0.35,TN,CORRECTLY_REJECTED_UNKNOWN
3639,Real Images,003230.jpg,3230,3230,1,0.35,TP,CORRECT_MATCH
3640,New_Images,009537.jpg,9537,NO_FACE_DETECTED,0,0.35,TN,No Face Detected by SCRFD
3641,Real Images,003986.jpg,3986,3986,1,0.35,TP,CORRECT_MATCH
3642,Real Images,003768.jpg,3768,3768,1,0.35,TP,CORRECT_MATCH
3643,New_Images,007883.jpg,7883,NO_FACE_DETECTED,0,0.35,TN,No Face Detected by SCRFD
3644,Real Images,000516.jpg,516,516,1,0.35,TP,CORRECT_MATCH
3645,New_Images,005127.jpg,5127,UNRECOGNIZED,0.2481,0.35,TN,CORRECTLY_REJECTED_UNKNOWN
3646,New_Images,009552.jpg,9552,NO_FACE_DETECTED,0,0.35,TN,No Face Detected by SCRFD
3647,Real Images,002197.jpg,2197,2197,1,0.35,TP,CORRECT_MATCH
3648,New_Images,008352.jpg,8352,UNRECOGNIZED,0.269,0.35,TN,CORRECTLY_REJECTED_UNKNOWN
3649,New_Images,006580.jpg,6580,UNRECOGNIZED,0.2405,0.35,TN,CORRECTLY_REJECTED_UNKNOWN
3650,Real Images,003980.jpg,3980,3980,1,0.35,TP,CORRECT_MATCH
3651,Real Images,004761.jpg,4761,4761,1,0.35,TP,CORRECT_MATCH
3652,Real Images,000245.jpg,245,245,1,0.35,TP,CORRECT_MATCH
3653,New_Images,008261.jpg,8261,UNRECOGNIZED,0.2464,0.35,TN,CORRECTLY_REJECTED_UNKNOWN
3654,New_Images,007980.jpg,7980,UNRECOGNIZED,0.2119,0.35,TN,CORRECTLY_REJECTED_UNKNOWN
3655,New_Images,006860.jpg,6860,NO_FACE_DETECTED,0,0.35,TN,No Face Detected by SCRFD
3656,New_Images,006838.jpg,6838,UNRECOGNIZED,0.2766,0.35,TN,CORRECTLY_REJECTED_UNKNOWN
3657,New_Images,006926.jpg,6926,UNRECOGNIZED,0.2055,0.35,TN,CORRECTLY_REJECTED_UNKNOWN
3658,Real Images,002810.jpg,2810,2810,1,0.35,TP,CORRECT_MATCH
3659,New_Images,005057.jpg,5057,UNRECOGNIZED,0.2814,0.35,TN,CORRECTLY_REJECTED_UNKNOWN
3660,Real Images,002048.jpg,2048,2048,1,0.35,TP,CORRECT_MATCH
3661,Real Images,004869.jpg,4869,4869,1,0.35,TP,CORRECT_MATCH
3662,Real Images,001019.jpg,1019,1019,1,0.35,TP,CORRECT_MATCH
3663,New_Images,008310.jpg,8310,NO_FACE_DETECTED,0,0.35,TN,No Face Detected by SCRFD
3664,Real Images,003717.jpg,3717,3717,1,0.35,TP,CORRECT_MATCH
3665,New_Images,006964.jpg,6964,NO_FACE_DETECTED,0,0.35,TN,No Face Detected by SCRFD
3666,New_Images,009244.jpg,9244,UNRECOGNIZED,0.2819,0.35,TN,CORRECTLY_REJECTED_UNKNOWN
3667,New_Images,005056.jpg,5056,UNRECOGNIZED,0.2806,0.35,TN,CORRECTLY_REJECTED_UNKNOWN
3668,Real Images,002820.jpg,2820,2820,1,0.35,TP,CORRECT_MATCH
3669,Real Images,004722.jpg,4722,4722,1,0.35,TP,CORRECT_MATCH
3670,New_Images,007641.jpg,7641,UNRECOGNIZED,0.281,0.35,TN,CORRECTLY_REJECTED_UNKNOWN
3671,New_Images,006014.jpg,6014,UNRECOGNIZED,0.2586,0.35,TN,CORRECTLY_REJECTED_UNKNOWN
3672,Real Images,004764.jpg,4764,4764,1,0.35,TP,CORRECT_MATCH
3673,New_Images,005096.jpg,5096,NO_FACE_DETECTED,0,0.35,TN,No Face Detected by SCRFD
3674,New_Images,008183.jpg,8183,NO_FACE_DETECTED,0,0.35,TN,No Face Detected by SCRFD
3675,Real Images,000996.jpg,996,996,1,0.35,TP,CORRECT_MATCH
3676,New_Images,007375.jpg,7375,UNRECOGNIZED,0.2576,0.35,TN,CORRECTLY_REJECTED_UNKNOWN
3677,Real Images,001622.jpg,1622,1622,1,0.35,TP,CORRECT_MATCH
3678,New_Images,005807.jpg,5807,UNRECOGNIZED,0.2686,0.35,TN,CORRECTLY_REJECTED_UNKNOWN
3679,Real Images,002395.jpg,2395,2395,1,0.35,TP,CORRECT_MATCH
3680,Real Images,001131.jpg,1131,1131,1,0.35,TP,CORRECT_MATCH
3681,New_Images,009128.jpg,9128,UNRECOGNIZED,0.2601,0.35,TN,CORRECTLY_REJECTED_UNKNOWN
3682,Real Images,003965.jpg,3965,3965,1,0.35,TP,CORRECT_MATCH
3683,Real Images,000062.jpg,62,62,1,0.35,TP,CORRECT_MATCH
3684,Real Images,001330.jpg,1330,1330,1,0.35,TP,CORRECT_MATCH
3685,Real Images,001779.jpg,1779,1779,1,0.35,TP,CORRECT_MATCH
3686,New_Images,005998.jpg,5998,NO_FACE_DETECTED,0,0.35,TN,No Face Detected by SCRFD
3687,Real Images,000967.jpg,967,967,1,0.35,TP,CORRECT_MATCH
3688,New_Images,009532.jpg,9532,NO_FACE_DETECTED,0,0.35,TN,No Face Detected by SCRFD
3689,New_Images,008288.jpg,8288,NO_FACE_DETECTED,0,0.35,TN,No Face Detected by SCRFD
3690,Real Images,002731.jpg,2731,2731,1,0.35,TP,CORRECT_MATCH
3691,New_Images,006664.jpg,6664,NO_FACE_DETECTED,0,0.35,TN,No Face Detected by SCRFD
3692,New_Images,005639.jpg,5639,UNRECOGNIZED,0.2893,0.35,TN,CORRECTLY_REJECTED_UNKNOWN
3693,Real Images,003977.jpg,3977,3977,1,0.35,TP,CORRECT_MATCH
3694,New_Images,008611.jpg,8611,UNRECOGNIZED,0.2896,0.35,TN,CORRECTLY_REJECTED_UNKNOWN
3695,Real Images,000814.jpg,814,814,1,0.35,TP,CORRECT_MATCH
3696,Real Images,001224.jpg,1224,1224,1,0.35,TP,CORRECT_MATCH
3697,New_Images,007644.jpg,7644,UNRECOGNIZED,0.2261,0.35,TN,CORRECTLY_REJECTED_UNKNOWN
3698,New_Images,007041.jpg,7041,NO_FACE_DETECTED,0,0.35,TN,No Face Detected by SCRFD
3699,Real Images,001038.jpg,1038,1038,1,0.35,TP,CORRECT_MATCH
3700,Real Images,000501.jpg,501,501,1,0.35,TP,CORRECT_MATCH
3701,New_Images,009260.jpg,9260,NO_FACE_DETECTED,0,0.35,TN,No Face Detected by SCRFD
3702,New_Images,007097.jpg,7097,NO_FACE_DETECTED,0,0.35,TN,No Face Detected by SCRFD
3703,Real Images,003051.jpg,3051,3051,1,0.35,TP,CORRECT_MATCH
3704,Real Images,000173.jpg,173,173,1,0.35,TP,CORRECT_MATCH
3705,Real Images,002983.jpg,2983,2983,1,0.35,TP,CORRECT_MATCH
3706,New_Images,008639.jpg,8639,UNRECOGNIZED,0.2879,0.35,TN,CORRECTLY_REJECTED_UNKNOWN
3707,New_Images,008970.jpg,8970,NO_FACE_DETECTED,0,0.35,TN,No Face Detected by SCRFD
3708,New_Images,008478.jpg,8478,NO_FACE_DETECTED,0,0.35,TN,No Face Detected by SCRFD
3709,Real Images,001279.jpg,1279,1279,1,0.35,TP,CORRECT_MATCH
3710,New_Images,005582.jpg,5582,UNRECOGNIZED,0.2617,0.35,TN,CORRECTLY_REJECTED_UNKNOWN
3711,New_Images,007605.jpg,7605,UNRECOGNIZED,0.2489,0.35,TN,CORRECTLY_REJECTED_UNKNOWN
3712,Real Images,001937.jpg,1937,1937,1,0.35,TP,CORRECT_MATCH
3713,New_Images,009038.jpg,9038,NO_FACE_DETECTED,0,0.35,TN,No Face Detected by SCRFD
3714,New_Images,006920.jpg,6920,UNRECOGNIZED,0.246,0.35,TN,CORRECTLY_REJECTED_UNKNOWN
3715,New_Images,008009.jpg,8009,NO_FACE_DETECTED,0,0.35,TN,No Face Detected by SCRFD
3716,Real Images,004719.jpg,4719,4719,1,0.35,TP,CORRECT_MATCH
3717,Real Images,003939.jpg,3939,3939,1,0.35,TP,CORRECT_MATCH
3718,New_Images,008548.jpg,8548,UNRECOGNIZED,0.2667,0.35,TN,CORRECTLY_REJECTED_UNKNOWN
3719,New_Images,008336.jpg,8336,UNRECOGNIZED,0.3115,0.35,TN,CORRECTLY_REJECTED_UNKNOWN
3720,New_Images,007289.jpg,7289,NO_FACE_DETECTED,0,0.35,TN,No Face Detected by SCRFD
3721,New_Images,006945.jpg,6945,UNRECOGNIZED,0.3119,0.35,TN,CORRECTLY_REJECTED_UNKNOWN
3722,New_Images,007769.jpg,7769,NO_FACE_DETECTED,0,0.35,TN,No Face Detected by SCRFD
3723,New_Images,005937.jpg,5937,UNRECOGNIZED,0.2476,0.35,TN,CORRECTLY_REJECTED_UNKNOWN
3724,New_Images,008999.jpg,8999,NO_FACE_DETECTED,0,0.35,TN,No Face Detected by SCRFD
3725,Real Images,003159.jpg,3159,3159,1,0.35,TP,CORRECT_MATCH
3726,Real Images,001577.jpg,1577,1577,1,0.35,TP,CORRECT_MATCH
3727,New_Images,007959.jpg,7959,UNRECOGNIZED,0.2114,0.35,TN,CORRECTLY_REJECTED_UNKNOWN
3728,New_Images,009499.jpg,9499,UNRECOGNIZED,0.2435,0.35,TN,CORRECTLY_REJECTED_UNKNOWN
3729,New_Images,007622.jpg,7622,NO_FACE_DETECTED,0,0.35,TN,No Face Detected by SCRFD
3730,New_Images,008858.jpg,8858,UNRECOGNIZED,0.2412,0.35,TN,CORRECTLY_REJECTED_UNKNOWN
3731,Real Images,000052.jpg,52,52,1,0.35,TP,CORRECT_MATCH
3732,Real Images,003393.jpg,3393,3393,1,0.35,TP,CORRECT_MATCH
3733,New_Images,009049.jpg,9049,NO_FACE_DETECTED,0,0.35,TN,No Face Detected by SCRFD
3734,Real Images,004311.jpg,4311,4311,1,0.35,TP,CORRECT_MATCH
3735,Real Images,001025.jpg,1025,1025,1,0.35,TP,CORRECT_MATCH
3736,New_Images,006733.jpg,6733,NO_FACE_DETECTED,0,0.35,TN,No Face Detected by SCRFD
3737,Real Images,003669.jpg,3669,3669,1,0.35,TP,CORRECT_MATCH
3738,Real Images,000788.jpg,788,788,1,0.35,TP,CORRECT_MATCH
3739,Real Images,000744.jpg,744,744,1,0.35,TP,CORRECT_MATCH
3740,New_Images,006556.jpg,6556,NO_FACE_DETECTED,0,0.35,TN,No Face Detected by SCRFD
3741,Real Images,002225.jpg,2225,2225,1,0.35,TP,CORRECT_MATCH
3742,New_Images,005347.jpg,5347,UNRECOGNIZED,0.2559,0.35,TN,CORRECTLY_REJECTED_UNKNOWN
3743,New_Images,006863.jpg,6863,NO_FACE_DETECTED,0,0.35,TN,No Face Detected by SCRFD
3744,Real Images,003178.jpg,3178,3178,1,0.35,TP,CORRECT_MATCH
3745,Real Images,001092.jpg,1092,1092,1,0.35,TP,CORRECT_MATCH
3746,Real Images,000230.jpg,230,230,1,0.35,TP,CORRECT_MATCH
3747,New_Images,007739.jpg,7739,UNRECOGNIZED,0.287,0.35,TN,CORRECTLY_REJECTED_UNKNOWN
3748,New_Images,005496.jpg,5496,NO_FACE_DETECTED,0,0.35,TN,No Face Detected by SCRFD
3749,Real Images,003456.jpg,3456,3456,1,0.35,TP,CORRECT_MATCH
3750,Real Images,000329.jpg,329,329,1,0.35,TP,CORRECT_MATCH
3751,Real Images,001353.jpg,1353,1353,1,0.35,TP,CORRECT_MATCH
3752,Real Images,000130.jpg,130,130,1,0.35,TP,CORRECT_MATCH
3753,New_Images,006565.jpg,6565,UNRECOGNIZED,0.2468,0.35,TN,CORRECTLY_REJECTED_UNKNOWN
3754,New_Images,008505.jpg,8505,UNRECOGNIZED,0.2394,0.35,TN,CORRECTLY_REJECTED_UNKNOWN
3755,Real Images,004009.jpg,4009,4009,1,0.35,TP,CORRECT_MATCH
3756,New_Images,006316.jpg,6316,UNRECOGNIZED,0.3102,0.35,TN,CORRECTLY_REJECTED_UNKNOWN
3757,New_Images,007199.jpg,7199,NO_FACE_DETECTED,0,0.35,TN,No Face Detected by SCRFD
3758,Real Images,003275.jpg,3275,3275,1,0.35,TP,CORRECT_MATCH
3759,Real Images,004813.jpg,4813,4813,1,0.35,TP,CORRECT_MATCH
3760,Real Images,001277.jpg,1277,1277,1,0.35,TP,CORRECT_MATCH
3761,Real Images,001722.jpg,1722,1722,1,0.35,TP,CORRECT_MATCH
3762,Real Images,001401.jpg,1401,1401,1,0.35,TP,CORRECT_MATCH
3763,New_Images,005787.jpg,5787,NO_FACE_DETECTED,0,0.35,TN,No Face Detected by SCRFD
3764,Real Images,002022.jpg,2022,2022,1,0.35,TP,CORRECT_MATCH
3765,New_Images,005605.jpg,5605,NO_FACE_DETECTED,0,0.35,TN,No Face Detected by SCRFD
3766,New_Images,008910.jpg,8910,UNRECOGNIZED,0.2425,0.35,TN,CORRECTLY_REJECTED_UNKNOWN
3767,Real Images,000370.jpg,370,370,1,0.35,TP,CORRECT_MATCH
3768,Real Images,000954.jpg,954,954,1,0.35,TP,CORRECT_MATCH
3769,New_Images,005070.jpg,5070,UNRECOGNIZED,0.2644,0.35,TN,CORRECTLY_REJECTED_UNKNOWN
3770,Real Images,002979.jpg,2979,2979,1,0.35,TP,CORRECT_MATCH
3771,New_Images,007192.jpg,7192,NO_FACE_DETECTED,0,0.35,TN,No Face Detected by SCRFD
3772,Real Images,002930.jpg,2930,2930,1,0.35,TP,CORRECT_MATCH
3773,Real Images,004447.jpg,4447,4447,1,0.35,TP,CORRECT_MATCH
3774,New_Images,008040.jpg,8040,UNRECOGNIZED,0.2564,0.35,TN,CORRECTLY_REJECTED_UNKNOWN
3775,Real Images,001156.jpg,1156,1156,1,0.35,TP,CORRECT_MATCH
3776,Real Images,000419.jpg,419,419,1,0.35,TP,CORRECT_MATCH
3777,Real Images,004179.jpg,4179,4179,1,0.35,TP,CORRECT_MATCH
3778,New_Images,009143.jpg,9143,UNRECOGNIZED,0.2412,0.35,TN,CORRECTLY_REJECTED_UNKNOWN
3779,New_Images,009355.jpg,9355,UNRECOGNIZED,0.2265,0.35,TN,CORRECTLY_REJECTED_UNKNOWN
3780,Real Images,000204.jpg,204,204,1,0.35,TP,CORRECT_MATCH
3781,Real Images,000624.jpg,624,624,1,0.35,TP,CORRECT_MATCH
3782,Real Images,004241.jpg,4241,4241,1,0.35,TP,CORRECT_MATCH
3783,Real Images,004985.jpg,4985,4985,1,0.35,TP,CORRECT_MATCH
3784,Real Images,000770.jpg,770,770,1,0.35,TP,CORRECT_MATCH
3785,Real Images,002016.jpg,2016,2016,1,0.35,TP,CORRECT_MATCH
3786,Real Images,002551.jpg,2551,2551,1,0.35,TP,CORRECT_MATCH
3787,Real Images,002870.jpg,2870,2870,1,0.35,TP,CORRECT_MATCH
3788,Real Images,001115.jpg,1115,1115,1,0.35,TP,CORRECT_MATCH
3789,Real Images,001855.jpg,1855,1855,1,0.35,TP,CORRECT_MATCH
3790,Real Images,002531.jpg,2531,2531,1,0.35,TP,CORRECT_MATCH
3791,Real Images,001866.jpg,1866,1866,1,0.35,TP,CORRECT_MATCH
3792,New_Images,009247.jpg,9247,UNRECOGNIZED,0.2366,0.35,TN,CORRECTLY_REJECTED_UNKNOWN
3793,New_Images,009223.jpg,9223,UNRECOGNIZED,0.2762,0.35,TN,CORRECTLY_REJECTED_UNKNOWN
3794,Real Images,001187.jpg,1187,1187,1,0.35,TP,CORRECT_MATCH
3795,Real Images,000560.jpg,560,560,1,0.35,TP,CORRECT_MATCH
3796,New_Images,005740.jpg,5740,UNRECOGNIZED,0.2394,0.35,TN,CORRECTLY_REJECTED_UNKNOWN
3797,Real Images,000281.jpg,281,281,1,0.35,TP,CORRECT_MATCH
3798,New_Images,005684.jpg,5684,UNRECOGNIZED,0.2176,0.35,TN,CORRECTLY_REJECTED_UNKNOWN
3799,Real Images,000771.jpg,771,771,1,0.35,TP,CORRECT_MATCH
3800,Real Images,001692.jpg,1692,1692,1,0.35,TP,CORRECT_MATCH
3801,Real Images,001102.jpg,1102,1102,1,0.35,TP,CORRECT_MATCH
3802,New_Images,009239.jpg,9239,UNRECOGNIZED,0.2375,0.35,TN,CORRECTLY_REJECTED_UNKNOWN
3803,Real Images,002179.jpg,2179,2179,1,0.35,TP,CORRECT_MATCH
3804,Real Images,003044.jpg,3044,3044,1,0.35,TP,CORRECT_MATCH
3805,Real Images,002657.jpg,2657,2657,1,0.35,TP,CORRECT_MATCH
3806,New_Images,009354.jpg,9354,NO_FACE_DETECTED,0,0.35,TN,No Face Detected by SCRFD
3807,New_Images,009431.jpg,9431,UNRECOGNIZED,0.2305,0.35,TN,CORRECTLY_REJECTED_UNKNOWN
3808,New_Images,008356.jpg,8356,NO_FACE_DETECTED,0,0.35,TN,No Face Detected by SCRFD
3809,New_Images,008305.jpg,8305,UNRECOGNIZED,0.2494,0.35,TN,CORRECTLY_REJECTED_UNKNOWN
3810,Real Images,003308.jpg,3308,3308,1,0.35,TP,CORRECT_MATCH
3811,Real Images,002512.jpg,2512,2512,1,0.35,TP,CORRECT_MATCH
3812,New_Images,007188.jpg,7188,UNRECOGNIZED,0.2909,0.35,TN,CORRECTLY_REJECTED_UNKNOWN
3813,New_Images,006510.jpg,6510,UNRECOGNIZED,0.1989,0.35,TN,CORRECTLY_REJECTED_UNKNOWN
3814,Real Images,003132.jpg,3132,3132,1,0.35,TP,CORRECT_MATCH
3815,New_Images,008353.jpg,8353,UNRECOGNIZED,0.2638,0.35,TN,CORRECTLY_REJECTED_UNKNOWN
3816,New_Images,005119.jpg,5119,UNRECOGNIZED,0.2222,0.35,TN,CORRECTLY_REJECTED_UNKNOWN
3817,Real Images,004715.jpg,4715,4715,1,0.35,TP,CORRECT_MATCH
3818,New_Images,008994.jpg,8994,UNRECOGNIZED,0.2497,0.35,TN,CORRECTLY_REJECTED_UNKNOWN
3819,New_Images,008528.jpg,8528,NO_FACE_DETECTED,0,0.35,TN,No Face Detected by SCRFD
3820,Real Images,001078.jpg,1078,1078,1,0.35,TP,CORRECT_MATCH
3821,Real Images,000904.jpg,904,904,1,0.35,TP,CORRECT_MATCH
3822,Real Images,001550.jpg,1550,1550,1,0.35,TP,CORRECT_MATCH
3823,New_Images,006971.jpg,6971,UNRECOGNIZED,0.2353,0.35,TN,CORRECTLY_REJECTED_UNKNOWN
3824,New_Images,006495.jpg,6495,UNRECOGNIZED,0.216,0.35,TN,CORRECTLY_REJECTED_UNKNOWN
3825,Real Images,002646.jpg,2646,2646,1,0.35,TP,CORRECT_MATCH
3826,Real Images,003020.jpg,3020,3020,1,0.35,TP,CORRECT_MATCH
3827,Real Images,004945.jpg,4945,4945,1,0.35,TP,CORRECT_MATCH
3828,New_Images,008128.jpg,8128,NO_FACE_DETECTED,0,0.35,TN,No Face Detected by SCRFD
3829,Real Images,001024.jpg,1024,1024,1,0.35,TP,CORRECT_MATCH
3830,New_Images,006380.jpg,6380,UNRECOGNIZED,0.2775,0.35,TN,CORRECTLY_REJECTED_UNKNOWN
3831,New_Images,008343.jpg,8343,UNRECOGNIZED,0.2179,0.35,TN,CORRECTLY_REJECTED_UNKNOWN
3832,New_Images,008298.jpg,8298,UNRECOGNIZED,0.2499,0.35,TN,CORRECTLY_REJECTED_UNKNOWN
3833,New_Images,009449.jpg,9449,UNRECOGNIZED,0.2367,0.35,TN,CORRECTLY_REJECTED_UNKNOWN
3834,Real Images,004039.jpg,4039,4039,1,0.35,TP,CORRECT_MATCH
3835,Real Images,000773.jpg,773,773,1,0.35,TP,CORRECT_MATCH
3836,New_Images,007947.jpg,7947,UNRECOGNIZED,0.2465,0.35,TN,CORRECTLY_REJECTED_UNKNOWN
3837,Real Images,002246.jpg,2246,2246,1,0.35,TP,CORRECT_MATCH
3838,Real Images,000030.jpg,30,30,1,0.35,TP,CORRECT_MATCH
3839,New_Images,008640.jpg,8640,UNRECOGNIZED,0.2691,0.35,TN,CORRECTLY_REJECTED_UNKNOWN
3840,Real Images,000948.jpg,948,948,1,0.35,TP,CORRECT_MATCH
3841,New_Images,006508.jpg,6508,UNRECOGNIZED,0.2144,0.35,TN,CORRECTLY_REJECTED_UNKNOWN
3842,New_Images,007892.jpg,7892,UNRECOGNIZED,0.2389,0.35,TN,CORRECTLY_REJECTED_UNKNOWN
3843,Real Images,004178.jpg,4178,4178,1,0.35,TP,CORRECT_MATCH
3844,Real Images,001764.jpg,1764,1764,1,0.35,TP,CORRECT_MATCH
3845,New_Images,005321.jpg,5321,UNRECOGNIZED,0.2298,0.35,TN,CORRECTLY_REJECTED_UNKNOWN
3846,Real Images,000038.jpg,38,38,1,0.35,TP,CORRECT_MATCH
3847,New_Images,007436.jpg,7436,UNRECOGNIZED,0.254,0.35,TN,CORRECTLY_REJECTED_UNKNOWN
3848,New_Images,005944.jpg,5944,NO_FACE_DETECTED,0,0.35,TN,No Face Detected by SCRFD
3849,Real Images,003095.jpg,3095,3095,1,0.35,TP,CORRECT_MATCH
3850,Real Images,002015.jpg,2015,2015,1,0.35,TP,CORRECT_MATCH
3851,New_Images,006542.jpg,6542,UNRECOGNIZED,0.2867,0.35,TN,CORRECTLY_REJECTED_UNKNOWN
3852,Real Images,002818.jpg,2818,2818,1,0.35,TP,CORRECT_MATCH
3853,Real Images,000035.jpg,35,35,1,0.35,TP,CORRECT_MATCH
3854,New_Images,007629.jpg,7629,UNRECOGNIZED,0.2527,0.35,TN,CORRECTLY_REJECTED_UNKNOWN
3855,Real Images,004519.jpg,4519,4519,1,0.35,TP,CORRECT_MATCH
3856,Real Images,001175.jpg,1175,1175,1,0.35,TP,CORRECT_MATCH
3857,Real Images,001409.jpg,1409,1409,1,0.35,TP,CORRECT_MATCH
3858,New_Images,006859.jpg,6859,NO_FACE_DETECTED,0,0.35,TN,No Face Detected by SCRFD
3859,Real Images,003474.jpg,3474,3474,1,0.35,TP,CORRECT_MATCH
3860,Real Images,003106.jpg,3106,3106,1,0.35,TP,CORRECT_MATCH
3861,Real Images,004594.jpg,4594,4594,1,0.35,TP,CORRECT_MATCH
3862,New_Images,008677.jpg,8677,UNRECOGNIZED,0.2458,0.35,TN,CORRECTLY_REJECTED_UNKNOWN
3863,Real Images,000001.jpg,1,1,1,0.35,TP,CORRECT_MATCH
3864,New_Images,008199.jpg,8199,UNRECOGNIZED,0.2468,0.35,TN,CORRECTLY_REJECTED_UNKNOWN
3865,Real Images,001244.jpg,1244,1244,1,0.35,TP,CORRECT_MATCH
3866,Real Images,004419.jpg,4419,4419,1,0.35,TP,CORRECT_MATCH
3867,Real Images,004049.jpg,4049,4049,1,0.35,TP,CORRECT_MATCH
3868,New_Images,007040.jpg,7040,UNRECOGNIZED,0.2264,0.35,TN,CORRECTLY_REJECTED_UNKNOWN
3869,Real Images,004144.jpg,4144,4144,1,0.35,TP,CORRECT_MATCH
3870,Real Images,001262.jpg,1262,1262,1,0.35,TP,CORRECT_MATCH
3871,New_Images,005533.jpg,5533,UNRECOGNIZED,0.2314,0.35,TN,CORRECTLY_REJECTED_UNKNOWN
3872,New_Images,006411.jpg,6411,UNRECOGNIZED,0.2723,0.35,TN,CORRECTLY_REJECTED_UNKNOWN
3873,Real Images,003297.jpg,3297,3297,1,0.35,TP,CORRECT_MATCH
3874,Real Images,000931.jpg,931,931,1,0.35,TP,CORRECT_MATCH
3875,Real Images,002211.jpg,2211,2211,1,0.35,TP,CORRECT_MATCH
3876,New_Images,007594.jpg,7594,UNRECOGNIZED,0.2489,0.35,TN,CORRECTLY_REJECTED_UNKNOWN
3877,New_Images,005198.jpg,5198,NO_FACE_DETECTED,0,0.35,TN,No Face Detected by SCRFD
3878,Real Images,004923.jpg,4923,4923,1,0.35,TP,CORRECT_MATCH
3879,New_Images,005862.jpg,5862,UNRECOGNIZED,0.2212,0.35,TN,CORRECTLY_REJECTED_UNKNOWN
3880,Real Images,002187.jpg,2187,2187,1,0.35,TP,CORRECT_MATCH
3881,New_Images,008609.jpg,8609,UNRECOGNIZED,0.2587,0.35,TN,CORRECTLY_REJECTED_UNKNOWN
3882,New_Images,005865.jpg,5865,UNRECOGNIZED,0.2446,0.35,TN,CORRECTLY_REJECTED_UNKNOWN
3883,New_Images,007840.jpg,7840,UNRECOGNIZED,0.297,0.35,TN,CORRECTLY_REJECTED_UNKNOWN
3884,Real Images,001782.jpg,1782,1782,1,0.35,TP,CORRECT_MATCH
3885,Real Images,002311.jpg,2311,2311,1,0.35,TP,CORRECT_MATCH
3886,New_Images,009529.jpg,9529,UNRECOGNIZED,0.2673,0.35,TN,CORRECTLY_REJECTED_UNKNOWN
3887,Real Images,002605.jpg,2605,2605,1,0.35,TP,CORRECT_MATCH
3888,New_Images,007092.jpg,7092,NO_FACE_DETECTED,0,0.35,TN,No Face Detected by SCRFD
3889,New_Images,009318.jpg,9318,UNRECOGNIZED,0.2722,0.35,TN,CORRECTLY_REJECTED_UNKNOWN
3890,Real Images,001871.jpg,1871,1871,1,0.35,TP,CORRECT_MATCH
3891,New_Images,008297.jpg,8297,UNRECOGNIZED,0.2343,0.35,TN,CORRECTLY_REJECTED_UNKNOWN
3892,New_Images,006434.jpg,6434,UNRECOGNIZED,0.2333,0.35,TN,CORRECTLY_REJECTED_UNKNOWN
3893,Real Images,000726.jpg,726,726,1,0.35,TP,CORRECT_MATCH
3894,Real Images,002209.jpg,2209,2209,1,0.35,TP,CORRECT_MATCH
3895,New_Images,007387.jpg,7387,NO_FACE_DETECTED,0,0.35,TN,No Face Detected by SCRFD
3896,Real Images,003885.jpg,3885,3885,1,0.35,TP,CORRECT_MATCH
3897,Real Images,004190.jpg,4190,4190,1,0.35,TP,CORRECT_MATCH
3898,New_Images,006141.jpg,6141,UNRECOGNIZED,0.273,0.35,TN,CORRECTLY_REJECTED_UNKNOWN
3899,Real Images,003942.jpg,3942,3942,1,0.35,TP,CORRECT_MATCH
3900,New_Images,005769.jpg,5769,UNRECOGNIZED,0.2859,0.35,TN,CORRECTLY_REJECTED_UNKNOWN
3901,Real Images,003830.jpg,3830,3830,1,0.35,TP,CORRECT_MATCH
3902,Real Images,002215.jpg,2215,2215,1,0.35,TP,CORRECT_MATCH
3903,Real Images,003568.jpg,3568,3568,1,0.35,TP,CORRECT_MATCH
3904,New_Images,005772.jpg,5772,UNRECOGNIZED,0.2339,0.35,TN,CORRECTLY_REJECTED_UNKNOWN
3905,Real Images,001951.jpg,1951,1951,1,0.35,TP,CORRECT_MATCH
3906,Real Images,003540.jpg,3540,3540,1,0.35,TP,CORRECT_MATCH
3907,New_Images,005490.jpg,5490,UNRECOGNIZED,0.264,0.35,TN,CORRECTLY_REJECTED_UNKNOWN
3908,New_Images,005107.jpg,5107,UNRECOGNIZED,0.2454,0.35,TN,CORRECTLY_REJECTED_UNKNOWN
3909,New_Images,008400.jpg,8400,UNRECOGNIZED,0.2386,0.35,TN,CORRECTLY_REJECTED_UNKNOWN
3910,Real Images,001462.jpg,1462,1462,1,0.35,TP,CORRECT_MATCH
3911,New_Images,007353.jpg,7353,UNRECOGNIZED,0.2442,0.35,TN,CORRECTLY_REJECTED_UNKNOWN
3912,Real Images,000144.jpg,144,144,1,0.35,TP,CORRECT_MATCH
3913,New_Images,009446.jpg,9446,UNRECOGNIZED,0.2649,0.35,TN,CORRECTLY_REJECTED_UNKNOWN
3914,Real Images,000699.jpg,699,699,1,0.35,TP,CORRECT_MATCH
3915,New_Images,005659.jpg,5659,UNRECOGNIZED,0.2617,0.35,TN,CORRECTLY_REJECTED_UNKNOWN
3916,New_Images,005648.jpg,5648,NO_FACE_DETECTED,0,0.35,TN,No Face Detected by SCRFD
3917,New_Images,005274.jpg,5274,UNRECOGNIZED,0.2417,0.35,TN,CORRECTLY_REJECTED_UNKNOWN
3918,Real Images,000518.jpg,518,518,1,0.35,TP,CORRECT_MATCH
3919,New_Images,009001.jpg,9001,UNRECOGNIZED,0.2789,0.35,TN,CORRECTLY_REJECTED_UNKNOWN
3920,Real Images,001816.jpg,1816,1816,1,0.35,TP,CORRECT_MATCH
3921,New_Images,009445.jpg,9445,UNRECOGNIZED,0.2573,0.35,TN,CORRECTLY_REJECTED_UNKNOWN
3922,Real Images,003022.jpg,3022,3022,1,0.35,TP,CORRECT_MATCH
3923,New_Images,008268.jpg,8268,UNRECOGNIZED,0.3057,0.35,TN,CORRECTLY_REJECTED_UNKNOWN
3924,Real Images,004648.jpg,4648,4648,1,0.35,TP,CORRECT_MATCH
3925,New_Images,006779.jpg,6779,UNRECOGNIZED,0.252,0.35,TN,CORRECTLY_REJECTED_UNKNOWN
3926,Real Images,001597.jpg,1597,1597,1,0.35,TP,CORRECT_MATCH
3927,New_Images,008574.jpg,8574,UNRECOGNIZED,0.244,0.35,TN,CORRECTLY_REJECTED_UNKNOWN
3928,Real Images,003816.jpg,3816,3816,1,0.35,TP,CORRECT_MATCH
3929,New_Images,009130.jpg,9130,NO_FACE_DETECTED,0,0.35,TN,No Face Detected by SCRFD
3930,Real Images,000346.jpg,346,346,1,0.35,TP,CORRECT_MATCH
3931,Real Images,000637.jpg,637,637,1,0.35,TP,CORRECT_MATCH
3932,New_Images,008603.jpg,8603,UNRECOGNIZED,0.2626,0.35,TN,CORRECTLY_REJECTED_UNKNOWN
3933,Real Images,001076.jpg,1076,1076,1,0.35,TP,CORRECT_MATCH
3934,Real Images,000426.jpg,426,426,1,0.35,TP,CORRECT_MATCH
3935,New_Images,006255.jpg,6255,NO_FACE_DETECTED,0,0.35,TN,No Face Detected by SCRFD
3936,New_Images,007915.jpg,7915,UNRECOGNIZED,0.2348,0.35,TN,CORRECTLY_REJECTED_UNKNOWN
3937,New_Images,008772.jpg,8772,UNRECOGNIZED,0.2428,0.35,TN,CORRECTLY_REJECTED_UNKNOWN
3938,Real Images,004193.jpg,4193,4193,1,0.35,TP,CORRECT_MATCH
3939,New_Images,008504.jpg,8504,UNRECOGNIZED,0.1986,0.35,TN,CORRECTLY_REJECTED_UNKNOWN
3940,Real Images,000108.jpg,108,108,1,0.35,TP,CORRECT_MATCH
3941,New_Images,006521.jpg,6521,NO_FACE_DETECTED,0,0.35,TN,No Face Detected by SCRFD
3942,Real Images,002247.jpg,2247,2247,1,0.35,TP,CORRECT_MATCH
3943,Real Images,001939.jpg,1939,1939,1,0.35,TP,CORRECT_MATCH
3944,Real Images,003600.jpg,3600,3600,1,0.35,TP,CORRECT_MATCH
3945,Real Images,003838.jpg,3838,3838,1,0.35,TP,CORRECT_MATCH
3946,Real Images,000262.jpg,262,262,1,0.35,TP,CORRECT_MATCH
3947,New_Images,007964.jpg,7964,UNRECOGNIZED,0.2901,0.35,TN,CORRECTLY_REJECTED_UNKNOWN
3948,Real Images,000422.jpg,422,422,1,0.35,TP,CORRECT_MATCH
3949,Real Images,001627.jpg,1627,1627,1,0.35,TP,CORRECT_MATCH
3950,Real Images,000684.jpg,684,684,1,0.35,TP,CORRECT_MATCH
3951,Real Images,000863.jpg,863,863,1,0.35,TP,CORRECT_MATCH
3952,New_Images,005871.jpg,5871,UNRECOGNIZED,0.2566,0.35,TN,CORRECTLY_REJECTED_UNKNOWN
3953,Real Images,003071.jpg,3071,3071,1,0.35,TP,CORRECT_MATCH
3954,New_Images,008814.jpg,8814,UNRECOGNIZED,0.2299,0.35,TN,CORRECTLY_REJECTED_UNKNOWN
3955,New_Images,005916.jpg,5916,UNRECOGNIZED,0.2565,0.35,TN,CORRECTLY_REJECTED_UNKNOWN
3956,Real Images,003853.jpg,3853,3853,1,0.35,TP,CORRECT_MATCH
3957,Real Images,001031.jpg,1031,1031,1,0.35,TP,CORRECT_MATCH
3958,New_Images,006396.jpg,6396,NO_FACE_DETECTED,0,0.35,TN,No Face Detected by SCRFD
3959,New_Images,006236.jpg,6236,UNRECOGNIZED,0.2549,0.35,TN,CORRECTLY_REJECTED_UNKNOWN
3960,New_Images,009440.jpg,9440,NO_FACE_DETECTED,0,0.35,TN,No Face Detected by SCRFD
3961,New_Images,008559.jpg,8559,UNRECOGNIZED,0.2854,0.35,TN,CORRECTLY_REJECTED_UNKNOWN
3962,Real Images,000095.jpg,95,95,1,0.35,TP,CORRECT_MATCH
3963,Real Images,003499.jpg,3499,3499,1,0.35,TP,CORRECT_MATCH
3964,New_Images,009195.jpg,9195,UNRECOGNIZED,0.2494,0.35,TN,CORRECTLY_REJECTED_UNKNOWN
3965,New_Images,009269.jpg,9269,UNRECOGNIZED,0.2376,0.35,TN,CORRECTLY_REJECTED_UNKNOWN
3966,New_Images,005429.jpg,5429,NO_FACE_DETECTED,0,0.35,TN,No Face Detected by SCRFD
3967,New_Images,005226.jpg,5226,NO_FACE_DETECTED,0,0.35,TN,No Face Detected by SCRFD
3968,Real Images,004922.jpg,4922,4922,1,0.35,TP,CORRECT_MATCH
3969,Real Images,002134.jpg,2134,2134,1,0.35,TP,CORRECT_MATCH
3970,Real Images,004654.jpg,4654,4654,1,0.35,TP,CORRECT_MATCH
3971,New_Images,008477.jpg,8477,NO_FACE_DETECTED,0,0.35,TN,No Face Detected by SCRFD
3972,Real Images,001488.jpg,1488,1488,1,0.35,TP,CORRECT_MATCH
3973,Real Images,003846.jpg,3846,3846,1,0.35,TP,CORRECT_MATCH
3974,Real Images,004329.jpg,4329,4329,1,0.35,TP,CORRECT_MATCH
3975,New_Images,008036.jpg,8036,UNRECOGNIZED,0.254,0.35,TN,CORRECTLY_REJECTED_UNKNOWN
3976,Real Images,001823.jpg,1823,1823,1,0.35,TP,CORRECT_MATCH
3977,Real Images,003636.jpg,3636,3636,1,0.35,TP,CORRECT_MATCH
3978,New_Images,007409.jpg,7409,UNRECOGNIZED,0.2464,0.35,TN,CORRECTLY_REJECTED_UNKNOWN
3979,New_Images,005702.jpg,5702,UNRECOGNIZED,0.2784,0.35,TN,CORRECTLY_REJECTED_UNKNOWN
3980,New_Images,009347.jpg,9347,UNRECOGNIZED,0.2368,0.35,TN,CORRECTLY_REJECTED_UNKNOWN
3981,Real Images,002480.jpg,2480,2480,1,0.35,TP,CORRECT_MATCH
3982,Real Images,001096.jpg,1096,1096,1,0.35,TP,CORRECT_MATCH
3983,Real Images,004829.jpg,4829,4829,1,0.35,TP,CORRECT_MATCH
3984,New_Images,009152.jpg,9152,NO_FACE_DETECTED,0,0.35,TN,No Face Detected by SCRFD
3985,Real Images,002675.jpg,2675,2675,1,0.35,TP,CORRECT_MATCH
3986,New_Images,005091.jpg,5091,UNRECOGNIZED,0.2665,0.35,TN,CORRECTLY_REJECTED_UNKNOWN
3987,Real Images,001285.jpg,1285,1285,1,0.35,TP,CORRECT_MATCH
3988,Real Images,004834.jpg,4834,4834,1,0.35,TP,CORRECT_MATCH
3989,Real Images,001408.jpg,1408,1408,1,0.35,TP,CORRECT_MATCH
3990,Real Images,000664.jpg,664,664,1,0.35,TP,CORRECT_MATCH
3991,Real Images,000325.jpg,325,325,1,0.35,TP,CORRECT_MATCH
3992,Real Images,000293.jpg,293,293,1,0.35,TP,CORRECT_MATCH
3993,New_Images,007660.jpg,7660,NO_FACE_DETECTED,0,0.35,TN,No Face Detected by SCRFD
3994,New_Images,007935.jpg,7935,NO_FACE_DETECTED,0,0.35,TN,No Face Detected by SCRFD
3995,Real Images,004344.jpg,4344,4344,1,0.35,TP,CORRECT_MATCH
3996,Real Images,002342.jpg,2342,2342,1,0.35,TP,CORRECT_MATCH
3997,Real Images,002509.jpg,2509,2509,1,0.35,TP,CORRECT_MATCH
3998,Real Images,004760.jpg,4760,4760,1,0.35,TP,CORRECT_MATCH
3999,Real Images,001728.jpg,1728,1728,1,0.35,TP,CORRECT_MATCH
4000,New_Images,007552.jpg,7552,NO_FACE_DETECTED,0,0.35,TN,No Face Detected by SCRFD
4001,Real Images,004961.jpg,4961,4961,1,0.35,TP,CORRECT_MATCH
4002,Real Images,003309.jpg,3309,3309,1,0.35,TP,CORRECT_MATCH
4003,New_Images,006882.jpg,6882,UNRECOGNIZED,0.312,0.35,TN,CORRECTLY_REJECTED_UNKNOWN
4004,New_Images,005589.jpg,5589,NO_FACE_DETECTED,0,0.35,TN,No Face Detected by SCRFD
4005,New_Images,005464.jpg,5464,UNRECOGNIZED,0.2127,0.35,TN,CORRECTLY_REJECTED_UNKNOWN
4006,Real Images,000594.jpg,594,594,1,0.35,TP,CORRECT_MATCH
4007,New_Images,008893.jpg,8893,UNRECOGNIZED,0.2538,0.35,TN,CORRECTLY_REJECTED_UNKNOWN
4008,Real Images,004904.jpg,4904,4904,1,0.35,TP,CORRECT_MATCH
4009,New_Images,007749.jpg,7749,UNRECOGNIZED,0.2784,0.35,TN,CORRECTLY_REJECTED_UNKNOWN
4010,New_Images,007549.jpg,7549,UNRECOGNIZED,0.297,0.35,TN,CORRECTLY_REJECTED_UNKNOWN
4011,New_Images,005546.jpg,5546,UNRECOGNIZED,0.2116,0.35,TN,CORRECTLY_REJECTED_UNKNOWN
4012,Real Images,004094.jpg,4094,4094,1,0.35,TP,CORRECT_MATCH
4013,New_Images,008773.jpg,8773,NO_FACE_DETECTED,0,0.35,TN,No Face Detected by SCRFD
4014,New_Images,006634.jpg,6634,UNRECOGNIZED,0.2041,0.35,TN,CORRECTLY_REJECTED_UNKNOWN
4015,Real Images,001831.jpg,1831,1831,1,0.35,TP,CORRECT_MATCH
4016,New_Images,005834.jpg,5834,UNRECOGNIZED,0.2082,0.35,TN,CORRECTLY_REJECTED_UNKNOWN
4017,Real Images,004786.jpg,4786,4786,1,0.35,TP,CORRECT_MATCH
4018,Real Images,004585.jpg,4585,4585,1,0.35,TP,CORRECT_MATCH
4019,Real Images,002091.jpg,2091,2091,1,0.35,TP,CORRECT_MATCH
4020,New_Images,009317.jpg,9317,NO_FACE_DETECTED,0,0.35,TN,No Face Detected by SCRFD
4021,New_Images,007263.jpg,7263,UNRECOGNIZED,0.3126,0.35,TN,CORRECTLY_REJECTED_UNKNOWN
4022,New_Images,005243.jpg,5243,UNRECOGNIZED,0.2589,0.35,TN,CORRECTLY_REJECTED_UNKNOWN
4023,Real Images,001166.jpg,1166,1166,1,0.35,TP,CORRECT_MATCH
4024,Real Images,003197.jpg,3197,3197,1,0.35,TP,CORRECT_MATCH
4025,New_Images,007201.jpg,7201,UNRECOGNIZED,0.2268,0.35,TN,CORRECTLY_REJECTED_UNKNOWN
4026,Real Images,000715.jpg,715,715,1,0.35,TP,CORRECT_MATCH
4027,Real Images,002206.jpg,2206,2206,1,0.35,TP,CORRECT_MATCH
4028,New_Images,008208.jpg,8208,UNRECOGNIZED,0.2446,0.35,TN,CORRECTLY_REJECTED_UNKNOWN
4029,Real Images,002662.jpg,2662,2662,1,0.35,TP,CORRECT_MATCH
4030,Real Images,002359.jpg,2359,2359,1,0.35,TP,CORRECT_MATCH
4031,Real Images,002363.jpg,2363,2363,1,0.35,TP,CORRECT_MATCH
4032,Real Images,000815.jpg,815,815,1,0.35,TP,CORRECT_MATCH
4033,New_Images,006507.jpg,6507,NO_FACE_DETECTED,0,0.35,TN,No Face Detected by SCRFD
4034,New_Images,009150.jpg,9150,UNRECOGNIZED,0.2409,0.35,TN,CORRECTLY_REJECTED_UNKNOWN
4035,Real Images,002784.jpg,2784,2784,1,0.35,TP,CORRECT_MATCH
4036,New_Images,005049.jpg,5049,NO_FACE_DETECTED,0,0.35,TN,No Face Detected by SCRFD
4037,New_Images,005598.jpg,5598,UNRECOGNIZED,0.2608,0.35,TN,CORRECTLY_REJECTED_UNKNOWN
4038,Real Images,000497.jpg,497,497,1,0.35,TP,CORRECT_MATCH
4039,Real Images,001687.jpg,1687,1687,1,0.35,TP,CORRECT_MATCH
4040,Real Images,000082.jpg,82,82,1,0.35,TP,CORRECT_MATCH
4041,Real Images,001410.jpg,1410,1410,1,0.35,TP,CORRECT_MATCH
4042,New_Images,006086.jpg,6086,NO_FACE_DETECTED,0,0.35,TN,No Face Detected by SCRFD
4043,Real Images,003318.jpg,3318,3318,1,0.35,TP,CORRECT_MATCH
4044,New_Images,007756.jpg,7756,UNRECOGNIZED,0.2624,0.35,TN,CORRECTLY_REJECTED_UNKNOWN
4045,New_Images,007852.jpg,7852,UNRECOGNIZED,0.2706,0.35,TN,CORRECTLY_REJECTED_UNKNOWN
4046,New_Images,006812.jpg,6812,UNRECOGNIZED,0.2598,0.35,TN,CORRECTLY_REJECTED_UNKNOWN
4047,Real Images,001476.jpg,1476,1476,1,0.35,TP,CORRECT_MATCH
4048,New_Images,007930.jpg,7930,UNRECOGNIZED,0.2414,0.35,TN,CORRECTLY_REJECTED_UNKNOWN
4049,Real Images,001065.jpg,1065,1065,1,0.35,TP,CORRECT_MATCH
4050,New_Images,006282.jpg,6282,UNRECOGNIZED,0.2063,0.35,TN,CORRECTLY_REJECTED_UNKNOWN
4051,New_Images,008515.jpg,8515,UNRECOGNIZED,0.2281,0.35,TN,CORRECTLY_REJECTED_UNKNOWN
4052,New_Images,009456.jpg,9456,UNRECOGNIZED,0.2474,0.35,TN,CORRECTLY_REJECTED_UNKNOWN
4053,New_Images,006335.jpg,6335,UNRECOGNIZED,0.2401,0.35,TN,CORRECTLY_REJECTED_UNKNOWN
4054,New_Images,008388.jpg,8388,NO_FACE_DETECTED,0,0.35,TN,No Face Detected by SCRFD
4055,Real Images,003437.jpg,3437,3437,1,0.35,TP,CORRECT_MATCH
4056,New_Images,005810.jpg,5810,NO_FACE_DETECTED,0,0.35,TN,No Face Detected by SCRFD
4057,New_Images,008499.jpg,8499,NO_FACE_DETECTED,0,0.35,TN,No Face Detected by SCRFD
4058,New_Images,007324.jpg,7324,UNRECOGNIZED,0.2678,0.35,TN,CORRECTLY_REJECTED_UNKNOWN
4059,New_Images,005241.jpg,5241,UNRECOGNIZED,0.2414,0.35,TN,CORRECTLY_REJECTED_UNKNOWN
4060,Real Images,000246.jpg,246,246,1,0.35,TP,CORRECT_MATCH
4061,Real Images,000670.jpg,670,670,1,0.35,TP,CORRECT_MATCH
4062,Real Images,004763.jpg,4763,4763,1,0.35,TP,CORRECT_MATCH
4063,Real Images,000406.jpg,406,406,1,0.35,TP,CORRECT_MATCH
4064,New_Images,006846.jpg,6846,UNRECOGNIZED,0.2924,0.35,TN,CORRECTLY_REJECTED_UNKNOWN
4065,New_Images,005825.jpg,5825,NO_FACE_DETECTED,0,0.35,TN,No Face Detected by SCRFD
4066,Real Images,002326.jpg,2326,2326,1,0.35,TP,CORRECT_MATCH
4067,New_Images,006103.jpg,6103,UNRECOGNIZED,0.212,0.35,TN,CORRECTLY_REJECTED_UNKNOWN
4068,New_Images,006216.jpg,6216,UNRECOGNIZED,0.2309,0.35,TN,CORRECTLY_REJECTED_UNKNOWN
4069,Real Images,001028.jpg,1028,1028,1,0.35,TP,CORRECT_MATCH
4070,New_Images,005178.jpg,5178,UNRECOGNIZED,0.2037,0.35,TN,CORRECTLY_REJECTED_UNKNOWN
4071,Real Images,001994.jpg,1994,1994,1,0.35,TP,CORRECT_MATCH
4072,Real Images,003217.jpg,3217,3217,1,0.35,TP,CORRECT_MATCH
4073,New_Images,007325.jpg,7325,UNRECOGNIZED,0.2489,0.35,TN,CORRECTLY_REJECTED_UNKNOWN
4074,Real Images,002952.jpg,2952,2952,1,0.35,TP,CORRECT_MATCH
4075,New_Images,007473.jpg,7473,UNRECOGNIZED,0.2942,0.35,TN,CORRECTLY_REJECTED_UNKNOWN
4076,Real Images,002118.jpg,2118,2118,1,0.35,TP,CORRECT_MATCH
4077,Real Images,004624.jpg,4624,4624,1,0.35,TP,CORRECT_MATCH
4078,Real Images,003480.jpg,3480,3480,1,0.35,TP,CORRECT_MATCH
4079,Real Images,004275.jpg,4275,4275,1,0.35,TP,CORRECT_MATCH
4080,Real Images,004995.jpg,4995,4995,1,0.35,TP,CORRECT_MATCH
4081,New_Images,006413.jpg,6413,UNRECOGNIZED,0.2204,0.35,TN,CORRECTLY_REJECTED_UNKNOWN
4082,New_Images,008313.jpg,8313,UNRECOGNIZED,0.2525,0.35,TN,CORRECTLY_REJECTED_UNKNOWN
4083,Real Images,004125.jpg,4125,4125,1,0.35,TP,CORRECT_MATCH
4084,Real Images,000724.jpg,724,724,1,0.35,TP,CORRECT_MATCH
4085,New_Images,006265.jpg,6265,UNRECOGNIZED,0.3217,0.35,TN,CORRECTLY_REJECTED_UNKNOWN
4086,New_Images,007224.jpg,7224,UNRECOGNIZED,0.2743,0.35,TN,CORRECTLY_REJECTED_UNKNOWN
4087,New_Images,005613.jpg,5613,UNRECOGNIZED,0.2276,0.35,TN,CORRECTLY_REJECTED_UNKNOWN
4088,Real Images,000613.jpg,613,613,1,0.35,TP,CORRECT_MATCH
4089,Real Images,003026.jpg,3026,3026,1,0.35,TP,CORRECT_MATCH
4090,Real Images,003929.jpg,3929,3929,1,0.35,TP,CORRECT_MATCH
4091,New_Images,009435.jpg,9435,UNRECOGNIZED,0.266,0.35,TN,CORRECTLY_REJECTED_UNKNOWN
4092,New_Images,009379.jpg,9379,UNRECOGNIZED,0.2292,0.35,TN,CORRECTLY_REJECTED_UNKNOWN
4093,New_Images,008627.jpg,8627,UNRECOGNIZED,0.2581,0.35,TN,CORRECTLY_REJECTED_UNKNOWN
4094,New_Images,006939.jpg,6939,NO_FACE_DETECTED,0,0.35,TN,No Face Detected by SCRFD
4095,New_Images,006850.jpg,6850,UNRECOGNIZED,0.2518,0.35,TN,CORRECTLY_REJECTED_UNKNOWN
4096,New_Images,006385.jpg,6385,UNRECOGNIZED,0.2684,0.35,TN,CORRECTLY_REJECTED_UNKNOWN
4097,New_Images,008130.jpg,8130,UNRECOGNIZED,0.2412,0.35,TN,CORRECTLY_REJECTED_UNKNOWN
4098,New_Images,008292.jpg,8292,UNRECOGNIZED,0.2394,0.35,TN,CORRECTLY_REJECTED_UNKNOWN
4099,Real Images,000819.jpg,819,819,1,0.35,TP,CORRECT_MATCH
4100,Real Images,001873.jpg,1873,1873,1,0.35,TP,CORRECT_MATCH
4101,New_Images,008375.jpg,8375,UNRECOGNIZED,0.3093,0.35,TN,CORRECTLY_REJECTED_UNKNOWN
4102,New_Images,005640.jpg,5640,NO_FACE_DETECTED,0,0.35,TN,No Face Detected by SCRFD
4103,Real Images,003693.jpg,3693,3693,1,0.35,TP,CORRECT_MATCH
4104,New_Images,008568.jpg,8568,UNRECOGNIZED,0.2842,0.35,TN,CORRECTLY_REJECTED_UNKNOWN
4105,Real Images,004270.jpg,4270,4270,1,0.35,TP,CORRECT_MATCH
4106,New_Images,006531.jpg,6531,NO_FACE_DETECTED,0,0.35,TN,No Face Detected by SCRFD
4107,New_Images,006158.jpg,6158,UNRECOGNIZED,0.27,0.35,TN,CORRECTLY_REJECTED_UNKNOWN
4108,Real Images,003434.jpg,3434,3434,1,0.35,TP,CORRECT_MATCH
4109,Real Images,001725.jpg,1725,1725,1,0.35,TP,CORRECT_MATCH
4110,Real Images,003473.jpg,3473,3473,1,0.35,TP,CORRECT_MATCH
4111,New_Images,007603.jpg,7603,UNRECOGNIZED,0.2587,0.35,TN,CORRECTLY_REJECTED_UNKNOWN
4112,New_Images,009319.jpg,9319,UNRECOGNIZED,0.2918,0.35,TN,CORRECTLY_REJECTED_UNKNOWN
4113,New_Images,007567.jpg,7567,UNRECOGNIZED,0.2483,0.35,TN,CORRECTLY_REJECTED_UNKNOWN
4114,New_Images,006407.jpg,6407,UNRECOGNIZED,0.2344,0.35,TN,CORRECTLY_REJECTED_UNKNOWN
4115,Real Images,004363.jpg,4363,4363,1,0.35,TP,CORRECT_MATCH
4116,Real Images,002207.jpg,2207,2207,1,0.35,TP,CORRECT_MATCH
4117,Real Images,001943.jpg,1943,1943,1,0.35,TP,CORRECT_MATCH
4118,New_Images,008612.jpg,8612,NO_FACE_DETECTED,0,0.35,TN,No Face Detected by SCRFD
4119,New_Images,007407.jpg,7407,UNRECOGNIZED,0.2402,0.35,TN,CORRECTLY_REJECTED_UNKNOWN
4120,Real Images,002128.jpg,2128,2128,1,0.35,TP,CORRECT_MATCH
4121,New_Images,008207.jpg,8207,UNRECOGNIZED,0.2669,0.35,TN,CORRECTLY_REJECTED_UNKNOWN
4122,Real Images,002666.jpg,2666,2666,1,0.35,TP,CORRECT_MATCH
4123,Real Images,000826.jpg,826,826,1,0.35,TP,CORRECT_MATCH
4124,Real Images,003109.jpg,3109,3109,1,0.35,TP,CORRECT_MATCH
4125,Real Images,004386.jpg,4386,4386,1,0.35,TP,CORRECT_MATCH
4126,New_Images,009083.jpg,9083,UNRECOGNIZED,0.2583,0.35,TN,CORRECTLY_REJECTED_UNKNOWN
4127,Real Images,000069.jpg,69,69,1,0.35,TP,CORRECT_MATCH
4128,New_Images,007981.jpg,7981,UNRECOGNIZED,0.2179,0.35,TN,CORRECTLY_REJECTED_UNKNOWN
4129,Real Images,003769.jpg,3769,3769,1,0.35,TP,CORRECT_MATCH
4130,New_Images,008870.jpg,8870,UNRECOGNIZED,0.2544,0.35,TN,CORRECTLY_REJECTED_UNKNOWN
4131,New_Images,007595.jpg,7595,UNRECOGNIZED,0.2166,0.35,TN,CORRECTLY_REJECTED_UNKNOWN
4132,New_Images,006681.jpg,6681,UNRECOGNIZED,0.3061,0.35,TN,CORRECTLY_REJECTED_UNKNOWN
4133,Real Images,003226.jpg,3226,3226,1,0.35,TP,CORRECT_MATCH
4134,Real Images,002845.jpg,2845,2845,1,0.35,TP,CORRECT_MATCH
4135,New_Images,007203.jpg,7203,UNRECOGNIZED,0.2108,0.35,TN,CORRECTLY_REJECTED_UNKNOWN
4136,Real Images,000267.jpg,267,267,1,0.35,TP,CORRECT_MATCH
4137,New_Images,007424.jpg,7424,NO_FACE_DETECTED,0,0.35,TN,No Face Detected by SCRFD
4138,New_Images,006501.jpg,6501,UNRECOGNIZED,0.2372,0.35,TN,CORRECTLY_REJECTED_UNKNOWN
4139,Real Images,000444.jpg,444,444,1,0.35,TP,CORRECT_MATCH
4140,New_Images,008111.jpg,8111,UNRECOGNIZED,0.2234,0.35,TN,CORRECTLY_REJECTED_UNKNOWN
4141,Real Images,001820.jpg,1820,1820,1,0.35,TP,CORRECT_MATCH
4142,New_Images,007592.jpg,7592,NO_FACE_DETECTED,0,0.35,TN,No Face Detected by SCRFD
4143,Real Images,002296.jpg,2296,2296,1,0.35,TP,CORRECT_MATCH
4144,New_Images,008364.jpg,8364,NO_FACE_DETECTED,0,0.35,TN,No Face Detected by SCRFD
4145,Real Images,004021.jpg,4021,4021,1,0.35,TP,CORRECT_MATCH
4146,New_Images,008716.jpg,8716,UNRECOGNIZED,0.2502,0.35,TN,CORRECTLY_REJECTED_UNKNOWN
4147,New_Images,008947.jpg,8947,UNRECOGNIZED,0.3063,0.35,TN,CORRECTLY_REJECTED_UNKNOWN
4148,Real Images,002584.jpg,2584,2584,1,0.35,TP,CORRECT_MATCH
4149,New_Images,008165.jpg,8165,UNRECOGNIZED,0.2894,0.35,TN,CORRECTLY_REJECTED_UNKNOWN
4150,Real Images,004332.jpg,4332,4332,1,0.35,TP,CORRECT_MATCH
4151,New_Images,007911.jpg,7911,NO_FACE_DETECTED,0,0.35,TN,No Face Detected by SCRFD
4152,New_Images,009233.jpg,9233,UNRECOGNIZED,0.2924,0.35,TN,CORRECTLY_REJECTED_UNKNOWN
4153,Real Images,004036.jpg,4036,4036,1,0.35,TP,CORRECT_MATCH
4154,New_Images,008141.jpg,8141,UNRECOGNIZED,0.2744,0.35,TN,CORRECTLY_REJECTED_UNKNOWN
4155,New_Images,008545.jpg,8545,UNRECOGNIZED,0.2881,0.35,TN,CORRECTLY_REJECTED_UNKNOWN
4156,New_Images,006980.jpg,6980,UNRECOGNIZED,0.2501,0.35,TN,CORRECTLY_REJECTED_UNKNOWN
4157,Real Images,001278.jpg,1278,1278,1,0.35,TP,CORRECT_MATCH
4158,Real Images,002917.jpg,2917,2917,1,0.35,TP,CORRECT_MATCH
4159,New_Images,006194.jpg,6194,UNRECOGNIZED,0.218,0.35,TN,CORRECTLY_REJECTED_UNKNOWN
4160,Real Images,001662.jpg,1662,1662,1,0.35,TP,CORRECT_MATCH
4161,Real Images,001878.jpg,1878,1878,1,0.35,TP,CORRECT_MATCH
4162,New_Images,005393.jpg,5393,UNRECOGNIZED,0.2208,0.35,TN,CORRECTLY_REJECTED_UNKNOWN
4163,Real Images,002175.jpg,2175,2175,1,0.35,TP,CORRECT_MATCH
4164,New_Images,009227.jpg,9227,NO_FACE_DETECTED,0,0.35,TN,No Face Detected by SCRFD
4165,Real Images,001924.jpg,1924,1924,1,0.35,TP,CORRECT_MATCH
4166,New_Images,005432.jpg,5432,NO_FACE_DETECTED,0,0.35,TN,No Face Detected by SCRFD
4167,Real Images,004088.jpg,4088,4088,1,0.35,TP,CORRECT_MATCH
4168,New_Images,008455.jpg,8455,NO_FACE_DETECTED,0,0.35,TN,No Face Detected by SCRFD
4169,Real Images,001498.jpg,1498,1498,1,0.35,TP,CORRECT_MATCH
4170,New_Images,005224.jpg,5224,NO_FACE_DETECTED,0,0.35,TN,No Face Detected by SCRFD
4171,New_Images,006250.jpg,6250,NO_FACE_DETECTED,0,0.35,TN,No Face Detected by SCRFD
4172,Real Images,002897.jpg,2897,2897,1,0.35,TP,CORRECT_MATCH
4173,Real Images,004769.jpg,4769,4769,1,0.35,TP,CORRECT_MATCH
4174,Real Images,003904.jpg,3904,3904,1,0.35,TP,CORRECT_MATCH
4175,New_Images,007078.jpg,7078,UNRECOGNIZED,0.2808,0.35,TN,CORRECTLY_REJECTED_UNKNOWN
4176,New_Images,007015.jpg,7015,UNRECOGNIZED,0.2225,0.35,TN,CORRECTLY_REJECTED_UNKNOWN
4177,Real Images,002802.jpg,2802,2802,1,0.35,TP,CORRECT_MATCH
4178,Real Images,003269.jpg,3269,3269,1,0.35,TP,CORRECT_MATCH
4179,New_Images,006552.jpg,6552,UNRECOGNIZED,0.2876,0.35,TN,CORRECTLY_REJECTED_UNKNOWN
4180,New_Images,007315.jpg,7315,NO_FACE_DETECTED,0,0.35,TN,No Face Detected by SCRFD
4181,New_Images,005126.jpg,5126,UNRECOGNIZED,0.2667,0.35,TN,CORRECTLY_REJECTED_UNKNOWN
4182,Real Images,004424.jpg,4424,4424,1,0.35,TP,CORRECT_MATCH
4183,Real Images,004949.jpg,4949,4949,1,0.35,TP,CORRECT_MATCH
4184,Real Images,004229.jpg,4229,4229,1,0.35,TP,CORRECT_MATCH
4185,New_Images,006821.jpg,6821,UNRECOGNIZED,0.2566,0.35,TN,CORRECTLY_REJECTED_UNKNOWN
4186,Real Images,002587.jpg,2587,2587,1,0.35,TP,CORRECT_MATCH
4187,Real Images,001884.jpg,1884,1884,1,0.35,TP,CORRECT_MATCH
4188,Real Images,001806.jpg,1806,1806,1,0.35,TP,CORRECT_MATCH
4189,Real Images,003135.jpg,3135,3135,1,0.35,TP,CORRECT_MATCH
4190,New_Images,005985.jpg,5985,UNRECOGNIZED,0.2262,0.35,TN,CORRECTLY_REJECTED_UNKNOWN
4191,New_Images,007082.jpg,7082,UNRECOGNIZED,0.2838,0.35,TN,CORRECTLY_REJECTED_UNKNOWN
4192,New_Images,007483.jpg,7483,UNRECOGNIZED,0.2461,0.35,TN,CORRECTLY_REJECTED_UNKNOWN
4193,Real Images,003949.jpg,3949,3949,1,0.35,TP,CORRECT_MATCH
4194,New_Images,007197.jpg,7197,NO_FACE_DETECTED,0,0.35,TN,No Face Detected by SCRFD
4195,Real Images,003775.jpg,3775,3775,1,0.35,TP,CORRECT_MATCH
4196,Real Images,003759.jpg,3759,3759,1,0.35,TP,CORRECT_MATCH
4197,Real Images,002783.jpg,2783,2783,1,0.35,TP,CORRECT_MATCH
4198,New_Images,006762.jpg,6762,UNRECOGNIZED,0.2539,0.35,TN,CORRECTLY_REJECTED_UNKNOWN
4199,Real Images,003962.jpg,3962,3962,1,0.35,TP,CORRECT_MATCH
4200,New_Images,006749.jpg,6749,UNRECOGNIZED,0.2752,0.35,TN,CORRECTLY_REJECTED_UNKNOWN
4201,Real Images,003628.jpg,3628,3628,1,0.35,TP,CORRECT_MATCH
4202,Real Images,002050.jpg,2050,2050,1,0.35,TP,CORRECT_MATCH
4203,New_Images,008903.jpg,8903,NO_FACE_DETECTED,0,0.35,TN,No Face Detected by SCRFD
4204,New_Images,007009.jpg,7009,UNRECOGNIZED,0.2543,0.35,TN,CORRECTLY_REJECTED_UNKNOWN
4205,New_Images,008664.jpg,8664,UNRECOGNIZED,0.2553,0.35,TN,CORRECTLY_REJECTED_UNKNOWN
4206,Real Images,002411.jpg,2411,2411,1,0.35,TP,CORRECT_MATCH
4207,Real Images,004122.jpg,4122,4122,1,0.35,TP,CORRECT_MATCH
4208,Real Images,000593.jpg,593,593,1,0.35,TP,CORRECT_MATCH
4209,Real Images,004746.jpg,4746,4746,1,0.35,TP,CORRECT_MATCH
4210,Real Images,004148.jpg,4148,4148,1,0.35,TP,CORRECT_MATCH
4211,New_Images,006032.jpg,6032,UNRECOGNIZED,0.2642,0.35,TN,CORRECTLY_REJECTED_UNKNOWN
4212,Real Images,001434.jpg,1434,1434,1,0.35,TP,CORRECT_MATCH
4213,New_Images,008105.jpg,8105,NO_FACE_DETECTED,0,0.35,TN,No Face Detected by SCRFD
4214,New_Images,005080.jpg,5080,UNRECOGNIZED,0.2654,0.35,TN,CORRECTLY_REJECTED_UNKNOWN
4215,Real Images,003310.jpg,3310,3310,1,0.35,TP,CORRECT_MATCH
4216,Real Images,003726.jpg,3726,3726,1,0.35,TP,CORRECT_MATCH
4217,New_Images,005435.jpg,5435,UNRECOGNIZED,0.2747,0.35,TN,CORRECTLY_REJECTED_UNKNOWN
4218,New_Images,006656.jpg,6656,NO_FACE_DETECTED,0,0.35,TN,No Face Detected by SCRFD
4219,Real Images,002266.jpg,2266,2266,1,0.35,TP,CORRECT_MATCH
4220,New_Images,007813.jpg,7813,UNRECOGNIZED,0.2091,0.35,TN,CORRECTLY_REJECTED_UNKNOWN
4221,New_Images,009183.jpg,9183,NO_FACE_DETECTED,0,0.35,TN,No Face Detected by SCRFD
4222,New_Images,008840.jpg,8840,NO_FACE_DETECTED,0,0.35,TN,No Face Detected by SCRFD
4223,Real Images,000739.jpg,739,739,1,0.35,TP,CORRECT_MATCH
4224,Real Images,000563.jpg,563,563,1,0.35,TP,CORRECT_MATCH
4225,New_Images,006918.jpg,6918,UNRECOGNIZED,0.2421,0.35,TN,CORRECTLY_REJECTED_UNKNOWN
4226,New_Images,005111.jpg,5111,UNRECOGNIZED,0.3006,0.35,TN,CORRECTLY_REJECTED_UNKNOWN
4227,New_Images,006710.jpg,6710,UNRECOGNIZED,0.272,0.35,TN,CORRECTLY_REJECTED_UNKNOWN
4228,Real Images,003238.jpg,3238,3238,1,0.35,TP,CORRECT_MATCH
4229,Real Images,002893.jpg,2893,2893,1,0.35,TP,CORRECT_MATCH
4230,Real Images,003273.jpg,3273,3273,1,0.35,TP,CORRECT_MATCH
4231,New_Images,006585.jpg,6585,UNRECOGNIZED,0.2401,0.35,TN,CORRECTLY_REJECTED_UNKNOWN
4232,New_Images,009591.jpg,9591,UNRECOGNIZED,0.2657,0.35,TN,CORRECTLY_REJECTED_UNKNOWN
4233,New_Images,005967.jpg,5967,UNRECOGNIZED,0.3242,0.35,TN,CORRECTLY_REJECTED_UNKNOWN
4234,Real Images,000003.jpg,3,3,1,0.35,TP,CORRECT_MATCH
4235,Real Images,001960.jpg,1960,1960,1,0.35,TP,CORRECT_MATCH
4236,New_Images,006892.jpg,6892,UNRECOGNIZED,0.2779,0.35,TN,CORRECTLY_REJECTED_UNKNOWN
4237,Real Images,000296.jpg,296,296,1,0.35,TP,CORRECT_MATCH
4238,New_Images,008830.jpg,8830,UNRECOGNIZED,0.2779,0.35,TN,CORRECTLY_REJECTED_UNKNOWN
4239,Real Images,001898.jpg,1898,1898,1,0.35,TP,CORRECT_MATCH
4240,New_Images,005854.jpg,5854,UNRECOGNIZED,0.2802,0.35,TN,CORRECTLY_REJECTED_UNKNOWN
4241,Real Images,004183.jpg,4183,4183,1,0.35,TP,CORRECT_MATCH
4242,New_Images,007036.jpg,7036,UNRECOGNIZED,0.2353,0.35,TN,CORRECTLY_REJECTED_UNKNOWN
4243,Real Images,001596.jpg,1596,1596,1,0.35,TP,CORRECT_MATCH
4244,Real Images,004750.jpg,4750,4750,1,0.35,TP,CORRECT_MATCH
4245,Real Images,004993.jpg,4993,4993,1,0.35,TP,CORRECT_MATCH
4246,Real Images,000088.jpg,88,88,1,0.35,TP,CORRECT_MATCH
4247,New_Images,008463.jpg,8463,NO_FACE_DETECTED,0,0.35,TN,No Face Detected by SCRFD
4248,Real Images,004050.jpg,4050,4050,1,0.35,TP,CORRECT_MATCH
4249,Real Images,001436.jpg,1436,1436,1,0.35,TP,CORRECT_MATCH
4250,New_Images,008971.jpg,8971,UNRECOGNIZED,0.2923,0.35,TN,CORRECTLY_REJECTED_UNKNOWN
4251,New_Images,005977.jpg,5977,UNRECOGNIZED,0.2335,0.35,TN,CORRECTLY_REJECTED_UNKNOWN
4252,Real Images,003283.jpg,3283,3283,1,0.35,TP,CORRECT_MATCH
4253,Real Images,003149.jpg,3149,3149,1,0.35,TP,CORRECT_MATCH
4254,New_Images,005079.jpg,5079,UNRECOGNIZED,0.2355,0.35,TN,CORRECTLY_REJECTED_UNKNOWN
4255,New_Images,007925.jpg,7925,UNRECOGNIZED,0.2117,0.35,TN,CORRECTLY_REJECTED_UNKNOWN
4256,Real Images,003038.jpg,3038,3038,1,0.35,TP,CORRECT_MATCH
4257,New_Images,008496.jpg,8496,UNRECOGNIZED,0.2548,0.35,TN,CORRECTLY_REJECTED_UNKNOWN
4258,Real Images,002156.jpg,2156,2156,1,0.35,TP,CORRECT_MATCH
4259,Real Images,000525.jpg,525,525,1,0.35,TP,CORRECT_MATCH
4260,New_Images,009290.jpg,9290,NO_FACE_DETECTED,0,0.35,TN,No Face Detected by SCRFD
4261,New_Images,005359.jpg,5359,UNRECOGNIZED,0.2404,0.35,TN,CORRECTLY_REJECTED_UNKNOWN
4262,New_Images,007437.jpg,7437,UNRECOGNIZED,0.2474,0.35,TN,CORRECTLY_REJECTED_UNKNOWN
4263,New_Images,008360.jpg,8360,NO_FACE_DETECTED,0,0.35,TN,No Face Detected by SCRFD
4264,New_Images,005418.jpg,5418,UNRECOGNIZED,0.2353,0.35,TN,CORRECTLY_REJECTED_UNKNOWN
4265,New_Images,008101.jpg,8101,UNRECOGNIZED,0.2438,0.35,TN,CORRECTLY_REJECTED_UNKNOWN
4266,New_Images,006826.jpg,6826,NO_FACE_DETECTED,0,0.35,TN,No Face Detected by SCRFD
4267,Real Images,001317.jpg,1317,1317,1,0.35,TP,CORRECT_MATCH
4268,Real Images,000427.jpg,427,427,1,0.35,TP,CORRECT_MATCH
4269,Real Images,002773.jpg,2773,2773,1,0.35,TP,CORRECT_MATCH
4270,New_Images,005714.jpg,5714,UNRECOGNIZED,0.1974,0.35,TN,CORRECTLY_REJECTED_UNKNOWN
4271,Real Images,004792.jpg,4792,4792,1,0.35,TP,CORRECT_MATCH
4272,Real Images,001757.jpg,1757,1757,1,0.35,TP,CORRECT_MATCH
4273,New_Images,009366.jpg,9366,UNRECOGNIZED,0.2319,0.35,TN,CORRECTLY_REJECTED_UNKNOWN
4274,Real Images,001326.jpg,1326,1326,1,0.35,TP,CORRECT_MATCH
4275,New_Images,005858.jpg,5858,UNRECOGNIZED,0.2384,0.35,TN,CORRECTLY_REJECTED_UNKNOWN
4276,New_Images,009219.jpg,9219,NO_FACE_DETECTED,0,0.35,TN,No Face Detected by SCRFD
4277,Real Images,000976.jpg,976,976,1,0.35,TP,CORRECT_MATCH
4278,New_Images,005331.jpg,5331,UNRECOGNIZED,0.291,0.35,TN,CORRECTLY_REJECTED_UNKNOWN
4279,New_Images,007772.jpg,7772,UNRECOGNIZED,0.2079,0.35,TN,CORRECTLY_REJECTED_UNKNOWN
4280,New_Images,005067.jpg,5067,UNRECOGNIZED,0.2246,0.35,TN,CORRECTLY_REJECTED_UNKNOWN
4281,Real Images,002513.jpg,2513,2513,1,0.35,TP,CORRECT_MATCH
4282,Real Images,002079.jpg,2079,2079,1,0.35,TP,CORRECT_MATCH
4283,Real Images,003963.jpg,3963,3963,1,0.35,TP,CORRECT_MATCH
4284,Real Images,003033.jpg,3033,3033,1,0.35,TP,CORRECT_MATCH
4285,Real Images,001465.jpg,1465,1465,1,0.35,TP,CORRECT_MATCH
4286,Real Images,003953.jpg,3953,3953,1,0.35,TP,CORRECT_MATCH
4287,New_Images,007335.jpg,7335,UNRECOGNIZED,0.2673,0.35,TN,CORRECTLY_REJECTED_UNKNOWN
4288,Real Images,001669.jpg,1669,1669,1,0.35,TP,CORRECT_MATCH
4289,New_Images,005348.jpg,5348,UNRECOGNIZED,0.287,0.35,TN,CORRECTLY_REJECTED_UNKNOWN
4290,Real Images,002258.jpg,2258,2258,1,0.35,TP,CORRECT_MATCH
4291,New_Images,007538.jpg,7538,UNRECOGNIZED,0.2493,0.35,TN,CORRECTLY_REJECTED_UNKNOWN
4292,New_Images,005972.jpg,5972,NO_FACE_DETECTED,0,0.35,TN,No Face Detected by SCRFD
4293,Real Images,002141.jpg,2141,2141,1,0.35,TP,CORRECT_MATCH
4294,New_Images,008029.jpg,8029,UNRECOGNIZED,0.2509,0.35,TN,CORRECTLY_REJECTED_UNKNOWN
4295,New_Images,008638.jpg,8638,UNRECOGNIZED,0.2273,0.35,TN,CORRECTLY_REJECTED_UNKNOWN
4296,Real Images,001268.jpg,1268,1268,1,0.35,TP,CORRECT_MATCH
4297,Real Images,000874.jpg,874,874,1,0.35,TP,CORRECT_MATCH
4298,New_Images,005956.jpg,5956,UNRECOGNIZED,0.264,0.35,TN,CORRECTLY_REJECTED_UNKNOWN
4299,New_Images,007101.jpg,7101,NO_FACE_DETECTED,0,0.35,TN,No Face Detected by SCRFD
4300,Real Images,002588.jpg,2588,2588,1,0.35,TP,CORRECT_MATCH
4301,New_Images,007143.jpg,7143,UNRECOGNIZED,0.2462,0.35,TN,CORRECTLY_REJECTED_UNKNOWN
4302,Real Images,003073.jpg,3073,3073,1,0.35,TP,CORRECT_MATCH
4303,New_Images,007768.jpg,7768,NO_FACE_DETECTED,0,0.35,TN,No Face Detected by SCRFD
4304,New_Images,007308.jpg,7308,UNRECOGNIZED,0.2302,0.35,TN,CORRECTLY_REJECTED_UNKNOWN
4305,New_Images,006332.jpg,6332,UNRECOGNIZED,0.2423,0.35,TN,CORRECTLY_REJECTED_UNKNOWN
4306,New_Images,005339.jpg,5339,UNRECOGNIZED,0.2107,0.35,TN,CORRECTLY_REJECTED_UNKNOWN
4307,New_Images,009289.jpg,9289,NO_FACE_DETECTED,0,0.35,TN,No Face Detected by SCRFD
4308,Real Images,000045.jpg,45,45,1,0.35,TP,CORRECT_MATCH
4309,New_Images,008247.jpg,8247,NO_FACE_DETECTED,0,0.35,TN,No Face Detected by SCRFD
4310,Real Images,002112.jpg,2112,2112,1,0.35,TP,CORRECT_MATCH
4311,Real Images,003348.jpg,3348,3348,1,0.35,TP,CORRECT_MATCH
4312,Real Images,002321.jpg,2321,2321,1,0.35,TP,CORRECT_MATCH
4313,Real Images,000687.jpg,687,687,1,0.35,TP,CORRECT_MATCH
4314,Real Images,001905.jpg,1905,1905,1,0.35,TP,CORRECT_MATCH
4315,New_Images,009028.jpg,9028,NO_FACE_DETECTED,0,0.35,TN,No Face Detected by SCRFD
4316,New_Images,009187.jpg,9187,UNRECOGNIZED,0.259,0.35,TN,CORRECTLY_REJECTED_UNKNOWN
4317,Real Images,004464.jpg,4464,4464,1,0.35,TP,CORRECT_MATCH
4318,New_Images,008427.jpg,8427,UNRECOGNIZED,0.2523,0.35,TN,CORRECTLY_REJECTED_UNKNOWN
4319,New_Images,006686.jpg,6686,UNRECOGNIZED,0.2444,0.35,TN,CORRECTLY_REJECTED_UNKNOWN
4320,New_Images,009282.jpg,9282,NO_FACE_DETECTED,0,0.35,TN,No Face Detected by SCRFD
4321,Real Images,003124.jpg,3124,3124,1,0.35,TP,CORRECT_MATCH
4322,Real Images,004409.jpg,4409,4409,1,0.35,TP,CORRECT_MATCH
4323,Real Images,001880.jpg,1880,1880,1,0.35,TP,CORRECT_MATCH
4324,New_Images,008238.jpg,8238,UNRECOGNIZED,0.2583,0.35,TN,CORRECTLY_REJECTED_UNKNOWN
4325,Real Images,000356.jpg,356,356,1,0.35,TP,CORRECT_MATCH
4326,Real Images,003035.jpg,3035,3035,1,0.35,TP,CORRECT_MATCH
4327,Real Images,003447.jpg,3447,3447,1,0.35,TP,CORRECT_MATCH
4328,Real Images,004826.jpg,4826,4826,1,0.35,TP,CORRECT_MATCH
4329,Real Images,003535.jpg,3535,3535,1,0.35,TP,CORRECT_MATCH
4330,New_Images,009488.jpg,9488,UNRECOGNIZED,0.2281,0.35,TN,CORRECTLY_REJECTED_UNKNOWN
4331,Real Images,001068.jpg,1068,1068,1,0.35,TP,CORRECT_MATCH
4332,Real Images,003951.jpg,3951,3951,1,0.35,TP,CORRECT_MATCH
4333,New_Images,006711.jpg,6711,NO_FACE_DETECTED,0,0.35,TN,No Face Detected by SCRFD
4334,Real Images,000963.jpg,963,963,1,0.35,TP,CORRECT_MATCH
4335,New_Images,008147.jpg,8147,UNRECOGNIZED,0.2494,0.35,TN,CORRECTLY_REJECTED_UNKNOWN
4336,New_Images,009485.jpg,9485,UNRECOGNIZED,0.2178,0.35,TN,CORRECTLY_REJECTED_UNKNOWN
4337,New_Images,008508.jpg,8508,UNRECOGNIZED,0.2516,0.35,TN,CORRECTLY_REJECTED_UNKNOWN
4338,New_Images,009177.jpg,9177,UNRECOGNIZED,0.2823,0.35,TN,CORRECTLY_REJECTED_UNKNOWN
4339,Real Images,000789.jpg,789,789,1,0.35,TP,CORRECT_MATCH
4340,New_Images,007682.jpg,7682,UNRECOGNIZED,0.2064,0.35,TN,CORRECTLY_REJECTED_UNKNOWN
4341,Real Images,003439.jpg,3439,3439,1,0.35,TP,CORRECT_MATCH
4342,Real Images,004132.jpg,4132,4132,1,0.35,TP,CORRECT_MATCH
4343,Real Images,004747.jpg,4747,4747,1,0.35,TP,CORRECT_MATCH
4344,New_Images,007187.jpg,7187,UNRECOGNIZED,0.3096,0.35,TN,CORRECTLY_REJECTED_UNKNOWN
4345,Real Images,000136.jpg,136,136,1,0.35,TP,CORRECT_MATCH
4346,Real Images,000890.jpg,890,890,1,0.35,TP,CORRECT_MATCH
4347,New_Images,005218.jpg,5218,UNRECOGNIZED,0.2113,0.35,TN,CORRECTLY_REJECTED_UNKNOWN
4348,Real Images,003158.jpg,3158,3158,1,0.35,TP,CORRECT_MATCH
4349,Real Images,003099.jpg,3099,3099,1,0.35,TP,CORRECT_MATCH
4350,New_Images,006849.jpg,6849,UNRECOGNIZED,0.2155,0.35,TN,CORRECTLY_REJECTED_UNKNOWN
4351,Real Images,000564.jpg,564,564,1,0.35,TP,CORRECT_MATCH
4352,New_Images,006603.jpg,6603,NO_FACE_DETECTED,0,0.35,TN,No Face Detected by SCRFD
4353,New_Images,009465.jpg,9465,NO_FACE_DETECTED,0,0.35,TN,No Face Detected by SCRFD
4354,Real Images,001374.jpg,1374,1374,1,0.35,TP,CORRECT_MATCH
4355,New_Images,008769.jpg,8769,NO_FACE_DETECTED,0,0.35,TN,No Face Detected by SCRFD
4356,New_Images,008556.jpg,8556,UNRECOGNIZED,0.2412,0.35,TN,CORRECTLY_REJECTED_UNKNOWN
4357,New_Images,009525.jpg,9525,UNRECOGNIZED,0.3309,0.35,TN,CORRECTLY_REJECTED_UNKNOWN
4358,New_Images,009389.jpg,9389,UNRECOGNIZED,0.2068,0.35,TN,CORRECTLY_REJECTED_UNKNOWN
4359,New_Images,007767.jpg,7767,UNRECOGNIZED,0.2236,0.35,TN,CORRECTLY_REJECTED_UNKNOWN
4360,New_Images,005619.jpg,5619,UNRECOGNIZED,0.2391,0.35,TN,CORRECTLY_REJECTED_UNKNOWN
4361,Real Images,001398.jpg,1398,1398,1,0.35,TP,CORRECT_MATCH
4362,New_Images,008660.jpg,8660,UNRECOGNIZED,0.2806,0.35,TN,CORRECTLY_REJECTED_UNKNOWN
4363,Real Images,003862.jpg,3862,3862,1,0.35,TP,CORRECT_MATCH
4364,Real Images,003680.jpg,3680,3680,1,0.35,TP,CORRECT_MATCH
4365,Real Images,001775.jpg,1775,1775,1,0.35,TP,CORRECT_MATCH
4366,New_Images,005395.jpg,5395,NO_FACE_DETECTED,0,0.35,TN,No Face Detected by SCRFD
4367,Real Images,002323.jpg,2323,2323,1,0.35,TP,CORRECT_MATCH
4368,Real Images,004479.jpg,4479,4479,1,0.35,TP,CORRECT_MATCH
4369,New_Images,007205.jpg,7205,NO_FACE_DETECTED,0,0.35,TN,No Face Detected by SCRFD
4370,New_Images,007084.jpg,7084,UNRECOGNIZED,0.2524,0.35,TN,CORRECTLY_REJECTED_UNKNOWN
4371,New_Images,007100.jpg,7100,UNRECOGNIZED,0.2547,0.35,TN,CORRECTLY_REJECTED_UNKNOWN
4372,Real Images,002116.jpg,2116,2116,1,0.35,TP,CORRECT_MATCH
4373,New_Images,005502.jpg,5502,UNRECOGNIZED,0.2362,0.35,TN,CORRECTLY_REJECTED_UNKNOWN
4374,New_Images,005620.jpg,5620,UNRECOGNIZED,0.2717,0.35,TN,CORRECTLY_REJECTED_UNKNOWN
4375,Real Images,001204.jpg,1204,1204,1,0.35,TP,CORRECT_MATCH
4376,Real Images,000322.jpg,322,322,1,0.35,TP,CORRECT_MATCH
4377,Real Images,004200.jpg,4200,4200,1,0.35,TP,CORRECT_MATCH
4378,Real Images,001104.jpg,1104,1104,1,0.35,TP,CORRECT_MATCH
4379,Real Images,001320.jpg,1320,1320,1,0.35,TP,CORRECT_MATCH
4380,Real Images,001048.jpg,1048,1048,1,0.35,TP,CORRECT_MATCH
4381,Real Images,000354.jpg,354,354,1,0.35,TP,CORRECT_MATCH
4382,Real Images,001997.jpg,1997,1997,1,0.35,TP,CORRECT_MATCH
4383,Real Images,000184.jpg,184,184,1,0.35,TP,CORRECT_MATCH
4384,New_Images,005323.jpg,5323,NO_FACE_DETECTED,0,0.35,TN,No Face Detected by SCRFD
4385,New_Images,009104.jpg,9104,NO_FACE_DETECTED,0,0.35,TN,No Face Detected by SCRFD
4386,Real Images,004616.jpg,4616,4616,1,0.35,TP,CORRECT_MATCH
4387,New_Images,005665.jpg,5665,NO_FACE_DETECTED,0,0.35,TN,No Face Detected by SCRFD
4388,Real Images,003923.jpg,3923,3923,1,0.35,TP,CORRECT_MATCH
4389,Real Images,003945.jpg,3945,3945,1,0.35,TP,CORRECT_MATCH
4390,Real Images,004640.jpg,4640,4640,1,0.35,TP,CORRECT_MATCH
4391,New_Images,006949.jpg,6949,NO_FACE_DETECTED,0,0.35,TN,No Face Detected by SCRFD
4392,Real Images,003397.jpg,3397,3397,1,0.35,TP,CORRECT_MATCH
4393,New_Images,008920.jpg,8920,UNRECOGNIZED,0.277,0.35,TN,CORRECTLY_REJECTED_UNKNOWN
4394,Real Images,004586.jpg,4586,4586,1,0.35,TP,CORRECT_MATCH
4395,Real Images,002968.jpg,2968,2968,1,0.35,TP,CORRECT_MATCH
4396,Real Images,001290.jpg,1290,1290,1,0.35,TP,CORRECT_MATCH
4397,Real Images,004699.jpg,4699,4699,1,0.35,TP,CORRECT_MATCH
4398,Real Images,001231.jpg,1231,1231,1,0.35,TP,CORRECT_MATCH
4399,Real Images,001733.jpg,1733,1733,1,0.35,TP,CORRECT_MATCH
4400,Real Images,002301.jpg,2301,2301,1,0.35,TP,CORRECT_MATCH
4401,Real Images,004216.jpg,4216,4216,1,0.35,TP,CORRECT_MATCH
4402,New_Images,005902.jpg,5902,NO_FACE_DETECTED,0,0.35,TN,No Face Detected by SCRFD
4403,New_Images,006861.jpg,6861,UNRECOGNIZED,0.2956,0.35,TN,CORRECTLY_REJECTED_UNKNOWN
4404,Real Images,001357.jpg,1357,1357,1,0.35,TP,CORRECT_MATCH
4405,Real Images,003604.jpg,3604,3604,1,0.35,TP,CORRECT_MATCH
4406,Real Images,001139.jpg,1139,1139,1,0.35,TP,CORRECT_MATCH
4407,Real Images,004112.jpg,4112,4112,1,0.35,TP,CORRECT_MATCH
4408,New_Images,006800.jpg,6800,UNRECOGNIZED,0.23,0.35,TN,CORRECTLY_REJECTED_UNKNOWN
4409,Real Images,003950.jpg,3950,3950,1,0.35,TP,CORRECT_MATCH
4410,Real Images,003989.jpg,3989,3989,1,0.35,TP,CORRECT_MATCH
4411,Real Images,002827.jpg,2827,2827,1,0.35,TP,CORRECT_MATCH
4412,New_Images,007591.jpg,7591,UNRECOGNIZED,0.2736,0.35,TN,CORRECTLY_REJECTED_UNKNOWN
4413,Real Images,003325.jpg,3325,3325,1,0.35,TP,CORRECT_MATCH
4414,Real Images,004231.jpg,4231,4231,1,0.35,TP,CORRECT_MATCH
4415,Real Images,001826.jpg,1826,1826,1,0.35,TP,CORRECT_MATCH
4416,New_Images,005815.jpg,5815,UNRECOGNIZED,0.2493,0.35,TN,CORRECTLY_REJECTED_UNKNOWN
4417,New_Images,009472.jpg,9472,NO_FACE_DETECTED,0,0.35,TN,No Face Detected by SCRFD
4418,New_Images,008964.jpg,8964,UNRECOGNIZED,0.2335,0.35,TN,CORRECTLY_REJECTED_UNKNOWN
4419,New_Images,005526.jpg,5526,NO_FACE_DETECTED,0,0.35,TN,No Face Detected by SCRFD
4420,Real Images,002993.jpg,2993,2993,1,0.35,TP,CORRECT_MATCH
4421,Real Images,003101.jpg,3101,3101,1,0.35,TP,CORRECT_MATCH
4422,Real Images,003086.jpg,3086,3086,1,0.35,TP,CORRECT_MATCH
4423,New_Images,005731.jpg,5731,UNRECOGNIZED,0.2914,0.35,TN,CORRECTLY_REJECTED_UNKNOWN
4424,New_Images,008248.jpg,8248,NO_FACE_DETECTED,0,0.35,TN,No Face Detected by SCRFD
4425,New_Images,005095.jpg,5095,UNRECOGNIZED,0.2346,0.35,TN,CORRECTLY_REJECTED_UNKNOWN
4426,Real Images,004272.jpg,4272,4272,1,0.35,TP,CORRECT_MATCH
4427,New_Images,009610.jpg,9610,UNRECOGNIZED,0.2428,0.35,TN,CORRECTLY_REJECTED_UNKNOWN
4428,Real Images,002655.jpg,2655,2655,1,0.35,TP,CORRECT_MATCH
4429,New_Images,006703.jpg,6703,UNRECOGNIZED,0.2957,0.35,TN,CORRECTLY_REJECTED_UNKNOWN
4430,New_Images,005576.jpg,5576,UNRECOGNIZED,0.2006,0.35,TN,CORRECTLY_REJECTED_UNKNOWN
4431,New_Images,006169.jpg,6169,NO_FACE_DETECTED,0,0.35,TN,No Face Detected by SCRFD
4432,Real Images,003848.jpg,3848,3848,1,0.35,TP,CORRECT_MATCH
4433,New_Images,006291.jpg,6291,UNRECOGNIZED,0.2707,0.35,TN,CORRECTLY_REJECTED_UNKNOWN
4434,Real Images,002960.jpg,2960,2960,1,0.35,TP,CORRECT_MATCH
4435,Real Images,004243.jpg,4243,4243,1,0.35,TP,CORRECT_MATCH
4436,New_Images,006807.jpg,6807,UNRECOGNIZED,0.2806,0.35,TN,CORRECTLY_REJECTED_UNKNOWN
4437,Real Images,000351.jpg,351,351,1,0.35,TP,CORRECT_MATCH
4438,Real Images,001918.jpg,1918,1918,1,0.35,TP,CORRECT_MATCH
4439,New_Images,007002.jpg,7002,UNRECOGNIZED,0.202,0.35,TN,CORRECTLY_REJECTED_UNKNOWN
4440,New_Images,008493.jpg,8493,NO_FACE_DETECTED,0,0.35,TN,No Face Detected by SCRFD
4441,New_Images,008074.jpg,8074,UNRECOGNIZED,0.2282,0.35,TN,CORRECTLY_REJECTED_UNKNOWN
4442,Real Images,001899.jpg,1899,1899,1,0.35,TP,CORRECT_MATCH
4443,New_Images,005837.jpg,5837,UNRECOGNIZED,0.2896,0.35,TN,CORRECTLY_REJECTED_UNKNOWN
4444,New_Images,008998.jpg,8998,NO_FACE_DETECTED,0,0.35,TN,No Face Detected by SCRFD
4445,Real Images,000332.jpg,332,332,1,0.35,TP,CORRECT_MATCH
4446,New_Images,006288.jpg,6288,UNRECOGNIZED,0.2359,0.35,TN,CORRECTLY_REJECTED_UNKNOWN
4447,Real Images,003961.jpg,3961,3961,1,0.35,TP,CORRECT_MATCH
4448,Real Images,001198.jpg,1198,1198,1,0.35,TP,CORRECT_MATCH
4449,Real Images,001468.jpg,1468,1468,1,0.35,TP,CORRECT_MATCH
4450,Real Images,001305.jpg,1305,1305,1,0.35,TP,CORRECT_MATCH
4451,New_Images,007950.jpg,7950,UNRECOGNIZED,0.2398,0.35,TN,CORRECTLY_REJECTED_UNKNOWN
4452,New_Images,009518.jpg,9518,UNRECOGNIZED,0.2247,0.35,TN,CORRECTLY_REJECTED_UNKNOWN
4453,Real Images,004212.jpg,4212,4212,1,0.35,TP,CORRECT_MATCH
4454,Real Images,001359.jpg,1359,1359,1,0.35,TP,CORRECT_MATCH
4455,Real Images,001957.jpg,1957,1957,1,0.35,TP,CORRECT_MATCH
4456,New_Images,008025.jpg,8025,UNRECOGNIZED,0.2457,0.35,TN,CORRECTLY_REJECTED_UNKNOWN
4457,New_Images,008575.jpg,8575,UNRECOGNIZED,0.2344,0.35,TN,CORRECTLY_REJECTED_UNKNOWN
4458,Real Images,002981.jpg,2981,2981,1,0.35,TP,CORRECT_MATCH
4459,Real Images,003251.jpg,3251,3251,1,0.35,TP,CORRECT_MATCH
4460,Real Images,000742.jpg,742,742,1,0.35,TP,CORRECT_MATCH
4461,Real Images,004182.jpg,4182,4182,1,0.35,TP,CORRECT_MATCH
4462,Real Images,004106.jpg,4106,4106,1,0.35,TP,CORRECT_MATCH
4463,New_Images,008001.jpg,8001,UNRECOGNIZED,0.2174,0.35,TN,CORRECTLY_REJECTED_UNKNOWN
4464,New_Images,006224.jpg,6224,NO_FACE_DETECTED,0,0.35,TN,No Face Detected by SCRFD
4465,Real Images,002384.jpg,2384,2384,1,0.35,TP,CORRECT_MATCH
4466,New_Images,007672.jpg,7672,NO_FACE_DETECTED,0,0.35,TN,No Face Detected by SCRFD
4467,New_Images,009105.jpg,9105,UNRECOGNIZED,0.2423,0.35,TN,CORRECTLY_REJECTED_UNKNOWN
4468,New_Images,006363.jpg,6363,UNRECOGNIZED,0.2266,0.35,TN,CORRECTLY_REJECTED_UNKNOWN
4469,New_Images,006352.jpg,6352,UNRECOGNIZED,0.2239,0.35,TN,CORRECTLY_REJECTED_UNKNOWN
4470,New_Images,007104.jpg,7104,NO_FACE_DETECTED,0,0.35,TN,No Face Detected by SCRFD
4471,New_Images,007024.jpg,7024,NO_FACE_DETECTED,0,0.35,TN,No Face Detected by SCRFD
4472,Real Images,004453.jpg,4453,4453,1,0.35,TP,CORRECT_MATCH
4473,New_Images,005133.jpg,5133,UNRECOGNIZED,0.2462,0.35,TN,CORRECTLY_REJECTED_UNKNOWN
4474,Real Images,000301.jpg,301,301,1,0.35,TP,CORRECT_MATCH
4475,Real Images,001743.jpg,1743,1743,1,0.35,TP,CORRECT_MATCH
4476,New_Images,006391.jpg,6391,NO_FACE_DETECTED,0,0.35,TN,No Face Detected by SCRFD
4477,New_Images,007888.jpg,7888,UNRECOGNIZED,0.2425,0.35,TN,CORRECTLY_REJECTED_UNKNOWN
4478,Real Images,004155.jpg,4155,4155,1,0.35,TP,CORRECT_MATCH
4479,New_Images,009333.jpg,9333,NO_FACE_DETECTED,0,0.35,TN,No Face Detected by SCRFD
4480,Real Images,000618.jpg,618,618,1,0.35,TP,CORRECT_MATCH
4481,New_Images,009218.jpg,9218,UNRECOGNIZED,0.2285,0.35,TN,CORRECTLY_REJECTED_UNKNOWN
4482,New_Images,005405.jpg,5405,2372,0.3609,0.35,FP,MISIDENTIFIED_AS_002372
4483,Real Images,004705.jpg,4705,4705,1,0.35,TP,CORRECT_MATCH
4484,New_Images,008299.jpg,8299,UNRECOGNIZED,0.2313,0.35,TN,CORRECTLY_REJECTED_UNKNOWN
4485,New_Images,005171.jpg,5171,NO_FACE_DETECTED,0,0.35,TN,No Face Detected by SCRFD
4486,Real Images,002299.jpg,2299,2299,1,0.35,TP,CORRECT_MATCH
4487,New_Images,006787.jpg,6787,UNRECOGNIZED,0.2447,0.35,TN,CORRECTLY_REJECTED_UNKNOWN
4488,Real Images,001440.jpg,1440,1440,1,0.35,TP,CORRECT_MATCH
4489,Real Images,000892.jpg,892,892,1,0.35,TP,CORRECT_MATCH
4490,Real Images,003990.jpg,3990,3990,1,0.35,TP,CORRECT_MATCH
4491,New_Images,005211.jpg,5211,NO_FACE_DETECTED,0,0.35,TN,No Face Detected by SCRFD
4492,New_Images,009433.jpg,9433,UNRECOGNIZED,0.2738,0.35,TN,CORRECTLY_REJECTED_UNKNOWN
4493,Real Images,003649.jpg,3649,3649,1,0.35,TP,CORRECT_MATCH
4494,Real Images,003792.jpg,3792,3792,1,0.35,TP,CORRECT_MATCH
4495,Real Images,003932.jpg,3932,3932,1,0.35,TP,CORRECT_MATCH
4496,New_Images,009075.jpg,9075,NO_FACE_DETECTED,0,0.35,TN,No Face Detected by SCRFD
4497,New_Images,008804.jpg,8804,UNRECOGNIZED,0.2633,0.35,TN,CORRECTLY_REJECTED_UNKNOWN
4498,Real Images,002945.jpg,2945,2945,1,0.35,TP,CORRECT_MATCH
4499,New_Images,009528.jpg,9528,NO_FACE_DETECTED,0,0.35,TN,No Face Detected by SCRFD
4500,Real Images,003573.jpg,3573,3573,1,0.35,TP,CORRECT_MATCH
4501,Real Images,001815.jpg,1815,1815,1,0.35,TP,CORRECT_MATCH
4502,Real Images,002017.jpg,2017,2017,1,0.35,TP,CORRECT_MATCH
4503,New_Images,007372.jpg,7372,UNRECOGNIZED,0.2281,0.35,TN,CORRECTLY_REJECTED_UNKNOWN
4504,Real Images,000040.jpg,40,40,1,0.35,TP,CORRECT_MATCH
4505,New_Images,005093.jpg,5093,NO_FACE_DETECTED,0,0.35,TN,No Face Detected by SCRFD
4506,Real Images,003509.jpg,3509,3509,1,0.35,TP,CORRECT_MATCH
4507,New_Images,008632.jpg,8632,UNRECOGNIZED,0.2702,0.35,TN,CORRECTLY_REJECTED_UNKNOWN
4508,Real Images,002986.jpg,2986,2986,1,0.35,TP,CORRECT_MATCH
4509,New_Images,006864.jpg,6864,NO_FACE_DETECTED,0,0.35,TN,No Face Detected by SCRFD
4510,New_Images,008304.jpg,8304,UNRECOGNIZED,0.2587,0.35,TN,CORRECTLY_REJECTED_UNKNOWN
4511,Real Images,002690.jpg,2690,2690,1,0.35,TP,CORRECT_MATCH
4512,Real Images,003692.jpg,3692,3692,1,0.35,TP,CORRECT_MATCH
4513,Real Images,003981.jpg,3981,3981,1,0.35,TP,CORRECT_MATCH
4514,New_Images,008189.jpg,8189,NO_FACE_DETECTED,0,0.35,TN,No Face Detected by SCRFD
4515,Real Images,004973.jpg,4973,4973,1,0.35,TP,CORRECT_MATCH
4516,Real Images,000572.jpg,572,572,1,0.35,TP,CORRECT_MATCH
4517,New_Images,005234.jpg,5234,UNRECOGNIZED,0.293,0.35,TN,CORRECTLY_REJECTED_UNKNOWN
4518,Real Images,000820.jpg,820,820,1,0.35,TP,CORRECT_MATCH
4519,New_Images,006025.jpg,6025,UNRECOGNIZED,0.2429,0.35,TN,CORRECTLY_REJECTED_UNKNOWN
4520,Real Images,001051.jpg,1051,1051,1,0.35,TP,CORRECT_MATCH
4521,New_Images,008026.jpg,8026,UNRECOGNIZED,0.3237,0.35,TN,CORRECTLY_REJECTED_UNKNOWN
4522,Real Images,004878.jpg,4878,4878,1,0.35,TP,CORRECT_MATCH
4523,New_Images,005558.jpg,5558,UNRECOGNIZED,0.2234,0.35,TN,CORRECTLY_REJECTED_UNKNOWN
4524,Real Images,001618.jpg,1618,1618,1,0.35,TP,CORRECT_MATCH
4525,New_Images,006012.jpg,6012,UNRECOGNIZED,0.2232,0.35,TN,CORRECTLY_REJECTED_UNKNOWN
4526,Real Images,002054.jpg,2054,2054,1,0.35,TP,CORRECT_MATCH
4527,New_Images,007039.jpg,7039,UNRECOGNIZED,0.2646,0.35,TN,CORRECTLY_REJECTED_UNKNOWN
4528,Real Images,002382.jpg,2382,2382,1,0.35,TP,CORRECT_MATCH
4529,Real Images,000600.jpg,600,600,1,0.35,TP,CORRECT_MATCH
4530,New_Images,005445.jpg,5445,UNRECOGNIZED,0.2373,0.35,TN,CORRECTLY_REJECTED_UNKNOWN
4531,Real Images,003779.jpg,3779,3779,1,0.35,TP,CORRECT_MATCH
4532,Real Images,004497.jpg,4497,4497,1,0.35,TP,CORRECT_MATCH
4533,Real Images,000446.jpg,446,446,1,0.35,TP,CORRECT_MATCH
4534,Real Images,001486.jpg,1486,1486,1,0.35,TP,CORRECT_MATCH
4535,Real Images,000939.jpg,939,939,1,0.35,TP,CORRECT_MATCH
4536,New_Images,008704.jpg,8704,UNRECOGNIZED,0.23,0.35,TN,CORRECTLY_REJECTED_UNKNOWN
4537,New_Images,007777.jpg,7777,UNRECOGNIZED,0.2504,0.35,TN,CORRECTLY_REJECTED_UNKNOWN
4538,Real Images,001809.jpg,1809,1809,1,0.35,TP,CORRECT_MATCH
4539,New_Images,006833.jpg,6833,NO_FACE_DETECTED,0,0.35,TN,No Face Detected by SCRFD
4540,New_Images,006340.jpg,6340,UNRECOGNIZED,0.2116,0.35,TN,CORRECTLY_REJECTED_UNKNOWN
4541,New_Images,007499.jpg,7499,UNRECOGNIZED,0.2901,0.35,TN,CORRECTLY_REJECTED_UNKNOWN
4542,New_Images,009022.jpg,9022,NO_FACE_DETECTED,0,0.35,TN,No Face Detected by SCRFD
4543,New_Images,006967.jpg,6967,UNRECOGNIZED,0.2194,0.35,TN,CORRECTLY_REJECTED_UNKNOWN
4544,New_Images,008327.jpg,8327,UNRECOGNIZED,0.2255,0.35,TN,CORRECTLY_REJECTED_UNKNOWN
4545,New_Images,005951.jpg,5951,UNRECOGNIZED,0.2626,0.35,TN,CORRECTLY_REJECTED_UNKNOWN
4546,Real Images,001721.jpg,1721,1721,1,0.35,TP,CORRECT_MATCH
4547,New_Images,009029.jpg,9029,UNRECOGNIZED,0.2974,0.35,TN,CORRECTLY_REJECTED_UNKNOWN
4548,Real Images,000698.jpg,698,698,1,0.35,TP,CORRECT_MATCH
4549,Real Images,004486.jpg,4486,4486,1,0.35,TP,CORRECT_MATCH
4550,Real Images,004401.jpg,4401,4401,1,0.35,TP,CORRECT_MATCH
4551,New_Images,009202.jpg,9202,UNRECOGNIZED,0.232,0.35,TN,CORRECTLY_REJECTED_UNKNOWN
4552,Real Images,000042.jpg,42,42,1,0.35,TP,CORRECT_MATCH
4553,Real Images,000343.jpg,343,343,1,0.35,TP,CORRECT_MATCH
4554,New_Images,005953.jpg,5953,UNRECOGNIZED,0.2397,0.35,TN,CORRECTLY_REJECTED_UNKNOWN
4555,New_Images,007413.jpg,7413,UNRECOGNIZED,0.2112,0.35,TN,CORRECTLY_REJECTED_UNKNOWN
4556,Real Images,004548.jpg,4548,4548,1,0.35,TP,CORRECT_MATCH
4557,New_Images,006464.jpg,6464,UNRECOGNIZED,0.237,0.35,TN,CORRECTLY_REJECTED_UNKNOWN
4558,Real Images,000092.jpg,92,92,1,0.35,TP,CORRECT_MATCH
4559,New_Images,005076.jpg,5076,UNRECOGNIZED,0.258,0.35,TN,CORRECTLY_REJECTED_UNKNOWN
4560,New_Images,008842.jpg,8842,NO_FACE_DETECTED,0,0.35,TN,No Face Detected by SCRFD
4561,New_Images,008348.jpg,8348,NO_FACE_DETECTED,0,0.35,TN,No Face Detected by SCRFD
4562,New_Images,007321.jpg,7321,UNRECOGNIZED,0.2852,0.35,TN,CORRECTLY_REJECTED_UNKNOWN
4563,Real Images,004471.jpg,4471,4471,1,0.35,TP,CORRECT_MATCH
4564,Real Images,003204.jpg,3204,3204,1,0.35,TP,CORRECT_MATCH
4565,New_Images,005562.jpg,5562,NO_FACE_DETECTED,0,0.35,TN,No Face Detected by SCRFD
4566,New_Images,006219.jpg,6219,UNRECOGNIZED,0.2322,0.35,TN,CORRECTLY_REJECTED_UNKNOWN
4567,New_Images,007710.jpg,7710,UNRECOGNIZED,0.2993,0.35,TN,CORRECTLY_REJECTED_UNKNOWN
4568,Real Images,001281.jpg,1281,1281,1,0.35,TP,CORRECT_MATCH
4569,Real Images,003883.jpg,3883,3883,1,0.35,TP,CORRECT_MATCH
4570,New_Images,006279.jpg,6279,UNRECOGNIZED,0.2253,0.35,TN,CORRECTLY_REJECTED_UNKNOWN
4571,Real Images,003237.jpg,3237,3237,1,0.35,TP,CORRECT_MATCH
4572,New_Images,008373.jpg,8373,NO_FACE_DETECTED,0,0.35,TN,No Face Detected by SCRFD
4573,Real Images,004944.jpg,4944,4944,1,0.35,TP,CORRECT_MATCH
4574,New_Images,005452.jpg,5452,UNRECOGNIZED,0.2669,0.35,TN,CORRECTLY_REJECTED_UNKNOWN
4575,Real Images,000709.jpg,709,709,1,0.35,TP,CORRECT_MATCH
4576,Real Images,002469.jpg,2469,2469,1,0.35,TP,CORRECT_MATCH
4577,Real Images,002375.jpg,2375,2375,1,0.35,TP,CORRECT_MATCH
4578,New_Images,009092.jpg,9092,UNRECOGNIZED,0.2209,0.35,TN,CORRECTLY_REJECTED_UNKNOWN
4579,New_Images,007741.jpg,7741,UNRECOGNIZED,0.2849,0.35,TN,CORRECTLY_REJECTED_UNKNOWN
4580,Real Images,002931.jpg,2931,2931,1,0.35,TP,CORRECT_MATCH
4581,New_Images,007953.jpg,7953,UNRECOGNIZED,0.2157,0.35,TN,CORRECTLY_REJECTED_UNKNOWN
4582,New_Images,007687.jpg,7687,NO_FACE_DETECTED,0,0.35,TN,No Face Detected by SCRFD
4583,Real Images,004908.jpg,4908,4908,1,0.35,TP,CORRECT_MATCH
4584,Real Images,000049.jpg,49,49,1,0.35,TP,CORRECT_MATCH
4585,New_Images,008415.jpg,8415,NO_FACE_DETECTED,0,0.35,TN,No Face Detected by SCRFD
4586,Real Images,000970.jpg,970,970,1,0.35,TP,CORRECT_MATCH
4587,Real Images,003191.jpg,3191,3191,1,0.35,TP,CORRECT_MATCH
4588,Real Images,000139.jpg,139,139,1,0.35,TP,CORRECT_MATCH
4589,New_Images,005341.jpg,5341,NO_FACE_DETECTED,0,0.35,TN,No Face Detected by SCRFD
4590,Real Images,003548.jpg,3548,3548,1,0.35,TP,CORRECT_MATCH
4591,Real Images,003314.jpg,3314,3314,1,0.35,TP,CORRECT_MATCH
4592,New_Images,008140.jpg,8140,UNRECOGNIZED,0.2618,0.35,TN,CORRECTLY_REJECTED_UNKNOWN
4593,New_Images,008193.jpg,8193,UNRECOGNIZED,0.2374,0.35,TN,CORRECTLY_REJECTED_UNKNOWN
4594,Real Images,003340.jpg,3340,3340,1,0.35,TP,CORRECT_MATCH
4595,New_Images,005145.jpg,5145,UNRECOGNIZED,0.3162,0.35,TN,CORRECTLY_REJECTED_UNKNOWN
4596,New_Images,007471.jpg,7471,UNRECOGNIZED,0.3085,0.35,TN,CORRECTLY_REJECTED_UNKNOWN
4597,Real Images,000578.jpg,578,578,1,0.35,TP,CORRECT_MATCH
4598,New_Images,006453.jpg,6453,UNRECOGNIZED,0.274,0.35,TN,CORRECTLY_REJECTED_UNKNOWN
4599,New_Images,008527.jpg,8527,UNRECOGNIZED,0.2254,0.35,TN,CORRECTLY_REJECTED_UNKNOWN
4600,Real Images,001459.jpg,1459,1459,1,0.35,TP,CORRECT_MATCH
4601,Real Images,004842.jpg,4842,4842,1,0.35,TP,CORRECT_MATCH
4602,Real Images,000601.jpg,601,601,1,0.35,TP,CORRECT_MATCH
4603,Real Images,000717.jpg,717,717,1,0.35,TP,CORRECT_MATCH
4604,New_Images,005596.jpg,5596,UNRECOGNIZED,0.2458,0.35,TN,CORRECTLY_REJECTED_UNKNOWN
4605,New_Images,008396.jpg,8396,UNRECOGNIZED,0.2094,0.35,TN,CORRECTLY_REJECTED_UNKNOWN
4606,Real Images,003762.jpg,3762,3762,1,0.35,TP,CORRECT_MATCH
4607,Real Images,000195.jpg,195,195,1,0.35,TP,CORRECT_MATCH
4608,Real Images,004681.jpg,4681,4681,1,0.35,TP,CORRECT_MATCH
4609,New_Images,009275.jpg,9275,UNRECOGNIZED,0.2654,0.35,TN,CORRECTLY_REJECTED_UNKNOWN
4610,Real Images,003566.jpg,3566,3566,1,0.35,TP,CORRECT_MATCH
4611,Real Images,004406.jpg,4406,4406,1,0.35,TP,CORRECT_MATCH
4612,New_Images,009194.jpg,9194,UNRECOGNIZED,0.2771,0.35,TN,CORRECTLY_REJECTED_UNKNOWN
4613,New_Images,007802.jpg,7802,UNRECOGNIZED,0.2186,0.35,TN,CORRECTLY_REJECTED_UNKNOWN
4614,New_Images,008532.jpg,8532,UNRECOGNIZED,0.2168,0.35,TN,CORRECTLY_REJECTED_UNKNOWN
4615,New_Images,009142.jpg,9142,UNRECOGNIZED,0.2121,0.35,TN,CORRECTLY_REJECTED_UNKNOWN
4616,New_Images,007681.jpg,7681,UNRECOGNIZED,0.2398,0.35,TN,CORRECTLY_REJECTED_UNKNOWN
4617,New_Images,008987.jpg,8987,NO_FACE_DETECTED,0,0.35,TN,No Face Detected by SCRFD
4618,New_Images,005196.jpg,5196,NO_FACE_DETECTED,0,0.35,TN,No Face Detected by SCRFD
4619,Real Images,004369.jpg,4369,4369,1,0.35,TP,CORRECT_MATCH
4620,Real Images,004408.jpg,4408,4408,1,0.35,TP,CORRECT_MATCH
4621,Real Images,001372.jpg,1372,1372,1,0.35,TP,CORRECT_MATCH
4622,Real Images,000787.jpg,787,787,1,0.35,TP,CORRECT_MATCH
4623,Real Images,000675.jpg,675,675,1,0.35,TP,CORRECT_MATCH
4624,Real Images,004697.jpg,4697,4697,1,0.35,TP,CORRECT_MATCH
4625,Real Images,002625.jpg,2625,2625,1,0.35,TP,CORRECT_MATCH
4626,Real Images,001578.jpg,1578,1578,1,0.35,TP,CORRECT_MATCH
4627,Real Images,002429.jpg,2429,2429,1,0.35,TP,CORRECT_MATCH
4628,New_Images,006518.jpg,6518,NO_FACE_DETECTED,0,0.35,TN,No Face Detected by SCRFD
4629,Real Images,003988.jpg,3988,3988,1,0.35,TP,CORRECT_MATCH
4630,Real Images,004646.jpg,4646,4646,1,0.35,TP,CORRECT_MATCH
4631,New_Images,007795.jpg,7795,UNRECOGNIZED,0.2177,0.35,TN,CORRECTLY_REJECTED_UNKNOWN
4632,Real Images,004214.jpg,4214,4214,1,0.35,TP,CORRECT_MATCH
4633,New_Images,008127.jpg,8127,UNRECOGNIZED,0.259,0.35,TN,CORRECTLY_REJECTED_UNKNOWN
4634,Real Images,004235.jpg,4235,4235,1,0.35,TP,CORRECT_MATCH
4635,Real Images,000203.jpg,203,203,1,0.35,TP,CORRECT_MATCH
4636,Real Images,002317.jpg,2317,2317,1,0.35,TP,CORRECT_MATCH
4637,New_Images,008986.jpg,8986,UNRECOGNIZED,0.2238,0.35,TN,CORRECTLY_REJECTED_UNKNOWN
4638,Real Images,002102.jpg,2102,2102,1,0.35,TP,CORRECT_MATCH
4639,New_Images,005505.jpg,5505,NO_FACE_DETECTED,0,0.35,TN,No Face Detected by SCRFD
4640,Real Images,000929.jpg,929,929,1,0.35,TP,CORRECT_MATCH
4641,New_Images,009535.jpg,9535,UNRECOGNIZED,0.2681,0.35,TN,CORRECTLY_REJECTED_UNKNOWN
4642,Real Images,002630.jpg,2630,2630,1,0.35,TP,CORRECT_MATCH
4643,New_Images,006040.jpg,6040,UNRECOGNIZED,0.3057,0.35,TN,CORRECTLY_REJECTED_UNKNOWN
4644,Real Images,001998.jpg,1998,1998,1,0.35,TP,CORRECT_MATCH
4645,New_Images,007998.jpg,7998,UNRECOGNIZED,0.2475,0.35,TN,CORRECTLY_REJECTED_UNKNOWN
4646,Real Images,003651.jpg,3651,3651,1,0.35,TP,CORRECT_MATCH
4647,New_Images,007726.jpg,7726,UNRECOGNIZED,0.2643,0.35,TN,CORRECTLY_REJECTED_UNKNOWN
4648,Real Images,000940.jpg,940,940,1,0.35,TP,CORRECT_MATCH
4649,New_Images,005220.jpg,5220,UNRECOGNIZED,0.2784,0.35,TN,CORRECTLY_REJECTED_UNKNOWN
4650,Real Images,004599.jpg,4599,4599,1,0.35,TP,CORRECT_MATCH
4651,New_Images,007496.jpg,7496,NO_FACE_DETECTED,0,0.35,TN,No Face Detected by SCRFD
4652,New_Images,006062.jpg,6062,UNRECOGNIZED,0.2683,0.35,TN,CORRECTLY_REJECTED_UNKNOWN
4653,New_Images,007175.jpg,7175,NO_FACE_DETECTED,0,0.35,TN,No Face Detected by SCRFD
4654,Real Images,002405.jpg,2405,2405,1,0.35,TP,CORRECT_MATCH
4655,New_Images,006159.jpg,6159,NO_FACE_DETECTED,0,0.35,TN,No Face Detected by SCRFD
4656,New_Images,005460.jpg,5460,UNRECOGNIZED,0.2505,0.35,TN,CORRECTLY_REJECTED_UNKNOWN
4657,New_Images,008837.jpg,8837,UNRECOGNIZED,0.242,0.35,TN,CORRECTLY_REJECTED_UNKNOWN
4658,New_Images,008637.jpg,8637,UNRECOGNIZED,0.231,0.35,TN,CORRECTLY_REJECTED_UNKNOWN
4659,New_Images,008121.jpg,8121,UNRECOGNIZED,0.2165,0.35,TN,CORRECTLY_REJECTED_UNKNOWN
4660,Real Images,002863.jpg,2863,2863,1,0.35,TP,CORRECT_MATCH
4661,New_Images,005698.jpg,5698,UNRECOGNIZED,0.245,0.35,TN,CORRECTLY_REJECTED_UNKNOWN
4662,Real Images,004856.jpg,4856,4856,1,0.35,TP,CORRECT_MATCH
4663,Real Images,004400.jpg,4400,4400,1,0.35,TP,CORRECT_MATCH
4664,New_Images,006721.jpg,6721,NO_FACE_DETECTED,0,0.35,TN,No Face Detected by SCRFD
4665,New_Images,006433.jpg,6433,NO_FACE_DETECTED,0,0.35,TN,No Face Detected by SCRFD
4666,Real Images,004926.jpg,4926,4926,1,0.35,TP,CORRECT_MATCH
4667,Real Images,004139.jpg,4139,4139,1,0.35,TP,CORRECT_MATCH
4668,Real Images,000559.jpg,559,559,1,0.35,TP,CORRECT_MATCH
4669,Real Images,004265.jpg,4265,4265,1,0.35,TP,CORRECT_MATCH
4670,New_Images,007271.jpg,7271,UNRECOGNIZED,0.2897,0.35,TN,CORRECTLY_REJECTED_UNKNOWN
4671,New_Images,008513.jpg,8513,NO_FACE_DETECTED,0,0.35,TN,No Face Detected by SCRFD
4672,New_Images,007166.jpg,7166,UNRECOGNIZED,0.2304,0.35,TN,CORRECTLY_REJECTED_UNKNOWN
4673,Real Images,002604.jpg,2604,2604,1,0.35,TP,CORRECT_MATCH
4674,New_Images,006162.jpg,6162,UNRECOGNIZED,0.279,0.35,TN,CORRECTLY_REJECTED_UNKNOWN
4675,Real Images,002934.jpg,2934,2934,1,0.35,TP,CORRECT_MATCH
4676,New_Images,005726.jpg,5726,UNRECOGNIZED,0.2719,0.35,TN,CORRECTLY_REJECTED_UNKNOWN
4677,New_Images,008753.jpg,8753,UNRECOGNIZED,0.2254,0.35,TN,CORRECTLY_REJECTED_UNKNOWN
4678,New_Images,008083.jpg,8083,UNRECOGNIZED,0.2619,0.35,TN,CORRECTLY_REJECTED_UNKNOWN
4679,Real Images,000417.jpg,417,417,1,0.35,TP,CORRECT_MATCH
4680,New_Images,007867.jpg,7867,UNRECOGNIZED,0.2433,0.35,TN,CORRECTLY_REJECTED_UNKNOWN
4681,Real Images,001260.jpg,1260,1260,1,0.35,TP,CORRECT_MATCH
4682,Real Images,000328.jpg,328,328,1,0.35,TP,CORRECT_MATCH
4683,Real Images,001269.jpg,1269,1269,1,0.35,TP,CORRECT_MATCH
4684,Real Images,003821.jpg,3821,3821,1,0.35,TP,CORRECT_MATCH
4685,Real Images,002708.jpg,2708,2708,1,0.35,TP,CORRECT_MATCH
4686,New_Images,009204.jpg,9204,UNRECOGNIZED,0.2204,0.35,TN,CORRECTLY_REJECTED_UNKNOWN
4687,New_Images,007064.jpg,7064,UNRECOGNIZED,0.2333,0.35,TN,CORRECTLY_REJECTED_UNKNOWN
4688,New_Images,007114.jpg,7114,UNRECOGNIZED,0.2096,0.35,TN,CORRECTLY_REJECTED_UNKNOWN
4689,Real Images,001066.jpg,1066,1066,1,0.35,TP,CORRECT_MATCH
4690,Real Images,002165.jpg,2165,2165,1,0.35,TP,CORRECT_MATCH
4691,Real Images,004560.jpg,4560,4560,1,0.35,TP,CORRECT_MATCH
4692,New_Images,009625.jpg,9625,UNRECOGNIZED,0.2532,0.35,TN,CORRECTLY_REJECTED_UNKNOWN
4693,New_Images,009434.jpg,9434,NO_FACE_DETECTED,0,0.35,TN,No Face Detected by SCRFD
4694,Real Images,000333.jpg,333,333,1,0.35,TP,CORRECT_MATCH
4695,New_Images,008723.jpg,8723,UNRECOGNIZED,0.236,0.35,TN,CORRECTLY_REJECTED_UNKNOWN
4696,New_Images,009283.jpg,9283,UNRECOGNIZED,0.2411,0.35,TN,CORRECTLY_REJECTED_UNKNOWN
4697,Real Images,004210.jpg,4210,4210,1,0.35,TP,CORRECT_MATCH
4698,New_Images,009486.jpg,9486,UNRECOGNIZED,0.3234,0.35,TN,CORRECTLY_REJECTED_UNKNOWN
4699,New_Images,006364.jpg,6364,UNRECOGNIZED,0.1961,0.35,TN,CORRECTLY_REJECTED_UNKNOWN
4700,Real Images,000611.jpg,611,611,1,0.35,TP,CORRECT_MATCH
4701,New_Images,007330.jpg,7330,NO_FACE_DETECTED,0,0.35,TN,No Face Detected by SCRFD
4702,New_Images,008989.jpg,8989,UNRECOGNIZED,0.2652,0.35,TN,CORRECTLY_REJECTED_UNKNOWN
4703,New_Images,005162.jpg,5162,UNRECOGNIZED,0.3008,0.35,TN,CORRECTLY_REJECTED_UNKNOWN
4704,Real Images,001586.jpg,1586,1586,1,0.35,TP,CORRECT_MATCH
4705,Real Images,001610.jpg,1610,1610,1,0.35,TP,CORRECT_MATCH
4706,New_Images,005830.jpg,5830,UNRECOGNIZED,0.2622,0.35,TN,CORRECTLY_REJECTED_UNKNOWN
4707,New_Images,005893.jpg,5893,NO_FACE_DETECTED,0,0.35,TN,No Face Detected by SCRFD
4708,New_Images,005491.jpg,5491,UNRECOGNIZED,0.2404,0.35,TN,CORRECTLY_REJECTED_UNKNOWN
4709,New_Images,005290.jpg,5290,NO_FACE_DETECTED,0,0.35,TN,No Face Detected by SCRFD
4710,Real Images,001664.jpg,1664,1664,1,0.35,TP,CORRECT_MATCH
4711,Real Images,002059.jpg,2059,2059,1,0.35,TP,CORRECT_MATCH
4712,New_Images,009606.jpg,9606,UNRECOGNIZED,0.2517,0.35,TN,CORRECTLY_REJECTED_UNKNOWN
4713,Real Images,000441.jpg,441,441,1,0.35,TP,CORRECT_MATCH
4714,Real Images,004524.jpg,4524,4524,1,0.35,TP,CORRECT_MATCH
4715,New_Images,008173.jpg,8173,UNRECOGNIZED,0.2373,0.35,TN,CORRECTLY_REJECTED_UNKNOWN
4716,New_Images,006957.jpg,6957,UNRECOGNIZED,0.2294,0.35,TN,CORRECTLY_REJECTED_UNKNOWN
4717,New_Images,006660.jpg,6660,NO_FACE_DETECTED,0,0.35,TN,No Face Detected by SCRFD
4718,Real Images,003126.jpg,3126,3126,1,0.35,TP,CORRECT_MATCH
4719,New_Images,006986.jpg,6986,UNRECOGNIZED,0.2414,0.35,TN,CORRECTLY_REJECTED_UNKNOWN
4720,New_Images,007367.jpg,7367,UNRECOGNIZED,0.2853,0.35,TN,CORRECTLY_REJECTED_UNKNOWN
4721,Real Images,004186.jpg,4186,4186,1,0.35,TP,CORRECT_MATCH
4722,New_Images,008507.jpg,8507,UNRECOGNIZED,0.2519,0.35,TN,CORRECTLY_REJECTED_UNKNOWN
4723,New_Images,006376.jpg,6376,UNRECOGNIZED,0.2089,0.35,TN,CORRECTLY_REJECTED_UNKNOWN
4724,Real Images,004598.jpg,4598,4598,1,0.35,TP,CORRECT_MATCH
4725,New_Images,009482.jpg,9482,UNRECOGNIZED,0.3207,0.35,TN,CORRECTLY_REJECTED_UNKNOWN
4726,New_Images,007562.jpg,7562,UNRECOGNIZED,0.324,0.35,TN,CORRECTLY_REJECTED_UNKNOWN
4727,New_Images,006074.jpg,6074,UNRECOGNIZED,0.2957,0.35,TN,CORRECTLY_REJECTED_UNKNOWN
4728,New_Images,006676.jpg,6676,UNRECOGNIZED,0.2264,0.35,TN,CORRECTLY_REJECTED_UNKNOWN
4729,New_Images,009252.jpg,9252,NO_FACE_DETECTED,0,0.35,TN,No Face Detected by SCRFD
4730,New_Images,007174.jpg,7174,NO_FACE_DETECTED,0,0.35,TN,No Face Detected by SCRFD
4731,New_Images,007107.jpg,7107,UNRECOGNIZED,0.2442,0.35,TN,CORRECTLY_REJECTED_UNKNOWN
4732,New_Images,007651.jpg,7651,UNRECOGNIZED,0.2643,0.35,TN,CORRECTLY_REJECTED_UNKNOWN
4733,New_Images,005669.jpg,5669,UNRECOGNIZED,0.2708,0.35,TN,CORRECTLY_REJECTED_UNKNOWN
4734,New_Images,007211.jpg,7211,UNRECOGNIZED,0.2105,0.35,TN,CORRECTLY_REJECTED_UNKNOWN
4735,New_Images,007370.jpg,7370,UNRECOGNIZED,0.2441,0.35,TN,CORRECTLY_REJECTED_UNKNOWN
4736,New_Images,007719.jpg,7719,UNRECOGNIZED,0.2306,0.35,TN,CORRECTLY_REJECTED_UNKNOWN
4737,New_Images,008406.jpg,8406,UNRECOGNIZED,0.24,0.35,TN,CORRECTLY_REJECTED_UNKNOWN
4738,New_Images,005477.jpg,5477,UNRECOGNIZED,0.2437,0.35,TN,CORRECTLY_REJECTED_UNKNOWN
4739,New_Images,008615.jpg,8615,NO_FACE_DETECTED,0,0.35,TN,No Face Detected by SCRFD
4740,Real Images,001638.jpg,1638,1638,1,0.35,TP,CORRECT_MATCH
4741,Real Images,000464.jpg,464,464,1,0.35,TP,CORRECT_MATCH
4742,New_Images,009614.jpg,9614,NO_FACE_DETECTED,0,0.35,TN,No Face Detected by SCRFD
4743,Real Images,001191.jpg,1191,1191,1,0.35,TP,CORRECT_MATCH
4744,Real Images,003121.jpg,3121,3121,1,0.35,TP,CORRECT_MATCH
4745,New_Images,008997.jpg,8997,UNRECOGNIZED,0.2613,0.35,TN,CORRECTLY_REJECTED_UNKNOWN
4746,New_Images,006638.jpg,6638,UNRECOGNIZED,0.2305,0.35,TN,CORRECTLY_REJECTED_UNKNOWN
4747,Real Images,004283.jpg,4283,4283,1,0.35,TP,CORRECT_MATCH
4748,New_Images,008529.jpg,8529,UNRECOGNIZED,0.2589,0.35,TN,CORRECTLY_REJECTED_UNKNOWN
4749,New_Images,008363.jpg,8363,NO_FACE_DETECTED,0,0.35,TN,No Face Detected by SCRFD
4750,Real Images,002343.jpg,2343,2343,1,0.35,TP,CORRECT_MATCH
4751,Real Images,004374.jpg,4374,4374,1,0.35,TP,CORRECT_MATCH
4752,Real Images,003420.jpg,3420,3420,1,0.35,TP,CORRECT_MATCH
4753,New_Images,008054.jpg,8054,UNRECOGNIZED,0.2866,0.35,TN,CORRECTLY_REJECTED_UNKNOWN
4754,New_Images,007467.jpg,7467,UNRECOGNIZED,0.2531,0.35,TN,CORRECTLY_REJECTED_UNKNOWN
4755,New_Images,008002.jpg,8002,UNRECOGNIZED,0.2521,0.35,TN,CORRECTLY_REJECTED_UNKNOWN
4756,New_Images,007071.jpg,7071,NO_FACE_DETECTED,0,0.35,TN,No Face Detected by SCRFD
4757,Real Images,000946.jpg,946,946,1,0.35,TP,CORRECT_MATCH
4758,Real Images,002641.jpg,2641,2641,1,0.35,TP,CORRECT_MATCH
4759,Real Images,004445.jpg,4445,4445,1,0.35,TP,CORRECT_MATCH
4760,New_Images,007018.jpg,7018,NO_FACE_DETECTED,0,0.35,TN,No Face Detected by SCRFD
4761,Real Images,001457.jpg,1457,1457,1,0.35,TP,CORRECT_MATCH
4762,Real Images,001087.jpg,1087,1087,1,0.35,TP,CORRECT_MATCH
4763,Real Images,002829.jpg,2829,2829,1,0.35,TP,CORRECT_MATCH
4764,New_Images,006311.jpg,6311,UNRECOGNIZED,0.2795,0.35,TN,CORRECTLY_REJECTED_UNKNOWN
4765,New_Images,005513.jpg,5513,NO_FACE_DETECTED,0,0.35,TN,No Face Detected by SCRFD
4766,New_Images,006550.jpg,6550,UNRECOGNIZED,0.239,0.35,TN,CORRECTLY_REJECTED_UNKNOWN
4767,Real Images,001781.jpg,1781,1781,1,0.35,TP,CORRECT_MATCH
4768,Real Images,004535.jpg,4535,4535,1,0.35,TP,CORRECT_MATCH
4769,Real Images,002572.jpg,2572,2572,1,0.35,TP,CORRECT_MATCH
4770,Real Images,004488.jpg,4488,4488,1,0.35,TP,CORRECT_MATCH
4771,New_Images,009232.jpg,9232,NO_FACE_DETECTED,0,0.35,TN,No Face Detected by SCRFD
4772,Real Images,004197.jpg,4197,4197,1,0.35,TP,CORRECT_MATCH
4773,Real Images,003382.jpg,3382,3382,1,0.35,TP,CORRECT_MATCH
4774,New_Images,007430.jpg,7430,UNRECOGNIZED,0.2807,0.35,TN,CORRECTLY_REJECTED_UNKNOWN
4775,New_Images,008012.jpg,8012,UNRECOGNIZED,0.2186,0.35,TN,CORRECTLY_REJECTED_UNKNOWN
4776,Real Images,003710.jpg,3710,3710,1,0.35,TP,CORRECT_MATCH
4777,Real Images,002410.jpg,2410,2410,1,0.35,TP,CORRECT_MATCH
4778,Real Images,002809.jpg,2809,2809,1,0.35,TP,CORRECT_MATCH
4779,Real Images,003260.jpg,3260,3260,1,0.35,TP,CORRECT_MATCH
4780,Real Images,002242.jpg,2242,2242,1,0.35,TP,CORRECT_MATCH
4781,New_Images,008584.jpg,8584,UNRECOGNIZED,0.2635,0.35,TN,CORRECTLY_REJECTED_UNKNOWN
4782,New_Images,005816.jpg,5816,NO_FACE_DETECTED,0,0.35,TN,No Face Detected by SCRFD
4783,Real Images,003152.jpg,3152,3152,1,0.35,TP,CORRECT_MATCH
4784,Real Images,004130.jpg,4130,4130,1,0.35,TP,CORRECT_MATCH
4785,New_Images,005868.jpg,5868,NO_FACE_DETECTED,0,0.35,TN,No Face Detected by SCRFD
4786,Real Images,003174.jpg,3174,3174,1,0.35,TP,CORRECT_MATCH
4787,Real Images,000849.jpg,849,849,1,0.35,TP,CORRECT_MATCH
4788,New_Images,007752.jpg,7752,NO_FACE_DETECTED,0,0.35,TN,No Face Detected by SCRFD
4789,Real Images,001423.jpg,1423,1423,1,0.35,TP,CORRECT_MATCH
4790,Real Images,004740.jpg,4740,4740,1,0.35,TP,CORRECT_MATCH
4791,Real Images,001452.jpg,1452,1452,1,0.35,TP,CORRECT_MATCH
4792,New_Images,005833.jpg,5833,UNRECOGNIZED,0.3235,0.35,TN,CORRECTLY_REJECTED_UNKNOWN
4793,New_Images,006645.jpg,6645,NO_FACE_DETECTED,0,0.35,TN,No Face Detected by SCRFD
4794,Real Images,004794.jpg,4794,4794,1,0.35,TP,CORRECT_MATCH
4795,Real Images,004896.jpg,4896,4896,1,0.35,TP,CORRECT_MATCH
4796,New_Images,006870.jpg,6870,NO_FACE_DETECTED,0,0.35,TN,No Face Detected by SCRFD
4797,New_Images,006824.jpg,6824,UNRECOGNIZED,0.2143,0.35,TN,CORRECTLY_REJECTED_UNKNOWN
4798,Real Images,004345.jpg,4345,4345,1,0.35,TP,CORRECT_MATCH
4799,New_Images,009383.jpg,9383,UNRECOGNIZED,0.216,0.35,TN,CORRECTLY_REJECTED_UNKNOWN
4800,New_Images,005668.jpg,5668,UNRECOGNIZED,0.2345,0.35,TN,CORRECTLY_REJECTED_UNKNOWN
4801,Real Images,001103.jpg,1103,1103,1,0.35,TP,CORRECT_MATCH
4802,New_Images,008679.jpg,8679,UNRECOGNIZED,0.1965,0.35,TN,CORRECTLY_REJECTED_UNKNOWN
4803,New_Images,006269.jpg,6269,UNRECOGNIZED,0.2607,0.35,TN,CORRECTLY_REJECTED_UNKNOWN
4804,New_Images,009427.jpg,9427,UNRECOGNIZED,0.2725,0.35,TN,CORRECTLY_REJECTED_UNKNOWN
4805,Real Images,001010.jpg,1010,1010,1,0.35,TP,CORRECT_MATCH
4806,Real Images,000381.jpg,381,381,1,0.35,TP,CORRECT_MATCH
4807,New_Images,005336.jpg,5336,UNRECOGNIZED,0.2402,0.35,TN,CORRECTLY_REJECTED_UNKNOWN
4808,Real Images,000883.jpg,883,883,1,0.35,TP,CORRECT_MATCH
4809,New_Images,005473.jpg,5473,UNRECOGNIZED,0.2906,0.35,TN,CORRECTLY_REJECTED_UNKNOWN
4810,New_Images,005072.jpg,5072,NO_FACE_DETECTED,0,0.35,TN,No Face Detected by SCRFD
4811,New_Images,008075.jpg,8075,UNRECOGNIZED,0.291,0.35,TN,CORRECTLY_REJECTED_UNKNOWN
4812,New_Images,008301.jpg,8301,NO_FACE_DETECTED,0,0.35,TN,No Face Detected by SCRFD
4813,New_Images,008727.jpg,8727,UNRECOGNIZED,0.2709,0.35,TN,CORRECTLY_REJECTED_UNKNOWN
4814,New_Images,005759.jpg,5759,UNRECOGNIZED,0.265,0.35,TN,CORRECTLY_REJECTED_UNKNOWN
4815,Real Images,001537.jpg,1537,1537,1,0.35,TP,CORRECT_MATCH
4816,New_Images,009398.jpg,9398,NO_FACE_DETECTED,0,0.35,TN,No Face Detected by SCRFD
4817,Real Images,002084.jpg,2084,2084,1,0.35,TP,CORRECT_MATCH
4818,New_Images,006569.jpg,6569,NO_FACE_DETECTED,0,0.35,TN,No Face Detected by SCRFD
4819,New_Images,005200.jpg,5200,UNRECOGNIZED,0.2146,0.35,TN,CORRECTLY_REJECTED_UNKNOWN
4820,Real Images,001151.jpg,1151,1151,1,0.35,TP,CORRECT_MATCH
4821,New_Images,009351.jpg,9351,UNRECOGNIZED,0.2301,0.35,TN,CORRECTLY_REJECTED_UNKNOWN
4822,New_Images,009332.jpg,9332,UNRECOGNIZED,0.2408,0.35,TN,CORRECTLY_REJECTED_UNKNOWN
4823,New_Images,008641.jpg,8641,UNRECOGNIZED,0.3279,0.35,TN,CORRECTLY_REJECTED_UNKNOWN
4824,Real Images,004996.jpg,4996,4996,1,0.35,TP,CORRECT_MATCH
4825,Real Images,003063.jpg,3063,3063,1,0.35,TP,CORRECT_MATCH
4826,Real Images,004277.jpg,4277,4277,1,0.35,TP,CORRECT_MATCH
4827,New_Images,008743.jpg,8743,NO_FACE_DETECTED,0,0.35,TN,No Face Detected by SCRFD
4828,Real Images,002392.jpg,2392,2392,1,0.35,TP,CORRECT_MATCH
4829,Real Images,002910.jpg,2910,2910,1,0.35,TP,CORRECT_MATCH
4830,Real Images,002797.jpg,2797,2797,1,0.35,TP,CORRECT_MATCH
4831,Real Images,000018.jpg,18,18,1,0.35,TP,CORRECT_MATCH
4832,New_Images,008374.jpg,8374,UNRECOGNIZED,0.2491,0.35,TN,CORRECTLY_REJECTED_UNKNOWN
4833,Real Images,000799.jpg,799,799,1,0.35,TP,CORRECT_MATCH
4834,Real Images,000935.jpg,935,935,1,0.35,TP,CORRECT_MATCH
4835,Real Images,003708.jpg,3708,3708,1,0.35,TP,CORRECT_MATCH
4836,Real Images,004843.jpg,4843,4843,1,0.35,TP,CORRECT_MATCH
4837,New_Images,005317.jpg,5317,UNRECOGNIZED,0.2438,0.35,TN,CORRECTLY_REJECTED_UNKNOWN
4838,Real Images,004589.jpg,4589,4589,1,0.35,TP,CORRECT_MATCH
4839,New_Images,007961.jpg,7961,UNRECOGNIZED,0.2731,0.35,TN,CORRECTLY_REJECTED_UNKNOWN
4840,New_Images,007277.jpg,7277,UNRECOGNIZED,0.2056,0.35,TN,CORRECTLY_REJECTED_UNKNOWN
4841,Real Images,001827.jpg,1827,1827,1,0.35,TP,CORRECT_MATCH
4842,New_Images,009060.jpg,9060,UNRECOGNIZED,0.2553,0.35,TN,CORRECTLY_REJECTED_UNKNOWN
4843,New_Images,008599.jpg,8599,UNRECOGNIZED,0.2546,0.35,TN,CORRECTLY_REJECTED_UNKNOWN
4844,Real Images,002793.jpg,2793,2793,1,0.35,TP,CORRECT_MATCH
4845,Real Images,003738.jpg,3738,3738,1,0.35,TP,CORRECT_MATCH
4846,New_Images,006424.jpg,6424,UNRECOGNIZED,0.2478,0.35,TN,CORRECTLY_REJECTED_UNKNOWN
4847,Real Images,004607.jpg,4607,4607,1,0.35,TP,CORRECT_MATCH
4848,Real Images,004165.jpg,4165,4165,1,0.35,TP,CORRECT_MATCH
4849,New_Images,008405.jpg,8405,UNRECOGNIZED,0.2508,0.35,TN,CORRECTLY_REJECTED_UNKNOWN
4850,New_Images,008325.jpg,8325,UNRECOGNIZED,0.2302,0.35,TN,CORRECTLY_REJECTED_UNKNOWN
4851,Real Images,000002.jpg,2,2,1,0.35,TP,CORRECT_MATCH
4852,Real Images,004499.jpg,4499,4499,1,0.35,TP,CORRECT_MATCH
4853,New_Images,008419.jpg,8419,UNRECOGNIZED,0.2469,0.35,TN,CORRECTLY_REJECTED_UNKNOWN
4854,Real Images,000294.jpg,294,294,1,0.35,TP,CORRECT_MATCH
4855,Real Images,003378.jpg,3378,3378,1,0.35,TP,CORRECT_MATCH
4856,New_Images,009023.jpg,9023,NO_FACE_DETECTED,0,0.35,TN,No Face Detected by SCRFD
4857,New_Images,007926.jpg,7926,UNRECOGNIZED,0.2507,0.35,TN,CORRECTLY_REJECTED_UNKNOWN
4858,Real Images,000146.jpg,146,146,1,0.35,TP,CORRECT_MATCH
4859,New_Images,009550.jpg,9550,NO_FACE_DETECTED,0,0.35,TN,No Face Detected by SCRFD
4860,Real Images,000973.jpg,973,973,1,0.35,TP,CORRECT_MATCH
4861,Real Images,002590.jpg,2590,2590,1,0.35,TP,CORRECT_MATCH
4862,New_Images,007912.jpg,7912,UNRECOGNIZED,0.2399,0.35,TN,CORRECTLY_REJECTED_UNKNOWN
4863,Real Images,004084.jpg,4084,4084,1,0.35,TP,CORRECT_MATCH
4864,New_Images,005089.jpg,5089,UNRECOGNIZED,0.2429,0.35,TN,CORRECTLY_REJECTED_UNKNOWN
4865,Real Images,003671.jpg,3671,3671,1,0.35,TP,CORRECT_MATCH
4866,Real Images,004695.jpg,4695,4695,1,0.35,TP,CORRECT_MATCH
4867,Real Images,003639.jpg,3639,3639,1,0.35,TP,CORRECT_MATCH
4868,New_Images,007707.jpg,7707,UNRECOGNIZED,0.2866,0.35,TN,CORRECTLY_REJECTED_UNKNOWN
4869,New_Images,008617.jpg,8617,UNRECOGNIZED,0.2932,0.35,TN,CORRECTLY_REJECTED_UNKNOWN
4870,Real Images,001926.jpg,1926,1926,1,0.35,TP,CORRECT_MATCH
4871,New_Images,007568.jpg,7568,UNRECOGNIZED,0.2425,0.35,TN,CORRECTLY_REJECTED_UNKNOWN
4872,Real Images,003102.jpg,3102,3102,1,0.35,TP,CORRECT_MATCH
4873,Real Images,004510.jpg,4510,4510,1,0.35,TP,CORRECT_MATCH
4874,New_Images,007072.jpg,7072,UNRECOGNIZED,0.239,0.35,TN,CORRECTLY_REJECTED_UNKNOWN
4875,Real Images,004153.jpg,4153,4153,1,0.35,TP,CORRECT_MATCH
4876,Real Images,000413.jpg,413,413,1,0.35,TP,CORRECT_MATCH
4877,Real Images,002279.jpg,2279,2279,1,0.35,TP,CORRECT_MATCH
4878,Real Images,002711.jpg,2711,2711,1,0.35,TP,CORRECT_MATCH
4879,Real Images,001974.jpg,1974,1974,1,0.35,TP,CORRECT_MATCH
4880,New_Images,006553.jpg,6553,UNRECOGNIZED,0.2136,0.35,TN,CORRECTLY_REJECTED_UNKNOWN
4881,New_Images,005295.jpg,5295,UNRECOGNIZED,0.2214,0.35,TN,CORRECTLY_REJECTED_UNKNOWN
4882,New_Images,005789.jpg,5789,NO_FACE_DETECTED,0,0.35,TN,No Face Detected by SCRFD
4883,Real Images,001355.jpg,1355,1355,1,0.35,TP,CORRECT_MATCH
4884,New_Images,006574.jpg,6574,UNRECOGNIZED,0.26,0.35,TN,CORRECTLY_REJECTED_UNKNOWN
4885,Real Images,003845.jpg,3845,3845,1,0.35,TP,CORRECT_MATCH
4886,Real Images,004142.jpg,4142,4142,1,0.35,TP,CORRECT_MATCH
4887,Real Images,001286.jpg,1286,1286,1,0.35,TP,CORRECT_MATCH
4888,Real Images,000096.jpg,96,96,1,0.35,TP,CORRECT_MATCH
4889,New_Images,006011.jpg,6011,NO_FACE_DETECTED,0,0.35,TN,No Face Detected by SCRFD
4890,New_Images,005151.jpg,5151,UNRECOGNIZED,0.2422,0.35,TN,CORRECTLY_REJECTED_UNKNOWN
4891,New_Images,006514.jpg,6514,UNRECOGNIZED,0.2248,0.35,TN,CORRECTLY_REJECTED_UNKNOWN
4892,Real Images,003153.jpg,3153,3153,1,0.35,TP,CORRECT_MATCH
4893,Real Images,002833.jpg,2833,2833,1,0.35,TP,CORRECT_MATCH
4894,Real Images,003948.jpg,3948,3948,1,0.35,TP,CORRECT_MATCH
4895,Real Images,002037.jpg,2037,2037,1,0.35,TP,CORRECT_MATCH
4896,New_Images,008923.jpg,8923,UNRECOGNIZED,0.2941,0.35,TN,CORRECTLY_REJECTED_UNKNOWN
4897,New_Images,007249.jpg,7249,NO_FACE_DETECTED,0,0.35,TN,No Face Detected by SCRFD
4898,New_Images,006177.jpg,6177,NO_FACE_DETECTED,0,0.35,TN,No Face Detected by SCRFD
4899,Real Images,004253.jpg,4253,4253,1,0.35,TP,CORRECT_MATCH
4900,Real Images,002772.jpg,2772,2772,1,0.35,TP,CORRECT_MATCH
4901,Real Images,001835.jpg,1835,1835,1,0.35,TP,CORRECT_MATCH
4902,New_Images,006763.jpg,6763,UNRECOGNIZED,0.2318,0.35,TN,CORRECTLY_REJECTED_UNKNOWN
4903,New_Images,007699.jpg,7699,UNRECOGNIZED,0.2357,0.35,TN,CORRECTLY_REJECTED_UNKNOWN
4904,Real Images,004300.jpg,4300,4300,1,0.35,TP,CORRECT_MATCH
4905,New_Images,005342.jpg,5342,UNRECOGNIZED,0.2768,0.35,TN,CORRECTLY_REJECTED_UNKNOWN
4906,Real Images,002575.jpg,2575,2575,1,0.35,TP,CORRECT_MATCH
4907,New_Images,009287.jpg,9287,NO_FACE_DETECTED,0,0.35,TN,No Face Detected by SCRFD
4908,New_Images,006245.jpg,6245,UNRECOGNIZED,0.233,0.35,TN,CORRECTLY_REJECTED_UNKNOWN
4909,New_Images,005853.jpg,5853,UNRECOGNIZED,0.2465,0.35,TN,CORRECTLY_REJECTED_UNKNOWN
4910,Real Images,003611.jpg,3611,3611,1,0.35,TP,CORRECT_MATCH
4911,New_Images,006797.jpg,6797,UNRECOGNIZED,0.2776,0.35,TN,CORRECTLY_REJECTED_UNKNOWN
4912,Real Images,000926.jpg,926,926,1,0.35,TP,CORRECT_MATCH
4913,New_Images,006168.jpg,6168,UNRECOGNIZED,0.3091,0.35,TN,CORRECTLY_REJECTED_UNKNOWN
4914,Real Images,003958.jpg,3958,3958,1,0.35,TP,CORRECT_MATCH
4915,New_Images,005716.jpg,5716,UNRECOGNIZED,0.2929,0.35,TN,CORRECTLY_REJECTED_UNKNOWN
4916,Real Images,000237.jpg,237,237,1,0.35,TP,CORRECT_MATCH
4917,Real Images,002938.jpg,2938,2938,1,0.35,TP,CORRECT_MATCH
4918,New_Images,007377.jpg,7377,NO_FACE_DETECTED,0,0.35,TN,No Face Detected by SCRFD
4919,Real Images,001485.jpg,1485,1485,1,0.35,TP,CORRECT_MATCH
4920,New_Images,005504.jpg,5504,NO_FACE_DETECTED,0,0.35,TN,No Face Detected by SCRFD
4921,Real Images,004661.jpg,4661,4661,1,0.35,TP,CORRECT_MATCH
4922,New_Images,005470.jpg,5470,UNRECOGNIZED,0.2499,0.35,TN,CORRECTLY_REJECTED_UNKNOWN
4923,Real Images,004840.jpg,4840,4840,1,0.35,TP,CORRECT_MATCH
4924,Real Images,003409.jpg,3409,3409,1,0.35,TP,CORRECT_MATCH
4925,New_Images,008552.jpg,8552,UNRECOGNIZED,0.2151,0.35,TN,CORRECTLY_REJECTED_UNKNOWN
4926,New_Images,008572.jpg,8572,UNRECOGNIZED,0.2751,0.35,TN,CORRECTLY_REJECTED_UNKNOWN
4927,Real Images,000481.jpg,481,481,1,0.35,TP,CORRECT_MATCH
4928,New_Images,006629.jpg,6629,UNRECOGNIZED,0.2385,0.35,TN,CORRECTLY_REJECTED_UNKNOWN
4929,Real Images,000927.jpg,927,927,1,0.35,TP,CORRECT_MATCH
4930,New_Images,006308.jpg,6308,NO_FACE_DETECTED,0,0.35,TN,No Face Detected by SCRFD
4931,Real Images,003455.jpg,3455,3455,1,0.35,TP,CORRECT_MATCH
4932,New_Images,007190.jpg,7190,UNRECOGNIZED,0.2259,0.35,TN,CORRECTLY_REJECTED_UNKNOWN
4933,Real Images,003160.jpg,3160,3160,1,0.35,TP,CORRECT_MATCH
4934,Real Images,002227.jpg,2227,2227,1,0.35,TP,CORRECT_MATCH
4935,New_Images,005260.jpg,5260,UNRECOGNIZED,0.3103,0.35,TN,CORRECTLY_REJECTED_UNKNOWN
4936,Real Images,003279.jpg,3279,3279,1,0.35,TP,CORRECT_MATCH
4937,New_Images,006493.jpg,6493,NO_FACE_DETECTED,0,0.35,TN,No Face Detected by SCRFD
4938,New_Images,006530.jpg,6530,NO_FACE_DETECTED,0,0.35,TN,No Face Detected by SCRFD
4939,Real Images,001499.jpg,1499,1499,1,0.35,TP,CORRECT_MATCH
4940,New_Images,005965.jpg,5965,NO_FACE_DETECTED,0,0.35,TN,No Face Detected by SCRFD
4941,Real Images,003053.jpg,3053,3053,1,0.35,TP,CORRECT_MATCH
4942,Real Images,000762.jpg,762,762,1,0.35,TP,CORRECT_MATCH
4943,Real Images,002198.jpg,2198,2198,1,0.35,TP,CORRECT_MATCH
4944,New_Images,009140.jpg,9140,UNRECOGNIZED,0.2479,0.35,TN,CORRECTLY_REJECTED_UNKNOWN
4945,New_Images,005630.jpg,5630,NO_FACE_DETECTED,0,0.35,TN,No Face Detected by SCRFD
4946,Real Images,002693.jpg,2693,2693,1,0.35,TP,CORRECT_MATCH
4947,New_Images,007466.jpg,7466,UNRECOGNIZED,0.2483,0.35,TN,CORRECTLY_REJECTED_UNKNOWN
4948,New_Images,008172.jpg,8172,UNRECOGNIZED,0.2415,0.35,TN,CORRECTLY_REJECTED_UNKNOWN
4949,Real Images,000080.jpg,80,80,1,0.35,TP,CORRECT_MATCH
4950,Real Images,000376.jpg,376,376,1,0.35,TP,CORRECT_MATCH
4951,Real Images,000779.jpg,779,779,1,0.35,TP,CORRECT_MATCH
4952,New_Images,009480.jpg,9480,UNRECOGNIZED,0.2631,0.35,TN,CORRECTLY_REJECTED_UNKNOWN
4953,Real Images,003490.jpg,3490,3490,1,0.35,TP,CORRECT_MATCH
4954,New_Images,007610.jpg,7610,UNRECOGNIZED,0.2416,0.35,TN,CORRECTLY_REJECTED_UNKNOWN
4955,New_Images,005898.jpg,5898,NO_FACE_DETECTED,0,0.35,TN,No Face Detected by SCRFD
4956,Real Images,002381.jpg,2381,2381,1,0.35,TP,CORRECT_MATCH
4957,New_Images,006932.jpg,6932,NO_FACE_DETECTED,0,0.35,TN,No Face Detected by SCRFD
4958,Real Images,001432.jpg,1432,1432,1,0.35,TP,CORRECT_MATCH
4959,Real Images,000818.jpg,818,818,1,0.35,TP,CORRECT_MATCH
4960,New_Images,008576.jpg,8576,UNRECOGNIZED,0.2763,0.35,TN,CORRECTLY_REJECTED_UNKNOWN
4961,Real Images,003804.jpg,3804,3804,1,0.35,TP,CORRECT_MATCH
4962,New_Images,007853.jpg,7853,UNRECOGNIZED,0.2771,0.35,TN,CORRECTLY_REJECTED_UNKNOWN
4963,Real Images,002426.jpg,2426,2426,1,0.35,TP,CORRECT_MATCH
4964,New_Images,007821.jpg,7821,UNRECOGNIZED,0.2842,0.35,TN,CORRECTLY_REJECTED_UNKNOWN
4965,Real Images,001894.jpg,1894,1894,1,0.35,TP,CORRECT_MATCH
4966,New_Images,008097.jpg,8097,NO_FACE_DETECTED,0,0.35,TN,No Face Detected by SCRFD
4967,New_Images,008802.jpg,8802,NO_FACE_DETECTED,0,0.35,TN,No Face Detected by SCRFD
4968,New_Images,005476.jpg,5476,NO_FACE_DETECTED,0,0.35,TN,No Face Detected by SCRFD
4969,Real Images,004192.jpg,4192,4192,1,0.35,TP,CORRECT_MATCH
4970,New_Images,007598.jpg,7598,UNRECOGNIZED,0.2096,0.35,TN,CORRECTLY_REJECTED_UNKNOWN
4971,Real Images,001222.jpg,1222,1222,1,0.35,TP,CORRECT_MATCH
4972,New_Images,007787.jpg,7787,UNRECOGNIZED,0.2691,0.35,TN,CORRECTLY_REJECTED_UNKNOWN
4973,New_Images,007307.jpg,7307,UNRECOGNIZED,0.3008,0.35,TN,CORRECTLY_REJECTED_UNKNOWN
4974,Real Images,000905.jpg,905,905,1,0.35,TP,CORRECT_MATCH
4975,Real Images,000730.jpg,730,730,1,0.35,TP,CORRECT_MATCH
4976,Real Images,000105.jpg,105,105,1,0.35,TP,CORRECT_MATCH
4977,Real Images,000023.jpg,23,23,1,0.35,TP,CORRECT_MATCH
4978,Real Images,001922.jpg,1922,1922,1,0.35,TP,CORRECT_MATCH
4979,New_Images,007264.jpg,7264,NO_FACE_DETECTED,0,0.35,TN,No Face Detected by SCRFD
4980,New_Images,008953.jpg,8953,UNRECOGNIZED,0.2864,0.35,TN,CORRECTLY_REJECTED_UNKNOWN
4981,Real Images,001702.jpg,1702,1702,1,0.35,TP,CORRECT_MATCH
4982,New_Images,005923.jpg,5923,UNRECOGNIZED,0.2906,0.35,TN,CORRECTLY_REJECTED_UNKNOWN
4983,Real Images,004491.jpg,4491,4491,1,0.35,TP,CORRECT_MATCH
4984,Real Images,000323.jpg,323,323,1,0.35,TP,CORRECT_MATCH
4985,New_Images,008153.jpg,8153,UNRECOGNIZED,0.2165,0.35,TN,CORRECTLY_REJECTED_UNKNOWN
4986,New_Images,006655.jpg,6655,UNRECOGNIZED,0.2834,0.35,TN,CORRECTLY_REJECTED_UNKNOWN
4987,Real Images,003357.jpg,3357,3357,1,0.35,TP,CORRECT_MATCH
4988,Real Images,002933.jpg,2933,2933,1,0.35,TP,CORRECT_MATCH
4989,Real Images,001653.jpg,1653,1653,1,0.35,TP,CORRECT_MATCH
4990,Real Images,004286.jpg,4286,4286,1,0.35,TP,CORRECT_MATCH
4991,New_Images,006576.jpg,6576,UNRECOGNIZED,0.2334,0.35,TN,CORRECTLY_REJECTED_UNKNOWN
4992,New_Images,007486.jpg,7486,UNRECOGNIZED,0.2523,0.35,TN,CORRECTLY_REJECTED_UNKNOWN
4993,New_Images,005318.jpg,5318,NO_FACE_DETECTED,0,0.35,TN,No Face Detected by SCRFD
4994,New_Images,008542.jpg,8542,UNRECOGNIZED,0.244,0.35,TN,CORRECTLY_REJECTED_UNKNOWN
4995,Real Images,004078.jpg,4078,4078,1,0.35,TP,CORRECT_MATCH
4996,Real Images,000871.jpg,871,871,1,0.35,TP,CORRECT_MATCH
4997,New_Images,007474.jpg,7474,NO_FACE_DETECTED,0,0.35,TN,No Face Detected by SCRFD
4998,New_Images,005190.jpg,5190,UNRECOGNIZED,0.28,0.35,TN,CORRECTLY_REJECTED_UNKNOWN
4999,New_Images,006991.jpg,6991,UNRECOGNIZED,0.2668,0.35,TN,CORRECTLY_REJECTED_UNKNOWN
5000,New_Images,006673.jpg,6673,UNRECOGNIZED,0.2232,0.35,TN,CORRECTLY_REJECTED_UNKNOWN
5001,Real Images,000860.jpg,860,860,1,0.35,TP,CORRECT_MATCH
5002,Real Images,003432.jpg,3432,3432,1,0.35,TP,CORRECT_MATCH
5003,New_Images,006069.jpg,6069,UNRECOGNIZED,0.2446,0.35,TN,CORRECTLY_REJECTED_UNKNOWN
5004,New_Images,008291.jpg,8291,NO_FACE_DETECTED,0,0.35,TN,No Face Detected by SCRFD
5005,Real Images,002212.jpg,2212,2212,1,0.35,TP,CORRECT_MATCH
5006,New_Images,005053.jpg,5053,NO_FACE_DETECTED,0,0.35,TN,No Face Detected by SCRFD
5007,New_Images,005327.jpg,5327,UNRECOGNIZED,0.2487,0.35,TN,CORRECTLY_REJECTED_UNKNOWN
5008,New_Images,005994.jpg,5994,NO_FACE_DETECTED,0,0.35,TN,No Face Detected by SCRFD
5009,New_Images,006929.jpg,6929,UNRECOGNIZED,0.235,0.35,TN,CORRECTLY_REJECTED_UNKNOWN
5010,New_Images,006088.jpg,6088,UNRECOGNIZED,0.3186,0.35,TN,CORRECTLY_REJECTED_UNKNOWN
5011,New_Images,005459.jpg,5459,NO_FACE_DETECTED,0,0.35,TN,No Face Detected by SCRFD
5012,New_Images,007189.jpg,7189,UNRECOGNIZED,0.2094,0.35,TN,CORRECTLY_REJECTED_UNKNOWN
5013,New_Images,008636.jpg,8636,UNRECOGNIZED,0.2609,0.35,TN,CORRECTLY_REJECTED_UNKNOWN
5014,Real Images,002071.jpg,2071,2071,1,0.35,TP,CORRECT_MATCH
5015,New_Images,009587.jpg,9587,UNRECOGNIZED,0.1978,0.35,TN,CORRECTLY_REJECTED_UNKNOWN
5016,Real Images,001013.jpg,1013,1013,1,0.35,TP,CORRECT_MATCH
5017,New_Images,008621.jpg,8621,NO_FACE_DETECTED,0,0.35,TN,No Face Detected by SCRFD
5018,Real Images,003640.jpg,3640,3640,1,0.35,TP,CORRECT_MATCH
5019,New_Images,005287.jpg,5287,NO_FACE_DETECTED,0,0.35,TN,No Face Detected by SCRFD
5020,Real Images,000949.jpg,949,949,1,0.35,TP,CORRECT_MATCH
5021,Real Images,000396.jpg,396,396,1,0.35,TP,CORRECT_MATCH
5022,Real Images,000162.jpg,162,162,1,0.35,TP,CORRECT_MATCH
5023,New_Images,005188.jpg,5188,UNRECOGNIZED,0.2674,0.35,TN,CORRECTLY_REJECTED_UNKNOWN
5024,Real Images,000393.jpg,393,393,1,0.35,TP,CORRECT_MATCH
5025,New_Images,006370.jpg,6370,NO_FACE_DETECTED,0,0.35,TN,No Face Detected by SCRFD
5026,New_Images,008417.jpg,8417,NO_FACE_DETECTED,0,0.35,TN,No Face Detected by SCRFD
5027,Real Images,004381.jpg,4381,4381,1,0.35,TP,CORRECT_MATCH
5028,Real Images,002096.jpg,2096,2096,1,0.35,TP,CORRECT_MATCH
5029,New_Images,006912.jpg,6912,UNRECOGNIZED,0.2688,0.35,TN,CORRECTLY_REJECTED_UNKNOWN
5030,New_Images,006112.jpg,6112,UNRECOGNIZED,0.2105,0.35,TN,CORRECTLY_REJECTED_UNKNOWN
5031,Real Images,003004.jpg,3004,3004,1,0.35,TP,CORRECT_MATCH
5032,New_Images,009297.jpg,9297,UNRECOGNIZED,0.2094,0.35,TN,CORRECTLY_REJECTED_UNKNOWN
5033,Real Images,001385.jpg,1385,1385,1,0.35,TP,CORRECT_MATCH
5034,New_Images,009043.jpg,9043,UNRECOGNIZED,0.2321,0.35,TN,CORRECTLY_REJECTED_UNKNOWN
5035,Real Images,004831.jpg,4831,4831,1,0.35,TP,CORRECT_MATCH
5036,New_Images,005578.jpg,5578,UNRECOGNIZED,0.2247,0.35,TN,CORRECTLY_REJECTED_UNKNOWN
5037,Real Images,001731.jpg,1731,1731,1,0.35,TP,CORRECT_MATCH
5038,Real Images,001075.jpg,1075,1075,1,0.35,TP,CORRECT_MATCH
5039,Real Images,001838.jpg,1838,1838,1,0.35,TP,CORRECT_MATCH
5040,New_Images,005886.jpg,5886,NO_FACE_DETECTED,0,0.35,TN,No Face Detected by SCRFD
5041,Real Images,000157.jpg,157,157,1,0.35,TP,CORRECT_MATCH
5042,New_Images,009360.jpg,9360,UNRECOGNIZED,0.2249,0.35,TN,CORRECTLY_REJECTED_UNKNOWN
5043,Real Images,001351.jpg,1351,1351,1,0.35,TP,CORRECT_MATCH
5044,New_Images,005179.jpg,5179,UNRECOGNIZED,0.2595,0.35,TN,CORRECTLY_REJECTED_UNKNOWN
5045,Real Images,002943.jpg,2943,2943,1,0.35,TP,CORRECT_MATCH
5046,Real Images,004016.jpg,4016,4016,1,0.35,TP,CORRECT_MATCH
5047,New_Images,005110.jpg,5110,UNRECOGNIZED,0.2735,0.35,TN,CORRECTLY_REJECTED_UNKNOWN
5048,Real Images,001097.jpg,1097,1097,1,0.35,TP,CORRECT_MATCH
5049,New_Images,008286.jpg,8286,UNRECOGNIZED,0.2976,0.35,TN,CORRECTLY_REJECTED_UNKNOWN
5050,New_Images,006466.jpg,6466,UNRECOGNIZED,0.2941,0.35,TN,CORRECTLY_REJECTED_UNKNOWN
5051,Real Images,004294.jpg,4294,4294,1,0.35,TP,CORRECT_MATCH
5052,New_Images,008017.jpg,8017,NO_FACE_DETECTED,0,0.35,TN,No Face Detected by SCRFD
5053,New_Images,007147.jpg,7147,NO_FACE_DETECTED,0,0.35,TN,No Face Detected by SCRFD
5054,Real Images,003735.jpg,3735,3735,1,0.35,TP,CORRECT_MATCH
5055,Real Images,002383.jpg,2383,2383,1,0.35,TP,CORRECT_MATCH
5056,New_Images,009277.jpg,9277,NO_FACE_DETECTED,0,0.35,TN,No Face Detected by SCRFD
5057,New_Images,006877.jpg,6877,NO_FACE_DETECTED,0,0.35,TN,No Face Detected by SCRFD
5058,New_Images,008854.jpg,8854,NO_FACE_DETECTED,0,0.35,TN,No Face Detected by SCRFD
5059,Real Images,001369.jpg,1369,1369,1,0.35,TP,CORRECT_MATCH
5060,Real Images,002508.jpg,2508,2508,1,0.35,TP,CORRECT_MATCH
5061,Real Images,004823.jpg,4823,4823,1,0.35,TP,CORRECT_MATCH
5062,Real Images,004124.jpg,4124,4124,1,0.35,TP,CORRECT_MATCH
5063,New_Images,007227.jpg,7227,UNRECOGNIZED,0.2373,0.35,TN,CORRECTLY_REJECTED_UNKNOWN
5064,New_Images,008894.jpg,8894,UNRECOGNIZED,0.2427,0.35,TN,CORRECTLY_REJECTED_UNKNOWN
5065,Real Images,001057.jpg,1057,1057,1,0.35,TP,CORRECT_MATCH
5066,Real Images,002557.jpg,2557,2557,1,0.35,TP,CORRECT_MATCH
5067,New_Images,005238.jpg,5238,NO_FACE_DETECTED,0,0.35,TN,No Face Detected by SCRFD
5068,New_Images,008004.jpg,8004,UNRECOGNIZED,0.2716,0.35,TN,CORRECTLY_REJECTED_UNKNOWN
5069,Real Images,002039.jpg,2039,2039,1,0.35,TP,CORRECT_MATCH
5070,Real Images,000034.jpg,34,34,1,0.35,TP,CORRECT_MATCH
5071,Real Images,000147.jpg,147,147,1,0.35,TP,CORRECT_MATCH
5072,Real Images,001562.jpg,1562,1562,1,0.35,TP,CORRECT_MATCH
5073,New_Images,007341.jpg,7341,UNRECOGNIZED,0.2663,0.35,TN,CORRECTLY_REJECTED_UNKNOWN
5074,Real Images,002640.jpg,2640,2640,1,0.35,TP,CORRECT_MATCH
5075,New_Images,007256.jpg,7256,UNRECOGNIZED,0.2373,0.35,TN,CORRECTLY_REJECTED_UNKNOWN
5076,New_Images,006766.jpg,6766,NO_FACE_DETECTED,0,0.35,TN,No Face Detected by SCRFD
5077,New_Images,005658.jpg,5658,UNRECOGNIZED,0.2368,0.35,TN,CORRECTLY_REJECTED_UNKNOWN
5078,Real Images,004373.jpg,4373,4373,1,0.35,TP,CORRECT_MATCH
5079,Real Images,000310.jpg,310,310,1,0.35,TP,CORRECT_MATCH
5080,New_Images,009399.jpg,9399,NO_FACE_DETECTED,0,0.35,TN,No Face Detected by SCRFD
5081,Real Images,003141.jpg,3141,3141,1,0.35,TP,CORRECT_MATCH
5082,New_Images,009341.jpg,9341,UNRECOGNIZED,0.2991,0.35,TN,CORRECTLY_REJECTED_UNKNOWN
5083,Real Images,003515.jpg,3515,3515,1,0.35,TP,CORRECT_MATCH
5084,New_Images,006984.jpg,6984,NO_FACE_DETECTED,0,0.35,TN,No Face Detected by SCRFD
5085,New_Images,007470.jpg,7470,UNRECOGNIZED,0.2385,0.35,TN,CORRECTLY_REJECTED_UNKNOWN
5086,Real Images,003553.jpg,3553,3553,1,0.35,TP,CORRECT_MATCH
5087,New_Images,006338.jpg,6338,UNRECOGNIZED,0.2214,0.35,TN,CORRECTLY_REJECTED_UNKNOWN
5088,Real Images,001061.jpg,1061,1061,1,0.35,TP,CORRECT_MATCH
5089,Real Images,000722.jpg,722,722,1,0.35,TP,CORRECT_MATCH
5090,New_Images,009561.jpg,9561,UNRECOGNIZED,0.2559,0.35,TN,CORRECTLY_REJECTED_UNKNOWN
5091,Real Images,001298.jpg,1298,1298,1,0.35,TP,CORRECT_MATCH
5092,New_Images,008852.jpg,8852,UNRECOGNIZED,0.2102,0.35,TN,CORRECTLY_REJECTED_UNKNOWN
5093,New_Images,009041.jpg,9041,UNRECOGNIZED,0.2521,0.35,TN,CORRECTLY_REJECTED_UNKNOWN
5094,Real Images,001716.jpg,1716,1716,1,0.35,TP,CORRECT_MATCH
5095,New_Images,007383.jpg,7383,UNRECOGNIZED,0.2638,0.35,TN,CORRECTLY_REJECTED_UNKNOWN
5096,New_Images,007824.jpg,7824,UNRECOGNIZED,0.2146,0.35,TN,CORRECTLY_REJECTED_UNKNOWN
5097,Real Images,000039.jpg,39,39,1,0.35,TP,CORRECT_MATCH
5098,New_Images,009070.jpg,9070,NO_FACE_DETECTED,0,0.35,TN,No Face Detected by SCRFD
5099,New_Images,006353.jpg,6353,UNRECOGNIZED,0.2091,0.35,TN,CORRECTLY_REJECTED_UNKNOWN
5100,Real Images,001449.jpg,1449,1449,1,0.35,TP,CORRECT_MATCH
5101,New_Images,009392.jpg,9392,UNRECOGNIZED,0.2048,0.35,TN,CORRECTLY_REJECTED_UNKNOWN
5102,Real Images,003995.jpg,3995,3995,1,0.35,TP,CORRECT_MATCH
5103,Real Images,000663.jpg,663,663,1,0.35,TP,CORRECT_MATCH
5104,Real Images,001478.jpg,1478,1478,1,0.35,TP,CORRECT_MATCH
5105,New_Images,009504.jpg,9504,UNRECOGNIZED,0.2544,0.35,TN,CORRECTLY_REJECTED_UNKNOWN
5106,New_Images,007003.jpg,7003,UNRECOGNIZED,0.258,0.35,TN,CORRECTLY_REJECTED_UNKNOWN
5107,New_Images,006360.jpg,6360,NO_FACE_DETECTED,0,0.35,TN,No Face Detected by SCRFD
5108,Real Images,004665.jpg,4665,4665,1,0.35,TP,CORRECT_MATCH
5109,New_Images,008176.jpg,8176,UNRECOGNIZED,0.3009,0.35,TN,CORRECTLY_REJECTED_UNKNOWN
5110,Real Images,002808.jpg,2808,2808,1,0.35,TP,CORRECT_MATCH
5111,Real Images,001641.jpg,1641,1641,1,0.35,TP,CORRECT_MATCH
5112,Real Images,001126.jpg,1126,1126,1,0.35,TP,CORRECT_MATCH
5113,New_Images,009401.jpg,9401,UNRECOGNIZED,0.2274,0.35,TN,CORRECTLY_REJECTED_UNKNOWN
5114,Real Images,000443.jpg,443,443,1,0.35,TP,CORRECT_MATCH
5115,Real Images,003385.jpg,3385,3385,1,0.35,TP,CORRECT_MATCH
5116,New_Images,009200.jpg,9200,UNRECOGNIZED,0.2956,0.35,TN,CORRECTLY_REJECTED_UNKNOWN
5117,New_Images,007728.jpg,7728,UNRECOGNIZED,0.2688,0.35,TN,CORRECTLY_REJECTED_UNKNOWN
5118,Real Images,003127.jpg,3127,3127,1,0.35,TP,CORRECT_MATCH
5119,Real Images,000982.jpg,982,982,1,0.35,TP,CORRECT_MATCH
5120,New_Images,006440.jpg,6440,UNRECOGNIZED,0.2791,0.35,TN,CORRECTLY_REJECTED_UNKNOWN
5121,Real Images,001594.jpg,1594,1594,1,0.35,TP,CORRECT_MATCH
5122,New_Images,008544.jpg,8544,NO_FACE_DETECTED,0,0.35,TN,No Face Detected by SCRFD
5123,Real Images,000584.jpg,584,584,1,0.35,TP,CORRECT_MATCH
5124,New_Images,005085.jpg,5085,UNRECOGNIZED,0.2519,0.35,TN,CORRECTLY_REJECTED_UNKNOWN
5125,Real Images,004754.jpg,4754,4754,1,0.35,TP,CORRECT_MATCH
5126,New_Images,007908.jpg,7908,UNRECOGNIZED,0.2631,0.35,TN,CORRECTLY_REJECTED_UNKNOWN
5127,New_Images,006486.jpg,6486,UNRECOGNIZED,0.2741,0.35,TN,CORRECTLY_REJECTED_UNKNOWN
5128,Real Images,003855.jpg,3855,3855,1,0.35,TP,CORRECT_MATCH
5129,New_Images,007841.jpg,7841,UNRECOGNIZED,0.2767,0.35,TN,CORRECTLY_REJECTED_UNKNOWN
5130,Real Images,003800.jpg,3800,3800,1,0.35,TP,CORRECT_MATCH
5131,Real Images,002409.jpg,2409,2409,1,0.35,TP,CORRECT_MATCH
5132,Real Images,004797.jpg,4797,4797,1,0.35,TP,CORRECT_MATCH
5133,Real Images,002135.jpg,2135,2135,1,0.35,TP,CORRECT_MATCH
5134,New_Images,009358.jpg,9358,UNRECOGNIZED,0.2264,0.35,TN,CORRECTLY_REJECTED_UNKNOWN
5135,Real Images,002715.jpg,2715,2715,1,0.35,TP,CORRECT_MATCH
5136,Real Images,003445.jpg,3445,3445,1,0.35,TP,CORRECT_MATCH
5137,Real Images,002516.jpg,2516,2516,1,0.35,TP,CORRECT_MATCH
5138,Real Images,001830.jpg,1830,1830,1,0.35,TP,CORRECT_MATCH
5139,Real Images,002911.jpg,2911,2911,1,0.35,TP,CORRECT_MATCH
5140,New_Images,007503.jpg,7503,NO_FACE_DETECTED,0,0.35,TN,No Face Detected by SCRFD
5141,New_Images,006468.jpg,6468,NO_FACE_DETECTED,0,0.35,TN,No Face Detected by SCRFD
5142,New_Images,009020.jpg,9020,UNRECOGNIZED,0.3012,0.35,TN,CORRECTLY_REJECTED_UNKNOWN
5143,New_Images,006444.jpg,6444,UNRECOGNIZED,0.2046,0.35,TN,CORRECTLY_REJECTED_UNKNOWN
5144,Real Images,004580.jpg,4580,4580,1,0.35,TP,CORRECT_MATCH
5145,New_Images,007065.jpg,7065,UNRECOGNIZED,0.2562,0.35,TN,CORRECTLY_REJECTED_UNKNOWN
5146,Real Images,001049.jpg,1049,1049,1,0.35,TP,CORRECT_MATCH
5147,Real Images,003857.jpg,3857,3857,1,0.35,TP,CORRECT_MATCH
5148,New_Images,006671.jpg,6671,UNRECOGNIZED,0.2641,0.35,TN,CORRECTLY_REJECTED_UNKNOWN
5149,New_Images,007928.jpg,7928,NO_FACE_DETECTED,0,0.35,TN,No Face Detected by SCRFD
5150,Real Images,001484.jpg,1484,1484,1,0.35,TP,CORRECT_MATCH
5151,New_Images,009229.jpg,9229,UNRECOGNIZED,0.2774,0.35,TN,CORRECTLY_REJECTED_UNKNOWN
5152,Real Images,001393.jpg,1393,1393,1,0.35,TP,CORRECT_MATCH
5153,New_Images,008484.jpg,8484,UNRECOGNIZED,0.2706,0.35,TN,CORRECTLY_REJECTED_UNKNOWN
5154,New_Images,007504.jpg,7504,UNRECOGNIZED,0.2767,0.35,TN,CORRECTLY_REJECTED_UNKNOWN
5155,Real Images,002937.jpg,2937,2937,1,0.35,TP,CORRECT_MATCH
5156,Real Images,003898.jpg,3898,3898,1,0.35,TP,CORRECT_MATCH
5157,Real Images,004380.jpg,4380,4380,1,0.35,TP,CORRECT_MATCH
5158,Real Images,001822.jpg,1822,1822,1,0.35,TP,CORRECT_MATCH
5159,Real Images,002812.jpg,2812,2812,1,0.35,TP,CORRECT_MATCH
5160,New_Images,007609.jpg,7609,UNRECOGNIZED,0.2385,0.35,TN,CORRECTLY_REJECTED_UNKNOWN
5161,New_Images,008191.jpg,8191,UNRECOGNIZED,0.2125,0.35,TN,CORRECTLY_REJECTED_UNKNOWN
5162,Real Images,004777.jpg,4777,4777,1,0.35,TP,CORRECT_MATCH
5163,New_Images,008448.jpg,8448,NO_FACE_DETECTED,0,0.35,TN,No Face Detected by SCRFD
5164,New_Images,008917.jpg,8917,UNRECOGNIZED,0.2711,0.35,TN,CORRECTLY_REJECTED_UNKNOWN
5165,Real Images,003315.jpg,3315,3315,1,0.35,TP,CORRECT_MATCH
5166,Real Images,003429.jpg,3429,3429,1,0.35,TP,CORRECT_MATCH
5167,Real Images,002126.jpg,2126,2126,1,0.35,TP,CORRECT_MATCH
5168,New_Images,006013.jpg,6013,NO_FACE_DETECTED,0,0.35,TN,No Face Detected by SCRFD
5169,New_Images,007600.jpg,7600,UNRECOGNIZED,0.2632,0.35,TN,CORRECTLY_REJECTED_UNKNOWN
5170,Real Images,000209.jpg,209,209,1,0.35,TP,CORRECT_MATCH
5171,New_Images,008876.jpg,8876,UNRECOGNIZED,0.2404,0.35,TN,CORRECTLY_REJECTED_UNKNOWN
5172,New_Images,009188.jpg,9188,UNRECOGNIZED,0.2311,0.35,TN,CORRECTLY_REJECTED_UNKNOWN
5173,Real Images,003311.jpg,3311,3311,1,0.35,TP,CORRECT_MATCH
5174,New_Images,008485.jpg,8485,NO_FACE_DETECTED,0,0.35,TN,No Face Detected by SCRFD
5175,Real Images,000466.jpg,466,466,1,0.35,TP,CORRECT_MATCH
5176,Real Images,001969.jpg,1969,1969,1,0.35,TP,CORRECT_MATCH
5177,New_Images,005920.jpg,5920,UNRECOGNIZED,0.2671,0.35,TN,CORRECTLY_REJECTED_UNKNOWN
5178,Real Images,001229.jpg,1229,1229,1,0.35,TP,CORRECT_MATCH
5179,Real Images,001544.jpg,1544,1544,1,0.35,TP,CORRECT_MATCH
5180,Real Images,002448.jpg,2448,2448,1,0.35,TP,CORRECT_MATCH
5181,New_Images,007236.jpg,7236,UNRECOGNIZED,0.241,0.35,TN,CORRECTLY_REJECTED_UNKNOWN
5182,New_Images,006033.jpg,6033,UNRECOGNIZED,0.2284,0.35,TN,CORRECTLY_REJECTED_UNKNOWN
5183,Real Images,002664.jpg,2664,2664,1,0.35,TP,CORRECT_MATCH
5184,Real Images,002265.jpg,2265,2265,1,0.35,TP,CORRECT_MATCH
5185,New_Images,008317.jpg,8317,UNRECOGNIZED,0.2477,0.35,TN,CORRECTLY_REJECTED_UNKNOWN
5186,New_Images,007412.jpg,7412,UNRECOGNIZED,0.2529,0.35,TN,CORRECTLY_REJECTED_UNKNOWN
5187,New_Images,009479.jpg,9479,UNRECOGNIZED,0.2272,0.35,TN,CORRECTLY_REJECTED_UNKNOWN
5188,New_Images,009068.jpg,9068,UNRECOGNIZED,0.2365,0.35,TN,CORRECTLY_REJECTED_UNKNOWN
5189,New_Images,008462.jpg,8462,UNRECOGNIZED,0.2597,0.35,TN,CORRECTLY_REJECTED_UNKNOWN
5190,Real Images,002316.jpg,2316,2316,1,0.35,TP,CORRECT_MATCH
5191,Real Images,004990.jpg,4990,4990,1,0.35,TP,CORRECT_MATCH
5192,New_Images,006482.jpg,6482,UNRECOGNIZED,0.3207,0.35,TN,CORRECTLY_REJECTED_UNKNOWN
5193,Real Images,004600.jpg,4600,4600,1,0.35,TP,CORRECT_MATCH
5194,Real Images,003066.jpg,3066,3066,1,0.35,TP,CORRECT_MATCH
5195,Real Images,004191.jpg,4191,4191,1,0.35,TP,CORRECT_MATCH
5196,Real Images,000061.jpg,61,61,1,0.35,TP,CORRECT_MATCH
5197,New_Images,006248.jpg,6248,UNRECOGNIZED,0.231,0.35,TN,CORRECTLY_REJECTED_UNKNOWN
5198,Real Images,004789.jpg,4789,4789,1,0.35,TP,CORRECT_MATCH
5199,Real Images,003254.jpg,3254,3254,1,0.35,TP,CORRECT_MATCH
5200,New_Images,005109.jpg,5109,UNRECOGNIZED,0.2449,0.35,TN,CORRECTLY_REJECTED_UNKNOWN
5201,Real Images,004266.jpg,4266,4266,1,0.35,TP,CORRECT_MATCH
5202,Real Images,002476.jpg,2476,2476,1,0.35,TP,CORRECT_MATCH
5203,Real Images,003824.jpg,3824,3824,1,0.35,TP,CORRECT_MATCH
5204,Real Images,001788.jpg,1788,1788,1,0.35,TP,CORRECT_MATCH
5205,Real Images,002065.jpg,2065,2065,1,0.35,TP,CORRECT_MATCH
5206,New_Images,007176.jpg,7176,UNRECOGNIZED,0.2301,0.35,TN,CORRECTLY_REJECTED_UNKNOWN
5207,Real Images,002857.jpg,2857,2857,1,0.35,TP,CORRECT_MATCH
5208,New_Images,008273.jpg,8273,UNRECOGNIZED,0.2114,0.35,TN,CORRECTLY_REJECTED_UNKNOWN
5209,Real Images,003472.jpg,3472,3472,1,0.35,TP,CORRECT_MATCH
5210,Real Images,002256.jpg,2256,2256,1,0.35,TP,CORRECT_MATCH
5211,New_Images,007118.jpg,7118,NO_FACE_DETECTED,0,0.35,TN,No Face Detected by SCRFD
5212,Real Images,004984.jpg,4984,4984,1,0.35,TP,CORRECT_MATCH
5213,New_Images,006773.jpg,6773,NO_FACE_DETECTED,0,0.35,TN,No Face Detected by SCRFD
5214,Real Images,001834.jpg,1834,1834,1,0.35,TP,CORRECT_MATCH
5215,New_Images,006642.jpg,6642,UNRECOGNIZED,0.2351,0.35,TN,CORRECTLY_REJECTED_UNKNOWN
5216,Real Images,004925.jpg,4925,4925,1,0.35,TP,CORRECT_MATCH
5217,New_Images,007420.jpg,7420,UNRECOGNIZED,0.2261,0.35,TN,CORRECTLY_REJECTED_UNKNOWN
5218,Real Images,001084.jpg,1084,1084,1,0.35,TP,CORRECT_MATCH
5219,Real Images,003884.jpg,3884,3884,1,0.35,TP,CORRECT_MATCH
5220,Real Images,000073.jpg,73,73,1,0.35,TP,CORRECT_MATCH
5221,New_Images,005485.jpg,5485,NO_FACE_DETECTED,0,0.35,TN,No Face Detected by SCRFD
5222,New_Images,007132.jpg,7132,UNRECOGNIZED,0.2277,0.35,TN,CORRECTLY_REJECTED_UNKNOWN
5223,New_Images,007765.jpg,7765,UNRECOGNIZED,0.1988,0.35,TN,CORRECTLY_REJECTED_UNKNOWN
5224,Real Images,002205.jpg,2205,2205,1,0.35,TP,CORRECT_MATCH
5225,Real Images,001694.jpg,1694,1694,1,0.35,TP,CORRECT_MATCH
5226,Real Images,001845.jpg,1845,1845,1,0.35,TP,CORRECT_MATCH
5227,Real Images,001814.jpg,1814,1814,1,0.35,TP,CORRECT_MATCH
5228,Real Images,001756.jpg,1756,1756,1,0.35,TP,CORRECT_MATCH
5229,Real Images,004688.jpg,4688,4688,1,0.35,TP,CORRECT_MATCH
5230,Real Images,001335.jpg,1335,1335,1,0.35,TP,CORRECT_MATCH
5231,New_Images,005448.jpg,5448,NO_FACE_DETECTED,0,0.35,TN,No Face Detected by SCRFD
5232,Real Images,003167.jpg,3167,3167,1,0.35,TP,CORRECT_MATCH
5233,New_Images,008763.jpg,8763,UNRECOGNIZED,0.2338,0.35,TN,CORRECTLY_REJECTED_UNKNOWN
5234,New_Images,008156.jpg,8156,UNRECOGNIZED,0.2149,0.35,TN,CORRECTLY_REJECTED_UNKNOWN
5235,New_Images,005971.jpg,5971,UNRECOGNIZED,0.2714,0.35,TN,CORRECTLY_REJECTED_UNKNOWN
5236,Real Images,002119.jpg,2119,2119,1,0.35,TP,CORRECT_MATCH
5237,Real Images,001340.jpg,1340,1340,1,0.35,TP,CORRECT_MATCH
5238,Real Images,002821.jpg,2821,2821,1,0.35,TP,CORRECT_MATCH
5239,Real Images,002866.jpg,2866,2866,1,0.35,TP,CORRECT_MATCH
5240,New_Images,007748.jpg,7748,NO_FACE_DETECTED,0,0.35,TN,No Face Detected by SCRFD
5241,New_Images,007346.jpg,7346,UNRECOGNIZED,0.253,0.35,TN,CORRECTLY_REJECTED_UNKNOWN
5242,New_Images,007478.jpg,7478,UNRECOGNIZED,0.2789,0.35,TN,CORRECTLY_REJECTED_UNKNOWN
5243,Real Images,001455.jpg,1455,1455,1,0.35,TP,CORRECT_MATCH
5244,Real Images,003655.jpg,3655,3655,1,0.35,TP,CORRECT_MATCH
5245,New_Images,005472.jpg,5472,UNRECOGNIZED,0.2591,0.35,TN,CORRECTLY_REJECTED_UNKNOWN
5246,New_Images,007140.jpg,7140,UNRECOGNIZED,0.2948,0.35,TN,CORRECTLY_REJECTED_UNKNOWN
5247,New_Images,006472.jpg,6472,UNRECOGNIZED,0.2199,0.35,TN,CORRECTLY_REJECTED_UNKNOWN
5248,New_Images,008063.jpg,8063,UNRECOGNIZED,0.2602,0.35,TN,CORRECTLY_REJECTED_UNKNOWN
5249,Real Images,000251.jpg,251,251,1,0.35,TP,CORRECT_MATCH
5250,Real Images,001015.jpg,1015,1015,1,0.35,TP,CORRECT_MATCH
5251,New_Images,005206.jpg,5206,NO_FACE_DETECTED,0,0.35,TN,No Face Detected by SCRFD
5252,New_Images,006768.jpg,6768,NO_FACE_DETECTED,0,0.35,TN,No Face Detected by SCRFD
5253,Real Images,004138.jpg,4138,4138,1,0.35,TP,CORRECT_MATCH
5254,Real Images,003803.jpg,3803,3803,1,0.35,TP,CORRECT_MATCH
5255,New_Images,007493.jpg,7493,UNRECOGNIZED,0.2637,0.35,TN,CORRECTLY_REJECTED_UNKNOWN
5256,New_Images,006120.jpg,6120,UNRECOGNIZED,0.3098,0.35,TN,CORRECTLY_REJECTED_UNKNOWN
5257,Real Images,001632.jpg,1632,1632,1,0.35,TP,CORRECT_MATCH
5258,New_Images,006117.jpg,6117,UNRECOGNIZED,0.2428,0.35,TN,CORRECTLY_REJECTED_UNKNOWN
5259,New_Images,005693.jpg,5693,NO_FACE_DETECTED,0,0.35,TN,No Face Detected by SCRFD
5260,New_Images,006129.jpg,6129,UNRECOGNIZED,0.2334,0.35,TN,CORRECTLY_REJECTED_UNKNOWN
5261,Real Images,000271.jpg,271,271,1,0.35,TP,CORRECT_MATCH
5262,Real Images,002044.jpg,2044,2044,1,0.35,TP,CORRECT_MATCH
5263,New_Images,006960.jpg,6960,UNRECOGNIZED,0.2206,0.35,TN,CORRECTLY_REJECTED_UNKNOWN
5264,New_Images,008707.jpg,8707,NO_FACE_DETECTED,0,0.35,TN,No Face Detected by SCRFD
5265,New_Images,007267.jpg,7267,UNRECOGNIZED,0.2336,0.35,TN,CORRECTLY_REJECTED_UNKNOWN
5266,New_Images,009415.jpg,9415,NO_FACE_DETECTED,0,0.35,TN,No Face Detected by SCRFD
5267,Real Images,000238.jpg,238,238,1,0.35,TP,CORRECT_MATCH
5268,New_Images,008900.jpg,8900,NO_FACE_DETECTED,0,0.35,TN,No Face Detected by SCRFD
5269,New_Images,007465.jpg,7465,UNRECOGNIZED,0.2352,0.35,TN,CORRECTLY_REJECTED_UNKNOWN
5270,New_Images,007827.jpg,7827,UNRECOGNIZED,0.2644,0.35,TN,CORRECTLY_REJECTED_UNKNOWN
5271,Real Images,003305.jpg,3305,3305,1,0.35,TP,CORRECT_MATCH
5272,Real Images,004152.jpg,4152,4152,1,0.35,TP,CORRECT_MATCH
5273,Real Images,002549.jpg,2549,2549,1,0.35,TP,CORRECT_MATCH
5274,Real Images,000538.jpg,538,538,1,0.35,TP,CORRECT_MATCH
5275,New_Images,006121.jpg,6121,UNRECOGNIZED,0.3317,0.35,TN,CORRECTLY_REJECTED_UNKNOWN
5276,New_Images,009284.jpg,9284,UNRECOGNIZED,0.2935,0.35,TN,CORRECTLY_REJECTED_UNKNOWN
5277,New_Images,005594.jpg,5594,UNRECOGNIZED,0.2898,0.35,TN,CORRECTLY_REJECTED_UNKNOWN
5278,New_Images,008131.jpg,8131,NO_FACE_DETECTED,0,0.35,TN,No Face Detected by SCRFD
5279,Real Images,004232.jpg,4232,4232,1,0.35,TP,CORRECT_MATCH
5280,Real Images,003969.jpg,3969,3969,1,0.35,TP,CORRECT_MATCH
5281,New_Images,008774.jpg,8774,UNRECOGNIZED,0.2441,0.35,TN,CORRECTLY_REJECTED_UNKNOWN
5282,New_Images,006730.jpg,6730,UNRECOGNIZED,0.2654,0.35,TN,CORRECTLY_REJECTED_UNKNOWN
5283,Real Images,003619.jpg,3619,3619,1,0.35,TP,CORRECT_MATCH
5284,Real Images,001540.jpg,1540,1540,1,0.35,TP,CORRECT_MATCH
5285,New_Images,006076.jpg,6076,UNRECOGNIZED,0.2777,0.35,TN,CORRECTLY_REJECTED_UNKNOWN
5286,New_Images,006934.jpg,6934,UNRECOGNIZED,0.3021,0.35,TN,CORRECTLY_REJECTED_UNKNOWN
5287,Real Images,003415.jpg,3415,3415,1,0.35,TP,CORRECT_MATCH
5288,Real Images,002208.jpg,2208,2208,1,0.35,TP,CORRECT_MATCH
5289,Real Images,002629.jpg,2629,2629,1,0.35,TP,CORRECT_MATCH
5290,New_Images,008491.jpg,8491,UNRECOGNIZED,0.2202,0.35,TN,CORRECTLY_REJECTED_UNKNOWN
5291,New_Images,006554.jpg,6554,UNRECOGNIZED,0.301,0.35,TN,CORRECTLY_REJECTED_UNKNOWN
5292,Real Images,001101.jpg,1101,1101,1,0.35,TP,CORRECT_MATCH
5293,Real Images,001868.jpg,1868,1868,1,0.35,TP,CORRECT_MATCH
5294,Real Images,000805.jpg,805,805,1,0.35,TP,CORRECT_MATCH
5295,Real Images,004028.jpg,4028,4028,1,0.35,TP,CORRECT_MATCH
5296,New_Images,006534.jpg,6534,NO_FACE_DETECTED,0,0.35,TN,No Face Detected by SCRFD
5297,New_Images,008259.jpg,8259,UNRECOGNIZED,0.2426,0.35,TN,CORRECTLY_REJECTED_UNKNOWN
5298,Real Images,002483.jpg,2483,2483,1,0.35,TP,CORRECT_MATCH
5299,Real Images,002768.jpg,2768,2768,1,0.35,TP,CORRECT_MATCH
5300,Real Images,000166.jpg,166,166,1,0.35,TP,CORRECT_MATCH
5301,New_Images,005798.jpg,5798,NO_FACE_DETECTED,0,0.35,TN,No Face Detected by SCRFD
5302,New_Images,005400.jpg,5400,UNRECOGNIZED,0.3108,0.35,TN,CORRECTLY_REJECTED_UNKNOWN
5303,Real Images,003893.jpg,3893,3893,1,0.35,TP,CORRECT_MATCH
5304,Real Images,000404.jpg,404,404,1,0.35,TP,CORRECT_MATCH
5305,New_Images,008084.jpg,8084,NO_FACE_DETECTED,0,0.35,TN,No Face Detected by SCRFD
5306,Real Images,002716.jpg,2716,2716,1,0.35,TP,CORRECT_MATCH
5307,Real Images,003243.jpg,3243,3243,1,0.35,TP,CORRECT_MATCH
5308,New_Images,009040.jpg,9040,UNRECOGNIZED,0.2256,0.35,TN,CORRECTLY_REJECTED_UNKNOWN
5309,Real Images,003291.jpg,3291,3291,1,0.35,TP,CORRECT_MATCH
5310,New_Images,008565.jpg,8565,UNRECOGNIZED,0.2661,0.35,TN,CORRECTLY_REJECTED_UNKNOWN
5311,New_Images,005065.jpg,5065,UNRECOGNIZED,0.21,0.35,TN,CORRECTLY_REJECTED_UNKNOWN
5312,Real Images,001179.jpg,1179,1179,1,0.35,TP,CORRECT_MATCH
5313,Real Images,003302.jpg,3302,3302,1,0.35,TP,CORRECT_MATCH
5314,Real Images,002257.jpg,2257,2257,1,0.35,TP,CORRECT_MATCH
5315,Real Images,001411.jpg,1411,1411,1,0.35,TP,CORRECT_MATCH
5316,New_Images,007285.jpg,7285,UNRECOGNIZED,0.2328,0.35,TN,CORRECTLY_REJECTED_UNKNOWN
5317,Real Images,003876.jpg,3876,3876,1,0.35,TP,CORRECT_MATCH
5318,Real Images,004989.jpg,4989,4989,1,0.35,TP,CORRECT_MATCH
5319,New_Images,007679.jpg,7679,UNRECOGNIZED,0.2193,0.35,TN,CORRECTLY_REJECTED_UNKNOWN
5320,Real Images,003978.jpg,3978,3978,1,0.35,TP,CORRECT_MATCH
5321,New_Images,005661.jpg,5661,UNRECOGNIZED,0.2187,0.35,TN,CORRECTLY_REJECTED_UNKNOWN
5322,Real Images,002164.jpg,2164,2164,1,0.35,TP,CORRECT_MATCH
5323,Real Images,003367.jpg,3367,3367,1,0.35,TP,CORRECT_MATCH
5324,New_Images,006543.jpg,6543,UNRECOGNIZED,0.3159,0.35,TN,CORRECTLY_REJECTED_UNKNOWN
5325,New_Images,006942.jpg,6942,UNRECOGNIZED,0.2432,0.35,TN,CORRECTLY_REJECTED_UNKNOWN
5326,New_Images,008221.jpg,8221,NO_FACE_DETECTED,0,0.35,TN,No Face Detected by SCRFD
5327,New_Images,007891.jpg,7891,UNRECOGNIZED,0.2498,0.35,TN,CORRECTLY_REJECTED_UNKNOWN
5328,Real Images,004610.jpg,4610,4610,1,0.35,TP,CORRECT_MATCH
5329,New_Images,006100.jpg,6100,UNRECOGNIZED,0.2822,0.35,TN,CORRECTLY_REJECTED_UNKNOWN
5330,New_Images,005626.jpg,5626,UNRECOGNIZED,0.2457,0.35,TN,CORRECTLY_REJECTED_UNKNOWN
5331,Real Images,004774.jpg,4774,4774,1,0.35,TP,CORRECT_MATCH
5332,New_Images,007638.jpg,7638,UNRECOGNIZED,0.2831,0.35,TN,CORRECTLY_REJECTED_UNKNOWN
5333,Real Images,004642.jpg,4642,4642,1,0.35,TP,CORRECT_MATCH
5334,Real Images,001215.jpg,1215,1215,1,0.35,TP,CORRECT_MATCH
5335,New_Images,008698.jpg,8698,UNRECOGNIZED,0.2776,0.35,TN,CORRECTLY_REJECTED_UNKNOWN
5336,Real Images,003396.jpg,3396,3396,1,0.35,TP,CORRECT_MATCH
5337,Real Images,000922.jpg,922,922,1,0.35,TP,CORRECT_MATCH
5338,New_Images,009107.jpg,9107,UNRECOGNIZED,0.2616,0.35,TN,CORRECTLY_REJECTED_UNKNOWN
5339,New_Images,005386.jpg,5386,UNRECOGNIZED,0.2519,0.35,TN,CORRECTLY_REJECTED_UNKNOWN
5340,New_Images,007816.jpg,7816,UNRECOGNIZED,0.2471,0.35,TN,CORRECTLY_REJECTED_UNKNOWN
5341,New_Images,005105.jpg,5105,NO_FACE_DETECTED,0,0.35,TN,No Face Detected by SCRFD
5342,New_Images,006609.jpg,6609,UNRECOGNIZED,0.2112,0.35,TN,CORRECTLY_REJECTED_UNKNOWN
5343,Real Images,003754.jpg,3754,3754,1,0.35,TP,CORRECT_MATCH
5344,New_Images,005801.jpg,5801,UNRECOGNIZED,0.2394,0.35,TN,CORRECTLY_REJECTED_UNKNOWN
5345,Real Images,002263.jpg,2263,2263,1,0.35,TP,CORRECT_MATCH
5346,Real Images,002672.jpg,2672,2672,1,0.35,TP,CORRECT_MATCH
5347,New_Images,007831.jpg,7831,UNRECOGNIZED,0.2633,0.35,TN,CORRECTLY_REJECTED_UNKNOWN
5348,Real Images,003256.jpg,3256,3256,1,0.35,TP,CORRECT_MATCH
5349,New_Images,008810.jpg,8810,UNRECOGNIZED,0.2289,0.35,TN,CORRECTLY_REJECTED_UNKNOWN
5350,Real Images,003180.jpg,3180,3180,1,0.35,TP,CORRECT_MATCH
5351,New_Images,006238.jpg,6238,UNRECOGNIZED,0.2788,0.35,TN,CORRECTLY_REJECTED_UNKNOWN
5352,Real Images,000549.jpg,549,549,1,0.35,TP,CORRECT_MATCH
5353,Real Images,002620.jpg,2620,2620,1,0.35,TP,CORRECT_MATCH
5354,New_Images,008236.jpg,8236,UNRECOGNIZED,0.2603,0.35,TN,CORRECTLY_REJECTED_UNKNOWN
5355,Real Images,004875.jpg,4875,4875,1,0.35,TP,CORRECT_MATCH
5356,Real Images,001212.jpg,1212,1212,1,0.35,TP,CORRECT_MATCH
5357,New_Images,009368.jpg,9368,UNRECOGNIZED,0.2357,0.35,TN,CORRECTLY_REJECTED_UNKNOWN
5358,New_Images,009574.jpg,9574,NO_FACE_DETECTED,0,0.35,TN,No Face Detected by SCRFD
5359,New_Images,009372.jpg,9372,NO_FACE_DETECTED,0,0.35,TN,No Face Detected by SCRFD
5360,New_Images,008262.jpg,8262,UNRECOGNIZED,0.2315,0.35,TN,CORRECTLY_REJECTED_UNKNOWN
5361,Real Images,003469.jpg,3469,3469,1,0.35,TP,CORRECT_MATCH
5362,New_Images,005695.jpg,5695,NO_FACE_DETECTED,0,0.35,TN,No Face Detected by SCRFD
5363,Real Images,001034.jpg,1034,1034,1,0.35,TP,CORRECT_MATCH
5364,Real Images,001579.jpg,1579,1579,1,0.35,TP,CORRECT_MATCH
5365,New_Images,006151.jpg,6151,NO_FACE_DETECTED,0,0.35,TN,No Face Detected by SCRFD
5366,New_Images,007524.jpg,7524,UNRECOGNIZED,0.2116,0.35,TN,CORRECTLY_REJECTED_UNKNOWN
5367,Real Images,001417.jpg,1417,1417,1,0.35,TP,CORRECT_MATCH
5368,New_Images,006497.jpg,6497,UNRECOGNIZED,0.301,0.35,TN,CORRECTLY_REJECTED_UNKNOWN
5369,Real Images,000986.jpg,986,986,1,0.35,TP,CORRECT_MATCH
5370,New_Images,008148.jpg,8148,UNRECOGNIZED,0.2432,0.35,TN,CORRECTLY_REJECTED_UNKNOWN
5371,New_Images,005082.jpg,5082,UNRECOGNIZED,0.2258,0.35,TN,CORRECTLY_REJECTED_UNKNOWN
5372,New_Images,009110.jpg,9110,UNRECOGNIZED,0.2165,0.35,TN,CORRECTLY_REJECTED_UNKNOWN
5373,Real Images,004234.jpg,4234,4234,1,0.35,TP,CORRECT_MATCH
5374,Real Images,004680.jpg,4680,4680,1,0.35,TP,CORRECT_MATCH
5375,Real Images,004114.jpg,4114,4114,1,0.35,TP,CORRECT_MATCH
5376,Real Images,000285.jpg,285,285,1,0.35,TP,CORRECT_MATCH
5377,Real Images,003235.jpg,3235,3235,1,0.35,TP,CORRECT_MATCH
5378,New_Images,007720.jpg,7720,UNRECOGNIZED,0.292,0.35,TN,CORRECTLY_REJECTED_UNKNOWN
5379,New_Images,005733.jpg,5733,NO_FACE_DETECTED,0,0.35,TN,No Face Detected by SCRFD
5380,Real Images,003902.jpg,3902,3902,1,0.35,TP,CORRECT_MATCH
5381,Real Images,001931.jpg,1931,1931,1,0.35,TP,CORRECT_MATCH
5382,New_Images,006208.jpg,6208,UNRECOGNIZED,0.278,0.35,TN,CORRECTLY_REJECTED_UNKNOWN
5383,Real Images,003890.jpg,3890,3890,1,0.35,TP,CORRECT_MATCH
5384,New_Images,009548.jpg,9548,UNRECOGNIZED,0.2503,0.35,TN,CORRECTLY_REJECTED_UNKNOWN
5385,New_Images,008179.jpg,8179,UNRECOGNIZED,0.2287,0.35,TN,CORRECTLY_REJECTED_UNKNOWN
5386,Real Images,004281.jpg,4281,4281,1,0.35,TP,CORRECT_MATCH
5387,Real Images,003172.jpg,3172,3172,1,0.35,TP,CORRECT_MATCH
5388,New_Images,009215.jpg,9215,UNRECOGNIZED,0.2294,0.35,TN,CORRECTLY_REJECTED_UNKNOWN
5389,Real Images,004536.jpg,4536,4536,1,0.35,TP,CORRECT_MATCH
5390,Real Images,001864.jpg,1864,1864,1,0.35,TP,CORRECT_MATCH
5391,New_Images,008470.jpg,8470,UNRECOGNIZED,0.2559,0.35,TN,CORRECTLY_REJECTED_UNKNOWN
5392,New_Images,009604.jpg,9604,NO_FACE_DETECTED,0,0.35,TN,No Face Detected by SCRFD
5393,Real Images,004436.jpg,4436,4436,1,0.35,TP,CORRECT_MATCH
5394,Real Images,002817.jpg,2817,2817,1,0.35,TP,CORRECT_MATCH
5395,New_Images,006658.jpg,6658,NO_FACE_DETECTED,0,0.35,TN,No Face Detected by SCRFD
5396,New_Images,007544.jpg,7544,NO_FACE_DETECTED,0,0.35,TN,No Face Detected by SCRFD
5397,Real Images,001239.jpg,1239,1239,1,0.35,TP,CORRECT_MATCH
5398,Real Images,000505.jpg,505,505,1,0.35,TP,CORRECT_MATCH
5399,Real Images,004623.jpg,4623,4623,1,0.35,TP,CORRECT_MATCH
5400,New_Images,009309.jpg,9309,UNRECOGNIZED,0.2579,0.35,TN,CORRECTLY_REJECTED_UNKNOWN
5401,Real Images,001854.jpg,1854,1854,1,0.35,TP,CORRECT_MATCH
5402,Real Images,002158.jpg,2158,2158,1,0.35,TP,CORRECT_MATCH
5403,Real Images,003810.jpg,3810,3810,1,0.35,TP,CORRECT_MATCH
5404,New_Images,007952.jpg,7952,UNRECOGNIZED,0.2814,0.35,TN,CORRECTLY_REJECTED_UNKNOWN
5405,Real Images,002157.jpg,2157,2157,1,0.35,TP,CORRECT_MATCH
5406,Real Images,000366.jpg,366,366,1,0.35,TP,CORRECT_MATCH
5407,New_Images,006448.jpg,6448,NO_FACE_DETECTED,0,0.35,TN,No Face Detected by SCRFD
5408,New_Images,009394.jpg,9394,UNRECOGNIZED,0.283,0.35,TN,CORRECTLY_REJECTED_UNKNOWN
5409,Real Images,003027.jpg,3027,3027,1,0.35,TP,CORRECT_MATCH
5410,Real Images,003125.jpg,3125,3125,1,0.35,TP,CORRECT_MATCH
5411,New_Images,006944.jpg,6944,UNRECOGNIZED,0.2729,0.35,TN,CORRECTLY_REJECTED_UNKNOWN
5412,Real Images,001515.jpg,1515,1515,1,0.35,TP,CORRECT_MATCH
5413,Real Images,003175.jpg,3175,3175,1,0.35,TP,CORRECT_MATCH
5414,New_Images,008951.jpg,8951,UNRECOGNIZED,0.2859,0.35,TN,CORRECTLY_REJECTED_UNKNOWN
5415,New_Images,009516.jpg,9516,UNRECOGNIZED,0.206,0.35,TN,CORRECTLY_REJECTED_UNKNOWN
5416,Real Images,000747.jpg,747,747,1,0.35,TP,CORRECT_MATCH
5417,New_Images,008779.jpg,8779,UNRECOGNIZED,0.2359,0.35,TN,CORRECTLY_REJECTED_UNKNOWN
5418,New_Images,005416.jpg,5416,UNRECOGNIZED,0.2244,0.35,TN,CORRECTLY_REJECTED_UNKNOWN
5419,Real Images,004007.jpg,4007,4007,1,0.35,TP,CORRECT_MATCH
5420,New_Images,007181.jpg,7181,NO_FACE_DETECTED,0,0.35,TN,No Face Detected by SCRFD
5421,Real Images,003257.jpg,3257,3257,1,0.35,TP,CORRECT_MATCH
5422,New_Images,006894.jpg,6894,UNRECOGNIZED,0.2604,0.35,TN,CORRECTLY_REJECTED_UNKNOWN
5423,Real Images,000947.jpg,947,947,1,0.35,TP,CORRECT_MATCH
5424,New_Images,006969.jpg,6969,UNRECOGNIZED,0.3203,0.35,TN,CORRECTLY_REJECTED_UNKNOWN
5425,Real Images,000672.jpg,672,672,1,0.35,TP,CORRECT_MATCH
5426,New_Images,006608.jpg,6608,UNRECOGNIZED,0.2555,0.35,TN,CORRECTLY_REJECTED_UNKNOWN
5427,New_Images,005229.jpg,5229,UNRECOGNIZED,0.2599,0.35,TN,CORRECTLY_REJECTED_UNKNOWN
5428,Real Images,001400.jpg,1400,1400,1,0.35,TP,CORRECT_MATCH
5429,New_Images,006221.jpg,6221,NO_FACE_DETECTED,0,0.35,TN,No Face Detected by SCRFD
5430,Real Images,000211.jpg,211,211,1,0.35,TP,CORRECT_MATCH
5431,Real Images,000795.jpg,795,795,1,0.35,TP,CORRECT_MATCH
5432,New_Images,008175.jpg,8175,UNRECOGNIZED,0.2507,0.35,TN,CORRECTLY_REJECTED_UNKNOWN
5433,Real Images,003935.jpg,3935,3935,1,0.35,TP,CORRECT_MATCH
5434,Real Images,004917.jpg,4917,4917,1,0.35,TP,CORRECT_MATCH
5435,New_Images,006575.jpg,6575,UNRECOGNIZED,0.2691,0.35,TN,CORRECTLY_REJECTED_UNKNOWN
5436,New_Images,005424.jpg,5424,UNRECOGNIZED,0.2896,0.35,TN,CORRECTLY_REJECTED_UNKNOWN
5437,New_Images,005545.jpg,5545,UNRECOGNIZED,0.2217,0.35,TN,CORRECTLY_REJECTED_UNKNOWN
5438,Real Images,000718.jpg,718,718,1,0.35,TP,CORRECT_MATCH
5439,New_Images,009388.jpg,9388,NO_FACE_DETECTED,0,0.35,TN,No Face Detected by SCRFD
5440,Real Images,000032.jpg,32,32,1,0.35,TP,CORRECT_MATCH
5441,New_Images,008413.jpg,8413,NO_FACE_DETECTED,0,0.35,TN,No Face Detected by SCRFD
5442,Real Images,000447.jpg,447,447,1,0.35,TP,CORRECT_MATCH
5443,Real Images,001259.jpg,1259,1259,1,0.35,TP,CORRECT_MATCH
5444,Real Images,004022.jpg,4022,4022,1,0.35,TP,CORRECT_MATCH
5445,Real Images,004503.jpg,4503,4503,1,0.35,TP,CORRECT_MATCH
5446,Real Images,004684.jpg,4684,4684,1,0.35,TP,CORRECT_MATCH
5447,New_Images,007941.jpg,7941,NO_FACE_DETECTED,0,0.35,TN,No Face Detected by SCRFD
5448,New_Images,009253.jpg,9253,NO_FACE_DETECTED,0,0.35,TN,No Face Detected by SCRFD
5449,Real Images,000786.jpg,786,786,1,0.35,TP,CORRECT_MATCH
5450,Real Images,001946.jpg,1946,1946,1,0.35,TP,CORRECT_MATCH
5451,New_Images,006339.jpg,6339,NO_FACE_DETECTED,0,0.35,TN,No Face Detected by SCRFD
5452,New_Images,008593.jpg,8593,UNRECOGNIZED,0.2636,0.35,TN,CORRECTLY_REJECTED_UNKNOWN
5453,New_Images,005412.jpg,5412,NO_FACE_DETECTED,0,0.35,TN,No Face Detected by SCRFD
5454,Real Images,002174.jpg,2174,2174,1,0.35,TP,CORRECT_MATCH
5455,Real Images,004425.jpg,4425,4425,1,0.35,TP,CORRECT_MATCH
5456,New_Images,008038.jpg,8038,UNRECOGNIZED,0.2275,0.35,TN,CORRECTLY_REJECTED_UNKNOWN
5457,Real Images,003353.jpg,3353,3353,1,0.35,TP,CORRECT_MATCH
5458,New_Images,006916.jpg,6916,UNRECOGNIZED,0.2772,0.35,TN,CORRECTLY_REJECTED_UNKNOWN
5459,New_Images,009116.jpg,9116,UNRECOGNIZED,0.2531,0.35,TN,CORRECTLY_REJECTED_UNKNOWN
5460,New_Images,005527.jpg,5527,UNRECOGNIZED,0.2503,0.35,TN,CORRECTLY_REJECTED_UNKNOWN
5461,Real Images,000830.jpg,830,830,1,0.35,TP,CORRECT_MATCH
5462,Real Images,000439.jpg,439,439,1,0.35,TP,CORRECT_MATCH
5463,Real Images,001287.jpg,1287,1287,1,0.35,TP,CORRECT_MATCH
5464,Real Images,003557.jpg,3557,3557,1,0.35,TP,CORRECT_MATCH
5465,Real Images,004976.jpg,4976,4976,1,0.35,TP,CORRECT_MATCH
5466,Real Images,001352.jpg,1352,1352,1,0.35,TP,CORRECT_MATCH
5467,New_Images,006246.jpg,6246,UNRECOGNIZED,0.2382,0.35,TN,CORRECTLY_REJECTED_UNKNOWN
5468,Real Images,003534.jpg,3534,3534,1,0.35,TP,CORRECT_MATCH
5469,Real Images,000254.jpg,254,254,1,0.35,TP,CORRECT_MATCH
5470,New_Images,006436.jpg,6436,UNRECOGNIZED,0.3083,0.35,TN,CORRECTLY_REJECTED_UNKNOWN
5471,New_Images,005027.jpg,5027,NO_FACE_DETECTED,0,0.35,TN,No Face Detected by SCRFD
5472,Real Images,004867.jpg,4867,NO_FACE_DETECTED,0,0.35,TN,No Face Detected by SCRFD
5473,Real Images,002769.jpg,2769,2769,1,0.35,TP,CORRECT_MATCH
5474,New_Images,005804.jpg,5804,NO_FACE_DETECTED,0,0.35,TN,No Face Detected by SCRFD
5475,Real Images,004482.jpg,4482,4482,1,0.35,TP,CORRECT_MATCH
5476,New_Images,006978.jpg,6978,UNRECOGNIZED,0.2446,0.35,TN,CORRECTLY_REJECTED_UNKNOWN
5477,Real Images,001319.jpg,1319,1319,1,0.35,TP,CORRECT_MATCH
5478,New_Images,008974.jpg,8974,NO_FACE_DETECTED,0,0.35,TN,No Face Detected by SCRFD
5479,Real Images,001394.jpg,1394,1394,1,0.35,TP,CORRECT_MATCH
5480,Real Images,002801.jpg,2801,2801,1,0.35,TP,CORRECT_MATCH
5481,New_Images,007758.jpg,7758,UNRECOGNIZED,0.2545,0.35,TN,CORRECTLY_REJECTED_UNKNOWN
5482,New_Images,008251.jpg,8251,UNRECOGNIZED,0.2291,0.35,TN,CORRECTLY_REJECTED_UNKNOWN
5483,Real Images,002140.jpg,2140,2140,1,0.35,TP,CORRECT_MATCH
5484,New_Images,008124.jpg,8124,UNRECOGNIZED,0.2545,0.35,TN,CORRECTLY_REJECTED_UNKNOWN
5485,Real Images,000165.jpg,165,165,1,0.35,TP,CORRECT_MATCH
5486,Real Images,002416.jpg,2416,2416,1,0.35,TP,CORRECT_MATCH
5487,Real Images,000274.jpg,274,274,1,0.35,TP,CORRECT_MATCH
5488,Real Images,000604.jpg,604,604,1,0.35,TP,CORRECT_MATCH
5489,New_Images,008592.jpg,8592,NO_FACE_DETECTED,0,0.35,TN,No Face Detected by SCRFD
5490,Real Images,001333.jpg,1333,1333,1,0.35,TP,CORRECT_MATCH
5491,New_Images,007727.jpg,7727,NO_FACE_DETECTED,0,0.35,TN,No Face Detected by SCRFD
5492,New_Images,005333.jpg,5333,UNRECOGNIZED,0.2421,0.35,TN,CORRECTLY_REJECTED_UNKNOWN
5493,Real Images,004736.jpg,4736,4736,1,0.35,TP,CORRECT_MATCH
5494,New_Images,006922.jpg,6922,NO_FACE_DETECTED,0,0.35,TN,No Face Detected by SCRFD
5495,Real Images,000831.jpg,831,831,1,0.35,TP,CORRECT_MATCH
5496,Real Images,003075.jpg,3075,3075,1,0.35,TP,CORRECT_MATCH
5497,Real Images,004474.jpg,4474,4474,1,0.35,TP,CORRECT_MATCH
5498,New_Images,008607.jpg,8607,UNRECOGNIZED,0.2536,0.35,TN,CORRECTLY_REJECTED_UNKNOWN
5499,Real Images,003103.jpg,3103,3103,1,0.35,TP,CORRECT_MATCH
5500,New_Images,006590.jpg,6590,NO_FACE_DETECTED,0,0.35,TN,No Face Detected by SCRFD
5501,Real Images,003392.jpg,3392,3392,1,0.35,TP,CORRECT_MATCH
5502,New_Images,006473.jpg,6473,UNRECOGNIZED,0.2846,0.35,TN,CORRECTLY_REJECTED_UNKNOWN
5503,Real Images,003438.jpg,3438,3438,1,0.35,TP,CORRECT_MATCH
5504,New_Images,006418.jpg,6418,NO_FACE_DETECTED,0,0.35,TN,No Face Detected by SCRFD
5505,New_Images,006008.jpg,6008,NO_FACE_DETECTED,0,0.35,TN,No Face Detected by SCRFD
5506,Real Images,000395.jpg,395,395,1,0.35,TP,CORRECT_MATCH
5507,Real Images,000011.jpg,11,11,1,0.35,TP,CORRECT_MATCH
5508,Real Images,000886.jpg,886,886,1,0.35,TP,CORRECT_MATCH
5509,Real Images,002103.jpg,2103,2103,1,0.35,TP,CORRECT_MATCH
5510,Real Images,002872.jpg,2872,2872,1,0.35,TP,CORRECT_MATCH
5511,Real Images,000556.jpg,556,556,1,0.35,TP,CORRECT_MATCH
5512,New_Images,007851.jpg,7851,UNRECOGNIZED,0.2754,0.35,TN,CORRECTLY_REJECTED_UNKNOWN
5513,New_Images,006517.jpg,6517,NO_FACE_DETECTED,0,0.35,TN,No Face Detected by SCRFD
5514,Real Images,002173.jpg,2173,2173,1,0.35,TP,CORRECT_MATCH
5515,New_Images,008897.jpg,8897,UNRECOGNIZED,0.2656,0.35,TN,CORRECTLY_REJECTED_UNKNOWN
5516,Real Images,003659.jpg,3659,3659,1,0.35,TP,CORRECT_MATCH
5517,Real Images,002751.jpg,2751,2751,1,0.35,TP,CORRECT_MATCH
5518,New_Images,006901.jpg,6901,UNRECOGNIZED,0.2711,0.35,TN,CORRECTLY_REJECTED_UNKNOWN
5519,New_Images,005489.jpg,5489,UNRECOGNIZED,0.2004,0.35,TN,CORRECTLY_REJECTED_UNKNOWN
5520,Real Images,000727.jpg,727,727,1,0.35,TP,CORRECT_MATCH
5521,New_Images,005212.jpg,5212,NO_FACE_DETECTED,0,0.35,TN,No Face Detected by SCRFD
5522,New_Images,009059.jpg,9059,UNRECOGNIZED,0.2431,0.35,TN,CORRECTLY_REJECTED_UNKNOWN
5523,Real Images,002618.jpg,2618,2618,1,0.35,TP,CORRECT_MATCH
5524,Real Images,002842.jpg,2842,2842,1,0.35,TP,CORRECT_MATCH
5525,Real Images,001950.jpg,1950,1950,1,0.35,TP,CORRECT_MATCH
5526,Real Images,000638.jpg,638,638,1,0.35,TP,CORRECT_MATCH
5527,New_Images,008206.jpg,8206,UNRECOGNIZED,0.2775,0.35,TN,CORRECTLY_REJECTED_UNKNOWN
5528,Real Images,001153.jpg,1153,1153,1,0.35,TP,CORRECT_MATCH
5529,New_Images,005688.jpg,5688,UNRECOGNIZED,0.2473,0.35,TN,CORRECTLY_REJECTED_UNKNOWN
5530,Real Images,000853.jpg,853,853,1,0.35,TP,CORRECT_MATCH
5531,New_Images,008851.jpg,8851,UNRECOGNIZED,0.2438,0.35,TN,CORRECTLY_REJECTED_UNKNOWN
5532,New_Images,005240.jpg,5240,UNRECOGNIZED,0.2279,0.35,TN,CORRECTLY_REJECTED_UNKNOWN
5533,New_Images,007751.jpg,7751,UNRECOGNIZED,0.3386,0.35,TN,CORRECTLY_REJECTED_UNKNOWN
5534,New_Images,005009.jpg,5009,NO_FACE_DETECTED,0,0.35,TN,No Face Detected by SCRFD
5535,Real Images,002607.jpg,2607,2607,1,0.35,TP,CORRECT_MATCH
5536,Real Images,004935.jpg,4935,4935,1,0.35,TP,CORRECT_MATCH
5537,Real Images,001492.jpg,1492,1492,1,0.35,TP,CORRECT_MATCH
5538,New_Images,007870.jpg,7870,UNRECOGNIZED,0.2495,0.35,TN,CORRECTLY_REJECTED_UNKNOWN
5539,Real Images,004649.jpg,4649,4649,1,0.35,TP,CORRECT_MATCH
5540,Real Images,003208.jpg,3208,3208,1,0.35,TP,CORRECT_MATCH
5541,Real Images,004693.jpg,4693,4693,1,0.35,TP,CORRECT_MATCH
5542,Real Images,000015.jpg,15,15,1,0.35,TP,CORRECT_MATCH
5543,New_Images,006547.jpg,6547,UNRECOGNIZED,0.2511,0.35,TN,CORRECTLY_REJECTED_UNKNOWN
5544,New_Images,007074.jpg,7074,UNRECOGNIZED,0.2515,0.35,TN,CORRECTLY_REJECTED_UNKNOWN
5545,Real Images,002413.jpg,2413,2413,1,0.35,TP,CORRECT_MATCH
5546,New_Images,009112.jpg,9112,UNRECOGNIZED,0.21,0.35,TN,CORRECTLY_REJECTED_UNKNOWN
5547,Real Images,003100.jpg,3100,3100,1,0.35,TP,CORRECT_MATCH
5548,Real Images,001437.jpg,1437,1437,1,0.35,TP,CORRECT_MATCH
5549,Real Images,004825.jpg,4825,4825,1,0.35,TP,CORRECT_MATCH
5550,New_Images,005453.jpg,5453,NO_FACE_DETECTED,0,0.35,TN,No Face Detected by SCRFD
5551,New_Images,008120.jpg,8120,NO_FACE_DETECTED,0,0.35,TN,No Face Detected by SCRFD
5552,Real Images,002924.jpg,2924,2924,1,0.35,TP,CORRECT_MATCH
5553,New_Images,005028.jpg,5028,UNRECOGNIZED,0.2653,0.35,TN,CORRECTLY_REJECTED_UNKNOWN
5554,Real Images,004604.jpg,4604,4604,1,0.35,TP,CORRECT_MATCH
5555,Real Images,001428.jpg,1428,1428,1,0.35,TP,CORRECT_MATCH
5556,Real Images,002600.jpg,2600,2600,1,0.35,TP,CORRECT_MATCH
5557,New_Images,005319.jpg,5319,NO_FACE_DETECTED,0,0.35,TN,No Face Detected by SCRFD
5558,Real Images,003992.jpg,3992,3992,1,0.35,TP,CORRECT_MATCH
5559,New_Images,005237.jpg,5237,UNRECOGNIZED,0.3155,0.35,TN,CORRECTLY_REJECTED_UNKNOWN
5560,Real Images,003579.jpg,3579,3579,1,0.35,TP,CORRECT_MATCH
5561,New_Images,007804.jpg,7804,UNRECOGNIZED,0.2526,0.35,TN,CORRECTLY_REJECTED_UNKNOWN
5562,Real Images,001118.jpg,1118,1118,1,0.35,TP,CORRECT_MATCH
5563,Real Images,002643.jpg,2643,2643,1,0.35,TP,CORRECT_MATCH
5564,New_Images,006122.jpg,6122,UNRECOGNIZED,0.2281,0.35,TN,CORRECTLY_REJECTED_UNKNOWN
5565,Real Images,002758.jpg,2758,2758,1,0.35,TP,CORRECT_MATCH
5566,Real Images,000828.jpg,828,828,1,0.35,TP,CORRECT_MATCH
5567,Real Images,004801.jpg,4801,4801,1,0.35,TP,CORRECT_MATCH
5568,New_Images,006384.jpg,6384,UNRECOGNIZED,0.2578,0.35,TN,CORRECTLY_REJECTED_UNKNOWN
5569,New_Images,007425.jpg,7425,UNRECOGNIZED,0.2335,0.35,TN,CORRECTLY_REJECTED_UNKNOWN
5570,New_Images,007185.jpg,7185,UNRECOGNIZED,0.2319,0.35,TN,CORRECTLY_REJECTED_UNKNOWN
5571,Real Images,000595.jpg,595,595,1,0.35,TP,CORRECT_MATCH
5572,Real Images,002990.jpg,2990,2990,1,0.35,TP,CORRECT_MATCH
5573,Real Images,004312.jpg,4312,4312,1,0.35,TP,CORRECT_MATCH
5574,New_Images,008073.jpg,8073,UNRECOGNIZED,0.271,0.35,TN,CORRECTLY_REJECTED_UNKNOWN
5575,New_Images,006429.jpg,6429,UNRECOGNIZED,0.2538,0.35,TN,CORRECTLY_REJECTED_UNKNOWN
5576,Real Images,004806.jpg,4806,4806,1,0.35,TP,CORRECT_MATCH
5577,New_Images,007458.jpg,7458,UNRECOGNIZED,0.2629,0.35,TN,CORRECTLY_REJECTED_UNKNOWN
5578,Real Images,000180.jpg,180,180,1,0.35,TP,CORRECT_MATCH
5579,Real Images,000488.jpg,488,488,1,0.35,TP,CORRECT_MATCH
5580,New_Images,007231.jpg,7231,NO_FACE_DETECTED,0,0.35,TN,No Face Detected by SCRFD
5581,Real Images,001454.jpg,1454,1454,1,0.35,TP,CORRECT_MATCH
5582,Real Images,002792.jpg,2792,2792,1,0.35,TP,CORRECT_MATCH
5583,Real Images,001069.jpg,1069,1069,1,0.35,TP,CORRECT_MATCH
5584,Real Images,001651.jpg,1651,1651,1,0.35,TP,CORRECT_MATCH
5585,New_Images,005674.jpg,5674,NO_FACE_DETECTED,0,0.35,TN,No Face Detected by SCRFD
5586,New_Images,006699.jpg,6699,NO_FACE_DETECTED,0,0.35,TN,No Face Detected by SCRFD
5587,New_Images,006128.jpg,6128,UNRECOGNIZED,0.311,0.35,TN,CORRECTLY_REJECTED_UNKNOWN
5588,Real Images,003916.jpg,3916,3916,1,0.35,TP,CORRECT_MATCH
5589,New_Images,006774.jpg,6774,NO_FACE_DETECTED,0,0.35,TN,No Face Detected by SCRFD
5590,Real Images,000164.jpg,164,164,1,0.35,TP,CORRECT_MATCH
5591,Real Images,001793.jpg,1793,1793,1,0.35,TP,CORRECT_MATCH
5592,Real Images,004929.jpg,4929,4929,1,0.35,TP,CORRECT_MATCH
5593,Real Images,001906.jpg,1906,1906,1,0.35,TP,CORRECT_MATCH
5594,Real Images,000461.jpg,461,461,1,0.35,TP,CORRECT_MATCH
5595,Real Images,000740.jpg,740,740,1,0.35,TP,CORRECT_MATCH
5596,Real Images,000311.jpg,311,311,1,0.35,TP,CORRECT_MATCH
5597,Real Images,004018.jpg,4018,4018,1,0.35,TP,CORRECT_MATCH
5598,New_Images,009530.jpg,9530,UNRECOGNIZED,0.2529,0.35,TN,CORRECTLY_REJECTED_UNKNOWN
5599,New_Images,008555.jpg,8555,UNRECOGNIZED,0.3115,0.35,TN,CORRECTLY_REJECTED_UNKNOWN
5600,New_Images,006832.jpg,6832,UNRECOGNIZED,0.2904,0.35,TN,CORRECTLY_REJECTED_UNKNOWN
5601,Real Images,004033.jpg,4033,4033,1,0.35,TP,CORRECT_MATCH
5602,Real Images,001543.jpg,1543,1543,1,0.35,TP,CORRECT_MATCH
5603,Real Images,004613.jpg,4613,4613,1,0.35,TP,CORRECT_MATCH
5604,New_Images,006186.jpg,6186,NO_FACE_DETECTED,0,0.35,TN,No Face Detected by SCRFD
5605,New_Images,008697.jpg,8697,UNRECOGNIZED,0.2034,0.35,TN,CORRECTLY_REJECTED_UNKNOWN
5606,Real Images,004651.jpg,4651,4651,1,0.35,TP,CORRECT_MATCH
5607,Real Images,002881.jpg,2881,2881,1,0.35,TP,CORRECT_MATCH
5608,New_Images,008911.jpg,8911,UNRECOGNIZED,0.2355,0.35,TN,CORRECTLY_REJECTED_UNKNOWN
5609,New_Images,006994.jpg,6994,UNRECOGNIZED,0.2614,0.35,TN,CORRECTLY_REJECTED_UNKNOWN
5610,New_Images,008913.jpg,8913,NO_FACE_DETECTED,0,0.35,TN,No Face Detected by SCRFD
5611,New_Images,007394.jpg,7394,NO_FACE_DETECTED,0,0.35,TN,No Face Detected by SCRFD
5612,New_Images,008916.jpg,8916,UNRECOGNIZED,0.2415,0.35,TN,CORRECTLY_REJECTED_UNKNOWN
5613,Real Images,001938.jpg,1938,1938,1,0.35,TP,CORRECT_MATCH
5614,New_Images,008791.jpg,8791,UNRECOGNIZED,0.2405,0.35,TN,CORRECTLY_REJECTED_UNKNOWN
5615,Real Images,001424.jpg,1424,1424,1,0.35,TP,CORRECT_MATCH
5616,Real Images,002907.jpg,2907,2907,1,0.35,TP,CORRECT_MATCH
5617,New_Images,007729.jpg,7729,UNRECOGNIZED,0.2757,0.35,TN,CORRECTLY_REJECTED_UNKNOWN
5618,Real Images,004717.jpg,4717,4717,1,0.35,TP,CORRECT_MATCH
5619,Real Images,001798.jpg,1798,1798,1,0.35,TP,CORRECT_MATCH
5620,Real Images,000459.jpg,459,459,1,0.35,TP,CORRECT_MATCH
5621,New_Images,006897.jpg,6897,NO_FACE_DETECTED,0,0.35,TN,No Face Detected by SCRFD
5622,Real Images,002184.jpg,2184,2184,1,0.35,TP,CORRECT_MATCH
5623,New_Images,008022.jpg,8022,NO_FACE_DETECTED,0,0.35,TN,No Face Detected by SCRFD
5624,New_Images,008232.jpg,8232,NO_FACE_DETECTED,0,0.35,TN,No Face Detected by SCRFD
5625,New_Images,007627.jpg,7627,UNRECOGNIZED,0.3006,0.35,TN,CORRECTLY_REJECTED_UNKNOWN
5626,New_Images,007336.jpg,7336,UNRECOGNIZED,0.252,0.35,TN,CORRECTLY_REJECTED_UNKNOWN
5627,New_Images,009576.jpg,9576,NO_FACE_DETECTED,0,0.35,TN,No Face Detected by SCRFD
5628,Real Images,001907.jpg,1907,1907,1,0.35,TP,CORRECT_MATCH
5629,New_Images,009348.jpg,9348,UNRECOGNIZED,0.2501,0.35,TN,CORRECTLY_REJECTED_UNKNOWN
5630,Real Images,002929.jpg,2929,2929,1,0.35,TP,CORRECT_MATCH
5631,New_Images,007857.jpg,7857,NO_FACE_DETECTED,0,0.35,TN,No Face Detected by SCRFD
5632,New_Images,005879.jpg,5879,NO_FACE_DETECTED,0,0.35,TN,No Face Detected by SCRFD
5633,Real Images,000480.jpg,480,480,1,0.35,TP,CORRECT_MATCH
5634,Real Images,002302.jpg,2302,2302,1,0.35,TP,CORRECT_MATCH
5635,New_Images,007384.jpg,7384,UNRECOGNIZED,0.2169,0.35,TN,CORRECTLY_REJECTED_UNKNOWN
5636,Real Images,001795.jpg,1795,1795,1,0.35,TP,CORRECT_MATCH
5637,New_Images,008733.jpg,8733,UNRECOGNIZED,0.2769,0.35,TN,CORRECTLY_REJECTED_UNKNOWN
5638,New_Images,007475.jpg,7475,UNRECOGNIZED,0.2463,0.35,TN,CORRECTLY_REJECTED_UNKNOWN
5639,Real Images,000214.jpg,214,214,1,0.35,TP,CORRECT_MATCH
5640,New_Images,006525.jpg,6525,NO_FACE_DETECTED,0,0.35,TN,No Face Detected by SCRFD
5641,Real Images,002216.jpg,2216,2216,1,0.35,TP,CORRECT_MATCH
5642,New_Images,007886.jpg,7886,NO_FACE_DETECTED,0,0.35,TN,No Face Detected by SCRFD
5643,New_Images,006902.jpg,6902,UNRECOGNIZED,0.2209,0.35,TN,CORRECTLY_REJECTED_UNKNOWN
5644,Real Images,004116.jpg,4116,4116,1,0.35,TP,CORRECT_MATCH
5645,New_Images,008661.jpg,8661,UNRECOGNIZED,0.2531,0.35,TN,CORRECTLY_REJECTED_UNKNOWN
5646,Real Images,002819.jpg,2819,2819,1,0.35,TP,CORRECT_MATCH
5647,Real Images,003971.jpg,3971,3971,1,0.35,TP,CORRECT_MATCH
5648,New_Images,007966.jpg,7966,UNRECOGNIZED,0.2362,0.35,TN,CORRECTLY_REJECTED_UNKNOWN
5649,New_Images,008863.jpg,8863,UNRECOGNIZED,0.2501,0.35,TN,CORRECTLY_REJECTED_UNKNOWN
5650,New_Images,006299.jpg,6299,UNRECOGNIZED,0.27,0.35,TN,CORRECTLY_REJECTED_UNKNOWN
5651,New_Images,007091.jpg,7091,NO_FACE_DETECTED,0,0.35,TN,No Face Detected by SCRFD
5652,Real Images,000160.jpg,160,160,1,0.35,TP,CORRECT_MATCH
5653,New_Images,006488.jpg,6488,NO_FACE_DETECTED,0,0.35,TN,No Face Detected by SCRFD
5654,New_Images,005168.jpg,5168,NO_FACE_DETECTED,0,0.35,TN,No Face Detected by SCRFD
5655,New_Images,009613.jpg,9613,NO_FACE_DETECTED,0,0.35,TN,No Face Detected by SCRFD
5656,Real Images,004308.jpg,4308,4308,1,0.35,TP,CORRECT_MATCH
5657,New_Images,005265.jpg,5265,UNRECOGNIZED,0.2285,0.35,TN,CORRECTLY_REJECTED_UNKNOWN
5658,New_Images,009540.jpg,9540,UNRECOGNIZED,0.2201,0.35,TN,CORRECTLY_REJECTED_UNKNOWN
5659,New_Images,007045.jpg,7045,UNRECOGNIZED,0.2239,0.35,TN,CORRECTLY_REJECTED_UNKNOWN
5660,New_Images,005927.jpg,5927,UNRECOGNIZED,0.2946,0.35,TN,CORRECTLY_REJECTED_UNKNOWN
5661,New_Images,007333.jpg,7333,UNRECOGNIZED,0.2517,0.35,TN,CORRECTLY_REJECTED_UNKNOWN
5662,New_Images,007551.jpg,7551,NO_FACE_DETECTED,0,0.35,TN,No Face Detected by SCRFD
5663,Real Images,000719.jpg,719,719,1,0.35,TP,CORRECT_MATCH
5664,New_Images,006996.jpg,6996,UNRECOGNIZED,0.2179,0.35,TN,CORRECTLY_REJECTED_UNKNOWN
5665,New_Images,008382.jpg,8382,NO_FACE_DETECTED,0,0.35,TN,No Face Detected by SCRFD
5666,Real Images,004512.jpg,4512,4512,1,0.35,TP,CORRECT_MATCH
5667,Real Images,003376.jpg,3376,3376,1,0.35,TP,CORRECT_MATCH
5668,Real Images,004087.jpg,4087,4087,1,0.35,TP,CORRECT_MATCH
5669,New_Images,008520.jpg,8520,UNRECOGNIZED,0.2223,0.35,TN,CORRECTLY_REJECTED_UNKNOWN
5670,New_Images,005303.jpg,5303,NO_FACE_DETECTED,0,0.35,TN,No Face Detected by SCRFD
5671,New_Images,006857.jpg,6857,UNRECOGNIZED,0.2269,0.35,TN,CORRECTLY_REJECTED_UNKNOWN
5672,New_Images,005055.jpg,5055,UNRECOGNIZED,0.2794,0.35,TN,CORRECTLY_REJECTED_UNKNOWN
5673,New_Images,008234.jpg,8234,UNRECOGNIZED,0.255,0.35,TN,CORRECTLY_REJECTED_UNKNOWN
5674,New_Images,006381.jpg,6381,NO_FACE_DETECTED,0,0.35,TN,No Face Detected by SCRFD
5675,Real Images,000284.jpg,284,284,1,0.35,TP,CORRECT_MATCH
5676,Real Images,001218.jpg,1218,1218,1,0.35,TP,CORRECT_MATCH
5677,Real Images,003654.jpg,3654,3654,1,0.35,TP,CORRECT_MATCH
5678,New_Images,009422.jpg,9422,NO_FACE_DETECTED,0,0.35,TN,No Face Detected by SCRFD
5679,Real Images,002253.jpg,2253,2253,1,0.35,TP,CORRECT_MATCH
5680,Real Images,001534.jpg,1534,1534,1,0.35,TP,CORRECT_MATCH
5681,Real Images,001759.jpg,1759,1759,1,0.35,TP,CORRECT_MATCH
5682,New_Images,006617.jpg,6617,UNRECOGNIZED,0.2779,0.35,TN,CORRECTLY_REJECTED_UNKNOWN
5683,New_Images,007262.jpg,7262,UNRECOGNIZED,0.2411,0.35,TN,CORRECTLY_REJECTED_UNKNOWN
5684,Real Images,003496.jpg,3496,3496,1,0.35,TP,CORRECT_MATCH
5685,New_Images,005597.jpg,5597,UNRECOGNIZED,0.2463,0.35,TN,CORRECTLY_REJECTED_UNKNOWN
5686,New_Images,006068.jpg,6068,UNRECOGNIZED,0.2392,0.35,TN,CORRECTLY_REJECTED_UNKNOWN
5687,New_Images,009395.jpg,9395,UNRECOGNIZED,0.2392,0.35,TN,CORRECTLY_REJECTED_UNKNOWN
5688,New_Images,006836.jpg,6836,NO_FACE_DETECTED,0,0.35,TN,No Face Detected by SCRFD
5689,Real Images,003236.jpg,3236,3236,1,0.35,TP,CORRECT_MATCH
5690,Real Images,003549.jpg,3549,3549,1,0.35,TP,CORRECT_MATCH
5691,New_Images,007770.jpg,7770,NO_FACE_DETECTED,0,0.35,TN,No Face Detected by SCRFD
5692,Real Images,001377.jpg,1377,1377,1,0.35,TP,CORRECT_MATCH
5693,New_Images,007589.jpg,7589,UNRECOGNIZED,0.1905,0.35,TN,CORRECTLY_REJECTED_UNKNOWN
5694,Real Images,003777.jpg,3777,3777,1,0.35,TP,CORRECT_MATCH
5695,New_Images,008531.jpg,8531,UNRECOGNIZED,0.2053,0.35,TN,CORRECTLY_REJECTED_UNKNOWN
5696,New_Images,007630.jpg,7630,NO_FACE_DETECTED,0,0.35,TN,No Face Detected by SCRFD
5697,New_Images,006463.jpg,6463,UNRECOGNIZED,0.255,0.35,TN,CORRECTLY_REJECTED_UNKNOWN
5698,New_Images,008675.jpg,8675,UNRECOGNIZED,0.2634,0.35,TN,CORRECTLY_REJECTED_UNKNOWN
5699,Real Images,001056.jpg,1056,1056,1,0.35,TP,CORRECT_MATCH
5700,Real Images,003633.jpg,3633,3633,1,0.35,TP,CORRECT_MATCH
5701,New_Images,007094.jpg,7094,UNRECOGNIZED,0.2236,0.35,TN,CORRECTLY_REJECTED_UNKNOWN
5702,Real Images,001620.jpg,1620,1620,1,0.35,TP,CORRECT_MATCH
5703,Real Images,000529.jpg,529,529,1,0.35,TP,CORRECT_MATCH
5704,New_Images,007121.jpg,7121,UNRECOGNIZED,0.2762,0.35,TN,CORRECTLY_REJECTED_UNKNOWN
5705,New_Images,007899.jpg,7899,UNRECOGNIZED,0.2168,0.35,TN,CORRECTLY_REJECTED_UNKNOWN
5706,Real Images,002121.jpg,2121,2121,1,0.35,TP,CORRECT_MATCH
5707,Real Images,004802.jpg,4802,4802,1,0.35,TP,CORRECT_MATCH
5708,Real Images,004771.jpg,4771,4771,1,0.35,TP,CORRECT_MATCH
5709,Real Images,000689.jpg,689,689,1,0.35,TP,CORRECT_MATCH
5710,New_Images,005282.jpg,5282,UNRECOGNIZED,0.285,0.35,TN,CORRECTLY_REJECTED_UNKNOWN
5711,New_Images,005164.jpg,5164,UNRECOGNIZED,0.2393,0.35,TN,CORRECTLY_REJECTED_UNKNOWN
5712,New_Images,005623.jpg,5623,UNRECOGNIZED,0.2536,0.35,TN,CORRECTLY_REJECTED_UNKNOWN
5713,Real Images,003050.jpg,3050,3050,1,0.35,TP,CORRECT_MATCH
5714,New_Images,009056.jpg,9056,UNRECOGNIZED,0.2119,0.35,TN,CORRECTLY_REJECTED_UNKNOWN
5715,Real Images,001624.jpg,1624,1624,1,0.35,TP,CORRECT_MATCH
5716,New_Images,005783.jpg,5783,UNRECOGNIZED,0.2458,0.35,TN,CORRECTLY_REJECTED_UNKNOWN
5717,Real Images,001821.jpg,1821,1821,1,0.35,TP,CORRECT_MATCH
5718,New_Images,007158.jpg,7158,UNRECOGNIZED,0.2446,0.35,TN,CORRECTLY_REJECTED_UNKNOWN
5719,New_Images,006796.jpg,6796,NO_FACE_DETECTED,0,0.35,TN,No Face Detected by SCRFD
5720,New_Images,009556.jpg,9556,NO_FACE_DETECTED,0,0.35,TN,No Face Detected by SCRFD
5721,New_Images,007255.jpg,7255,NO_FACE_DETECTED,0,0.35,TN,No Face Detected by SCRFD
5722,Real Images,000835.jpg,835,835,1,0.35,TP,CORRECT_MATCH
5723,New_Images,006393.jpg,6393,NO_FACE_DETECTED,0,0.35,TN,No Face Detected by SCRFD
5724,Real Images,000776.jpg,776,776,1,0.35,TP,CORRECT_MATCH
5725,Real Images,002047.jpg,2047,2047,1,0.35,TP,CORRECT_MATCH
5726,New_Images,006522.jpg,6522,UNRECOGNIZED,0.2442,0.35,TN,CORRECTLY_REJECTED_UNKNOWN
5727,New_Images,009572.jpg,9572,UNRECOGNIZED,0.2963,0.35,TN,CORRECTLY_REJECTED_UNKNOWN
5728,Real Images,003705.jpg,3705,3705,1,0.35,TP,CORRECT_MATCH
5729,Real Images,003313.jpg,3313,3313,1,0.35,TP,CORRECT_MATCH
5730,Real Images,000255.jpg,255,255,1,0.35,TP,CORRECT_MATCH
5731,New_Images,009622.jpg,9622,UNRECOGNIZED,0.2543,0.35,TN,CORRECTLY_REJECTED_UNKNOWN
5732,New_Images,008440.jpg,8440,UNRECOGNIZED,0.3468,0.35,TN,CORRECTLY_REJECTED_UNKNOWN
5733,Real Images,002449.jpg,2449,2449,1,0.35,TP,CORRECT_MATCH
5734,New_Images,006065.jpg,6065,NO_FACE_DETECTED,0,0.35,TN,No Face Detected by SCRFD
5735,Real Images,000402.jpg,402,402,1,0.35,TP,CORRECT_MATCH
5736,Real Images,004207.jpg,4207,4207,1,0.35,TP,CORRECT_MATCH
5737,New_Images,008256.jpg,8256,NO_FACE_DETECTED,0,0.35,TN,No Face Detected by SCRFD
5738,New_Images,006667.jpg,6667,UNRECOGNIZED,0.2479,0.35,TN,CORRECTLY_REJECTED_UNKNOWN
5739,New_Images,005867.jpg,5867,UNRECOGNIZED,0.27,0.35,TN,CORRECTLY_REJECTED_UNKNOWN
5740,New_Images,006101.jpg,6101,UNRECOGNIZED,0.2482,0.35,TN,CORRECTLY_REJECTED_UNKNOWN
5741,New_Images,008287.jpg,8287,UNRECOGNIZED,0.2728,0.35,TN,CORRECTLY_REJECTED_UNKNOWN
5742,Real Images,002686.jpg,2686,2686,1,0.35,TP,CORRECT_MATCH
5743,Real Images,001762.jpg,1762,1762,1,0.35,TP,CORRECT_MATCH
5744,Real Images,000331.jpg,331,331,1,0.35,TP,CORRECT_MATCH
5745,Real Images,004943.jpg,4943,4943,1,0.35,TP,CORRECT_MATCH
5746,New_Images,005709.jpg,5709,UNRECOGNIZED,0.2853,0.35,TN,CORRECTLY_REJECTED_UNKNOWN
5747,New_Images,008713.jpg,8713,UNRECOGNIZED,0.2783,0.35,TN,CORRECTLY_REJECTED_UNKNOWN
5748,New_Images,007204.jpg,7204,UNRECOGNIZED,0.2445,0.35,TN,CORRECTLY_REJECTED_UNKNOWN
5749,New_Images,009586.jpg,9586,UNRECOGNIZED,0.2857,0.35,TN,CORRECTLY_REJECTED_UNKNOWN
5750,Real Images,000741.jpg,741,741,1,0.35,TP,CORRECT_MATCH
5751,New_Images,008439.jpg,8439,UNRECOGNIZED,0.2297,0.35,TN,CORRECTLY_REJECTED_UNKNOWN
5752,New_Images,009324.jpg,9324,UNRECOGNIZED,0.2495,0.35,TN,CORRECTLY_REJECTED_UNKNOWN
5753,Real Images,003796.jpg,3796,3796,1,0.35,TP,CORRECT_MATCH
5754,New_Images,006635.jpg,6635,UNRECOGNIZED,0.2678,0.35,TN,CORRECTLY_REJECTED_UNKNOWN
5755,New_Images,006179.jpg,6179,UNRECOGNIZED,0.2033,0.35,TN,CORRECTLY_REJECTED_UNKNOWN
5756,Real Images,001701.jpg,1701,1701,1,0.35,TP,CORRECT_MATCH
5757,Real Images,002936.jpg,2936,2936,1,0.35,TP,CORRECT_MATCH
5758,Real Images,004391.jpg,4391,4391,1,0.35,TP,CORRECT_MATCH
5759,Real Images,000990.jpg,990,990,1,0.35,TP,CORRECT_MATCH
5760,Real Images,003331.jpg,3331,3331,1,0.35,TP,CORRECT_MATCH
5761,Real Images,002573.jpg,2573,2573,1,0.35,TP,CORRECT_MATCH
5762,New_Images,009185.jpg,9185,NO_FACE_DETECTED,0,0.35,TN,No Face Detected by SCRFD
5763,New_Images,006379.jpg,6379,NO_FACE_DETECTED,0,0.35,TN,No Face Detected by SCRFD
5764,New_Images,006403.jpg,6403,UNRECOGNIZED,0.2521,0.35,TN,CORRECTLY_REJECTED_UNKNOWN
5765,Real Images,000866.jpg,866,866,1,0.35,TP,CORRECT_MATCH
5766,Real Images,001274.jpg,1274,1274,1,0.35,TP,CORRECT_MATCH
5767,Real Images,000893.jpg,893,893,1,0.35,TP,CORRECT_MATCH
5768,Real Images,004790.jpg,4790,4790,1,0.35,TP,CORRECT_MATCH
5769,New_Images,006555.jpg,6555,NO_FACE_DETECTED,0,0.35,TN,No Face Detected by SCRFD
5770,Real Images,001661.jpg,1661,1661,1,0.35,TP,CORRECT_MATCH
5771,Real Images,000612.jpg,612,612,1,0.35,TP,CORRECT_MATCH
5772,Real Images,001914.jpg,1914,1914,1,0.35,TP,CORRECT_MATCH
5773,Real Images,002228.jpg,2228,2228,1,0.35,TP,CORRECT_MATCH
5774,Real Images,003709.jpg,3709,3709,1,0.35,TP,CORRECT_MATCH
5775,Real Images,002606.jpg,2606,2606,1,0.35,TP,CORRECT_MATCH
5776,Real Images,002673.jpg,2673,2673,1,0.35,TP,CORRECT_MATCH
5777,New_Images,005741.jpg,5741,NO_FACE_DETECTED,0,0.35,TN,No Face Detected by SCRFD
5778,New_Images,008443.jpg,8443,NO_FACE_DETECTED,0,0.35,TN,No Face Detected by SCRFD
5779,Real Images,002581.jpg,2581,2581,1,0.35,TP,CORRECT_MATCH
5780,Real Images,002139.jpg,2139,2139,1,0.35,TP,CORRECT_MATCH
5781,Real Images,002390.jpg,2390,2390,1,0.35,TP,CORRECT_MATCH
5782,New_Images,007789.jpg,7789,NO_FACE_DETECTED,0,0.35,TN,No Face Detected by SCRFD
5783,New_Images,008890.jpg,8890,UNRECOGNIZED,0.2177,0.35,TN,CORRECTLY_REJECTED_UNKNOWN
5784,New_Images,005427.jpg,5427,UNRECOGNIZED,0.2599,0.35,TN,CORRECTLY_REJECTED_UNKNOWN
5785,New_Images,007905.jpg,7905,NO_FACE_DETECTED,0,0.35,TN,No Face Detected by SCRFD
5786,New_Images,007432.jpg,7432,UNRECOGNIZED,0.2891,0.35,TN,CORRECTLY_REJECTED_UNKNOWN
5787,New_Images,007251.jpg,7251,UNRECOGNIZED,0.3096,0.35,TN,CORRECTLY_REJECTED_UNKNOWN
5788,New_Images,007705.jpg,7705,UNRECOGNIZED,0.2257,0.35,TN,CORRECTLY_REJECTED_UNKNOWN
5789,Real Images,000614.jpg,614,614,1,0.35,TP,CORRECT_MATCH
5790,Real Images,003231.jpg,3231,3231,1,0.35,TP,CORRECT_MATCH
5791,New_Images,005221.jpg,5221,NO_FACE_DETECTED,0,0.35,TN,No Face Detected by SCRFD
5792,Real Images,001094.jpg,1094,1094,1,0.35,TP,CORRECT_MATCH
5793,New_Images,009148.jpg,9148,NO_FACE_DETECTED,0,0.35,TN,No Face Detected by SCRFD
5794,Real Images,000783.jpg,783,783,1,0.35,TP,CORRECT_MATCH
5795,Real Images,004758.jpg,4758,4758,1,0.35,TP,CORRECT_MATCH
5796,Real Images,000696.jpg,696,696,1,0.35,TP,CORRECT_MATCH
5797,New_Images,006161.jpg,6161,UNRECOGNIZED,0.2125,0.35,TN,CORRECTLY_REJECTED_UNKNOWN
5798,Real Images,003052.jpg,3052,3052,1,0.35,TP,CORRECT_MATCH
5799,New_Images,005742.jpg,5742,NO_FACE_DETECTED,0,0.35,TN,No Face Detected by SCRFD
5800,Real Images,003384.jpg,3384,3384,1,0.35,TP,CORRECT_MATCH
5801,Real Images,004258.jpg,4258,4258,1,0.35,TP,CORRECT_MATCH
5802,Real Images,001897.jpg,1897,1897,1,0.35,TP,CORRECT_MATCH
5803,New_Images,008631.jpg,8631,NO_FACE_DETECTED,0,0.35,TN,No Face Detected by SCRFD
5804,New_Images,006176.jpg,6176,UNRECOGNIZED,0.2467,0.35,TN,CORRECTLY_REJECTED_UNKNOWN
5805,Real Images,002293.jpg,2293,2293,1,0.35,TP,CORRECT_MATCH
5806,New_Images,008849.jpg,8849,NO_FACE_DETECTED,0,0.35,TN,No Face Detected by SCRFD
5807,New_Images,007657.jpg,7657,UNRECOGNIZED,0.2632,0.35,TN,CORRECTLY_REJECTED_UNKNOWN
5808,Real Images,004031.jpg,4031,4031,1,0.35,TP,CORRECT_MATCH
5809,New_Images,008079.jpg,8079,UNRECOGNIZED,0.2529,0.35,TN,CORRECTLY_REJECTED_UNKNOWN
5810,Real Images,001952.jpg,1952,1952,1,0.35,TP,CORRECT_MATCH
5811,Real Images,004341.jpg,4341,4341,1,0.35,TP,CORRECT_MATCH
5812,New_Images,008902.jpg,8902,UNRECOGNIZED,0.2251,0.35,TN,CORRECTLY_REJECTED_UNKNOWN
5813,Real Images,000852.jpg,852,852,1,0.35,TP,CORRECT_MATCH
5814,Real Images,002520.jpg,2520,2520,1,0.35,TP,CORRECT_MATCH
5815,Real Images,003083.jpg,3083,3083,1,0.35,TP,CORRECT_MATCH
5816,New_Images,006386.jpg,6386,UNRECOGNIZED,0.2898,0.35,TN,CORRECTLY_REJECTED_UNKNOWN
5817,Real Images,000012.jpg,12,12,1,0.35,TP,CORRECT_MATCH
5818,New_Images,005911.jpg,5911,UNRECOGNIZED,0.268,0.35,TN,CORRECTLY_REJECTED_UNKNOWN
5819,New_Images,007310.jpg,7310,NO_FACE_DETECTED,0,0.35,TN,No Face Detected by SCRFD
5820,New_Images,009210.jpg,9210,NO_FACE_DETECTED,0,0.35,TN,No Face Detected by SCRFD
5821,New_Images,005210.jpg,5210,NO_FACE_DETECTED,0,0.35,TN,No Face Detected by SCRFD
5822,New_Images,007364.jpg,7364,NO_FACE_DETECTED,0,0.35,TN,No Face Detected by SCRFD
5823,Real Images,004437.jpg,4437,4437,1,0.35,TP,CORRECT_MATCH
5824,Real Images,001909.jpg,1909,1909,1,0.35,TP,CORRECT_MATCH
5825,Real Images,000196.jpg,196,196,1,0.35,TP,CORRECT_MATCH
5826,Real Images,003360.jpg,3360,3360,1,0.35,TP,CORRECT_MATCH
5827,New_Images,006822.jpg,6822,UNRECOGNIZED,0.2883,0.35,TN,CORRECTLY_REJECTED_UNKNOWN
5828,New_Images,008594.jpg,8594,UNRECOGNIZED,0.2614,0.35,TN,CORRECTLY_REJECTED_UNKNOWN
5829,Real Images,002009.jpg,2009,2009,1,0.35,TP,CORRECT_MATCH
5830,New_Images,006835.jpg,6835,NO_FACE_DETECTED,0,0.35,TN,No Face Detected by SCRFD
5831,Real Images,001601.jpg,1601,1601,1,0.35,TP,CORRECT_MATCH
5832,Real Images,004042.jpg,4042,4042,1,0.35,TP,CORRECT_MATCH
5833,New_Images,008633.jpg,8633,UNRECOGNIZED,0.245,0.35,TN,CORRECTLY_REJECTED_UNKNOWN
5834,Real Images,003017.jpg,3017,3017,1,0.35,TP,CORRECT_MATCH
5835,Real Images,003801.jpg,3801,3801,1,0.35,TP,CORRECT_MATCH
5836,New_Images,006910.jpg,6910,NO_FACE_DETECTED,0,0.35,TN,No Face Detected by SCRFD
5837,New_Images,005102.jpg,5102,NO_FACE_DETECTED,0,0.35,TN,No Face Detected by SCRFD
5838,Real Images,002490.jpg,2490,2490,1,0.35,TP,CORRECT_MATCH
5839,Real Images,004619.jpg,4619,4619,1,0.35,TP,CORRECT_MATCH
5840,Real Images,002389.jpg,2389,2389,1,0.35,TP,CORRECT_MATCH
5841,Real Images,001644.jpg,1644,1644,1,0.35,TP,CORRECT_MATCH
5842,New_Images,007782.jpg,7782,UNRECOGNIZED,0.269,0.35,TN,CORRECTLY_REJECTED_UNKNOWN
5843,Real Images,000066.jpg,66,66,1,0.35,TP,CORRECT_MATCH
5844,Real Images,003742.jpg,3742,3742,1,0.35,TP,CORRECT_MATCH
5845,New_Images,006666.jpg,6666,UNRECOGNIZED,0.2296,0.35,TN,CORRECTLY_REJECTED_UNKNOWN
5846,Real Images,000708.jpg,708,708,1,0.35,TP,CORRECT_MATCH
5847,New_Images,006167.jpg,6167,UNRECOGNIZED,0.2852,0.35,TN,CORRECTLY_REJECTED_UNKNOWN
5848,Real Images,002546.jpg,2546,2546,1,0.35,TP,CORRECT_MATCH
5849,Real Images,002313.jpg,2313,2313,1,0.35,TP,CORRECT_MATCH
5850,Real Images,003811.jpg,3811,3811,1,0.35,TP,CORRECT_MATCH
5851,Real Images,000565.jpg,565,565,1,0.35,TP,CORRECT_MATCH
5852,Real Images,003285.jpg,3285,3285,1,0.35,TP,CORRECT_MATCH
5853,New_Images,007918.jpg,7918,NO_FACE_DETECTED,0,0.35,TN,No Face Detected by SCRFD
5854,Real Images,004226.jpg,4226,4226,1,0.35,TP,CORRECT_MATCH
5855,Real Images,001829.jpg,1829,1829,1,0.35,TP,CORRECT_MATCH
5856,New_Images,006717.jpg,6717,UNRECOGNIZED,0.2642,0.35,TN,CORRECTLY_REJECTED_UNKNOWN
5857,Real Images,000432.jpg,432,432,1,0.35,TP,CORRECT_MATCH
5858,New_Images,005516.jpg,5516,UNRECOGNIZED,0.213,0.35,TN,CORRECTLY_REJECTED_UNKNOWN
5859,New_Images,008132.jpg,8132,NO_FACE_DETECTED,0,0.35,TN,No Face Detected by SCRFD
5860,New_Images,005930.jpg,5930,UNRECOGNIZED,0.3016,0.35,TN,CORRECTLY_REJECTED_UNKNOWN
5861,Real Images,003055.jpg,3055,3055,1,0.35,TP,CORRECT_MATCH
5862,Real Images,004683.jpg,4683,4683,1,0.35,TP,CORRECT_MATCH
5863,New_Images,006095.jpg,6095,UNRECOGNIZED,0.1907,0.35,TN,CORRECTLY_REJECTED_UNKNOWN
5864,New_Images,008560.jpg,8560,NO_FACE_DETECTED,0,0.35,TN,No Face Detected by SCRFD
5865,Real Images,002621.jpg,2621,2621,1,0.35,TP,CORRECT_MATCH
5866,Real Images,003410.jpg,3410,3410,1,0.35,TP,CORRECT_MATCH
5867,New_Images,006477.jpg,6477,NO_FACE_DETECTED,0,0.35,TN,No Face Detected by SCRFD
5868,Real Images,002637.jpg,2637,2637,1,0.35,TP,CORRECT_MATCH
5869,New_Images,008126.jpg,8126,UNRECOGNIZED,0.2864,0.35,TN,CORRECTLY_REJECTED_UNKNOWN
5870,Real Images,003436.jpg,3436,3436,1,0.35,TP,CORRECT_MATCH
5871,New_Images,007962.jpg,7962,UNRECOGNIZED,0.233,0.35,TN,CORRECTLY_REJECTED_UNKNOWN
5872,New_Images,005850.jpg,5850,NO_FACE_DETECTED,0,0.35,TN,No Face Detected by SCRFD
5873,Real Images,004530.jpg,4530,4530,1,0.35,TP,CORRECT_MATCH
5874,Real Images,000290.jpg,290,290,1,0.35,TP,CORRECT_MATCH
5875,Real Images,001467.jpg,1467,1467,1,0.35,TP,CORRECT_MATCH
5876,New_Images,008861.jpg,8861,NO_FACE_DETECTED,0,0.35,TN,No Face Detected by SCRFD
5877,Real Images,003138.jpg,3138,3138,1,0.35,TP,CORRECT_MATCH
5878,Real Images,002982.jpg,2982,2982,1,0.35,TP,CORRECT_MATCH
5879,Real Images,003865.jpg,3865,3865,1,0.35,TP,CORRECT_MATCH
5880,New_Images,006137.jpg,6137,UNRECOGNIZED,0.2374,0.35,TN,CORRECTLY_REJECTED_UNKNOWN
5881,Real Images,002004.jpg,2004,2004,1,0.35,TP,CORRECT_MATCH
5882,New_Images,008408.jpg,8408,UNRECOGNIZED,0.2776,0.35,TN,CORRECTLY_REJECTED_UNKNOWN
5883,Real Images,000361.jpg,361,361,1,0.35,TP,CORRECT_MATCH
5884,Real Images,000022.jpg,22,22,1,0.35,TP,CORRECT_MATCH
5885,Real Images,004169.jpg,4169,4169,1,0.35,TP,CORRECT_MATCH
5886,Real Images,001872.jpg,1872,1872,1,0.35,TP,CORRECT_MATCH
5887,Real Images,000945.jpg,945,945,1,0.35,TP,CORRECT_MATCH
5888,New_Images,005523.jpg,5523,NO_FACE_DETECTED,0,0.35,TN,No Face Detected by SCRFD
5889,New_Images,007859.jpg,7859,NO_FACE_DETECTED,0,0.35,TN,No Face Detected by SCRFD
5890,New_Images,008433.jpg,8433,UNRECOGNIZED,0.2784,0.35,TN,CORRECTLY_REJECTED_UNKNOWN
5891,Real Images,002090.jpg,2090,2090,1,0.35,TP,CORRECT_MATCH
5892,New_Images,008323.jpg,8323,NO_FACE_DETECTED,0,0.35,TN,No Face Detected by SCRFD
5893,Real Images,003013.jpg,3013,3013,1,0.35,TP,CORRECT_MATCH
5894,New_Images,006793.jpg,6793,UNRECOGNIZED,0.2627,0.35,TN,CORRECTLY_REJECTED_UNKNOWN
5895,New_Images,006728.jpg,6728,UNRECOGNIZED,0.2571,0.35,TN,CORRECTLY_REJECTED_UNKNOWN
5896,New_Images,008021.jpg,8021,UNRECOGNIZED,0.2644,0.35,TN,CORRECTLY_REJECTED_UNKNOWN
5897,Real Images,000455.jpg,455,455,1,0.35,TP,CORRECT_MATCH
5898,New_Images,008665.jpg,8665,UNRECOGNIZED,0.2401,0.35,TN,CORRECTLY_REJECTED_UNKNOWN
5899,New_Images,006264.jpg,6264,UNRECOGNIZED,0.2519,0.35,TN,CORRECTLY_REJECTED_UNKNOWN
5900,New_Images,009237.jpg,9237,UNRECOGNIZED,0.3022,0.35,TN,CORRECTLY_REJECTED_UNKNOWN
5901,New_Images,007946.jpg,7946,NO_FACE_DETECTED,0,0.35,TN,No Face Detected by SCRFD
5902,Real Images,000632.jpg,632,632,1,0.35,TP,CORRECT_MATCH
5903,New_Images,005141.jpg,5141,UNRECOGNIZED,0.2385,0.35,TN,CORRECTLY_REJECTED_UNKNOWN
5904,Real Images,004724.jpg,4724,4724,1,0.35,TP,CORRECT_MATCH
5905,New_Images,005836.jpg,5836,UNRECOGNIZED,0.2952,0.35,TN,CORRECTLY_REJECTED_UNKNOWN
5906,Real Images,002155.jpg,2155,2155,1,0.35,TP,CORRECT_MATCH
5907,Real Images,000524.jpg,524,524,1,0.35,TP,CORRECT_MATCH
5908,New_Images,009286.jpg,9286,UNRECOGNIZED,0.2829,0.35,TN,CORRECTLY_REJECTED_UNKNOWN
5909,Real Images,002229.jpg,2229,2229,1,0.35,TP,CORRECT_MATCH
5910,New_Images,006037.jpg,6037,UNRECOGNIZED,0.2436,0.35,TN,CORRECTLY_REJECTED_UNKNOWN
5911,New_Images,007279.jpg,7279,UNRECOGNIZED,0.316,0.35,TN,CORRECTLY_REJECTED_UNKNOWN
5912,Real Images,000241.jpg,241,241,1,0.35,TP,CORRECT_MATCH
5913,Real Images,000968.jpg,968,968,1,0.35,TP,CORRECT_MATCH
5914,New_Images,008205.jpg,8205,UNRECOGNIZED,0.2957,0.35,TN,CORRECTLY_REJECTED_UNKNOWN
5915,New_Images,006197.jpg,6197,UNRECOGNIZED,0.2253,0.35,TN,CORRECTLY_REJECTED_UNKNOWN
5916,New_Images,006114.jpg,6114,UNRECOGNIZED,0.2941,0.35,TN,CORRECTLY_REJECTED_UNKNOWN
5917,Real Images,001368.jpg,1368,1368,1,0.35,TP,CORRECT_MATCH
5918,Real Images,002124.jpg,2124,2124,1,0.35,TP,CORRECT_MATCH
5919,New_Images,005905.jpg,5905,NO_FACE_DETECTED,0,0.35,TN,No Face Detected by SCRFD
5920,Real Images,004238.jpg,4238,4238,1,0.35,TP,CORRECT_MATCH
5921,Real Images,004285.jpg,4285,4285,1,0.35,TP,CORRECT_MATCH
5922,Real Images,002841.jpg,2841,2841,1,0.35,TP,CORRECT_MATCH
5923,New_Images,008881.jpg,8881,NO_FACE_DETECTED,0,0.35,TN,No Face Detected by SCRFD
5924,Real Images,001343.jpg,1343,1343,1,0.35,TP,CORRECT_MATCH
5925,Real Images,000093.jpg,93,93,1,0.35,TP,CORRECT_MATCH
5926,New_Images,006196.jpg,6196,UNRECOGNIZED,0.2436,0.35,TN,CORRECTLY_REJECTED_UNKNOWN
5927,New_Images,007350.jpg,7350,UNRECOGNIZED,0.2356,0.35,TN,CORRECTLY_REJECTED_UNKNOWN
5928,New_Images,005800.jpg,5800,UNRECOGNIZED,0.2598,0.35,TN,CORRECTLY_REJECTED_UNKNOWN
5929,Real Images,000104.jpg,104,104,1,0.35,TP,CORRECT_MATCH
5930,Real Images,000979.jpg,979,979,1,0.35,TP,CORRECT_MATCH
5931,Real Images,001439.jpg,1439,1439,1,0.35,TP,CORRECT_MATCH
5932,New_Images,005391.jpg,5391,NO_FACE_DETECTED,0,0.35,TN,No Face Detected by SCRFD
5933,New_Images,009495.jpg,9495,UNRECOGNIZED,0.2343,0.35,TN,CORRECTLY_REJECTED_UNKNOWN
5934,New_Images,007865.jpg,7865,UNRECOGNIZED,0.2625,0.35,TN,CORRECTLY_REJECTED_UNKNOWN
5935,Real Images,000451.jpg,451,451,1,0.35,TP,CORRECT_MATCH
5936,New_Images,008090.jpg,8090,UNRECOGNIZED,0.2624,0.35,TN,CORRECTLY_REJECTED_UNKNOWN
5937,New_Images,005016.jpg,5016,NO_FACE_DETECTED,0,0.35,TN,No Face Detected by SCRFD
5938,New_Images,007134.jpg,7134,NO_FACE_DETECTED,0,0.35,TN,No Face Detected by SCRFD
5939,New_Images,006431.jpg,6431,NO_FACE_DETECTED,0,0.35,TN,No Face Detected by SCRFD
5940,New_Images,008547.jpg,8547,UNRECOGNIZED,0.2493,0.35,TN,CORRECTLY_REJECTED_UNKNOWN
5941,New_Images,007775.jpg,7775,UNRECOGNIZED,0.2922,0.35,TN,CORRECTLY_REJECTED_UNKNOWN
5942,New_Images,008437.jpg,8437,UNRECOGNIZED,0.2345,0.35,TN,CORRECTLY_REJECTED_UNKNOWN
5943,New_Images,008414.jpg,8414,NO_FACE_DETECTED,0,0.35,TN,No Face Detected by SCRFD
5944,New_Images,006331.jpg,6331,UNRECOGNIZED,0.2836,0.35,TN,CORRECTLY_REJECTED_UNKNOWN
5945,New_Images,008146.jpg,8146,UNRECOGNIZED,0.2452,0.35,TN,CORRECTLY_REJECTED_UNKNOWN
5946,New_Images,005724.jpg,5724,UNRECOGNIZED,0.2314,0.35,TN,CORRECTLY_REJECTED_UNKNOWN
5947,New_Images,007979.jpg,7979,NO_FACE_DETECTED,0,0.35,TN,No Face Detected by SCRFD
5948,Real Images,000542.jpg,542,542,1,0.35,TP,CORRECT_MATCH
5949,New_Images,005269.jpg,5269,NO_FACE_DETECTED,0,0.35,TN,No Face Detected by SCRFD
5950,New_Images,005580.jpg,5580,UNRECOGNIZED,0.3024,0.35,TN,CORRECTLY_REJECTED_UNKNOWN
5951,New_Images,006755.jpg,6755,NO_FACE_DETECTED,0,0.35,TN,No Face Detected by SCRFD
5952,New_Images,005197.jpg,5197,UNRECOGNIZED,0.2283,0.35,TN,CORRECTLY_REJECTED_UNKNOWN
5953,Real Images,004805.jpg,4805,4805,1,0.35,TP,CORRECT_MATCH
5954,Real Images,003201.jpg,3201,3201,1,0.35,TP,CORRECT_MATCH
5955,Real Images,002677.jpg,2677,2677,1,0.35,TP,CORRECT_MATCH
5956,Real Images,004395.jpg,4395,4395,1,0.35,TP,CORRECT_MATCH
5957,Real Images,001273.jpg,1273,1273,1,0.35,TP,CORRECT_MATCH
5958,New_Images,006881.jpg,6881,NO_FACE_DETECTED,0,0.35,TN,No Face Detected by SCRFD
5959,Real Images,004189.jpg,4189,4189,1,0.35,TP,CORRECT_MATCH
5960,New_Images,006767.jpg,6767,UNRECOGNIZED,0.2817,0.35,TN,CORRECTLY_REJECTED_UNKNOWN
5961,New_Images,008217.jpg,8217,UNRECOGNIZED,0.3375,0.35,TN,CORRECTLY_REJECTED_UNKNOWN
5962,Real Images,000685.jpg,685,685,1,0.35,TP,CORRECT_MATCH
5963,Real Images,002274.jpg,2274,2274,1,0.35,TP,CORRECT_MATCH
5964,Real Images,001251.jpg,1251,1251,1,0.35,TP,CORRECT_MATCH
5965,New_Images,006049.jpg,6049,UNRECOGNIZED,0.2376,0.35,TN,CORRECTLY_REJECTED_UNKNOWN
5966,New_Images,006272.jpg,6272,UNRECOGNIZED,0.2806,0.35,TN,CORRECTLY_REJECTED_UNKNOWN
5967,Real Images,004396.jpg,4396,4396,1,0.35,TP,CORRECT_MATCH
5968,New_Images,005248.jpg,5248,UNRECOGNIZED,0.2482,0.35,TN,CORRECTLY_REJECTED_UNKNOWN
5969,New_Images,006115.jpg,6115,UNRECOGNIZED,0.2305,0.35,TN,CORRECTLY_REJECTED_UNKNOWN
5970,New_Images,007027.jpg,7027,UNRECOGNIZED,0.2192,0.35,TN,CORRECTLY_REJECTED_UNKNOWN
5971,New_Images,005750.jpg,5750,UNRECOGNIZED,0.2224,0.35,TN,CORRECTLY_REJECTED_UNKNOWN
5972,Real Images,003470.jpg,3470,3470,1,0.35,TP,CORRECT_MATCH
5973,New_Images,007131.jpg,7131,UNRECOGNIZED,0.2164,0.35,TN,CORRECTLY_REJECTED_UNKNOWN
5974,Real Images,004105.jpg,4105,4105,1,0.35,TP,CORRECT_MATCH
5975,New_Images,005838.jpg,5838,UNRECOGNIZED,0.2539,0.35,TN,CORRECTLY_REJECTED_UNKNOWN
5976,New_Images,005150.jpg,5150,UNRECOGNIZED,0.258,0.35,TN,CORRECTLY_REJECTED_UNKNOWN
5977,Real Images,002347.jpg,2347,2347,1,0.35,TP,CORRECT_MATCH
5978,New_Images,006491.jpg,6491,UNRECOGNIZED,0.2501,0.35,TN,CORRECTLY_REJECTED_UNKNOWN
5979,New_Images,007855.jpg,7855,UNRECOGNIZED,0.2894,0.35,TN,CORRECTLY_REJECTED_UNKNOWN
5980,New_Images,008108.jpg,8108,NO_FACE_DETECTED,0,0.35,TN,No Face Detected by SCRFD
5981,Real Images,000327.jpg,327,327,1,0.35,TP,CORRECT_MATCH
5982,Real Images,001768.jpg,1768,1768,1,0.35,TP,CORRECT_MATCH
5983,New_Images,008211.jpg,8211,UNRECOGNIZED,0.3127,0.35,TN,CORRECTLY_REJECTED_UNKNOWN
5984,Real Images,000113.jpg,113,113,1,0.35,TP,CORRECT_MATCH
5985,New_Images,008024.jpg,8024,UNRECOGNIZED,0.3264,0.35,TN,CORRECTLY_REJECTED_UNKNOWN
5986,Real Images,004812.jpg,4812,4812,1,0.35,TP,CORRECT_MATCH
5987,New_Images,007494.jpg,7494,NO_FACE_DETECTED,0,0.35,TN,No Face Detected by SCRFD
5988,New_Images,007659.jpg,7659,UNRECOGNIZED,0.2585,0.35,TN,CORRECTLY_REJECTED_UNKNOWN
5989,Real Images,003859.jpg,3859,3859,1,0.35,TP,CORRECT_MATCH
5990,Real Images,001416.jpg,1416,1416,1,0.35,TP,CORRECT_MATCH
5991,New_Images,005595.jpg,5595,UNRECOGNIZED,0.2283,0.35,TN,CORRECTLY_REJECTED_UNKNOWN
5992,New_Images,006251.jpg,6251,UNRECOGNIZED,0.2571,0.35,TN,CORRECTLY_REJECTED_UNKNOWN
5993,Real Images,002994.jpg,2994,2994,1,0.35,TP,CORRECT_MATCH
5994,Real Images,003448.jpg,3448,3448,1,0.35,TP,CORRECT_MATCH
5995,Real Images,004657.jpg,4657,4657,1,0.35,TP,CORRECT_MATCH
5996,Real Images,003169.jpg,3169,3169,1,0.35,TP,CORRECT_MATCH
5997,Real Images,001082.jpg,1082,1082,1,0.35,TP,CORRECT_MATCH
5998,Real Images,002593.jpg,2593,2593,1,0.35,TP,CORRECT_MATCH
5999,New_Images,006579.jpg,6579,UNRECOGNIZED,0.2714,0.35,TN,CORRECTLY_REJECTED_UNKNOWN
6000,Real Images,000099.jpg,99,99,1,0.35,TP,CORRECT_MATCH
6001,Real Images,004328.jpg,4328,4328,1,0.35,TP,CORRECT_MATCH
6002,Real Images,000582.jpg,582,582,1,0.35,TP,CORRECT_MATCH
6003,New_Images,007037.jpg,7037,UNRECOGNIZED,0.2423,0.35,TN,CORRECTLY_REJECTED_UNKNOWN
6004,New_Images,008047.jpg,8047,UNRECOGNIZED,0.2151,0.35,TN,CORRECTLY_REJECTED_UNKNOWN
6005,New_Images,009402.jpg,9402,NO_FACE_DETECTED,0,0.35,TN,No Face Detected by SCRFD
6006,New_Images,006777.jpg,6777,UNRECOGNIZED,0.265,0.35,TN,CORRECTLY_REJECTED_UNKNOWN
6007,Real Images,000924.jpg,924,924,1,0.35,TP,CORRECT_MATCH
6008,Real Images,003162.jpg,3162,3162,1,0.35,TP,CORRECT_MATCH
6009,New_Images,007744.jpg,7744,NO_FACE_DETECTED,0,0.35,TN,No Face Detected by SCRFD
6010,New_Images,006904.jpg,6904,UNRECOGNIZED,0.2482,0.35,TN,CORRECTLY_REJECTED_UNKNOWN
6011,Real Images,000448.jpg,448,448,1,0.35,TP,CORRECT_MATCH
6012,New_Images,005294.jpg,5294,NO_FACE_DETECTED,0,0.35,TN,No Face Detected by SCRFD
6013,New_Images,008984.jpg,8984,UNRECOGNIZED,0.2589,0.35,TN,CORRECTLY_REJECTED_UNKNOWN
6014,Real Images,003210.jpg,3210,3210,1,0.35,TP,CORRECT_MATCH
6015,New_Images,009425.jpg,9425,NO_FACE_DETECTED,0,0.35,TN,No Face Detected by SCRFD
6016,Real Images,004175.jpg,4175,4175,1,0.35,TP,CORRECT_MATCH
6017,Real Images,004972.jpg,4972,4972,1,0.35,TP,CORRECT_MATCH
6018,New_Images,007845.jpg,7845,NO_FACE_DETECTED,0,0.35,TN,No Face Detected by SCRFD
6019,Real Images,001684.jpg,1684,1684,1,0.35,TP,CORRECT_MATCH
6020,New_Images,008269.jpg,8269,UNRECOGNIZED,0.241,0.35,TN,CORRECTLY_REJECTED_UNKNOWN
6021,New_Images,005394.jpg,5394,UNRECOGNIZED,0.2194,0.35,TN,CORRECTLY_REJECTED_UNKNOWN
6022,Real Images,000220.jpg,220,220,1,0.35,TP,CORRECT_MATCH
6023,New_Images,006441.jpg,6441,UNRECOGNIZED,0.2401,0.35,TN,CORRECTLY_REJECTED_UNKNOWN
6024,Real Images,002335.jpg,2335,2335,1,0.35,TP,CORRECT_MATCH
6025,New_Images,007885.jpg,7885,UNRECOGNIZED,0.241,0.35,TN,CORRECTLY_REJECTED_UNKNOWN
6026,New_Images,007463.jpg,7463,NO_FACE_DETECTED,0,0.35,TN,No Face Detected by SCRFD
6027,New_Images,009337.jpg,9337,NO_FACE_DETECTED,0,0.35,TN,No Face Detected by SCRFD
6028,Real Images,004924.jpg,4924,4924,1,0.35,TP,CORRECT_MATCH
6029,New_Images,009291.jpg,9291,UNRECOGNIZED,0.2214,0.35,TN,CORRECTLY_REJECTED_UNKNOWN
6030,New_Images,007573.jpg,7573,UNRECOGNIZED,0.2875,0.35,TN,CORRECTLY_REJECTED_UNKNOWN
6031,Real Images,000691.jpg,691,691,1,0.35,TP,CORRECT_MATCH
6032,New_Images,009203.jpg,9203,NO_FACE_DETECTED,0,0.35,TN,No Face Detected by SCRFD
6033,Real Images,002269.jpg,2269,2269,1,0.35,TP,CORRECT_MATCH
6034,Real Images,002030.jpg,2030,2030,1,0.35,TP,CORRECT_MATCH
6035,New_Images,008112.jpg,8112,UNRECOGNIZED,0.2778,0.35,TN,CORRECTLY_REJECTED_UNKNOWN
6036,New_Images,006716.jpg,6716,UNRECOGNIZED,0.2404,0.35,TN,CORRECTLY_REJECTED_UNKNOWN
6037,Real Images,003518.jpg,3518,3518,1,0.35,TP,CORRECT_MATCH
6038,New_Images,007913.jpg,7913,NO_FACE_DETECTED,0,0.35,TN,No Face Detected by SCRFD
6039,New_Images,006294.jpg,6294,UNRECOGNIZED,0.2345,0.35,TN,CORRECTLY_REJECTED_UNKNOWN
6040,New_Images,005981.jpg,5981,NO_FACE_DETECTED,0,0.35,TN,No Face Detected by SCRFD
6041,Real Images,004830.jpg,4830,4830,1,0.35,TP,CORRECT_MATCH
6042,Real Images,001009.jpg,1009,1009,1,0.35,TP,CORRECT_MATCH
6043,New_Images,006695.jpg,6695,UNRECOGNIZED,0.2625,0.35,TN,CORRECTLY_REJECTED_UNKNOWN
6044,New_Images,007331.jpg,7331,UNRECOGNIZED,0.2675,0.35,TN,CORRECTLY_REJECTED_UNKNOWN
6045,New_Images,008647.jpg,8647,NO_FACE_DETECTED,0,0.35,TN,No Face Detected by SCRFD
6046,New_Images,009058.jpg,9058,NO_FACE_DETECTED,0,0.35,TN,No Face Detected by SCRFD
6047,Real Images,003625.jpg,3625,3625,1,0.35,TP,CORRECT_MATCH
6048,New_Images,005625.jpg,5625,UNRECOGNIZED,0.2425,0.35,TN,CORRECTLY_REJECTED_UNKNOWN
6049,New_Images,005047.jpg,5047,UNRECOGNIZED,0.261,0.35,TN,CORRECTLY_REJECTED_UNKNOWN
6050,Real Images,003373.jpg,3373,3373,1,0.35,TP,CORRECT_MATCH
6051,New_Images,007445.jpg,7445,UNRECOGNIZED,0.2732,0.35,TN,CORRECTLY_REJECTED_UNKNOWN
6052,New_Images,005146.jpg,5146,NO_FACE_DETECTED,0,0.35,TN,No Face Detected by SCRFD
6053,Real Images,001746.jpg,1746,1746,1,0.35,TP,CORRECT_MATCH
6054,New_Images,006886.jpg,6886,UNRECOGNIZED,0.2703,0.35,TN,CORRECTLY_REJECTED_UNKNOWN
6055,Real Images,002877.jpg,2877,2877,1,0.35,TP,CORRECT_MATCH
6056,Real Images,003606.jpg,3606,3606,1,0.35,TP,CORRECT_MATCH
6057,Real Images,001345.jpg,1345,1345,1,0.35,TP,CORRECT_MATCH
6058,New_Images,009608.jpg,9608,UNRECOGNIZED,0.2606,0.35,TN,CORRECTLY_REJECTED_UNKNOWN
6059,New_Images,009573.jpg,9573,UNRECOGNIZED,0.2351,0.35,TN,CORRECTLY_REJECTED_UNKNOWN
6060,Real Images,000070.jpg,70,70,1,0.35,TP,CORRECT_MATCH
6061,Real Images,004615.jpg,4615,4615,1,0.35,TP,CORRECT_MATCH
6062,New_Images,009325.jpg,9325,UNRECOGNIZED,0.2323,0.35,TN,CORRECTLY_REJECTED_UNKNOWN
6063,Real Images,000561.jpg,561,561,1,0.35,TP,CORRECT_MATCH
6064,Real Images,001171.jpg,1171,1171,1,0.35,TP,CORRECT_MATCH
6065,New_Images,006404.jpg,6404,UNRECOGNIZED,0.2329,0.35,TN,CORRECTLY_REJECTED_UNKNOWN
6066,New_Images,007096.jpg,7096,NO_FACE_DETECTED,0,0.35,TN,No Face Detected by SCRFD
6067,Real Images,001091.jpg,1091,1091,1,0.35,TP,CORRECT_MATCH
6068,Real Images,003136.jpg,3136,3136,1,0.35,TP,CORRECT_MATCH
6069,Real Images,001124.jpg,1124,1124,1,0.35,TP,CORRECT_MATCH
6070,New_Images,006707.jpg,6707,UNRECOGNIZED,0.2381,0.35,TN,CORRECTLY_REJECTED_UNKNOWN
6071,Real Images,003012.jpg,3012,3012,1,0.35,TP,CORRECT_MATCH
6072,Real Images,002567.jpg,2567,2567,1,0.35,TP,CORRECT_MATCH
6073,New_Images,008775.jpg,8775,NO_FACE_DETECTED,0,0.35,TN,No Face Detected by SCRFD
6074,Real Images,000840.jpg,840,840,1,0.35,TP,CORRECT_MATCH
6075,New_Images,005987.jpg,5987,UNRECOGNIZED,0.2591,0.35,TN,CORRECTLY_REJECTED_UNKNOWN
6076,Real Images,000732.jpg,732,732,1,0.35,TP,CORRECT_MATCH
6077,New_Images,008924.jpg,8924,UNRECOGNIZED,0.3142,0.35,TN,CORRECTLY_REJECTED_UNKNOWN
6078,Real Images,001876.jpg,1876,1876,1,0.35,TP,CORRECT_MATCH
6079,Real Images,000581.jpg,581,581,1,0.35,TP,CORRECT_MATCH
6080,Real Images,003914.jpg,3914,3914,1,0.35,TP,CORRECT_MATCH
6081,Real Images,001083.jpg,1083,1083,1,0.35,TP,CORRECT_MATCH
6082,New_Images,007832.jpg,7832,NO_FACE_DETECTED,0,0.35,TN,No Face Detected by SCRFD
6083,Real Images,003460.jpg,3460,3460,1,0.35,TP,CORRECT_MATCH
6084,Real Images,000988.jpg,988,988,1,0.35,TP,CORRECT_MATCH
6085,Real Images,002815.jpg,2815,2815,1,0.35,TP,CORRECT_MATCH
6086,New_Images,006909.jpg,6909,UNRECOGNIZED,0.3159,0.35,TN,CORRECTLY_REJECTED_UNKNOWN
6087,New_Images,007578.jpg,7578,UNRECOGNIZED,0.2253,0.35,TN,CORRECTLY_REJECTED_UNKNOWN
6088,Real Images,000077.jpg,77,77,1,0.35,TP,CORRECT_MATCH
6089,Real Images,003646.jpg,3646,3646,1,0.35,TP,CORRECT_MATCH
6090,New_Images,005571.jpg,5571,UNRECOGNIZED,0.2473,0.35,TN,CORRECTLY_REJECTED_UNKNOWN
6091,Real Images,004256.jpg,4256,4256,1,0.35,TP,CORRECT_MATCH
6092,Real Images,001853.jpg,1853,1853,1,0.35,TP,CORRECT_MATCH
6093,New_Images,007506.jpg,7506,UNRECOGNIZED,0.2412,0.35,TN,CORRECTLY_REJECTED_UNKNOWN
6094,New_Images,007069.jpg,7069,UNRECOGNIZED,0.2328,0.35,TN,CORRECTLY_REJECTED_UNKNOWN
6095,Real Images,000639.jpg,639,639,1,0.35,TP,CORRECT_MATCH
6096,Real Images,003907.jpg,3907,3907,1,0.35,TP,CORRECT_MATCH
6097,Real Images,001749.jpg,1749,1749,1,0.35,TP,CORRECT_MATCH
6098,Real Images,000009.jpg,9,9,1,0.35,TP,CORRECT_MATCH
6099,Real Images,000780.jpg,780,780,1,0.35,TP,CORRECT_MATCH
6100,New_Images,009623.jpg,9623,UNRECOGNIZED,0.2619,0.35,TN,CORRECTLY_REJECTED_UNKNOWN
6101,Real Images,000748.jpg,748,748,1,0.35,TP,CORRECT_MATCH
6102,New_Images,005370.jpg,5370,UNRECOGNIZED,0.2834,0.35,TN,CORRECTLY_REJECTED_UNKNOWN
6103,New_Images,008059.jpg,8059,NO_FACE_DETECTED,0,0.35,TN,No Face Detected by SCRFD
6104,New_Images,007016.jpg,7016,UNRECOGNIZED,0.2761,0.35,TN,CORRECTLY_REJECTED_UNKNOWN
6105,New_Images,005730.jpg,5730,UNRECOGNIZED,0.2562,0.35,TN,CORRECTLY_REJECTED_UNKNOWN
6106,New_Images,009483.jpg,9483,NO_FACE_DETECTED,0,0.35,TN,No Face Detected by SCRFD
6107,Real Images,002503.jpg,2503,2503,1,0.35,TP,CORRECT_MATCH
6108,New_Images,005125.jpg,5125,UNRECOGNIZED,0.2902,0.35,TN,CORRECTLY_REJECTED_UNKNOWN
6109,Real Images,003247.jpg,3247,3247,1,0.35,TP,CORRECT_MATCH
6110,Real Images,000425.jpg,425,425,1,0.35,TP,CORRECT_MATCH
6111,Real Images,001356.jpg,1356,1356,1,0.35,TP,CORRECT_MATCH
6112,New_Images,005316.jpg,5316,UNRECOGNIZED,0.2062,0.35,TN,CORRECTLY_REJECTED_UNKNOWN
6113,New_Images,005444.jpg,5444,NO_FACE_DETECTED,0,0.35,TN,No Face Detected by SCRFD
6114,Real Images,003047.jpg,3047,3047,1,0.35,TP,CORRECT_MATCH
6115,Real Images,000676.jpg,676,676,1,0.35,TP,CORRECT_MATCH
6116,Real Images,002052.jpg,2052,2052,1,0.35,TP,CORRECT_MATCH
6117,Real Images,002953.jpg,2953,2953,1,0.35,TP,CORRECT_MATCH
6118,New_Images,006854.jpg,6854,UNRECOGNIZED,0.2875,0.35,TN,CORRECTLY_REJECTED_UNKNOWN
6119,Real Images,000765.jpg,765,765,1,0.35,TP,CORRECT_MATCH
6120,Real Images,002245.jpg,2245,2245,1,0.35,TP,CORRECT_MATCH
6121,Real Images,001303.jpg,1303,1303,1,0.35,TP,CORRECT_MATCH
6122,New_Images,007004.jpg,7004,UNRECOGNIZED,0.2369,0.35,TN,CORRECTLY_REJECTED_UNKNOWN
6123,New_Images,008119.jpg,8119,UNRECOGNIZED,0.3104,0.35,TN,CORRECTLY_REJECTED_UNKNOWN
6124,New_Images,007133.jpg,7133,NO_FACE_DETECTED,0,0.35,TN,No Face Detected by SCRFD
6125,New_Images,005641.jpg,5641,UNRECOGNIZED,0.3057,0.35,TN,CORRECTLY_REJECTED_UNKNOWN
6126,New_Images,008214.jpg,8214,UNRECOGNIZED,0.2758,0.35,TN,CORRECTLY_REJECTED_UNKNOWN
6127,Real Images,003505.jpg,3505,3505,1,0.35,TP,CORRECT_MATCH
6128,Real Images,000006.jpg,6,6,1,0.35,TP,CORRECT_MATCH
6129,Real Images,003740.jpg,3740,3740,1,0.35,TP,CORRECT_MATCH
6130,New_Images,007608.jpg,7608,UNRECOGNIZED,0.2196,0.35,TN,CORRECTLY_REJECTED_UNKNOWN
6131,New_Images,007656.jpg,7656,UNRECOGNIZED,0.2458,0.35,TN,CORRECTLY_REJECTED_UNKNOWN
6132,New_Images,007736.jpg,7736,UNRECOGNIZED,0.2488,0.35,TN,CORRECTLY_REJECTED_UNKNOWN
6133,New_Images,008027.jpg,8027,UNRECOGNIZED,0.232,0.35,TN,CORRECTLY_REJECTED_UNKNOWN
6134,Real Images,003765.jpg,3765,3765,1,0.35,TP,CORRECT_MATCH
6135,New_Images,008341.jpg,8341,UNRECOGNIZED,0.2635,0.35,TN,CORRECTLY_REJECTED_UNKNOWN
6136,New_Images,008387.jpg,8387,UNRECOGNIZED,0.2824,0.35,TN,CORRECTLY_REJECTED_UNKNOWN
6137,Real Images,000377.jpg,377,377,1,0.35,TP,CORRECT_MATCH
6138,Real Images,000397.jpg,397,397,1,0.35,TP,CORRECT_MATCH
6139,New_Images,005592.jpg,5592,UNRECOGNIZED,0.2427,0.35,TN,CORRECTLY_REJECTED_UNKNOWN
6140,New_Images,008332.jpg,8332,NO_FACE_DETECTED,0,0.35,TN,No Face Detected by SCRFD
6141,Real Images,003976.jpg,3976,3976,1,0.35,TP,CORRECT_MATCH
6142,Real Images,004638.jpg,4638,4638,1,0.35,TP,CORRECT_MATCH
6143,Real Images,001070.jpg,1070,1070,1,0.35,TP,CORRECT_MATCH
6144,Real Images,004735.jpg,4735,4735,1,0.35,TP,CORRECT_MATCH
6145,Real Images,004484.jpg,4484,4484,1,0.35,TP,CORRECT_MATCH
6146,Real Images,002767.jpg,2767,2767,1,0.35,TP,CORRECT_MATCH
6147,Real Images,002324.jpg,2324,2324,1,0.35,TP,CORRECT_MATCH
6148,Real Images,002645.jpg,2645,2645,1,0.35,TP,CORRECT_MATCH
6149,New_Images,006937.jpg,6937,UNRECOGNIZED,0.228,0.35,TN,CORRECTLY_REJECTED_UNKNOWN
6150,Real Images,004053.jpg,4053,4053,1,0.35,TP,CORRECT_MATCH
6151,New_Images,009520.jpg,9520,UNRECOGNIZED,0.2276,0.35,TN,CORRECTLY_REJECTED_UNKNOWN
6152,Real Images,003520.jpg,3520,3520,1,0.35,TP,CORRECT_MATCH
6153,Real Images,001785.jpg,1785,1785,1,0.35,TP,CORRECT_MATCH
6154,New_Images,009494.jpg,9494,NO_FACE_DETECTED,0,0.35,TN,No Face Detected by SCRFD
6155,Real Images,004379.jpg,4379,4379,1,0.35,TP,CORRECT_MATCH
6156,New_Images,006588.jpg,6588,UNRECOGNIZED,0.2463,0.35,TN,CORRECTLY_REJECTED_UNKNOWN
6157,Real Images,002935.jpg,2935,2935,1,0.35,TP,CORRECT_MATCH
6158,New_Images,005713.jpg,5713,NO_FACE_DETECTED,0,0.35,TN,No Face Detected by SCRFD
6159,New_Images,007177.jpg,7177,UNRECOGNIZED,0.2542,0.35,TN,CORRECTLY_REJECTED_UNKNOWN
6160,New_Images,005201.jpg,5201,UNRECOGNIZED,0.2349,0.35,TN,CORRECTLY_REJECTED_UNKNOWN
6161,Real Images,003756.jpg,3756,3756,1,0.35,TP,CORRECT_MATCH
6162,New_Images,005988.jpg,5988,UNRECOGNIZED,0.247,0.35,TN,CORRECTLY_REJECTED_UNKNOWN
6163,Real Images,000764.jpg,764,764,1,0.35,TP,CORRECT_MATCH
6164,New_Images,008095.jpg,8095,UNRECOGNIZED,0.2107,0.35,TN,CORRECTLY_REJECTED_UNKNOWN
6165,Real Images,000021.jpg,21,21,1,0.35,TP,CORRECT_MATCH
6166,Real Images,004768.jpg,4768,4768,1,0.35,TP,CORRECT_MATCH
6167,Real Images,002682.jpg,2682,2682,1,0.35,TP,CORRECT_MATCH
6168,Real Images,003999.jpg,3999,3999,1,0.35,TP,CORRECT_MATCH
6169,Real Images,003725.jpg,3725,3725,1,0.35,TP,CORRECT_MATCH
6170,Real Images,003024.jpg,3024,3024,1,0.35,TP,CORRECT_MATCH
6171,New_Images,005692.jpg,5692,UNRECOGNIZED,0.2427,0.35,TN,CORRECTLY_REJECTED_UNKNOWN
6172,Real Images,002280.jpg,2280,2280,1,0.35,TP,CORRECT_MATCH
6173,New_Images,006143.jpg,6143,UNRECOGNIZED,0.2532,0.35,TN,CORRECTLY_REJECTED_UNKNOWN
6174,New_Images,007517.jpg,7517,UNRECOGNIZED,0.2773,0.35,TN,CORRECTLY_REJECTED_UNKNOWN
6175,Real Images,003301.jpg,3301,3301,1,0.35,TP,CORRECT_MATCH
6176,New_Images,006615.jpg,6615,NO_FACE_DETECTED,0,0.35,TN,No Face Detected by SCRFD
6177,New_Images,005191.jpg,5191,NO_FACE_DETECTED,0,0.35,TN,No Face Detected by SCRFD
6178,New_Images,008213.jpg,8213,UNRECOGNIZED,0.3012,0.35,TN,CORRECTLY_REJECTED_UNKNOWN
6179,Real Images,003703.jpg,3703,3703,1,0.35,TP,CORRECT_MATCH
6180,New_Images,008926.jpg,8926,UNRECOGNIZED,0.2043,0.35,TN,CORRECTLY_REJECTED_UNKNOWN
6181,Real Images,003394.jpg,3394,3394,1,0.35,TP,CORRECT_MATCH
6182,New_Images,009197.jpg,9197,UNRECOGNIZED,0.2329,0.35,TN,CORRECTLY_REJECTED_UNKNOWN
6183,Real Images,002202.jpg,2202,2202,1,0.35,TP,CORRECT_MATCH
6184,New_Images,009335.jpg,9335,NO_FACE_DETECTED,0,0.35,TN,No Face Detected by SCRFD
6185,New_Images,007011.jpg,7011,NO_FACE_DETECTED,0,0.35,TN,No Face Detected by SCRFD
6186,Real Images,001165.jpg,1165,1165,1,0.35,TP,CORRECT_MATCH
6187,New_Images,006356.jpg,6356,UNRECOGNIZED,0.2536,0.35,TN,CORRECTLY_REJECTED_UNKNOWN
6188,Real Images,003218.jpg,3218,3218,1,0.35,TP,CORRECT_MATCH
6189,New_Images,009451.jpg,9451,UNRECOGNIZED,0.2409,0.35,TN,CORRECTLY_REJECTED_UNKNOWN
6190,New_Images,006244.jpg,6244,UNRECOGNIZED,0.2649,0.35,TN,CORRECTLY_REJECTED_UNKNOWN
6191,Real Images,002639.jpg,2639,2639,1,0.35,TP,CORRECT_MATCH
6192,New_Images,008161.jpg,8161,UNRECOGNIZED,0.2437,0.35,TN,CORRECTLY_REJECTED_UNKNOWN
6193,Real Images,001199.jpg,1199,1199,1,0.35,TP,CORRECT_MATCH
6194,New_Images,009588.jpg,9588,UNRECOGNIZED,0.2562,0.35,TN,CORRECTLY_REJECTED_UNKNOWN
6195,Real Images,001088.jpg,1088,1088,1,0.35,TP,CORRECT_MATCH
6196,New_Images,005747.jpg,5747,UNRECOGNIZED,0.2309,0.35,TN,CORRECTLY_REJECTED_UNKNOWN
6197,Real Images,001040.jpg,1040,1040,1,0.35,TP,CORRECT_MATCH
6198,New_Images,007822.jpg,7822,UNRECOGNIZED,0.2313,0.35,TN,CORRECTLY_REJECTED_UNKNOWN
6199,Real Images,002272.jpg,2272,2272,1,0.35,TP,CORRECT_MATCH
6200,Real Images,000486.jpg,486,486,1,0.35,TP,CORRECT_MATCH
6201,Real Images,003372.jpg,3372,3372,1,0.35,TP,CORRECT_MATCH
6202,New_Images,006145.jpg,6145,UNRECOGNIZED,0.2449,0.35,TN,CORRECTLY_REJECTED_UNKNOWN
6203,Real Images,001111.jpg,1111,1111,1,0.35,TP,CORRECT_MATCH
6204,Real Images,000781.jpg,781,781,1,0.35,TP,CORRECT_MATCH
6205,New_Images,005565.jpg,5565,NO_FACE_DETECTED,0,0.35,TN,No Face Detected by SCRFD
6206,Real Images,004215.jpg,4215,4215,1,0.35,TP,CORRECT_MATCH
6207,Real Images,002191.jpg,2191,2191,1,0.35,TP,CORRECT_MATCH
6208,New_Images,006823.jpg,6823,UNRECOGNIZED,0.2713,0.35,TN,CORRECTLY_REJECTED_UNKNOWN
6209,New_Images,008517.jpg,8517,NO_FACE_DETECTED,0,0.35,TN,No Face Detected by SCRFD
6210,Real Images,002398.jpg,2398,2398,1,0.35,TP,CORRECT_MATCH
6211,New_Images,007837.jpg,7837,UNRECOGNIZED,0.2562,0.35,TN,CORRECTLY_REJECTED_UNKNOWN
6212,Real Images,002652.jpg,2652,2652,1,0.35,TP,CORRECT_MATCH
6213,Real Images,001380.jpg,1380,1380,1,0.35,TP,CORRECT_MATCH
6214,Real Images,004414.jpg,4414,4414,1,0.35,TP,CORRECT_MATCH
6215,New_Images,009132.jpg,9132,UNRECOGNIZED,0.2623,0.35,TN,CORRECTLY_REJECTED_UNKNOWN
6216,Real Images,002303.jpg,2303,NO_FACE_DETECTED,0,0.35,TN,No Face Detected by SCRFD
6217,New_Images,007501.jpg,7501,UNRECOGNIZED,0.2658,0.35,TN,CORRECTLY_REJECTED_UNKNOWN
6218,Real Images,002874.jpg,2874,2874,1,0.35,TP,CORRECT_MATCH
6219,Real Images,004671.jpg,4671,4671,1,0.35,TP,CORRECT_MATCH
6220,Real Images,000487.jpg,487,487,1,0.35,TP,CORRECT_MATCH
6221,New_Images,008266.jpg,8266,NO_FACE_DETECTED,0,0.35,TN,No Face Detected by SCRFD
6222,Real Images,001693.jpg,1693,1693,1,0.35,TP,CORRECT_MATCH
6223,New_Images,006509.jpg,6509,UNRECOGNIZED,0.2257,0.35,TN,CORRECTLY_REJECTED_UNKNOWN
6224,New_Images,005048.jpg,5048,NO_FACE_DETECTED,0,0.35,TN,No Face Detected by SCRFD
6225,Real Images,001360.jpg,1360,1360,1,0.35,TP,CORRECT_MATCH
6226,Real Images,003508.jpg,3508,3508,1,0.35,TP,CORRECT_MATCH
6227,New_Images,009345.jpg,9345,UNRECOGNIZED,0.2612,0.35,TN,CORRECTLY_REJECTED_UNKNOWN
6228,Real Images,005000.jpg,5000,5000,1,0.35,TP,CORRECT_MATCH
6229,New_Images,006410.jpg,6410,4533,0.3765,0.35,FP,MISIDENTIFIED_AS_004533
6230,Real Images,002873.jpg,2873,2873,1,0.35,TP,CORRECT_MATCH
6231,New_Images,005646.jpg,5646,UNRECOGNIZED,0.2453,0.35,TN,CORRECTLY_REJECTED_UNKNOWN
6232,Real Images,004817.jpg,4817,4817,1,0.35,TP,CORRECT_MATCH
6233,New_Images,006043.jpg,6043,UNRECOGNIZED,0.2983,0.35,TN,CORRECTLY_REJECTED_UNKNOWN
6234,Real Images,001720.jpg,1720,1720,1,0.35,TP,CORRECT_MATCH
6235,Real Images,001942.jpg,1942,1942,1,0.35,TP,CORRECT_MATCH
6236,New_Images,006914.jpg,6914,UNRECOGNIZED,0.2376,0.35,TN,CORRECTLY_REJECTED_UNKNOWN
6237,Real Images,003597.jpg,3597,3597,1,0.35,TP,CORRECT_MATCH
6238,Real Images,000713.jpg,713,713,1,0.35,TP,CORRECT_MATCH
6239,Real Images,002856.jpg,2856,2856,1,0.35,TP,CORRECT_MATCH
6240,Real Images,002153.jpg,2153,2153,1,0.35,TP,CORRECT_MATCH
6241,New_Images,006946.jpg,6946,NO_FACE_DETECTED,0,0.35,TN,No Face Detected by SCRFD
6242,Real Images,000265.jpg,265,265,1,0.35,TP,CORRECT_MATCH
6243,New_Images,007397.jpg,7397,UNRECOGNIZED,0.3058,0.35,TN,CORRECTLY_REJECTED_UNKNOWN
6244,New_Images,008669.jpg,8669,UNRECOGNIZED,0.2132,0.35,TN,CORRECTLY_REJECTED_UNKNOWN
6245,New_Images,006156.jpg,6156,UNRECOGNIZED,0.2433,0.35,TN,CORRECTLY_REJECTED_UNKNOWN
6246,New_Images,007322.jpg,7322,UNRECOGNIZED,0.2293,0.35,TN,CORRECTLY_REJECTED_UNKNOWN
6247,New_Images,006030.jpg,6030,NO_FACE_DETECTED,0,0.35,TN,No Face Detected by SCRFD
6248,Real Images,000839.jpg,839,839,1,0.35,TP,CORRECT_MATCH
6249,Real Images,003483.jpg,3483,3483,1,0.35,TP,CORRECT_MATCH
6250,New_Images,009413.jpg,9413,NO_FACE_DETECTED,0,0.35,TN,No Face Detected by SCRFD
6251,New_Images,007416.jpg,7416,NO_FACE_DETECTED,0,0.35,TN,No Face Detected by SCRFD
6252,Real Images,003616.jpg,3616,3616,1,0.35,TP,CORRECT_MATCH
6253,New_Images,005890.jpg,5890,UNRECOGNIZED,0.323,0.35,TN,CORRECTLY_REJECTED_UNKNOWN
6254,New_Images,006226.jpg,6226,NO_FACE_DETECTED,0,0.35,TN,No Face Detected by SCRFD
6255,Real Images,000341.jpg,341,341,1,0.35,TP,CORRECT_MATCH
6256,New_Images,006200.jpg,6200,UNRECOGNIZED,0.2568,0.35,TN,CORRECTLY_REJECTED_UNKNOWN
6257,Real Images,004441.jpg,4441,4441,1,0.35,TP,CORRECT_MATCH
6258,Real Images,003006.jpg,3006,3006,1,0.35,TP,CORRECT_MATCH
6259,New_Images,007378.jpg,7378,NO_FACE_DETECTED,0,0.35,TN,No Face Detected by SCRFD
6260,Real Images,002195.jpg,2195,2195,1,0.35,TP,CORRECT_MATCH
6261,New_Images,006347.jpg,6347,UNRECOGNIZED,0.3162,0.35,TN,CORRECTLY_REJECTED_UNKNOWN
6262,New_Images,007169.jpg,7169,UNRECOGNIZED,0.2073,0.35,TN,CORRECTLY_REJECTED_UNKNOWN
6263,Real Images,000928.jpg,928,928,1,0.35,TP,CORRECT_MATCH
6264,New_Images,006324.jpg,6324,UNRECOGNIZED,0.293,0.35,TN,CORRECTLY_REJECTED_UNKNOWN
6265,Real Images,004504.jpg,4504,4504,1,0.35,TP,CORRECT_MATCH
6266,Real Images,004058.jpg,4058,4058,1,0.35,TP,CORRECT_MATCH
6267,New_Images,006083.jpg,6083,UNRECOGNIZED,0.2961,0.35,TN,CORRECTLY_REJECTED_UNKNOWN
6268,Real Images,004634.jpg,4634,4634,1,0.35,TP,CORRECT_MATCH
6269,Real Images,003747.jpg,3747,3747,1,0.35,TP,CORRECT_MATCH
6270,Real Images,001378.jpg,1378,1378,1,0.35,TP,CORRECT_MATCH
6271,New_Images,007558.jpg,7558,UNRECOGNIZED,0.2616,0.35,TN,CORRECTLY_REJECTED_UNKNOWN
6272,Real Images,004405.jpg,4405,4405,1,0.35,TP,CORRECT_MATCH
6273,Real Images,001842.jpg,1842,1842,1,0.35,TP,CORRECT_MATCH
6274,Real Images,002252.jpg,2252,2252,1,0.35,TP,CORRECT_MATCH
6275,Real Images,000268.jpg,268,268,1,0.35,TP,CORRECT_MATCH
6276,Real Images,002393.jpg,2393,2393,1,0.35,TP,CORRECT_MATCH
6277,Real Images,001807.jpg,1807,1807,1,0.35,TP,CORRECT_MATCH
6278,New_Images,006235.jpg,6235,NO_FACE_DETECTED,0,0.35,TN,No Face Detected by SCRFD
6279,Real Images,000253.jpg,253,253,1,0.35,TP,CORRECT_MATCH
6280,Real Images,004632.jpg,4632,4632,1,0.35,TP,CORRECT_MATCH
6281,New_Images,006741.jpg,6741,UNRECOGNIZED,0.2477,0.35,TN,CORRECTLY_REJECTED_UNKNOWN
6282,Real Images,001371.jpg,1371,1371,1,0.35,TP,CORRECT_MATCH
6283,Real Images,004004.jpg,4004,4004,1,0.35,TP,CORRECT_MATCH
6284,New_Images,007862.jpg,7862,UNRECOGNIZED,0.2286,0.35,TN,CORRECTLY_REJECTED_UNKNOWN
6285,New_Images,005818.jpg,5818,UNRECOGNIZED,0.2167,0.35,TN,CORRECTLY_REJECTED_UNKNOWN
6286,New_Images,008163.jpg,8163,UNRECOGNIZED,0.272,0.35,TN,CORRECTLY_REJECTED_UNKNOWN
6287,Real Images,004029.jpg,4029,4029,1,0.35,TP,CORRECT_MATCH
6288,New_Images,005610.jpg,5610,NO_FACE_DETECTED,0,0.35,TN,No Face Detected by SCRFD
6289,New_Images,007541.jpg,7541,UNRECOGNIZED,0.239,0.35,TN,CORRECTLY_REJECTED_UNKNOWN
6290,New_Images,007587.jpg,7587,UNRECOGNIZED,0.2551,0.35,TN,CORRECTLY_REJECTED_UNKNOWN
6291,New_Images,005350.jpg,5350,NO_FACE_DETECTED,0,0.35,TN,No Face Detected by SCRFD
6292,New_Images,008035.jpg,8035,UNRECOGNIZED,0.216,0.35,TN,CORRECTLY_REJECTED_UNKNOWN
6293,Real Images,004601.jpg,4601,4601,1,0.35,TP,CORRECT_MATCH
6294,New_Images,008220.jpg,8220,NO_FACE_DETECTED,0,0.35,TN,No Face Detected by SCRFD
6295,Real Images,001599.jpg,1599,1599,1,0.35,TP,CORRECT_MATCH
6296,New_Images,008294.jpg,8294,NO_FACE_DETECTED,0,0.35,TN,No Face Detected by SCRFD
6297,Real Images,003970.jpg,3970,3970,1,0.35,TP,CORRECT_MATCH
6298,Real Images,000079.jpg,79,79,1,0.35,TP,CORRECT_MATCH
6299,Real Images,002942.jpg,2942,2942,1,0.35,TP,CORRECT_MATCH
6300,New_Images,008551.jpg,8551,UNRECOGNIZED,0.2326,0.35,TN,CORRECTLY_REJECTED_UNKNOWN
6301,New_Images,005075.jpg,5075,UNRECOGNIZED,0.2386,0.35,TN,CORRECTLY_REJECTED_UNKNOWN
6302,Real Images,003695.jpg,3695,3695,1,0.35,TP,CORRECT_MATCH
6303,Real Images,002578.jpg,2578,2578,1,0.35,TP,CORRECT_MATCH
6304,Real Images,001533.jpg,1533,1533,1,0.35,TP,CORRECT_MATCH
6305,Real Images,001150.jpg,1150,1150,1,0.35,TP,CORRECT_MATCH
6306,Real Images,002367.jpg,2367,2367,1,0.35,TP,CORRECT_MATCH
6307,New_Images,009154.jpg,9154,NO_FACE_DETECTED,0,0.35,TN,No Face Detected by SCRFD
6308,Real Images,001367.jpg,1367,1367,1,0.35,TP,CORRECT_MATCH
6309,Real Images,004546.jpg,4546,4546,1,0.35,TP,CORRECT_MATCH
6310,New_Images,009180.jpg,9180,UNRECOGNIZED,0.2267,0.35,TN,CORRECTLY_REJECTED_UNKNOWN
6311,New_Images,007876.jpg,7876,UNRECOGNIZED,0.2329,0.35,TN,CORRECTLY_REJECTED_UNKNOWN
6312,New_Images,006657.jpg,6657,UNRECOGNIZED,0.2417,0.35,TN,CORRECTLY_REJECTED_UNKNOWN
6313,Real Images,004403.jpg,4403,4403,1,0.35,TP,CORRECT_MATCH
6314,New_Images,005207.jpg,5207,NO_FACE_DETECTED,0,0.35,TN,No Face Detected by SCRFD
6315,New_Images,008326.jpg,8326,UNRECOGNIZED,0.2725,0.35,TN,CORRECTLY_REJECTED_UNKNOWN
6316,New_Images,006663.jpg,6663,UNRECOGNIZED,0.2664,0.35,TN,CORRECTLY_REJECTED_UNKNOWN
6317,Real Images,003466.jpg,3466,3466,1,0.35,TP,CORRECT_MATCH
6318,New_Images,009186.jpg,9186,UNRECOGNIZED,0.2754,0.35,TN,CORRECTLY_REJECTED_UNKNOWN
6319,New_Images,008685.jpg,8685,NO_FACE_DETECTED,0,0.35,TN,No Face Detected by SCRFD
6320,New_Images,009000.jpg,9000,UNRECOGNIZED,0.272,0.35,TN,CORRECTLY_REJECTED_UNKNOWN
6321,Real Images,004886.jpg,4886,4886,1,0.35,TP,CORRECT_MATCH
6322,New_Images,007791.jpg,7791,UNRECOGNIZED,0.2719,0.35,TN,CORRECTLY_REJECTED_UNKNOWN
6323,Real Images,003183.jpg,3183,3183,1,0.35,TP,CORRECT_MATCH
6324,Real Images,004185.jpg,4185,4185,1,0.35,TP,CORRECT_MATCH
6325,Real Images,001159.jpg,1159,1159,1,0.35,TP,CORRECT_MATCH
6326,New_Images,005681.jpg,5681,NO_FACE_DETECTED,0,0.35,TN,No Face Detected by SCRFD
6327,New_Images,008030.jpg,8030,UNRECOGNIZED,0.2829,0.35,TN,CORRECTLY_REJECTED_UNKNOWN
6328,Real Images,001500.jpg,1500,1500,1,0.35,TP,CORRECT_MATCH
6329,New_Images,009371.jpg,9371,UNRECOGNIZED,0.327,0.35,TN,CORRECTLY_REJECTED_UNKNOWN
6330,Real Images,002502.jpg,2502,2502,1,0.35,TP,CORRECT_MATCH
6331,Real Images,001955.jpg,1955,1955,1,0.35,TP,CORRECT_MATCH
6332,Real Images,000966.jpg,966,966,1,0.35,TP,CORRECT_MATCH
6333,Real Images,002566.jpg,2566,2566,1,0.35,TP,CORRECT_MATCH
6334,New_Images,009559.jpg,9559,UNRECOGNIZED,0.2545,0.35,TN,CORRECTLY_REJECTED_UNKNOWN
6335,New_Images,007033.jpg,7033,UNRECOGNIZED,0.2904,0.35,TN,CORRECTLY_REJECTED_UNKNOWN
6336,Real Images,000695.jpg,695,695,1,0.35,TP,CORRECT_MATCH
6337,Real Images,004835.jpg,4835,4835,1,0.35,TP,CORRECT_MATCH
6338,New_Images,007711.jpg,7711,UNRECOGNIZED,0.2271,0.35,TN,CORRECTLY_REJECTED_UNKNOWN
6339,New_Images,007661.jpg,7661,UNRECOGNIZED,0.2738,0.35,TN,CORRECTLY_REJECTED_UNKNOWN
6340,New_Images,005784.jpg,5784,UNRECOGNIZED,0.2711,0.35,TN,CORRECTLY_REJECTED_UNKNOWN
6341,New_Images,006935.jpg,6935,UNRECOGNIZED,0.2364,0.35,TN,CORRECTLY_REJECTED_UNKNOWN
6342,Real Images,001414.jpg,1414,1414,1,0.35,TP,CORRECT_MATCH
6343,New_Images,005058.jpg,5058,UNRECOGNIZED,0.2475,0.35,TN,CORRECTLY_REJECTED_UNKNOWN
6344,New_Images,009458.jpg,9458,UNRECOGNIZED,0.2573,0.35,TN,CORRECTLY_REJECTED_UNKNOWN
6345,Real Images,002884.jpg,2884,2884,1,0.35,TP,CORRECT_MATCH
6346,Real Images,002851.jpg,2851,2851,1,0.35,TP,CORRECT_MATCH
6347,Real Images,000936.jpg,936,936,1,0.35,TP,CORRECT_MATCH
6348,New_Images,006713.jpg,6713,UNRECOGNIZED,0.2223,0.35,TN,CORRECTLY_REJECTED_UNKNOWN
6349,Real Images,003216.jpg,3216,3216,1,0.35,TP,CORRECT_MATCH
6350,New_Images,005008.jpg,5008,UNRECOGNIZED,0.2564,0.35,TN,CORRECTLY_REJECTED_UNKNOWN
6351,Real Images,003184.jpg,3184,3184,1,0.35,TP,CORRECT_MATCH
6352,New_Images,007664.jpg,7664,NO_FACE_DETECTED,0,0.35,TN,No Face Detected by SCRFD
6353,Real Images,002568.jpg,2568,2568,1,0.35,TP,CORRECT_MATCH
6354,New_Images,005236.jpg,5236,UNRECOGNIZED,0.2375,0.35,TN,CORRECTLY_REJECTED_UNKNOWN
6355,New_Images,008089.jpg,8089,UNRECOGNIZED,0.2334,0.35,TN,CORRECTLY_REJECTED_UNKNOWN
6356,Real Images,004010.jpg,4010,4010,1,0.35,TP,CORRECT_MATCH
6357,New_Images,005495.jpg,5495,UNRECOGNIZED,0.2289,0.35,TN,CORRECTLY_REJECTED_UNKNOWN
6358,Real Images,002150.jpg,2150,2150,1,0.35,TP,CORRECT_MATCH
6359,Real Images,000934.jpg,934,934,1,0.35,TP,CORRECT_MATCH
6360,Real Images,003749.jpg,3749,3749,1,0.35,TP,CORRECT_MATCH
6361,Real Images,001615.jpg,1615,1615,1,0.35,TP,CORRECT_MATCH
6362,Real Images,002671.jpg,2671,2671,1,0.35,TP,CORRECT_MATCH
6363,New_Images,008783.jpg,8783,UNRECOGNIZED,0.3027,0.35,TN,CORRECTLY_REJECTED_UNKNOWN
6364,New_Images,008709.jpg,8709,UNRECOGNIZED,0.2731,0.35,TN,CORRECTLY_REJECTED_UNKNOWN
6365,New_Images,008117.jpg,8117,UNRECOGNIZED,0.2506,0.35,TN,CORRECTLY_REJECTED_UNKNOWN
6366,Real Images,000834.jpg,834,834,1,0.35,TP,CORRECT_MATCH
6367,Real Images,004730.jpg,4730,4730,1,0.35,TP,CORRECT_MATCH
6368,Real Images,000513.jpg,513,513,1,0.35,TP,CORRECT_MATCH
6369,New_Images,009044.jpg,9044,NO_FACE_DETECTED,0,0.35,TN,No Face Detected by SCRFD
6370,New_Images,008399.jpg,8399,UNRECOGNIZED,0.2838,0.35,TN,CORRECTLY_REJECTED_UNKNOWN
6371,Real Images,002281.jpg,2281,2281,1,0.35,TP,CORRECT_MATCH
6372,Real Images,001686.jpg,1686,1686,1,0.35,TP,CORRECT_MATCH
6373,Real Images,001760.jpg,1760,1760,1,0.35,TP,CORRECT_MATCH
6374,New_Images,005774.jpg,5774,UNRECOGNIZED,0.2778,0.35,TN,CORRECTLY_REJECTED_UNKNOWN
6375,Real Images,000037.jpg,37,37,1,0.35,TP,CORRECT_MATCH
6376,New_Images,009149.jpg,9149,NO_FACE_DETECTED,0,0.35,TN,No Face Detected by SCRFD
6377,Real Images,003519.jpg,3519,3519,1,0.35,TP,CORRECT_MATCH
6378,New_Images,006527.jpg,6527,UNRECOGNIZED,0.2292,0.35,TN,CORRECTLY_REJECTED_UNKNOWN
6379,Real Images,003683.jpg,3683,3683,1,0.35,TP,CORRECT_MATCH
6380,Real Images,001617.jpg,1617,1617,1,0.35,TP,CORRECT_MATCH
6381,New_Images,005031.jpg,5031,NO_FACE_DETECTED,0,0.35,TN,No Face Detected by SCRFD
6382,New_Images,006041.jpg,6041,UNRECOGNIZED,0.2992,0.35,TN,CORRECTLY_REJECTED_UNKNOWN
6383,Real Images,000240.jpg,240,240,1,0.35,TP,CORRECT_MATCH
6384,Real Images,003241.jpg,3241,3241,1,0.35,TP,CORRECT_MATCH
6385,Real Images,003541.jpg,3541,3541,1,0.35,TP,CORRECT_MATCH
6386,New_Images,005385.jpg,5385,NO_FACE_DETECTED,0,0.35,TN,No Face Detected by SCRFD
6387,New_Images,005247.jpg,5247,UNRECOGNIZED,0.2755,0.35,TN,CORRECTLY_REJECTED_UNKNOWN
6388,New_Images,007290.jpg,7290,UNRECOGNIZED,0.2393,0.35,TN,CORRECTLY_REJECTED_UNKNOWN
6389,Real Images,001512.jpg,1512,1512,1,0.35,TP,CORRECT_MATCH
6390,New_Images,005159.jpg,5159,UNRECOGNIZED,0.2759,0.35,TN,CORRECTLY_REJECTED_UNKNOWN
6391,Real Images,003319.jpg,3319,3319,1,0.35,TP,CORRECT_MATCH
6392,New_Images,009409.jpg,9409,UNRECOGNIZED,0.2699,0.35,TN,CORRECTLY_REJECTED_UNKNOWN
6393,Real Images,003786.jpg,3786,3786,1,0.35,TP,CORRECT_MATCH
6394,New_Images,009327.jpg,9327,UNRECOGNIZED,0.2827,0.35,TN,CORRECTLY_REJECTED_UNKNOWN
6395,Real Images,004587.jpg,4587,4587,1,0.35,TP,CORRECT_MATCH
6396,Real Images,002712.jpg,2712,2712,1,0.35,TP,CORRECT_MATCH
6397,Real Images,001312.jpg,1312,1312,1,0.35,TP,CORRECT_MATCH
6398,Real Images,004522.jpg,4522,4522,1,0.35,TP,CORRECT_MATCH
6399,Real Images,001430.jpg,1430,1430,1,0.35,TP,CORRECT_MATCH
6400,Real Images,004228.jpg,4228,4228,1,0.35,TP,CORRECT_MATCH
6401,Real Images,001999.jpg,1999,1999,1,0.35,TP,CORRECT_MATCH
6402,New_Images,007029.jpg,7029,UNRECOGNIZED,0.2127,0.35,TN,CORRECTLY_REJECTED_UNKNOWN
6403,Real Images,001347.jpg,1347,1347,1,0.35,TP,CORRECT_MATCH
6404,New_Images,005548.jpg,5548,UNRECOGNIZED,0.2349,0.35,TN,CORRECTLY_REJECTED_UNKNOWN
6405,New_Images,006479.jpg,6479,UNRECOGNIZED,0.2505,0.35,TN,CORRECTLY_REJECTED_UNKNOWN
6406,New_Images,005309.jpg,5309,UNRECOGNIZED,0.263,0.35,TN,CORRECTLY_REJECTED_UNKNOWN
6407,New_Images,007931.jpg,7931,NO_FACE_DETECTED,0,0.35,TN,No Face Detected by SCRFD
6408,Real Images,000186.jpg,186,186,1,0.35,TP,CORRECT_MATCH
6409,Real Images,000943.jpg,943,943,1,0.35,TP,CORRECT_MATCH
6410,New_Images,005823.jpg,5823,UNRECOGNIZED,0.2099,0.35,TN,CORRECTLY_REJECTED_UNKNOWN
6411,Real Images,000367.jpg,367,367,1,0.35,TP,CORRECT_MATCH
6412,Real Images,002460.jpg,2460,2460,1,0.35,TP,CORRECT_MATCH
6413,New_Images,007879.jpg,7879,NO_FACE_DETECTED,0,0.35,TN,No Face Detected by SCRFD
6414,New_Images,007012.jpg,7012,UNRECOGNIZED,0.2541,0.35,TN,CORRECTLY_REJECTED_UNKNOWN
6415,Real Images,003707.jpg,3707,3707,1,0.35,TP,CORRECT_MATCH
6416,New_Images,005708.jpg,5708,UNRECOGNIZED,0.253,0.35,TN,CORRECTLY_REJECTED_UNKNOWN
6417,New_Images,005915.jpg,5915,NO_FACE_DETECTED,0,0.35,TN,No Face Detected by SCRFD
6418,New_Images,007882.jpg,7882,UNRECOGNIZED,0.2703,0.35,TN,CORRECTLY_REJECTED_UNKNOWN
6419,Real Images,000800.jpg,800,800,1,0.35,TP,CORRECT_MATCH
6420,Real Images,003901.jpg,3901,3901,1,0.35,TP,CORRECT_MATCH
6421,New_Images,006428.jpg,6428,UNRECOGNIZED,0.2241,0.35,TN,CORRECTLY_REJECTED_UNKNOWN
6422,New_Images,007667.jpg,7667,UNRECOGNIZED,0.2215,0.35,TN,CORRECTLY_REJECTED_UNKNOWN
6423,New_Images,006599.jpg,6599,UNRECOGNIZED,0.2844,0.35,TN,CORRECTLY_REJECTED_UNKNOWN
6424,Real Images,001695.jpg,1695,1695,1,0.35,TP,CORRECT_MATCH
6425,Real Images,003731.jpg,3731,3731,1,0.35,TP,CORRECT_MATCH
6426,Real Images,002811.jpg,2811,2811,1,0.35,TP,CORRECT_MATCH
6427,Real Images,002556.jpg,2556,2556,1,0.35,TP,CORRECT_MATCH
6428,Real Images,002854.jpg,2854,2854,1,0.35,TP,CORRECT_MATCH
6429,New_Images,009439.jpg,9439,UNRECOGNIZED,0.281,0.35,TN,CORRECTLY_REJECTED_UNKNOWN
6430,New_Images,005982.jpg,5982,UNRECOGNIZED,0.2149,0.35,TN,CORRECTLY_REJECTED_UNKNOWN
6431,Real Images,000951.jpg,951,951,1,0.35,TP,CORRECT_MATCH
6432,Real Images,000704.jpg,704,704,1,0.35,TP,CORRECT_MATCH
6433,Real Images,003408.jpg,3408,3408,1,0.35,TP,CORRECT_MATCH
6434,Real Images,002421.jpg,2421,2421,1,0.35,TP,CORRECT_MATCH
6435,Real Images,000857.jpg,857,857,1,0.35,TP,CORRECT_MATCH
6436,New_Images,008956.jpg,8956,NO_FACE_DETECTED,0,0.35,TN,No Face Detected by SCRFD
6437,Real Images,000202.jpg,202,202,1,0.35,TP,CORRECT_MATCH
6438,Real Images,002826.jpg,2826,2826,1,0.35,TP,CORRECT_MATCH
6439,New_Images,008303.jpg,8303,NO_FACE_DETECTED,0,0.35,TN,No Face Detected by SCRFD
6440,Real Images,004100.jpg,4100,4100,1,0.35,TP,CORRECT_MATCH
6441,New_Images,007443.jpg,7443,UNRECOGNIZED,0.2763,0.35,TN,CORRECTLY_REJECTED_UNKNOWN
6442,Real Images,004822.jpg,4822,4822,1,0.35,TP,CORRECT_MATCH
6443,New_Images,005567.jpg,5567,UNRECOGNIZED,0.2409,0.35,TN,CORRECTLY_REJECTED_UNKNOWN
6444,New_Images,006328.jpg,6328,NO_FACE_DETECTED,0,0.35,TN,No Face Detected by SCRFD
6445,New_Images,006961.jpg,6961,UNRECOGNIZED,0.2334,0.35,TN,CORRECTLY_REJECTED_UNKNOWN
6446,Real Images,003205.jpg,3205,3205,1,0.35,TP,CORRECT_MATCH
6447,Real Images,003065.jpg,3065,3065,1,0.35,TP,CORRECT_MATCH
6448,Real Images,003652.jpg,3652,3652,1,0.35,TP,CORRECT_MATCH
6449,New_Images,008345.jpg,8345,NO_FACE_DETECTED,0,0.35,TN,No Face Detected by SCRFD
6450,New_Images,008785.jpg,8785,NO_FACE_DETECTED,0,0.35,TN,No Face Detected by SCRFD
6451,New_Images,005634.jpg,5634,UNRECOGNIZED,0.2316,0.35,TN,CORRECTLY_REJECTED_UNKNOWN
6452,Real Images,004756.jpg,4756,4756,1,0.35,TP,CORRECT_MATCH
6453,New_Images,007400.jpg,7400,UNRECOGNIZED,0.2711,0.35,TN,CORRECTLY_REJECTED_UNKNOWN
6454,New_Images,009571.jpg,9571,UNRECOGNIZED,0.2774,0.35,TN,CORRECTLY_REJECTED_UNKNOWN
6455,New_Images,009406.jpg,9406,UNRECOGNIZED,0.2575,0.35,TN,CORRECTLY_REJECTED_UNKNOWN
6456,New_Images,008653.jpg,8653,NO_FACE_DETECTED,0,0.35,TN,No Face Detected by SCRFD
6457,New_Images,008142.jpg,8142,UNRECOGNIZED,0.2781,0.35,TN,CORRECTLY_REJECTED_UNKNOWN
6458,Real Images,002120.jpg,2120,2120,1,0.35,TP,CORRECT_MATCH
6459,New_Images,006888.jpg,6888,NO_FACE_DETECTED,0,0.35,TN,No Face Detected by SCRFD
6460,Real Images,000087.jpg,87,87,1,0.35,TP,CORRECT_MATCH
6461,Real Images,000868.jpg,868,868,1,0.35,TP,CORRECT_MATCH
6462,Real Images,003527.jpg,3527,3527,1,0.35,TP,CORRECT_MATCH
6463,Real Images,002717.jpg,2717,2717,1,0.35,TP,CORRECT_MATCH
6464,New_Images,006166.jpg,6166,UNRECOGNIZED,0.237,0.35,TN,CORRECTLY_REJECTED_UNKNOWN
6465,Real Images,003274.jpg,3274,3274,1,0.35,TP,CORRECT_MATCH
6466,New_Images,005299.jpg,5299,UNRECOGNIZED,0.2432,0.35,TN,CORRECTLY_REJECTED_UNKNOWN
6467,New_Images,008597.jpg,8597,NO_FACE_DETECTED,0,0.35,TN,No Face Detected by SCRFD
6468,New_Images,005285.jpg,5285,NO_FACE_DETECTED,0,0.35,TN,No Face Detected by SCRFD
6469,Real Images,004614.jpg,4614,4614,1,0.35,TP,CORRECT_MATCH
6470,New_Images,007028.jpg,7028,NO_FACE_DETECTED,0,0.35,TN,No Face Detected by SCRFD
6471,New_Images,005020.jpg,5020,NO_FACE_DETECTED,0,0.35,TN,No Face Detected by SCRFD
6472,New_Images,005301.jpg,5301,UNRECOGNIZED,0.2678,0.35,TN,CORRECTLY_REJECTED_UNKNOWN
6473,Real Images,001363.jpg,1363,1363,1,0.35,TP,CORRECT_MATCH
6474,Real Images,002909.jpg,2909,2909,1,0.35,TP,CORRECT_MATCH
6475,New_Images,005446.jpg,5446,UNRECOGNIZED,0.1994,0.35,TN,CORRECTLY_REJECTED_UNKNOWN
6476,New_Images,005388.jpg,5388,NO_FACE_DETECTED,0,0.35,TN,No Face Detected by SCRFD
6477,New_Images,007618.jpg,7618,UNRECOGNIZED,0.3108,0.35,TN,CORRECTLY_REJECTED_UNKNOWN
6478,New_Images,007976.jpg,7976,UNRECOGNIZED,0.2228,0.35,TN,CORRECTLY_REJECTED_UNKNOWN
6479,Real Images,000896.jpg,896,896,1,0.35,TP,CORRECT_MATCH
6480,Real Images,000697.jpg,697,697,1,0.35,TP,CORRECT_MATCH
6481,New_Images,005228.jpg,5228,UNRECOGNIZED,0.2263,0.35,TN,CORRECTLY_REJECTED_UNKNOWN
6482,New_Images,009549.jpg,9549,UNRECOGNIZED,0.2934,0.35,TN,CORRECTLY_REJECTED_UNKNOWN
6483,Real Images,004399.jpg,4399,4399,1,0.35,TP,CORRECT_MATCH
6484,New_Images,005748.jpg,5748,UNRECOGNIZED,0.2723,0.35,TN,CORRECTLY_REJECTED_UNKNOWN
6485,New_Images,008706.jpg,8706,UNRECOGNIZED,0.2472,0.35,TN,CORRECTLY_REJECTED_UNKNOWN
6486,New_Images,007253.jpg,7253,NO_FACE_DETECTED,0,0.35,TN,No Face Detected by SCRFD
6487,Real Images,000302.jpg,302,302,1,0.35,TP,CORRECT_MATCH
6488,Real Images,004454.jpg,4454,4454,1,0.35,TP,CORRECT_MATCH
6489,Real Images,003427.jpg,3427,3427,1,0.35,TP,CORRECT_MATCH
6490,New_Images,005667.jpg,5667,UNRECOGNIZED,0.222,0.35,TN,CORRECTLY_REJECTED_UNKNOWN
6491,Real Images,004151.jpg,4151,NO_FACE_DETECTED,0,0.35,TN,No Face Detected by SCRFD
6492,New_Images,008736.jpg,8736,UNRECOGNIZED,0.2334,0.35,TN,CORRECTLY_REJECTED_UNKNOWN
6493,New_Images,007237.jpg,7237,NO_FACE_DETECTED,0,0.35,TN,No Face Detected by SCRFD
6494,Real Images,004770.jpg,4770,4770,1,0.35,TP,CORRECT_MATCH
6495,Real Images,003926.jpg,3926,3926,1,0.35,TP,CORRECT_MATCH
6496,New_Images,007010.jpg,7010,UNRECOGNIZED,0.2161,0.35,TN,CORRECTLY_REJECTED_UNKNOWN
6497,Real Images,003679.jpg,3679,3679,1,0.35,TP,CORRECT_MATCH
6498,Real Images,000606.jpg,606,606,1,0.35,TP,CORRECT_MATCH
6499,Real Images,003089.jpg,3089,3089,1,0.35,TP,CORRECT_MATCH
6500,New_Images,008588.jpg,8588,UNRECOGNIZED,0.2513,0.35,TN,CORRECTLY_REJECTED_UNKNOWN
6501,Real Images,003467.jpg,3467,3467,1,0.35,TP,CORRECT_MATCH
6502,New_Images,005860.jpg,5860,NO_FACE_DETECTED,0,0.35,TN,No Face Detected by SCRFD
6503,Real Images,001263.jpg,1263,1263,1,0.35,TP,CORRECT_MATCH
6504,New_Images,005396.jpg,5396,UNRECOGNIZED,0.2996,0.35,TN,CORRECTLY_REJECTED_UNKNOWN
6505,Real Images,002070.jpg,2070,2070,1,0.35,TP,CORRECT_MATCH
6506,New_Images,009455.jpg,9455,NO_FACE_DETECTED,0,0.35,TN,No Face Detected by SCRFD
6507,New_Images,009243.jpg,9243,UNRECOGNIZED,0.3101,0.35,TN,CORRECTLY_REJECTED_UNKNOWN
6508,New_Images,009489.jpg,9489,UNRECOGNIZED,0.2855,0.35,TN,CORRECTLY_REJECTED_UNKNOWN
6509,New_Images,008404.jpg,8404,UNRECOGNIZED,0.2506,0.35,TN,CORRECTLY_REJECTED_UNKNOWN
6510,New_Images,006856.jpg,6856,UNRECOGNIZED,0.2303,0.35,TN,CORRECTLY_REJECTED_UNKNOWN
6511,New_Images,005514.jpg,5514,UNRECOGNIZED,0.2344,0.35,TN,CORRECTLY_REJECTED_UNKNOWN
6512,Real Images,003352.jpg,3352,3352,1,0.35,TP,CORRECT_MATCH
6513,Real Images,000567.jpg,567,567,1,0.35,TP,CORRECT_MATCH
6514,New_Images,007213.jpg,7213,NO_FACE_DETECTED,0,0.35,TN,No Face Detected by SCRFD
6515,New_Images,008060.jpg,8060,NO_FACE_DETECTED,0,0.35,TN,No Face Detected by SCRFD
6516,Real Images,003592.jpg,3592,3592,1,0.35,TP,CORRECT_MATCH
6517,Real Images,001718.jpg,1718,1718,1,0.35,TP,CORRECT_MATCH
6518,New_Images,009527.jpg,9527,UNRECOGNIZED,0.2282,0.35,TN,CORRECTLY_REJECTED_UNKNOWN
6519,Real Images,003782.jpg,3782,3782,1,0.35,TP,CORRECT_MATCH
6520,New_Images,008827.jpg,8827,UNRECOGNIZED,0.2582,0.35,TN,CORRECTLY_REJECTED_UNKNOWN
6521,Real Images,000221.jpg,221,221,1,0.35,TP,CORRECT_MATCH
6522,New_Images,009628.jpg,9628,NO_FACE_DETECTED,0,0.35,TN,No Face Detected by SCRFD
6523,New_Images,006289.jpg,6289,NO_FACE_DETECTED,0,0.35,TN,No Face Detected by SCRFD
6524,New_Images,005585.jpg,5585,NO_FACE_DETECTED,0,0.35,TN,No Face Detected by SCRFD
6525,Real Images,001474.jpg,1474,1474,1,0.35,TP,CORRECT_MATCH
6526,New_Images,007671.jpg,7671,UNRECOGNIZED,0.3028,0.35,TN,CORRECTLY_REJECTED_UNKNOWN
6527,Real Images,004852.jpg,4852,4852,1,0.35,TP,CORRECT_MATCH
6528,Real Images,001637.jpg,1637,1637,1,0.35,TP,CORRECT_MATCH
6529,New_Images,007007.jpg,7007,UNRECOGNIZED,0.2414,0.35,TN,CORRECTLY_REJECTED_UNKNOWN
6530,New_Images,008282.jpg,8282,UNRECOGNIZED,0.2576,0.35,TN,CORRECTLY_REJECTED_UNKNOWN
6531,Real Images,002991.jpg,2991,2991,1,0.35,TP,CORRECT_MATCH
6532,Real Images,003219.jpg,3219,3219,1,0.35,TP,CORRECT_MATCH
6533,New_Images,006981.jpg,6981,UNRECOGNIZED,0.2123,0.35,TN,CORRECTLY_REJECTED_UNKNOWN
6534,New_Images,006722.jpg,6722,NO_FACE_DETECTED,0,0.35,TN,No Face Detected by SCRFD
6535,Real Images,003081.jpg,3081,3081,1,0.35,TP,CORRECT_MATCH
6536,Real Images,002670.jpg,2670,2670,1,0.35,TP,CORRECT_MATCH
6537,Real Images,001986.jpg,1986,1986,1,0.35,TP,CORRECT_MATCH
6538,New_Images,006406.jpg,6406,UNRECOGNIZED,0.2022,0.35,TN,CORRECTLY_REJECTED_UNKNOWN
6539,Real Images,004718.jpg,4718,4718,1,0.35,TP,CORRECT_MATCH
6540,New_Images,008979.jpg,8979,UNRECOGNIZED,0.2662,0.35,TN,CORRECTLY_REJECTED_UNKNOWN
6541,New_Images,005185.jpg,5185,NO_FACE_DETECTED,0,0.35,TN,No Face Detected by SCRFD
6542,New_Images,005694.jpg,5694,NO_FACE_DETECTED,0,0.35,TN,No Face Detected by SCRFD
6543,New_Images,006021.jpg,6021,UNRECOGNIZED,0.2311,0.35,TN,CORRECTLY_REJECTED_UNKNOWN
6544,Real Images,002388.jpg,2388,2388,1,0.35,TP,CORRECT_MATCH
6545,New_Images,007633.jpg,7633,UNRECOGNIZED,0.2712,0.35,TN,CORRECTLY_REJECTED_UNKNOWN
6546,New_Images,006709.jpg,6709,UNRECOGNIZED,0.241,0.35,TN,CORRECTLY_REJECTED_UNKNOWN
6547,Real Images,001456.jpg,1456,1456,1,0.35,TP,CORRECT_MATCH
6548,New_Images,008864.jpg,8864,UNRECOGNIZED,0.2463,0.35,TN,CORRECTLY_REJECTED_UNKNOWN
6549,New_Images,007359.jpg,7359,NO_FACE_DETECTED,0,0.35,TN,No Face Detected by SCRFD
6550,Real Images,001646.jpg,1646,1646,1,0.35,TP,CORRECT_MATCH
6551,New_Images,005696.jpg,5696,NO_FACE_DETECTED,0,0.35,TN,No Face Detected by SCRFD
6552,New_Images,008489.jpg,8489,UNRECOGNIZED,0.3094,0.35,TN,CORRECTLY_REJECTED_UNKNOWN
6553,New_Images,007006.jpg,7006,NO_FACE_DETECTED,0,0.35,TN,No Face Detected by SCRFD
6554,New_Images,006998.jpg,6998,UNRECOGNIZED,0.233,0.35,TN,CORRECTLY_REJECTED_UNKNOWN
6555,Real Images,001116.jpg,1116,1116,1,0.35,TP,CORRECT_MATCH
6556,Real Images,004870.jpg,4870,4870,1,0.35,TP,CORRECT_MATCH
6557,New_Images,005334.jpg,5334,4910,0.3833,0.35,FP,MISIDENTIFIED_AS_004910
6558,New_Images,006784.jpg,6784,UNRECOGNIZED,0.2224,0.35,TN,CORRECTLY_REJECTED_UNKNOWN
6559,Real Images,002743.jpg,2743,2743,1,0.35,TP,CORRECT_MATCH
6560,Real Images,003607.jpg,3607,3607,1,0.35,TP,CORRECT_MATCH
6561,Real Images,002700.jpg,2700,2700,1,0.35,TP,CORRECT_MATCH
6562,New_Images,006647.jpg,6647,UNRECOGNIZED,0.2583,0.35,TN,CORRECTLY_REJECTED_UNKNOWN
6563,New_Images,005081.jpg,5081,UNRECOGNIZED,0.223,0.35,TN,CORRECTLY_REJECTED_UNKNOWN
6564,Real Images,002722.jpg,2722,2722,1,0.35,TP,CORRECT_MATCH
6565,New_Images,008846.jpg,8846,NO_FACE_DETECTED,0,0.35,TN,No Face Detected by SCRFD
6566,New_Images,007585.jpg,7585,NO_FACE_DETECTED,0,0.35,TN,No Face Detected by SCRFD
6567,Real Images,002496.jpg,2496,2496,1,0.35,TP,CORRECT_MATCH
6568,New_Images,007098.jpg,7098,UNRECOGNIZED,0.2265,0.35,TN,CORRECTLY_REJECTED_UNKNOWN
6569,New_Images,006781.jpg,6781,UNRECOGNIZED,0.2612,0.35,TN,CORRECTLY_REJECTED_UNKNOWN
6570,New_Images,008985.jpg,8985,NO_FACE_DETECTED,0,0.35,TN,No Face Detected by SCRFD
6571,Real Images,001602.jpg,1602,1602,1,0.35,TP,CORRECT_MATCH
6572,New_Images,005052.jpg,5052,NO_FACE_DETECTED,0,0.35,TN,No Face Detected by SCRFD
6573,Real Images,004865.jpg,4865,4865,1,0.35,TP,CORRECT_MATCH
6574,New_Images,009454.jpg,9454,NO_FACE_DETECTED,0,0.35,TN,No Face Detected by SCRFD
6575,New_Images,007713.jpg,7713,NO_FACE_DETECTED,0,0.35,TN,No Face Detected by SCRFD
6576,New_Images,007411.jpg,7411,UNRECOGNIZED,0.2485,0.35,TN,CORRECTLY_REJECTED_UNKNOWN
6577,Real Images,002021.jpg,2021,2021,1,0.35,TP,CORRECT_MATCH
6578,Real Images,002062.jpg,2062,2062,1,0.35,TP,CORRECT_MATCH
6579,Real Images,002959.jpg,2959,2959,1,0.35,TP,CORRECT_MATCH
6580,New_Images,006708.jpg,6708,NO_FACE_DETECTED,0,0.35,TN,No Face Detected by SCRFD
6581,New_Images,006412.jpg,6412,NO_FACE_DETECTED,0,0.35,TN,No Face Detected by SCRFD
6582,New_Images,007404.jpg,7404,UNRECOGNIZED,0.2213,0.35,TN,CORRECTLY_REJECTED_UNKNOWN
6583,New_Images,007497.jpg,7497,NO_FACE_DETECTED,0,0.35,TN,No Face Detected by SCRFD
6584,Real Images,003450.jpg,3450,3450,1,0.35,TP,CORRECT_MATCH
6585,Real Images,002261.jpg,2261,2261,1,0.35,TP,CORRECT_MATCH
6586,Real Images,003561.jpg,3561,3561,1,0.35,TP,CORRECT_MATCH
6587,Real Images,001370.jpg,1370,1370,1,0.35,TP,CORRECT_MATCH
6588,Real Images,000519.jpg,519,519,1,0.35,TP,CORRECT_MATCH
6589,New_Images,006873.jpg,6873,UNRECOGNIZED,0.3011,0.35,TN,CORRECTLY_REJECTED_UNKNOWN
6590,Real Images,004040.jpg,4040,4040,1,0.35,TP,CORRECT_MATCH
6591,Real Images,002199.jpg,2199,2199,1,0.35,TP,CORRECT_MATCH
6592,Real Images,002467.jpg,2467,2467,1,0.35,TP,CORRECT_MATCH
6593,Real Images,002203.jpg,2203,2203,1,0.35,TP,CORRECT_MATCH
6594,New_Images,007790.jpg,7790,UNRECOGNIZED,0.2627,0.35,TN,CORRECTLY_REJECTED_UNKNOWN
6595,New_Images,008235.jpg,8235,UNRECOGNIZED,0.2269,0.35,TN,CORRECTLY_REJECTED_UNKNOWN
6596,New_Images,006899.jpg,6899,UNRECOGNIZED,0.2377,0.35,TN,CORRECTLY_REJECTED_UNKNOWN
6597,New_Images,005615.jpg,5615,UNRECOGNIZED,0.2706,0.35,TN,CORRECTLY_REJECTED_UNKNOWN
6598,New_Images,009166.jpg,9166,UNRECOGNIZED,0.3159,0.35,TN,CORRECTLY_REJECTED_UNKNOWN
6599,Real Images,004269.jpg,4269,4269,1,0.35,TP,CORRECT_MATCH
6600,Real Images,004686.jpg,4686,4686,1,0.35,TP,CORRECT_MATCH
6601,New_Images,009135.jpg,9135,NO_FACE_DETECTED,0,0.35,TN,No Face Detected by SCRFD
6602,New_Images,008550.jpg,8550,NO_FACE_DETECTED,0,0.35,TN,No Face Detected by SCRFD
6603,New_Images,005938.jpg,5938,UNRECOGNIZED,0.2879,0.35,TN,CORRECTLY_REJECTED_UNKNOWN
6604,New_Images,008346.jpg,8346,NO_FACE_DETECTED,0,0.35,TN,No Face Detected by SCRFD
6605,New_Images,008003.jpg,8003,UNRECOGNIZED,0.216,0.35,TN,CORRECTLY_REJECTED_UNKNOWN
6606,New_Images,008428.jpg,8428,UNRECOGNIZED,0.2649,0.35,TN,CORRECTLY_REJECTED_UNKNOWN
6607,Real Images,003390.jpg,3390,3390,1,0.35,TP,CORRECT_MATCH
6608,Real Images,002391.jpg,2391,2391,1,0.35,TP,CORRECT_MATCH
6609,Real Images,000102.jpg,102,102,1,0.35,TP,CORRECT_MATCH
6610,New_Images,009611.jpg,9611,NO_FACE_DETECTED,0,0.35,TN,No Face Detected by SCRFD
6611,Real Images,002658.jpg,2658,2658,1,0.35,TP,CORRECT_MATCH
6612,New_Images,006427.jpg,6427,UNRECOGNIZED,0.2168,0.35,TN,CORRECTLY_REJECTED_UNKNOWN
6613,Real Images,004900.jpg,4900,4900,1,0.35,TP,CORRECT_MATCH
6614,Real Images,004891.jpg,4891,4891,1,0.35,TP,CORRECT_MATCH
6615,Real Images,000763.jpg,763,763,1,0.35,TP,CORRECT_MATCH
6616,Real Images,004541.jpg,4541,4541,1,0.35,TP,CORRECT_MATCH
6617,Real Images,002900.jpg,2900,2900,1,0.35,TP,CORRECT_MATCH
6618,Real Images,000735.jpg,735,735,1,0.35,TP,CORRECT_MATCH
6619,New_Images,007786.jpg,7786,UNRECOGNIZED,0.2403,0.35,TN,CORRECTLY_REJECTED_UNKNOWN
6620,Real Images,000847.jpg,847,847,1,0.35,TP,CORRECT_MATCH
6621,Real Images,003343.jpg,3343,3343,1,0.35,TP,CORRECT_MATCH
6622,Real Images,004198.jpg,4198,4198,1,0.35,TP,CORRECT_MATCH
6623,Real Images,004545.jpg,4545,4545,1,0.35,TP,CORRECT_MATCH
6624,New_Images,009436.jpg,9436,NO_FACE_DETECTED,0,0.35,TN,No Face Detected by SCRFD
6625,Real Images,003677.jpg,3677,3677,1,0.35,TP,CORRECT_MATCH
6626,New_Images,007575.jpg,7575,NO_FACE_DETECTED,0,0.35,TN,No Face Detected by SCRFD
6627,New_Images,009618.jpg,9618,UNRECOGNIZED,0.2197,0.35,TN,CORRECTLY_REJECTED_UNKNOWN
6628,New_Images,008204.jpg,8204,NO_FACE_DETECTED,0,0.35,TN,No Face Detected by SCRFD
6629,Real Images,001086.jpg,1086,1086,1,0.35,TP,CORRECT_MATCH
6630,Real Images,000838.jpg,838,838,1,0.35,TP,CORRECT_MATCH
6631,Real Images,002210.jpg,2210,2210,1,0.35,TP,CORRECT_MATCH
6632,New_Images,006237.jpg,6237,NO_FACE_DETECTED,0,0.35,TN,No Face Detected by SCRFD
6633,Real Images,002949.jpg,2949,2949,1,0.35,TP,CORRECT_MATCH
6634,Real Images,003644.jpg,3644,3644,1,0.35,TP,CORRECT_MATCH
6635,Real Images,002526.jpg,2526,2526,1,0.35,TP,CORRECT_MATCH
6636,New_Images,007327.jpg,7327,NO_FACE_DETECTED,0,0.35,TN,No Face Detected by SCRFD
6637,Real Images,000750.jpg,750,750,1,0.35,TP,CORRECT_MATCH
6638,Real Images,000873.jpg,873,873,1,0.35,TP,CORRECT_MATCH
6639,New_Images,008046.jpg,8046,UNRECOGNIZED,0.2139,0.35,TN,CORRECTLY_REJECTED_UNKNOWN
6640,New_Images,008765.jpg,8765,UNRECOGNIZED,0.2417,0.35,TN,CORRECTLY_REJECTED_UNKNOWN
6641,Real Images,003192.jpg,3192,3192,1,0.35,TP,CORRECT_MATCH
6642,New_Images,006696.jpg,6696,UNRECOGNIZED,0.2446,0.35,TN,CORRECTLY_REJECTED_UNKNOWN
6643,New_Images,007996.jpg,7996,NO_FACE_DETECTED,0,0.35,TN,No Face Detected by SCRFD
6644,New_Images,005193.jpg,5193,UNRECOGNIZED,0.2064,0.35,TN,CORRECTLY_REJECTED_UNKNOWN
6645,New_Images,008237.jpg,8237,NO_FACE_DETECTED,0,0.35,TN,No Face Detected by SCRFD
6646,New_Images,005831.jpg,5831,UNRECOGNIZED,0.2497,0.35,TN,CORRECTLY_REJECTED_UNKNOWN
6647,Real Images,003113.jpg,3113,3113,1,0.35,TP,CORRECT_MATCH
6648,New_Images,008092.jpg,8092,UNRECOGNIZED,0.2729,0.35,TN,CORRECTLY_REJECTED_UNKNOWN
6649,Real Images,002196.jpg,2196,2196,1,0.35,TP,CORRECT_MATCH
6650,New_Images,008275.jpg,8275,UNRECOGNIZED,0.2489,0.35,TN,CORRECTLY_REJECTED_UNKNOWN
6651,New_Images,007557.jpg,7557,UNRECOGNIZED,0.2394,0.35,TN,CORRECTLY_REJECTED_UNKNOWN
6652,New_Images,005842.jpg,5842,UNRECOGNIZED,0.2346,0.35,TN,CORRECTLY_REJECTED_UNKNOWN
6653,Real Images,002019.jpg,2019,2019,1,0.35,TP,CORRECT_MATCH
6654,New_Images,009582.jpg,9582,UNRECOGNIZED,0.2239,0.35,TN,CORRECTLY_REJECTED_UNKNOWN
6655,New_Images,008311.jpg,8311,UNRECOGNIZED,0.2537,0.35,TN,CORRECTLY_REJECTED_UNKNOWN
6656,New_Images,009193.jpg,9193,UNRECOGNIZED,0.2527,0.35,TN,CORRECTLY_REJECTED_UNKNOWN
6657,New_Images,008714.jpg,8714,UNRECOGNIZED,0.2125,0.35,TN,CORRECTLY_REJECTED_UNKNOWN
6658,Real Images,000703.jpg,703,703,1,0.35,TP,CORRECT_MATCH
6659,Real Images,003114.jpg,3114,3114,1,0.35,TP,CORRECT_MATCH
6660,New_Images,005413.jpg,5413,NO_FACE_DETECTED,0,0.35,TN,No Face Detected by SCRFD
6661,Real Images,004800.jpg,4800,4800,1,0.35,TP,CORRECT_MATCH
6662,New_Images,008738.jpg,8738,NO_FACE_DETECTED,0,0.35,TN,No Face Detected by SCRFD
6663,Real Images,001522.jpg,1522,1522,1,0.35,TP,CORRECT_MATCH
6664,Real Images,003538.jpg,3538,3538,1,0.35,TP,CORRECT_MATCH
6665,Real Images,003076.jpg,3076,3076,1,0.35,TP,CORRECT_MATCH
6666,New_Images,008921.jpg,8921,UNRECOGNIZED,0.2318,0.35,TN,CORRECTLY_REJECTED_UNKNOWN
6667,Real Images,002915.jpg,2915,2915,1,0.35,TP,CORRECT_MATCH
6668,New_Images,008315.jpg,8315,2581,0.3617,0.35,FP,MISIDENTIFIED_AS_002581
6669,Real Images,004020.jpg,4020,4020,1,0.35,TP,CORRECT_MATCH
6670,Real Images,003691.jpg,3691,3691,1,0.35,TP,CORRECT_MATCH
6671,New_Images,006419.jpg,6419,UNRECOGNIZED,0.2088,0.35,TN,CORRECTLY_REJECTED_UNKNOWN
6672,Real Images,002240.jpg,2240,2240,1,0.35,TP,CORRECT_MATCH
6673,New_Images,005195.jpg,5195,NO_FACE_DETECTED,0,0.35,TN,No Face Detected by SCRFD
6674,Real Images,000243.jpg,243,243,1,0.35,TP,CORRECT_MATCH
6675,Real Images,002674.jpg,2674,2674,1,0.35,TP,CORRECT_MATCH
6676,New_Images,006337.jpg,6337,UNRECOGNIZED,0.2595,0.35,TN,CORRECTLY_REJECTED_UNKNOWN
6677,New_Images,007584.jpg,7584,UNRECOGNIZED,0.2208,0.35,TN,CORRECTLY_REJECTED_UNKNOWN
6678,Real Images,004880.jpg,4880,4880,1,0.35,TP,CORRECT_MATCH
6679,New_Images,005029.jpg,5029,UNRECOGNIZED,0.2504,0.35,TN,CORRECTLY_REJECTED_UNKNOWN
6680,New_Images,007099.jpg,7099,UNRECOGNIZED,0.2074,0.35,TN,CORRECTLY_REJECTED_UNKNOWN
6681,New_Images,007697.jpg,7697,UNRECOGNIZED,0.2417,0.35,TN,CORRECTLY_REJECTED_UNKNOWN
6682,Real Images,002791.jpg,2791,2791,1,0.35,TP,CORRECT_MATCH
6683,Real Images,000623.jpg,623,623,1,0.35,TP,CORRECT_MATCH
6684,Real Images,001902.jpg,1902,1902,1,0.35,TP,CORRECT_MATCH
6685,Real Images,003581.jpg,3581,3581,1,0.35,TP,CORRECT_MATCH
6686,Real Images,000801.jpg,801,801,1,0.35,TP,CORRECT_MATCH
6687,Real Images,000440.jpg,440,440,1,0.35,TP,CORRECT_MATCH
6688,Real Images,002834.jpg,2834,2834,1,0.35,TP,CORRECT_MATCH
6689,New_Images,006107.jpg,6107,UNRECOGNIZED,0.2498,0.35,TN,CORRECTLY_REJECTED_UNKNOWN
6690,New_Images,008821.jpg,8821,NO_FACE_DETECTED,0,0.35,TN,No Face Detected by SCRFD
6691,Real Images,000643.jpg,643,643,1,0.35,TP,CORRECT_MATCH
6692,New_Images,005933.jpg,5933,NO_FACE_DETECTED,0,0.35,TN,No Face Detected by SCRFD
6693,New_Images,005647.jpg,5647,NO_FACE_DETECTED,0,0.35,TN,No Face Detected by SCRFD
6694,New_Images,008368.jpg,8368,UNRECOGNIZED,0.2662,0.35,TN,CORRECTLY_REJECTED_UNKNOWN
6695,New_Images,006837.jpg,6837,NO_FACE_DETECTED,0,0.35,TN,No Face Detected by SCRFD
6696,New_Images,006060.jpg,6060,NO_FACE_DETECTED,0,0.35,TN,No Face Detected by SCRFD
6697,New_Images,006190.jpg,6190,UNRECOGNIZED,0.329,0.35,TN,CORRECTLY_REJECTED_UNKNOWN
6698,Real Images,003145.jpg,3145,3145,1,0.35,TP,CORRECT_MATCH
6699,Real Images,002718.jpg,2718,2718,1,0.35,TP,CORRECT_MATCH
6700,Real Images,004429.jpg,4429,4429,1,0.35,TP,CORRECT_MATCH
6701,New_Images,008695.jpg,8695,UNRECOGNIZED,0.2545,0.35,TN,CORRECTLY_REJECTED_UNKNOWN
6702,Real Images,003188.jpg,3188,3188,1,0.35,TP,CORRECT_MATCH
6703,Real Images,004643.jpg,4643,4643,1,0.35,TP,CORRECT_MATCH
6704,Real Images,001970.jpg,1970,1970,1,0.35,TP,CORRECT_MATCH
6705,New_Images,007129.jpg,7129,UNRECOGNIZED,0.2518,0.35,TN,CORRECTLY_REJECTED_UNKNOWN
6706,New_Images,008865.jpg,8865,NO_FACE_DETECTED,0,0.35,TN,No Face Detected by SCRFD
6707,New_Images,007507.jpg,7507,UNRECOGNIZED,0.272,0.35,TN,CORRECTLY_REJECTED_UNKNOWN
6708,Real Images,000631.jpg,631,631,1,0.35,TP,CORRECT_MATCH
6709,New_Images,007977.jpg,7977,NO_FACE_DETECTED,0,0.35,TN,No Face Detected by SCRFD
6710,New_Images,005839.jpg,5839,UNRECOGNIZED,0.2555,0.35,TN,CORRECTLY_REJECTED_UNKNOWN
6711,New_Images,006163.jpg,6163,UNRECOGNIZED,0.257,0.35,TN,CORRECTLY_REJECTED_UNKNOWN
6712,New_Images,007536.jpg,7536,UNRECOGNIZED,0.2621,0.35,TN,CORRECTLY_REJECTED_UNKNOWN
6713,New_Images,009506.jpg,9506,NO_FACE_DETECTED,0,0.35,TN,No Face Detected by SCRFD
6714,New_Images,008429.jpg,8429,UNRECOGNIZED,0.2468,0.35,TN,CORRECTLY_REJECTED_UNKNOWN
6715,New_Images,006801.jpg,6801,UNRECOGNIZED,0.291,0.35,TN,CORRECTLY_REJECTED_UNKNOWN
6716,Real Images,002577.jpg,2577,2577,1,0.35,TP,CORRECT_MATCH
6717,Real Images,001470.jpg,1470,1470,1,0.35,TP,CORRECT_MATCH
6718,Real Images,000270.jpg,270,270,1,0.35,TP,CORRECT_MATCH
6719,New_Images,005392.jpg,5392,NO_FACE_DETECTED,0,0.35,TN,No Face Detected by SCRFD
6720,New_Images,009302.jpg,9302,UNRECOGNIZED,0.2544,0.35,TN,CORRECTLY_REJECTED_UNKNOWN
6721,New_Images,007975.jpg,7975,UNRECOGNIZED,0.2301,0.35,TN,CORRECTLY_REJECTED_UNKNOWN
6722,New_Images,009407.jpg,9407,UNRECOGNIZED,0.2237,0.35,TN,CORRECTLY_REJECTED_UNKNOWN
6723,New_Images,005607.jpg,5607,UNRECOGNIZED,0.2721,0.35,TN,CORRECTLY_REJECTED_UNKNOWN
6724,New_Images,009346.jpg,9346,UNRECOGNIZED,0.2895,0.35,TN,CORRECTLY_REJECTED_UNKNOWN
6725,Real Images,000382.jpg,382,382,1,0.35,TP,CORRECT_MATCH
6726,Real Images,002221.jpg,2221,2221,1,0.35,TP,CORRECT_MATCH
6727,Real Images,003896.jpg,3896,3896,1,0.35,TP,CORRECT_MATCH
6728,Real Images,004644.jpg,4644,4644,1,0.35,TP,CORRECT_MATCH
6729,New_Images,005672.jpg,5672,NO_FACE_DETECTED,0,0.35,TN,No Face Detected by SCRFD
6730,Real Images,001732.jpg,1732,1732,1,0.35,TP,CORRECT_MATCH
6731,New_Images,008420.jpg,8420,NO_FACE_DETECTED,0,0.35,TN,No Face Detected by SCRFD
6732,Real Images,000349.jpg,349,349,1,0.35,TP,CORRECT_MATCH
6733,New_Images,007164.jpg,7164,UNRECOGNIZED,0.2293,0.35,TN,CORRECTLY_REJECTED_UNKNOWN
6734,New_Images,007235.jpg,7235,UNRECOGNIZED,0.2599,0.35,TN,CORRECTLY_REJECTED_UNKNOWN
6735,Real Images,004636.jpg,4636,4636,1,0.35,TP,CORRECT_MATCH
6736,New_Images,009336.jpg,9336,UNRECOGNIZED,0.2925,0.35,TN,CORRECTLY_REJECTED_UNKNOWN
6737,New_Images,006426.jpg,6426,UNRECOGNIZED,0.2943,0.35,TN,CORRECTLY_REJECTED_UNKNOWN
6738,New_Images,005284.jpg,5284,UNRECOGNIZED,0.2173,0.35,TN,CORRECTLY_REJECTED_UNKNOWN
6739,Real Images,003555.jpg,3555,3555,1,0.35,TP,CORRECT_MATCH
6740,New_Images,008070.jpg,8070,NO_FACE_DETECTED,0,0.35,TN,No Face Detected by SCRFD
6741,Real Images,000678.jpg,678,678,1,0.35,TP,CORRECT_MATCH
6742,New_Images,009476.jpg,9476,NO_FACE_DETECTED,0,0.35,TN,No Face Detected by SCRFD
6743,New_Images,005758.jpg,5758,NO_FACE_DETECTED,0,0.35,TN,No Face Detected by SCRFD
6744,Real Images,000078.jpg,78,78,1,0.35,TP,CORRECT_MATCH
6745,New_Images,005217.jpg,5217,UNRECOGNIZED,0.2246,0.35,TN,CORRECTLY_REJECTED_UNKNOWN
6746,Real Images,000460.jpg,460,460,1,0.35,TP,CORRECT_MATCH
6747,New_Images,009437.jpg,9437,UNRECOGNIZED,0.2322,0.35,TN,CORRECTLY_REJECTED_UNKNOWN
6748,Real Images,004528.jpg,4528,4528,1,0.35,TP,CORRECT_MATCH
6749,New_Images,006936.jpg,6936,UNRECOGNIZED,0.2329,0.35,TN,CORRECTLY_REJECTED_UNKNOWN
6750,Real Images,003107.jpg,3107,3107,1,0.35,TP,CORRECT_MATCH
6751,Real Images,003321.jpg,3321,3321,1,0.35,TP,CORRECT_MATCH
6752,New_Images,008813.jpg,8813,UNRECOGNIZED,0.2611,0.35,TN,CORRECTLY_REJECTED_UNKNOWN
6753,New_Images,008993.jpg,8993,UNRECOGNIZED,0.2141,0.35,TN,CORRECTLY_REJECTED_UNKNOWN
6754,New_Images,006223.jpg,6223,UNRECOGNIZED,0.2804,0.35,TN,CORRECTLY_REJECTED_UNKNOWN
6755,New_Images,005324.jpg,5324,4030,0.3598,0.35,FP,MISIDENTIFIED_AS_004030
6756,New_Images,009048.jpg,9048,NO_FACE_DETECTED,0,0.35,TN,No Face Detected by SCRFD
6757,Real Images,000661.jpg,661,661,1,0.35,TP,CORRECT_MATCH
6758,New_Images,005604.jpg,5604,UNRECOGNIZED,0.2764,0.35,TN,CORRECTLY_REJECTED_UNKNOWN
6759,New_Images,007889.jpg,7889,UNRECOGNIZED,0.285,0.35,TN,CORRECTLY_REJECTED_UNKNOWN
6760,Real Images,001851.jpg,1851,1851,1,0.35,TP,CORRECT_MATCH
6761,New_Images,005712.jpg,5712,UNRECOGNIZED,0.2518,0.35,TN,CORRECTLY_REJECTED_UNKNOWN
6762,Real Images,001993.jpg,1993,1993,1,0.35,TP,CORRECT_MATCH
6763,Real Images,004629.jpg,4629,4629,1,0.35,TP,CORRECT_MATCH
6764,Real Images,003761.jpg,3761,3761,1,0.35,TP,CORRECT_MATCH
6765,New_Images,007662.jpg,7662,NO_FACE_DETECTED,0,0.35,TN,No Face Detected by SCRFD
6766,Real Images,003057.jpg,3057,3057,1,0.35,TP,CORRECT_MATCH
6767,New_Images,006947.jpg,6947,UNRECOGNIZED,0.2335,0.35,TN,CORRECTLY_REJECTED_UNKNOWN
6768,Real Images,003252.jpg,3252,3252,1,0.35,TP,CORRECT_MATCH
6769,New_Images,006840.jpg,6840,NO_FACE_DETECTED,0,0.35,TN,No Face Detected by SCRFD
6770,Real Images,002190.jpg,2190,2190,1,0.35,TP,CORRECT_MATCH
6771,Real Images,002904.jpg,2904,2904,1,0.35,TP,CORRECT_MATCH
6772,New_Images,009095.jpg,9095,UNRECOGNIZED,0.311,0.35,TN,CORRECTLY_REJECTED_UNKNOWN
6773,New_Images,008474.jpg,8474,UNRECOGNIZED,0.2604,0.35,TN,CORRECTLY_REJECTED_UNKNOWN
6774,Real Images,004313.jpg,4313,4313,1,0.35,TP,CORRECT_MATCH
6775,New_Images,005078.jpg,5078,UNRECOGNIZED,0.2305,0.35,TN,CORRECTLY_REJECTED_UNKNOWN
6776,Real Images,001573.jpg,1573,1573,1,0.35,TP,CORRECT_MATCH
6777,New_Images,006968.jpg,6968,UNRECOGNIZED,0.2361,0.35,TN,CORRECTLY_REJECTED_UNKNOWN
6778,Real Images,001220.jpg,1220,1220,1,0.35,TP,CORRECT_MATCH
6779,New_Images,007274.jpg,7274,NO_FACE_DETECTED,0,0.35,TN,No Face Detected by SCRFD
6780,Real Images,000790.jpg,790,790,1,0.35,TP,CORRECT_MATCH
6781,Real Images,000877.jpg,877,877,1,0.35,TP,CORRECT_MATCH
6782,Real Images,001469.jpg,1469,1469,1,0.35,TP,CORRECT_MATCH
6783,New_Images,006605.jpg,6605,NO_FACE_DETECTED,0,0.35,TN,No Face Detected by SCRFD
6784,New_Images,007933.jpg,7933,UNRECOGNIZED,0.245,0.35,TN,CORRECTLY_REJECTED_UNKNOWN
6785,New_Images,005522.jpg,5522,UNRECOGNIZED,0.2398,0.35,TN,CORRECTLY_REJECTED_UNKNOWN
6786,New_Images,005717.jpg,5717,NO_FACE_DETECTED,0,0.35,TN,No Face Detected by SCRFD
6787,New_Images,006662.jpg,6662,UNRECOGNIZED,0.2117,0.35,TN,CORRECTLY_REJECTED_UNKNOWN
6788,New_Images,009295.jpg,9295,NO_FACE_DETECTED,0,0.35,TN,No Face Detected by SCRFD
6789,Real Images,000141.jpg,141,141,1,0.35,TP,CORRECT_MATCH
6790,Real Images,002349.jpg,2349,2349,1,0.35,TP,CORRECT_MATCH
6791,Real Images,004389.jpg,4389,4389,1,0.35,TP,CORRECT_MATCH
6792,Real Images,002251.jpg,2251,2251,1,0.35,TP,CORRECT_MATCH
6793,New_Images,005917.jpg,5917,UNRECOGNIZED,0.2139,0.35,TN,CORRECTLY_REJECTED_UNKNOWN
6794,Real Images,004337.jpg,4337,4337,1,0.35,TP,CORRECT_MATCH
6795,Real Images,000138.jpg,138,138,1,0.35,TP,CORRECT_MATCH
6796,Real Images,000098.jpg,98,98,1,0.35,TP,CORRECT_MATCH
6797,Real Images,003370.jpg,3370,3370,1,0.35,TP,CORRECT_MATCH
6798,New_Images,007872.jpg,7872,UNRECOGNIZED,0.2305,0.35,TN,CORRECTLY_REJECTED_UNKNOWN
6799,Real Images,004360.jpg,4360,4360,1,0.35,TP,CORRECT_MATCH
6800,Real Images,000055.jpg,55,55,1,0.35,TP,CORRECT_MATCH
6801,New_Images,009271.jpg,9271,UNRECOGNIZED,0.2629,0.35,TN,CORRECTLY_REJECTED_UNKNOWN
6802,Real Images,003997.jpg,3997,3997,1,0.35,TP,CORRECT_MATCH
6803,New_Images,008438.jpg,8438,UNRECOGNIZED,0.2607,0.35,TN,CORRECTLY_REJECTED_UNKNOWN
6804,Real Images,003959.jpg,3959,3959,1,0.35,TP,CORRECT_MATCH
6805,New_Images,007510.jpg,7510,UNRECOGNIZED,0.2815,0.35,TN,CORRECTLY_REJECTED_UNKNOWN
6806,New_Images,005463.jpg,5463,UNRECOGNIZED,0.2436,0.35,TN,CORRECTLY_REJECTED_UNKNOWN
6807,New_Images,007799.jpg,7799,UNRECOGNIZED,0.3337,0.35,TN,CORRECTLY_REJECTED_UNKNOWN
6808,New_Images,008616.jpg,8616,NO_FACE_DETECTED,0,0.35,TN,No Face Detected by SCRFD
6809,Real Images,000496.jpg,496,496,1,0.35,TP,CORRECT_MATCH
6810,New_Images,009240.jpg,9240,UNRECOGNIZED,0.2865,0.35,TN,CORRECTLY_REJECTED_UNKNOWN
6811,Real Images,003736.jpg,3736,3736,1,0.35,TP,CORRECT_MATCH
6812,Real Images,004143.jpg,4143,4143,1,0.35,TP,CORRECT_MATCH
6813,Real Images,001792.jpg,1792,1792,1,0.35,TP,CORRECT_MATCH
6814,Real Images,000075.jpg,75,75,1,0.35,TP,CORRECT_MATCH
6815,Real Images,001238.jpg,1238,1238,1,0.35,TP,CORRECT_MATCH
6816,New_Images,008435.jpg,8435,NO_FACE_DETECTED,0,0.35,TN,No Face Detected by SCRFD
6817,Real Images,000557.jpg,557,557,1,0.35,TP,CORRECT_MATCH
6818,Real Images,001896.jpg,1896,1896,1,0.35,TP,CORRECT_MATCH
6819,New_Images,005167.jpg,5167,NO_FACE_DETECTED,0,0.35,TN,No Face Detected by SCRFD
6820,New_Images,007328.jpg,7328,UNRECOGNIZED,0.2443,0.35,TN,CORRECTLY_REJECTED_UNKNOWN
6821,Real Images,003379.jpg,3379,3379,1,0.35,TP,CORRECT_MATCH
6822,Real Images,000053.jpg,53,53,1,0.35,TP,CORRECT_MATCH
6823,New_Images,007553.jpg,7553,UNRECOGNIZED,0.2104,0.35,TN,CORRECTLY_REJECTED_UNKNOWN
6824,Real Images,000398.jpg,398,398,1,0.35,TP,CORRECT_MATCH
6825,New_Images,008050.jpg,8050,NO_FACE_DETECTED,0,0.35,TN,No Face Detected by SCRFD
6826,New_Images,006702.jpg,6702,NO_FACE_DETECTED,0,0.35,TN,No Face Detected by SCRFD
6827,Real Images,000609.jpg,609,609,1,0.35,TP,CORRECT_MATCH
6828,Real Images,000278.jpg,278,278,1,0.35,TP,CORRECT_MATCH
6829,Real Images,004293.jpg,4293,4293,1,0.35,TP,CORRECT_MATCH
6830,Real Images,000482.jpg,482,482,1,0.35,TP,CORRECT_MATCH
6831,New_Images,005258.jpg,5258,NO_FACE_DETECTED,0,0.35,TN,No Face Detected by SCRFD
6832,New_Images,007809.jpg,7809,NO_FACE_DETECTED,0,0.35,TN,No Face Detected by SCRFD
6833,Real Images,001508.jpg,1508,1508,1,0.35,TP,CORRECT_MATCH
6834,New_Images,009314.jpg,9314,NO_FACE_DETECTED,0,0.35,TN,No Face Detected by SCRFD
6835,New_Images,008412.jpg,8412,NO_FACE_DETECTED,0,0.35,TN,No Face Detected by SCRFD
6836,New_Images,005901.jpg,5901,UNRECOGNIZED,0.2235,0.35,TN,CORRECTLY_REJECTED_UNKNOWN
6837,New_Images,009199.jpg,9199,UNRECOGNIZED,0.2273,0.35,TN,CORRECTLY_REJECTED_UNKNOWN
6838,Real Images,001387.jpg,1387,1387,1,0.35,TP,CORRECT_MATCH
6839,New_Images,008988.jpg,8988,UNRECOGNIZED,0.3071,0.35,TN,CORRECTLY_REJECTED_UNKNOWN
6840,New_Images,008694.jpg,8694,NO_FACE_DETECTED,0,0.35,TN,No Face Detected by SCRFD
6841,New_Images,006003.jpg,6003,UNRECOGNIZED,0.2459,0.35,TN,CORRECTLY_REJECTED_UNKNOWN
6842,Real Images,001379.jpg,1379,1379,1,0.35,TP,CORRECT_MATCH
6843,Real Images,003776.jpg,3776,3776,1,0.35,TP,CORRECT_MATCH
6844,Real Images,004019.jpg,4019,4019,1,0.35,TP,CORRECT_MATCH
6845,New_Images,006059.jpg,6059,UNRECOGNIZED,0.25,0.35,TN,CORRECTLY_REJECTED_UNKNOWN
6846,New_Images,005257.jpg,5257,UNRECOGNIZED,0.2952,0.35,TN,CORRECTLY_REJECTED_UNKNOWN
6847,New_Images,008778.jpg,8778,NO_FACE_DETECTED,0,0.35,TN,No Face Detected by SCRFD
6848,New_Images,009321.jpg,9321,UNRECOGNIZED,0.2375,0.35,TN,CORRECTLY_REJECTED_UNKNOWN
6849,New_Images,008436.jpg,8436,UNRECOGNIZED,0.2232,0.35,TN,CORRECTLY_REJECTED_UNKNOWN
6850,New_Images,006254.jpg,6254,UNRECOGNIZED,0.2428,0.35,TN,CORRECTLY_REJECTED_UNKNOWN
6851,Real Images,002109.jpg,2109,2109,1,0.35,TP,CORRECT_MATCH
6852,New_Images,007696.jpg,7696,UNRECOGNIZED,0.252,0.35,TN,CORRECTLY_REJECTED_UNKNOWN
6853,New_Images,005611.jpg,5611,NO_FACE_DETECTED,0,0.35,TN,No Face Detected by SCRFD
6854,New_Images,005363.jpg,5363,UNRECOGNIZED,0.2573,0.35,TN,CORRECTLY_REJECTED_UNKNOWN
6855,Real Images,004511.jpg,4511,4511,1,0.35,TP,CORRECT_MATCH
6856,Real Images,004091.jpg,4091,4091,1,0.35,TP,CORRECT_MATCH
6857,Real Images,002014.jpg,2014,2014,1,0.35,TP,CORRECT_MATCH
6858,New_Images,006827.jpg,6827,NO_FACE_DETECTED,0,0.35,TN,No Face Detected by SCRFD
6859,Real Images,004668.jpg,4668,4668,1,0.35,TP,CORRECT_MATCH
6860,New_Images,009374.jpg,9374,UNRECOGNIZED,0.2436,0.35,TN,CORRECTLY_REJECTED_UNKNOWN
6861,Real Images,001885.jpg,1885,1885,1,0.35,TP,CORRECT_MATCH
6862,Real Images,002703.jpg,2703,2703,1,0.35,TP,CORRECT_MATCH
6863,Real Images,001608.jpg,1608,1608,1,0.35,TP,CORRECT_MATCH
6864,Real Images,001249.jpg,1249,1249,1,0.35,TP,CORRECT_MATCH
6865,Real Images,002419.jpg,2419,2419,1,0.35,TP,CORRECT_MATCH
6866,Real Images,003421.jpg,3421,3421,1,0.35,TP,CORRECT_MATCH
6867,New_Images,005899.jpg,5899,UNRECOGNIZED,0.2553,0.35,TN,CORRECTLY_REJECTED_UNKNOWN
6868,Real Images,004745.jpg,4745,4745,1,0.35,TP,CORRECT_MATCH
6869,Real Images,004785.jpg,4785,4785,1,0.35,TP,CORRECT_MATCH
6870,New_Images,007559.jpg,7559,UNRECOGNIZED,0.275,0.35,TN,CORRECTLY_REJECTED_UNKNOWN
6871,New_Images,007298.jpg,7298,UNRECOGNIZED,0.2495,0.35,TN,CORRECTLY_REJECTED_UNKNOWN
6872,New_Images,008628.jpg,8628,1733,0.3537,0.35,FP,MISIDENTIFIED_AS_001733
6873,Real Images,001196.jpg,1196,1196,1,0.35,TP,CORRECT_MATCH
6874,New_Images,006073.jpg,6073,UNRECOGNIZED,0.2435,0.35,TN,CORRECTLY_REJECTED_UNKNOWN
6875,Real Images,001813.jpg,1813,1813,1,0.35,TP,CORRECT_MATCH
6876,Real Images,004609.jpg,4609,4609,1,0.35,TP,CORRECT_MATCH
6877,Real Images,000375.jpg,375,375,1,0.35,TP,CORRECT_MATCH
6878,Real Images,003391.jpg,3391,3391,1,0.35,TP,CORRECT_MATCH
6879,Real Images,002564.jpg,2564,2564,1,0.35,TP,CORRECT_MATCH
6880,Real Images,003037.jpg,3037,3037,1,0.35,TP,CORRECT_MATCH
6881,Real Images,001665.jpg,1665,1665,1,0.35,TP,CORRECT_MATCH
6882,Real Images,002624.jpg,2624,2624,1,0.35,TP,CORRECT_MATCH
6883,New_Images,006880.jpg,6880,NO_FACE_DETECTED,0,0.35,TN,No Face Detected by SCRFD
6884,New_Images,006928.jpg,6928,UNRECOGNIZED,0.245,0.35,TN,CORRECTLY_REJECTED_UNKNOWN
6885,New_Images,008561.jpg,8561,NO_FACE_DETECTED,0,0.35,TN,No Face Detected by SCRFD
6886,New_Images,005919.jpg,5919,NO_FACE_DETECTED,0,0.35,TN,No Face Detected by SCRFD
6887,New_Images,006577.jpg,6577,UNRECOGNIZED,0.233,0.35,TN,CORRECTLY_REJECTED_UNKNOWN
6888,Real Images,000808.jpg,808,808,1,0.35,TP,CORRECT_MATCH
6889,New_Images,008522.jpg,8522,NO_FACE_DETECTED,0,0.35,TN,No Face Detected by SCRFD
6890,New_Images,009412.jpg,9412,NO_FACE_DETECTED,0,0.35,TN,No Face Detected by SCRFD
6891,Real Images,004201.jpg,4201,4201,1,0.35,TP,CORRECT_MATCH
6892,Real Images,002947.jpg,2947,2947,1,0.35,TP,CORRECT_MATCH
6893,New_Images,007216.jpg,7216,UNRECOGNIZED,0.229,0.35,TN,CORRECTLY_REJECTED_UNKNOWN
6894,Real Images,002527.jpg,2527,2527,1,0.35,TP,CORRECT_MATCH
6895,Real Images,002944.jpg,2944,2944,1,0.35,TP,CORRECT_MATCH
6896,New_Images,008392.jpg,8392,UNRECOGNIZED,0.2742,0.35,TN,CORRECTLY_REJECTED_UNKNOWN
6897,New_Images,009248.jpg,9248,UNRECOGNIZED,0.2799,0.35,TN,CORRECTLY_REJECTED_UNKNOWN
6898,Real Images,003820.jpg,3820,3820,1,0.35,TP,CORRECT_MATCH
6899,Real Images,003119.jpg,3119,3119,1,0.35,TP,CORRECT_MATCH
6900,Real Images,002319.jpg,2319,2319,1,0.35,TP,CORRECT_MATCH
6901,New_Images,006354.jpg,6354,NO_FACE_DETECTED,0,0.35,TN,No Face Detected by SCRFD
6902,New_Images,008799.jpg,8799,NO_FACE_DETECTED,0,0.35,TN,No Face Detected by SCRFD
6903,Real Images,004523.jpg,4523,4523,1,0.35,TP,CORRECT_MATCH
6904,New_Images,008497.jpg,8497,NO_FACE_DETECTED,0,0.35,TN,No Face Detected by SCRFD
6905,New_Images,009011.jpg,9011,UNRECOGNIZED,0.2391,0.35,TN,CORRECTLY_REJECTED_UNKNOWN
6906,Real Images,001676.jpg,1676,1676,1,0.35,TP,CORRECT_MATCH
6907,New_Images,007163.jpg,7163,UNRECOGNIZED,0.2245,0.35,TN,CORRECTLY_REJECTED_UNKNOWN
6908,New_Images,008571.jpg,8571,UNRECOGNIZED,0.2381,0.35,TN,CORRECTLY_REJECTED_UNKNOWN
6909,New_Images,005699.jpg,5699,UNRECOGNIZED,0.2268,0.35,TN,CORRECTLY_REJECTED_UNKNOWN
6910,Real Images,001988.jpg,1988,1988,1,0.35,TP,CORRECT_MATCH
6911,New_Images,009481.jpg,9481,UNRECOGNIZED,0.2796,0.35,TN,CORRECTLY_REJECTED_UNKNOWN
6912,New_Images,007022.jpg,7022,UNRECOGNIZED,0.2665,0.35,TN,CORRECTLY_REJECTED_UNKNOWN
6913,New_Images,009459.jpg,9459,UNRECOGNIZED,0.2412,0.35,TN,CORRECTLY_REJECTED_UNKNOWN
6914,New_Images,007198.jpg,7198,NO_FACE_DETECTED,0,0.35,TN,No Face Detected by SCRFD
6915,New_Images,006075.jpg,6075,NO_FACE_DETECTED,0,0.35,TN,No Face Detected by SCRFD
6916,Real Images,001557.jpg,1557,1557,1,0.35,TP,CORRECT_MATCH
6917,Real Images,001736.jpg,1736,1736,1,0.35,TP,CORRECT_MATCH
6918,New_Images,008366.jpg,8366,UNRECOGNIZED,0.2732,0.35,TN,CORRECTLY_REJECTED_UNKNOWN
6919,Real Images,002484.jpg,2484,2484,1,0.35,TP,CORRECT_MATCH
6920,Real Images,002728.jpg,2728,2728,1,0.35,TP,CORRECT_MATCH
6921,Real Images,001712.jpg,1712,1712,1,0.35,TP,CORRECT_MATCH
6922,Real Images,003928.jpg,3928,3928,1,0.35,TP,CORRECT_MATCH
6923,Real Images,001778.jpg,1778,1778,1,0.35,TP,CORRECT_MATCH
6924,Real Images,004579.jpg,4579,4579,1,0.35,TP,CORRECT_MATCH
6925,New_Images,005501.jpg,5501,UNRECOGNIZED,0.2794,0.35,TN,CORRECTLY_REJECTED_UNKNOWN
6926,New_Images,005934.jpg,5934,UNRECOGNIZED,0.2782,0.35,TN,CORRECTLY_REJECTED_UNKNOWN
6927,Real Images,004814.jpg,4814,4814,1,0.35,TP,CORRECT_MATCH
6928,New_Images,006240.jpg,6240,UNRECOGNIZED,0.2596,0.35,TN,CORRECTLY_REJECTED_UNKNOWN
6929,New_Images,007371.jpg,7371,UNRECOGNIZED,0.3037,0.35,TN,CORRECTLY_REJECTED_UNKNOWN
6930,Real Images,001542.jpg,1542,1542,1,0.35,TP,CORRECT_MATCH
6931,Real Images,000597.jpg,597,597,1,0.35,TP,CORRECT_MATCH
6932,Real Images,000324.jpg,324,324,1,0.35,TP,CORRECT_MATCH
6933,Real Images,004940.jpg,4940,4940,1,0.35,TP,CORRECT_MATCH
6934,Real Images,004956.jpg,4956,4956,1,0.35,TP,CORRECT_MATCH
6935,New_Images,005519.jpg,5519,UNRECOGNIZED,0.2601,0.35,TN,CORRECTLY_REJECTED_UNKNOWN
6936,Real Images,003090.jpg,3090,3090,1,0.35,TP,CORRECT_MATCH
6937,Real Images,002200.jpg,2200,2200,1,0.35,TP,CORRECT_MATCH
6938,New_Images,008512.jpg,8512,NO_FACE_DETECTED,0,0.35,TN,No Face Detected by SCRFD
6939,Real Images,001561.jpg,1561,1561,1,0.35,TP,CORRECT_MATCH
6940,New_Images,006795.jpg,6795,UNRECOGNIZED,0.2506,0.35,TN,CORRECTLY_REJECTED_UNKNOWN
6941,New_Images,005936.jpg,5936,UNRECOGNIZED,0.2394,0.35,TN,CORRECTLY_REJECTED_UNKNOWN
6942,Real Images,004388.jpg,4388,4388,1,0.35,TP,CORRECT_MATCH
6943,New_Images,009155.jpg,9155,UNRECOGNIZED,0.2405,0.35,TN,CORRECTLY_REJECTED_UNKNOWN
6944,Real Images,003040.jpg,3040,3040,1,0.35,TP,CORRECT_MATCH
6945,New_Images,009292.jpg,9292,UNRECOGNIZED,0.2903,0.35,TN,CORRECTLY_REJECTED_UNKNOWN
6946,Real Images,003685.jpg,3685,3685,1,0.35,TP,CORRECT_MATCH
6947,New_Images,007365.jpg,7365,UNRECOGNIZED,0.2928,0.35,TN,CORRECTLY_REJECTED_UNKNOWN
6948,New_Images,005298.jpg,5298,UNRECOGNIZED,0.2041,0.35,TN,CORRECTLY_REJECTED_UNKNOWN
6949,New_Images,007334.jpg,7334,NO_FACE_DETECTED,0,0.35,TN,No Face Detected by SCRFD
6950,Real Images,001666.jpg,1666,1666,1,0.35,TP,CORRECT_MATCH
6951,New_Images,009270.jpg,9270,NO_FACE_DETECTED,0,0.35,TN,No Face Detected by SCRFD
6952,New_Images,008768.jpg,8768,UNRECOGNIZED,0.23,0.35,TN,CORRECTLY_REJECTED_UNKNOWN
6953,Real Images,003182.jpg,3182,3182,1,0.35,TP,CORRECT_MATCH
6954,Real Images,001099.jpg,1099,1099,1,0.35,TP,CORRECT_MATCH
6955,Real Images,004342.jpg,4342,4342,1,0.35,TP,CORRECT_MATCH
6956,Real Images,004566.jpg,4566,4566,1,0.35,TP,CORRECT_MATCH
6957,New_Images,007489.jpg,7489,UNRECOGNIZED,0.3194,0.35,TN,CORRECTLY_REJECTED_UNKNOWN
6958,Real Images,003381.jpg,3381,3381,1,0.35,TP,CORRECT_MATCH
6959,Real Images,004608.jpg,4608,4608,1,0.35,TP,CORRECT_MATCH
6960,New_Images,007909.jpg,7909,NO_FACE_DETECTED,0,0.35,TN,No Face Detected by SCRFD
6961,Real Images,003794.jpg,3794,3794,1,0.35,TP,CORRECT_MATCH
6962,New_Images,006601.jpg,6601,NO_FACE_DETECTED,0,0.35,TN,No Face Detected by SCRFD
6963,Real Images,001183.jpg,1183,1183,1,0.35,TP,CORRECT_MATCH
6964,New_Images,005797.jpg,5797,UNRECOGNIZED,0.2512,0.35,TN,CORRECTLY_REJECTED_UNKNOWN
6965,New_Images,008243.jpg,8243,UNRECOGNIZED,0.2711,0.35,TN,CORRECTLY_REJECTED_UNKNOWN
6966,Real Images,001847.jpg,1847,1847,1,0.35,TP,CORRECT_MATCH
6967,New_Images,006958.jpg,6958,UNRECOGNIZED,0.3107,0.35,TN,CORRECTLY_REJECTED_UNKNOWN
6968,Real Images,001975.jpg,1975,1975,1,0.35,TP,CORRECT_MATCH
6969,Real Images,003880.jpg,3880,3880,1,0.35,TP,CORRECT_MATCH
6970,Real Images,004407.jpg,4407,4407,1,0.35,TP,CORRECT_MATCH
6971,New_Images,008726.jpg,8726,UNRECOGNIZED,0.2918,0.35,TN,CORRECTLY_REJECTED_UNKNOWN
6972,Real Images,001507.jpg,1507,1507,1,0.35,TP,CORRECT_MATCH
6973,Real Images,003084.jpg,3084,3084,1,0.35,TP,CORRECT_MATCH
6974,Real Images,002457.jpg,2457,2457,1,0.35,TP,CORRECT_MATCH
6975,Real Images,001223.jpg,1223,1223,1,0.35,TP,CORRECT_MATCH
6976,Real Images,003345.jpg,3345,3345,1,0.35,TP,CORRECT_MATCH
6977,Real Images,003411.jpg,3411,3411,1,0.35,TP,CORRECT_MATCH
6978,New_Images,005705.jpg,5705,UNRECOGNIZED,0.2157,0.35,TN,CORRECTLY_REJECTED_UNKNOWN
6979,Real Images,002612.jpg,2612,2612,1,0.35,TP,CORRECT_MATCH
6980,Real Images,004297.jpg,4297,4297,1,0.35,TP,CORRECT_MATCH
6981,New_Images,006438.jpg,6438,UNRECOGNIZED,0.2602,0.35,TN,CORRECTLY_REJECTED_UNKNOWN
6982,New_Images,008744.jpg,8744,NO_FACE_DETECTED,0,0.35,TN,No Face Detected by SCRFD
6983,New_Images,005500.jpg,5500,UNRECOGNIZED,0.279,0.35,TN,CORRECTLY_REJECTED_UNKNOWN
6984,New_Images,005271.jpg,5271,UNRECOGNIZED,0.23,0.35,TN,CORRECTLY_REJECTED_UNKNOWN
6985,Real Images,002822.jpg,2822,2822,1,0.35,TP,CORRECT_MATCH
6986,Real Images,000385.jpg,385,385,1,0.35,TP,CORRECT_MATCH
6987,Real Images,004061.jpg,4061,4061,1,0.35,TP,CORRECT_MATCH
6988,Real Images,004554.jpg,4554,4554,1,0.35,TP,CORRECT_MATCH
6989,Real Images,003500.jpg,3500,3500,1,0.35,TP,CORRECT_MATCH
6990,New_Images,005561.jpg,5561,UNRECOGNIZED,0.277,0.35,TN,CORRECTLY_REJECTED_UNKNOWN
6991,New_Images,005129.jpg,5129,UNRECOGNIZED,0.3455,0.35,TN,CORRECTLY_REJECTED_UNKNOWN
6992,New_Images,007300.jpg,7300,UNRECOGNIZED,0.2056,0.35,TN,CORRECTLY_REJECTED_UNKNOWN
6993,New_Images,008015.jpg,8015,UNRECOGNIZED,0.2537,0.35,TN,CORRECTLY_REJECTED_UNKNOWN
6994,New_Images,008270.jpg,8270,UNRECOGNIZED,0.24,0.35,TN,CORRECTLY_REJECTED_UNKNOWN
6995,Real Images,004561.jpg,4561,4561,1,0.35,TP,CORRECT_MATCH
6996,Real Images,000500.jpg,500,500,1,0.35,TP,CORRECT_MATCH
6997,Real Images,002255.jpg,2255,2255,1,0.35,TP,CORRECT_MATCH
6998,Real Images,002462.jpg,2462,2462,1,0.35,TP,CORRECT_MATCH
6999,Real Images,003388.jpg,3388,3388,1,0.35,TP,CORRECT_MATCH
7000,Real Images,001811.jpg,1811,1811,1,0.35,TP,CORRECT_MATCH
7001,Real Images,004271.jpg,4271,4271,1,0.35,TP,CORRECT_MATCH
7002,New_Images,007046.jpg,7046,UNRECOGNIZED,0.2606,0.35,TN,CORRECTLY_REJECTED_UNKNOWN
7003,Real Images,001174.jpg,1174,1174,1,0.35,TP,CORRECT_MATCH
7004,Real Images,002473.jpg,2473,2473,1,0.35,TP,CORRECT_MATCH
7005,New_Images,008880.jpg,8880,UNRECOGNIZED,0.2172,0.35,TN,CORRECTLY_REJECTED_UNKNOWN
7006,Real Images,002627.jpg,2627,2627,1,0.35,TP,CORRECT_MATCH
7007,New_Images,009120.jpg,9120,NO_FACE_DETECTED,0,0.35,TN,No Face Detected by SCRFD
7008,New_Images,008276.jpg,8276,NO_FACE_DETECTED,0,0.35,TN,No Face Detected by SCRFD
7009,New_Images,006329.jpg,6329,UNRECOGNIZED,0.2235,0.35,TN,CORRECTLY_REJECTED_UNKNOWN
7010,Real Images,004899.jpg,4899,4899,1,0.35,TP,CORRECT_MATCH
7011,Real Images,004731.jpg,4731,4731,1,0.35,TP,CORRECT_MATCH
7012,Real Images,002613.jpg,2613,2613,1,0.35,TP,CORRECT_MATCH
7013,New_Images,008771.jpg,8771,UNRECOGNIZED,0.2445,0.35,TN,CORRECTLY_REJECTED_UNKNOWN
7014,New_Images,008590.jpg,8590,UNRECOGNIZED,0.2903,0.35,TN,CORRECTLY_REJECTED_UNKNOWN
7015,New_Images,007495.jpg,7495,NO_FACE_DETECTED,0,0.35,TN,No Face Detected by SCRFD
7016,Real Images,001919.jpg,1919,1919,1,0.35,TP,CORRECT_MATCH
7017,New_Images,008746.jpg,8746,UNRECOGNIZED,0.2284,0.35,TN,CORRECTLY_REJECTED_UNKNOWN
7018,Real Images,004128.jpg,4128,4128,1,0.35,TP,CORRECT_MATCH
7019,Real Images,001148.jpg,1148,1148,1,0.35,TP,CORRECT_MATCH
7020,Real Images,000463.jpg,463,463,1,0.35,TP,CORRECT_MATCH
7021,New_Images,006358.jpg,6358,NO_FACE_DETECTED,0,0.35,TN,No Face Detected by SCRFD
7022,New_Images,006180.jpg,6180,NO_FACE_DETECTED,0,0.35,TN,No Face Detected by SCRFD
7023,Real Images,001780.jpg,1780,1780,1,0.35,TP,CORRECT_MATCH
7024,Real Images,004422.jpg,4422,4422,1,0.35,TP,CORRECT_MATCH
7025,Real Images,001920.jpg,1920,1920,1,0.35,TP,CORRECT_MATCH
7026,New_Images,009074.jpg,9074,UNRECOGNIZED,0.2259,0.35,TN,CORRECTLY_REJECTED_UNKNOWN
7027,New_Images,009462.jpg,9462,UNRECOGNIZED,0.2234,0.35,TN,CORRECTLY_REJECTED_UNKNOWN
7028,Real Images,000363.jpg,363,363,1,0.35,TP,CORRECT_MATCH
7029,New_Images,006067.jpg,6067,NO_FACE_DETECTED,0,0.35,TN,No Face Detected by SCRFD
7030,Real Images,002005.jpg,2005,2005,1,0.35,TP,CORRECT_MATCH
7031,New_Images,007590.jpg,7590,NO_FACE_DETECTED,0,0.35,TN,No Face Detected by SCRFD
7032,New_Images,008430.jpg,8430,UNRECOGNIZED,0.2359,0.35,TN,CORRECTLY_REJECTED_UNKNOWN
7033,New_Images,005506.jpg,5506,UNRECOGNIZED,0.282,0.35,TN,CORRECTLY_REJECTED_UNKNOWN
7034,Real Images,004898.jpg,4898,4898,1,0.35,TP,CORRECT_MATCH
7035,New_Images,009626.jpg,9626,NO_FACE_DETECTED,0,0.35,TN,No Face Detected by SCRFD
7036,Real Images,000276.jpg,276,276,1,0.35,TP,CORRECT_MATCH
7037,Real Images,004866.jpg,4866,4866,1,0.35,TP,CORRECT_MATCH
7038,Real Images,000827.jpg,827,827,1,0.35,TP,CORRECT_MATCH
7039,Real Images,000552.jpg,552,552,1,0.35,TP,CORRECT_MATCH
7040,Real Images,001689.jpg,1689,1689,1,0.35,TP,CORRECT_MATCH
7041,Real Images,001972.jpg,1972,1972,1,0.35,TP,CORRECT_MATCH
7042,New_Images,009313.jpg,9313,UNRECOGNIZED,0.2129,0.35,TN,CORRECTLY_REJECTED_UNKNOWN
7043,New_Images,009100.jpg,9100,NO_FACE_DETECTED,0,0.35,TN,No Face Detected by SCRFD
7044,New_Images,005038.jpg,5038,UNRECOGNIZED,0.2214,0.35,TN,CORRECTLY_REJECTED_UNKNOWN
7045,Real Images,003435.jpg,3435,3435,1,0.35,TP,CORRECT_MATCH
7046,New_Images,005409.jpg,5409,UNRECOGNIZED,0.267,0.35,TN,CORRECTLY_REJECTED_UNKNOWN
7047,New_Images,006632.jpg,6632,UNRECOGNIZED,0.2828,0.35,TN,CORRECTLY_REJECTED_UNKNOWN
7048,Real Images,000264.jpg,264,264,1,0.35,TP,CORRECT_MATCH
7049,Real Images,000925.jpg,925,925,1,0.35,TP,CORRECT_MATCH
7050,New_Images,006271.jpg,6271,UNRECOGNIZED,0.2551,0.35,TN,CORRECTLY_REJECTED_UNKNOWN
7051,New_Images,005940.jpg,5940,UNRECOGNIZED,0.3218,0.35,TN,CORRECTLY_REJECTED_UNKNOWN
7052,Real Images,001545.jpg,1545,1545,1,0.35,TP,CORRECT_MATCH
7053,Real Images,002259.jpg,2259,2259,1,0.35,TP,CORRECT_MATCH
7054,Real Images,001271.jpg,1271,1271,1,0.35,TP,CORRECT_MATCH
7055,Real Images,002836.jpg,2836,2836,1,0.35,TP,CORRECT_MATCH
7056,Real Images,003774.jpg,3774,3774,1,0.35,TP,CORRECT_MATCH
7057,New_Images,008260.jpg,8260,UNRECOGNIZED,0.207,0.35,TN,CORRECTLY_REJECTED_UNKNOWN
7058,Real Images,001882.jpg,1882,1882,1,0.35,TP,CORRECT_MATCH
7059,New_Images,007764.jpg,7764,UNRECOGNIZED,0.2517,0.35,TN,CORRECTLY_REJECTED_UNKNOWN
7060,Real Images,003108.jpg,3108,3108,1,0.35,TP,CORRECT_MATCH
7061,Real Images,004358.jpg,4358,4358,1,0.35,TP,CORRECT_MATCH
7062,Real Images,003475.jpg,3475,3475,1,0.35,TP,CORRECT_MATCH
7063,New_Images,008829.jpg,8829,UNRECOGNIZED,0.2217,0.35,TN,CORRECTLY_REJECTED_UNKNOWN
7064,New_Images,005891.jpg,5891,NO_FACE_DETECTED,0,0.35,TN,No Face Detected by SCRFD
7065,New_Images,008212.jpg,8212,UNRECOGNIZED,0.2788,0.35,TN,CORRECTLY_REJECTED_UNKNOWN
7066,New_Images,008853.jpg,8853,NO_FACE_DETECTED,0,0.35,TN,No Face Detected by SCRFD
7067,New_Images,007673.jpg,7673,NO_FACE_DETECTED,0,0.35,TN,No Face Detected by SCRFD
7068,Real Images,000187.jpg,187,187,1,0.35,TP,CORRECT_MATCH
7069,New_Images,006195.jpg,6195,NO_FACE_DETECTED,0,0.35,TN,No Face Detected by SCRFD
7070,Real Images,000029.jpg,29,29,1,0.35,TP,CORRECT_MATCH
7071,New_Images,006839.jpg,6839,UNRECOGNIZED,0.2756,0.35,TN,CORRECTLY_REJECTED_UNKNOWN
7072,New_Images,009630.jpg,9630,NO_FACE_DETECTED,0,0.35,TN,No Face Detected by SCRFD
7073,New_Images,008257.jpg,8257,UNRECOGNIZED,0.2802,0.35,TN,CORRECTLY_REJECTED_UNKNOWN
7074,Real Images,001044.jpg,1044,1044,1,0.35,TP,CORRECT_MATCH
7075,New_Images,008586.jpg,8586,UNRECOGNIZED,0.2552,0.35,TN,CORRECTLY_REJECTED_UNKNOWN
7076,New_Images,007511.jpg,7511,UNRECOGNIZED,0.2516,0.35,TN,CORRECTLY_REJECTED_UNKNOWN
7077,Real Images,004402.jpg,4402,4402,1,0.35,TP,CORRECT_MATCH
7078,Real Images,001463.jpg,1463,1463,1,0.35,TP,CORRECT_MATCH
7079,Real Images,000972.jpg,972,972,1,0.35,TP,CORRECT_MATCH
7080,Real Images,002849.jpg,2849,2849,1,0.35,TP,CORRECT_MATCH
7081,New_Images,007048.jpg,7048,UNRECOGNIZED,0.289,0.35,TN,CORRECTLY_REJECTED_UNKNOWN
7082,New_Images,005354.jpg,5354,NO_FACE_DETECTED,0,0.35,TN,No Face Detected by SCRFD
7083,Real Images,001090.jpg,1090,1090,1,0.35,TP,CORRECT_MATCH
7084,Real Images,004418.jpg,4418,4418,1,0.35,TP,CORRECT_MATCH
7085,New_Images,009094.jpg,9094,NO_FACE_DETECTED,0,0.35,TN,No Face Detected by SCRFD
7086,New_Images,005593.jpg,5593,UNRECOGNIZED,0.2574,0.35,TN,CORRECTLY_REJECTED_UNKNOWN
7087,Real Images,000658.jpg,658,658,1,0.35,TP,CORRECT_MATCH
7088,Real Images,003078.jpg,3078,3078,1,0.35,TP,CORRECT_MATCH
7089,Real Images,003093.jpg,3093,3093,1,0.35,TP,CORRECT_MATCH
7090,New_Images,008103.jpg,8103,UNRECOGNIZED,0.2845,0.35,TN,CORRECTLY_REJECTED_UNKNOWN
7091,Real Images,003134.jpg,3134,3134,1,0.35,TP,CORRECT_MATCH
7092,Real Images,003068.jpg,3068,3068,1,0.35,TP,CORRECT_MATCH
7093,New_Images,009176.jpg,9176,UNRECOGNIZED,0.2584,0.35,TN,CORRECTLY_REJECTED_UNKNOWN
7094,New_Images,007312.jpg,7312,NO_FACE_DETECTED,0,0.35,TN,No Face Detected by SCRFD
7095,New_Images,009267.jpg,9267,UNRECOGNIZED,0.2122,0.35,TN,CORRECTLY_REJECTED_UNKNOWN
7096,New_Images,005256.jpg,5256,UNRECOGNIZED,0.2664,0.35,TN,CORRECTLY_REJECTED_UNKNOWN
7097,New_Images,006274.jpg,6274,UNRECOGNIZED,0.2698,0.35,TN,CORRECTLY_REJECTED_UNKNOWN
7098,Real Images,001110.jpg,1110,1110,1,0.35,TP,CORRECT_MATCH
7099,New_Images,008277.jpg,8277,NO_FACE_DETECTED,0,0.35,TN,No Face Detected by SCRFD
7100,Real Images,001475.jpg,1475,1475,1,0.35,TP,CORRECT_MATCH
7101,New_Images,008365.jpg,8365,UNRECOGNIZED,0.2731,0.35,TN,CORRECTLY_REJECTED_UNKNOWN
7102,Real Images,002352.jpg,2352,2352,1,0.35,TP,CORRECT_MATCH
7103,Real Images,000260.jpg,260,260,1,0.35,TP,CORRECT_MATCH
7104,Real Images,003868.jpg,3868,3868,1,0.35,TP,CORRECT_MATCH
7105,Real Images,000566.jpg,566,566,1,0.35,TP,CORRECT_MATCH
7106,Real Images,000494.jpg,494,494,1,0.35,TP,CORRECT_MATCH
7107,Real Images,004434.jpg,4434,4434,1,0.35,TP,CORRECT_MATCH
7108,Real Images,000523.jpg,523,523,1,0.35,TP,CORRECT_MATCH
7109,New_Images,005738.jpg,5738,NO_FACE_DETECTED,0,0.35,TN,No Face Detected by SCRFD
7110,New_Images,009168.jpg,9168,UNRECOGNIZED,0.2232,0.35,TN,CORRECTLY_REJECTED_UNKNOWN
7111,New_Images,009464.jpg,9464,UNRECOGNIZED,0.2399,0.35,TN,CORRECTLY_REJECTED_UNKNOWN
7112,New_Images,007529.jpg,7529,UNRECOGNIZED,0.2257,0.35,TN,CORRECTLY_REJECTED_UNKNOWN
7113,Real Images,000599.jpg,599,599,1,0.35,TP,CORRECT_MATCH
7114,Real Images,004738.jpg,4738,4738,1,0.35,TP,CORRECT_MATCH
7115,Real Images,001786.jpg,1786,1786,1,0.35,TP,CORRECT_MATCH
7116,New_Images,006110.jpg,6110,UNRECOGNIZED,0.2469,0.35,TN,CORRECTLY_REJECTED_UNKNOWN
7117,Real Images,000025.jpg,25,25,1,0.35,TP,CORRECT_MATCH
7118,New_Images,006689.jpg,6689,NO_FACE_DETECTED,0,0.35,TN,No Face Detected by SCRFD
7119,Real Images,002085.jpg,2085,2085,1,0.35,TP,CORRECT_MATCH
7120,Real Images,003244.jpg,3244,3244,1,0.35,TP,CORRECT_MATCH
7121,Real Images,000179.jpg,179,179,1,0.35,TP,CORRECT_MATCH
7122,New_Images,009583.jpg,9583,UNRECOGNIZED,0.2362,0.35,TN,CORRECTLY_REJECTED_UNKNOWN
7123,Real Images,002525.jpg,2525,2525,1,0.35,TP,CORRECT_MATCH
7124,New_Images,006611.jpg,6611,UNRECOGNIZED,0.2426,0.35,TN,CORRECTLY_REJECTED_UNKNOWN
7125,New_Images,008972.jpg,8972,UNRECOGNIZED,0.2604,0.35,TN,CORRECTLY_REJECTED_UNKNOWN
7126,Real Images,003788.jpg,3788,3788,1,0.35,TP,CORRECT_MATCH
7127,Real Images,004578.jpg,4578,4578,1,0.35,TP,CORRECT_MATCH
7128,New_Images,008767.jpg,8767,NO_FACE_DETECTED,0,0.35,TN,No Face Detected by SCRFD
7129,Real Images,004620.jpg,4620,4620,1,0.35,TP,CORRECT_MATCH
7130,Real Images,003743.jpg,3743,3743,1,0.35,TP,CORRECT_MATCH
7131,Real Images,003404.jpg,3404,3404,1,0.35,TP,CORRECT_MATCH
7132,Real Images,004205.jpg,4205,4205,1,0.35,TP,CORRECT_MATCH
7133,Real Images,001081.jpg,1081,1081,1,0.35,TP,CORRECT_MATCH
7134,Real Images,003715.jpg,3715,3715,1,0.35,TP,CORRECT_MATCH
7135,Real Images,000456.jpg,456,456,1,0.35,TP,CORRECT_MATCH
7136,New_Images,009067.jpg,9067,UNRECOGNIZED,0.2404,0.35,TN,CORRECTLY_REJECTED_UNKNOWN
7137,Real Images,003650.jpg,3650,3650,1,0.35,TP,CORRECT_MATCH
7138,Real Images,004181.jpg,4181,4181,1,0.35,TP,CORRECT_MATCH
7139,New_Images,008370.jpg,8370,UNRECOGNIZED,0.2388,0.35,TN,CORRECTLY_REJECTED_UNKNOWN
7140,Real Images,004005.jpg,4005,4005,1,0.35,TP,CORRECT_MATCH
7141,Real Images,004778.jpg,4778,4778,1,0.35,TP,CORRECT_MATCH
7142,New_Images,005873.jpg,5873,UNRECOGNIZED,0.2345,0.35,TN,CORRECTLY_REJECTED_UNKNOWN
7143,Real Images,001683.jpg,1683,1683,1,0.35,TP,CORRECT_MATCH
7144,New_Images,005573.jpg,5573,UNRECOGNIZED,0.2611,0.35,TN,CORRECTLY_REJECTED_UNKNOWN
7145,Real Images,000953.jpg,953,953,1,0.35,TP,CORRECT_MATCH
7146,Real Images,003620.jpg,3620,3620,1,0.35,TP,CORRECT_MATCH
7147,New_Images,009273.jpg,9273,NO_FACE_DETECTED,0,0.35,TN,No Face Detected by SCRFD
7148,New_Images,007000.jpg,7000,UNRECOGNIZED,0.2814,0.35,TN,CORRECTLY_REJECTED_UNKNOWN
7149,Real Images,002688.jpg,2688,2688,1,0.35,TP,CORRECT_MATCH
7150,Real Images,001348.jpg,1348,1348,1,0.35,TP,CORRECT_MATCH
7151,Real Images,001228.jpg,1228,1228,1,0.35,TP,CORRECT_MATCH
7152,New_Images,007579.jpg,7579,UNRECOGNIZED,0.2711,0.35,TN,CORRECTLY_REJECTED_UNKNOWN
7153,Real Images,004692.jpg,4692,4692,1,0.35,TP,CORRECT_MATCH
7154,Real Images,001657.jpg,1657,1657,1,0.35,TP,CORRECT_MATCH
7155,New_Images,007596.jpg,7596,UNRECOGNIZED,0.262,0.35,TN,CORRECTLY_REJECTED_UNKNOWN
7156,Real Images,004487.jpg,4487,4487,1,0.35,TP,CORRECT_MATCH
7157,New_Images,006790.jpg,6790,UNRECOGNIZED,0.3039,0.35,TN,CORRECTLY_REJECTED_UNKNOWN
7158,Real Images,000506.jpg,506,506,1,0.35,TP,CORRECT_MATCH
7159,New_Images,008673.jpg,8673,UNRECOGNIZED,0.2464,0.35,TN,CORRECTLY_REJECTED_UNKNOWN
7160,Real Images,004622.jpg,4622,4622,1,0.35,TP,CORRECT_MATCH
7161,Real Images,000640.jpg,640,640,1,0.35,TP,CORRECT_MATCH
7162,Real Images,002964.jpg,2964,2964,1,0.35,TP,CORRECT_MATCH
7163,New_Images,005766.jpg,5766,UNRECOGNIZED,0.2689,0.35,TN,CORRECTLY_REJECTED_UNKNOWN
7164,Real Images,004327.jpg,4327,4327,1,0.35,TP,CORRECT_MATCH
7165,New_Images,007225.jpg,7225,UNRECOGNIZED,0.2808,0.35,TN,CORRECTLY_REJECTED_UNKNOWN
7166,New_Images,007423.jpg,7423,NO_FACE_DETECTED,0,0.35,TN,No Face Detected by SCRFD
7167,Real Images,000671.jpg,671,671,1,0.35,TP,CORRECT_MATCH
7168,New_Images,006451.jpg,6451,UNRECOGNIZED,0.2831,0.35,TN,CORRECTLY_REJECTED_UNKNOWN
7169,New_Images,007153.jpg,7153,UNRECOGNIZED,0.2667,0.35,TN,CORRECTLY_REJECTED_UNKNOWN
7170,Real Images,004881.jpg,4881,4881,1,0.35,TP,CORRECT_MATCH
7171,New_Images,006183.jpg,6183,UNRECOGNIZED,0.2972,0.35,TN,CORRECTLY_REJECTED_UNKNOWN
7172,New_Images,007548.jpg,7548,UNRECOGNIZED,0.197,0.35,TN,CORRECTLY_REJECTED_UNKNOWN
7173,Real Images,002028.jpg,2028,2028,1,0.35,TP,CORRECT_MATCH
7174,New_Images,006242.jpg,6242,UNRECOGNIZED,0.2647,0.35,TN,CORRECTLY_REJECTED_UNKNOWN
7175,Real Images,001790.jpg,1790,1790,1,0.35,TP,CORRECT_MATCH
7176,New_Images,006764.jpg,6764,NO_FACE_DETECTED,0,0.35,TN,No Face Detected by SCRFD
7177,New_Images,005441.jpg,5441,UNRECOGNIZED,0.3414,0.35,TN,CORRECTLY_REJECTED_UNKNOWN
7178,New_Images,006570.jpg,6570,UNRECOGNIZED,0.2716,0.35,TN,CORRECTLY_REJECTED_UNKNOWN
7179,Real Images,004404.jpg,4404,4404,1,0.35,TP,CORRECT_MATCH
7180,New_Images,006205.jpg,6205,UNRECOGNIZED,0.2334,0.35,TN,CORRECTLY_REJECTED_UNKNOWN
7181,Real Images,003858.jpg,3858,3858,1,0.35,TP,CORRECT_MATCH
7182,New_Images,009113.jpg,9113,UNRECOGNIZED,0.2564,0.35,TN,CORRECTLY_REJECTED_UNKNOWN
7183,New_Images,005751.jpg,5751,UNRECOGNIZED,0.2417,0.35,TN,CORRECTLY_REJECTED_UNKNOWN
7184,Real Images,003407.jpg,3407,3407,1,0.35,TP,CORRECT_MATCH
7185,Real Images,003061.jpg,3061,3061,1,0.35,TP,CORRECT_MATCH
7186,Real Images,004963.jpg,4963,4963,1,0.35,TP,CORRECT_MATCH
7187,New_Images,006126.jpg,6126,UNRECOGNIZED,0.2732,0.35,TN,CORRECTLY_REJECTED_UNKNOWN
7188,New_Images,008684.jpg,8684,UNRECOGNIZED,0.2623,0.35,TN,CORRECTLY_REJECTED_UNKNOWN
7189,Real Images,001255.jpg,1255,1255,1,0.35,TP,CORRECT_MATCH
7190,Real Images,003918.jpg,3918,3918,1,0.35,TP,CORRECT_MATCH
7191,Real Images,001095.jpg,1095,1095,1,0.35,TP,CORRECT_MATCH
7192,Real Images,001796.jpg,1796,1796,1,0.35,TP,CORRECT_MATCH
7193,Real Images,001810.jpg,1810,1810,1,0.35,TP,CORRECT_MATCH
7194,New_Images,005036.jpg,5036,UNRECOGNIZED,0.2695,0.35,TN,CORRECTLY_REJECTED_UNKNOWN
7195,Real Images,003011.jpg,3011,3011,1,0.35,TP,CORRECT_MATCH
7196,New_Images,009127.jpg,9127,UNRECOGNIZED,0.2754,0.35,TN,CORRECTLY_REJECTED_UNKNOWN
7197,New_Images,007776.jpg,7776,NO_FACE_DETECTED,0,0.35,TN,No Face Detected by SCRFD
7198,Real Images,000962.jpg,962,962,1,0.35,TP,CORRECT_MATCH
7199,New_Images,007616.jpg,7616,UNRECOGNIZED,0.239,0.35,TN,CORRECTLY_REJECTED_UNKNOWN
7200,New_Images,009601.jpg,9601,UNRECOGNIZED,0.2381,0.35,TN,CORRECTLY_REJECTED_UNKNOWN
7201,New_Images,006307.jpg,6307,UNRECOGNIZED,0.2364,0.35,TN,CORRECTLY_REJECTED_UNKNOWN
7202,New_Images,009082.jpg,9082,UNRECOGNIZED,0.3029,0.35,TN,CORRECTLY_REJECTED_UNKNOWN
7203,Real Images,004117.jpg,4117,4117,1,0.35,TP,CORRECT_MATCH
7204,New_Images,005621.jpg,5621,NO_FACE_DETECTED,0,0.35,TN,No Face Detected by SCRFD
7205,New_Images,008381.jpg,8381,NO_FACE_DETECTED,0,0.35,TN,No Face Detected by SCRFD
7206,New_Images,007615.jpg,7615,NO_FACE_DETECTED,0,0.35,TN,No Face Detected by SCRFD
7207,Real Images,002514.jpg,2514,2514,1,0.35,TP,CORRECT_MATCH
7208,Real Images,003813.jpg,3813,3813,1,0.35,TP,CORRECT_MATCH
7209,Real Images,000969.jpg,969,969,1,0.35,TP,CORRECT_MATCH
7210,New_Images,007814.jpg,7814,UNRECOGNIZED,0.2514,0.35,TN,CORRECTLY_REJECTED_UNKNOWN
7211,New_Images,009033.jpg,9033,UNRECOGNIZED,0.2159,0.35,TN,CORRECTLY_REJECTED_UNKNOWN
7212,Real Images,001936.jpg,1936,1936,1,0.35,TP,CORRECT_MATCH
7213,New_Images,005676.jpg,5676,UNRECOGNIZED,0.2425,0.35,TN,CORRECTLY_REJECTED_UNKNOWN
7214,Real Images,002946.jpg,2946,2946,1,0.35,TP,CORRECT_MATCH
7215,New_Images,005355.jpg,5355,UNRECOGNIZED,0.26,0.35,TN,CORRECTLY_REJECTED_UNKNOWN
7216,Real Images,002143.jpg,2143,2143,1,0.35,TP,CORRECT_MATCH
7217,Real Images,000094.jpg,94,94,1,0.35,TP,CORRECT_MATCH
7218,Real Images,004694.jpg,4694,4694,1,0.35,TP,CORRECT_MATCH
7219,New_Images,005922.jpg,5922,UNRECOGNIZED,0.2753,0.35,TN,CORRECTLY_REJECTED_UNKNOWN
7220,New_Images,008855.jpg,8855,UNRECOGNIZED,0.2722,0.35,TN,CORRECTLY_REJECTED_UNKNOWN
7221,New_Images,008296.jpg,8296,NO_FACE_DETECTED,0,0.35,TN,No Face Detected by SCRFD
7222,Real Images,002701.jpg,2701,2701,1,0.35,TP,CORRECT_MATCH
7223,Real Images,002188.jpg,2188,2188,1,0.35,TP,CORRECT_MATCH
7224,New_Images,006175.jpg,6175,UNRECOGNIZED,0.2339,0.35,TN,CORRECTLY_REJECTED_UNKNOWN
7225,Real Images,003660.jpg,3660,3660,1,0.35,TP,CORRECT_MATCH
7226,Real Images,001930.jpg,1930,1930,1,0.35,TP,CORRECT_MATCH
7227,Real Images,003143.jpg,3143,3143,1,0.35,TP,CORRECT_MATCH
7228,Real Images,002137.jpg,2137,2137,1,0.35,TP,CORRECT_MATCH
7229,Real Images,000056.jpg,56,56,1,0.35,TP,CORRECT_MATCH
7230,Real Images,002033.jpg,2033,2033,1,0.35,TP,CORRECT_MATCH
7231,Real Images,002651.jpg,2651,2651,1,0.35,TP,CORRECT_MATCH
7232,New_Images,007319.jpg,7319,NO_FACE_DETECTED,0,0.35,TN,No Face Detected by SCRFD
7233,Real Images,001152.jpg,1152,1152,1,0.35,TP,CORRECT_MATCH
7234,Real Images,001514.jpg,1514,1514,1,0.35,TP,CORRECT_MATCH
7235,Real Images,000782.jpg,782,782,1,0.35,TP,CORRECT_MATCH
7236,New_Images,008250.jpg,8250,NO_FACE_DETECTED,0,0.35,TN,No Face Detected by SCRFD
7237,Real Images,003284.jpg,3284,3284,1,0.35,TP,CORRECT_MATCH
7238,New_Images,008490.jpg,8490,NO_FACE_DETECTED,0,0.35,TN,No Face Detected by SCRFD
7239,New_Images,007515.jpg,7515,UNRECOGNIZED,0.2972,0.35,TN,CORRECTLY_REJECTED_UNKNOWN
7240,New_Images,008188.jpg,8188,UNRECOGNIZED,0.2387,0.35,TN,CORRECTLY_REJECTED_UNKNOWN
7241,Real Images,003504.jpg,3504,3504,1,0.35,TP,CORRECT_MATCH
7242,New_Images,006775.jpg,6775,UNRECOGNIZED,0.2483,0.35,TN,CORRECTLY_REJECTED_UNKNOWN
7243,Real Images,003322.jpg,3322,3322,1,0.35,TP,CORRECT_MATCH
7244,New_Images,005233.jpg,5233,UNRECOGNIZED,0.2316,0.35,TN,CORRECTLY_REJECTED_UNKNOWN
7245,New_Images,007014.jpg,7014,NO_FACE_DETECTED,0,0.35,TN,No Face Detected by SCRFD
7246,New_Images,005005.jpg,5005,UNRECOGNIZED,0.2006,0.35,TN,CORRECTLY_REJECTED_UNKNOWN
7247,Real Images,001438.jpg,1438,1438,1,0.35,TP,CORRECT_MATCH
7248,New_Images,008442.jpg,8442,UNRECOGNIZED,0.2479,0.35,TN,CORRECTLY_REJECTED_UNKNOWN
7249,New_Images,006204.jpg,6204,UNRECOGNIZED,0.2228,0.35,TN,CORRECTLY_REJECTED_UNKNOWN
7250,New_Images,005525.jpg,5525,NO_FACE_DETECTED,0,0.35,TN,No Face Detected by SCRFD
7251,Real Images,004652.jpg,4652,4652,1,0.35,TP,CORRECT_MATCH
7252,Real Images,002417.jpg,2417,2417,1,0.35,TP,CORRECT_MATCH
7253,New_Images,006478.jpg,6478,UNRECOGNIZED,0.273,0.35,TN,CORRECTLY_REJECTED_UNKNOWN
7254,Real Images,002762.jpg,2762,2762,1,0.35,TP,CORRECT_MATCH
7255,New_Images,006035.jpg,6035,UNRECOGNIZED,0.2523,0.35,TN,CORRECTLY_REJECTED_UNKNOWN
7256,Real Images,000116.jpg,116,116,1,0.35,TP,CORRECT_MATCH
7257,Real Images,001526.jpg,1526,1526,1,0.35,TP,CORRECT_MATCH
7258,New_Images,008062.jpg,8062,UNRECOGNIZED,0.2419,0.35,TN,CORRECTLY_REJECTED_UNKNOWN
7259,Real Images,002108.jpg,2108,2108,1,0.35,TP,CORRECT_MATCH
7260,New_Images,009487.jpg,9487,UNRECOGNIZED,0.2394,0.35,TN,CORRECTLY_REJECTED_UNKNOWN
7261,Real Images,003760.jpg,3760,3760,1,0.35,TP,CORRECT_MATCH
7262,New_Images,005990.jpg,5990,NO_FACE_DETECTED,0,0.35,TN,No Face Detected by SCRFD
7263,New_Images,007512.jpg,7512,UNRECOGNIZED,0.2911,0.35,TN,CORRECTLY_REJECTED_UNKNOWN
7264,Real Images,002709.jpg,2709,2709,1,0.35,TP,CORRECT_MATCH
7265,Real Images,000923.jpg,923,923,1,0.35,TP,CORRECT_MATCH
7266,New_Images,008945.jpg,8945,NO_FACE_DETECTED,0,0.35,TN,No Face Detected by SCRFD
7267,Real Images,001580.jpg,1580,1580,1,0.35,TP,CORRECT_MATCH
7268,Real Images,002236.jpg,2236,2236,1,0.35,TP,CORRECT_MATCH
7269,Real Images,003835.jpg,3835,3835,1,0.35,TP,CORRECT_MATCH
7270,New_Images,007555.jpg,7555,UNRECOGNIZED,0.2475,0.35,TN,CORRECTLY_REJECTED_UNKNOWN
7271,New_Images,008938.jpg,8938,NO_FACE_DETECTED,0,0.35,TN,No Face Detected by SCRFD
7272,New_Images,008447.jpg,8447,NO_FACE_DETECTED,0,0.35,TN,No Face Detected by SCRFD
7273,Real Images,004047.jpg,4047,4047,1,0.35,TP,CORRECT_MATCH
7274,New_Images,008582.jpg,8582,NO_FACE_DETECTED,0,0.35,TN,No Face Detected by SCRFD
7275,Real Images,004451.jpg,4451,4451,1,0.35,TP,CORRECT_MATCH
7276,New_Images,005254.jpg,5254,NO_FACE_DETECTED,0,0.35,TN,No Face Detected by SCRFD
7277,Real Images,003723.jpg,3723,3723,1,0.35,TP,CORRECT_MATCH
7278,Real Images,002332.jpg,2332,2332,1,0.35,TP,CORRECT_MATCH
7279,Real Images,002745.jpg,2745,2745,1,0.35,TP,CORRECT_MATCH
7280,Real Images,000880.jpg,880,880,1,0.35,TP,CORRECT_MATCH
7281,Real Images,004938.jpg,4938,4938,1,0.35,TP,CORRECT_MATCH
7282,Real Images,004653.jpg,4653,4653,1,0.35,TP,CORRECT_MATCH
7283,New_Images,009370.jpg,9370,UNRECOGNIZED,0.2727,0.35,TN,CORRECTLY_REJECTED_UNKNOWN
7284,Real Images,000076.jpg,76,76,1,0.35,TP,CORRECT_MATCH
7285,Real Images,000307.jpg,307,307,1,0.35,TP,CORRECT_MATCH
7286,New_Images,007183.jpg,7183,UNRECOGNIZED,0.2707,0.35,TN,CORRECTLY_REJECTED_UNKNOWN
7287,Real Images,002372.jpg,2372,2372,1,0.35,TP,CORRECT_MATCH
7288,New_Images,007146.jpg,7146,NO_FACE_DETECTED,0,0.35,TN,No Face Detected by SCRFD
7289,New_Images,006136.jpg,6136,UNRECOGNIZED,0.2421,0.35,TN,CORRECTLY_REJECTED_UNKNOWN
7290,Real Images,001527.jpg,1527,1527,1,0.35,TP,CORRECT_MATCH
7291,Real Images,004059.jpg,4059,4059,1,0.35,TP,CORRECT_MATCH
7292,New_Images,006455.jpg,6455,UNRECOGNIZED,0.3314,0.35,TN,CORRECTLY_REJECTED_UNKNOWN
7293,Real Images,003253.jpg,3253,3253,1,0.35,TP,CORRECT_MATCH
7294,New_Images,006851.jpg,6851,UNRECOGNIZED,0.2295,0.35,TN,CORRECTLY_REJECTED_UNKNOWN
7295,Real Images,000298.jpg,298,298,1,0.35,TP,CORRECT_MATCH
7296,Real Images,001441.jpg,1441,1441,1,0.35,TP,CORRECT_MATCH
7297,New_Images,006862.jpg,6862,UNRECOGNIZED,0.2877,0.35,TN,CORRECTLY_REJECTED_UNKNOWN
7298,New_Images,007228.jpg,7228,UNRECOGNIZED,0.2259,0.35,TN,CORRECTLY_REJECTED_UNKNOWN
7299,Real Images,003424.jpg,3424,3424,1,0.35,TP,CORRECT_MATCH
7300,New_Images,008954.jpg,8954,UNRECOGNIZED,0.2065,0.35,TN,CORRECTLY_REJECTED_UNKNOWN
7301,Real Images,000306.jpg,306,306,1,0.35,TP,CORRECT_MATCH
7302,New_Images,008845.jpg,8845,UNRECOGNIZED,0.2459,0.35,TN,CORRECTLY_REJECTED_UNKNOWN
7303,New_Images,005924.jpg,5924,UNRECOGNIZED,0.2865,0.35,TN,CORRECTLY_REJECTED_UNKNOWN
7304,New_Images,006052.jpg,6052,NO_FACE_DETECTED,0,0.35,TN,No Face Detected by SCRFD
7305,Real Images,004384.jpg,4384,4384,1,0.35,TP,CORRECT_MATCH
7306,New_Images,008563.jpg,8563,UNRECOGNIZED,0.3124,0.35,TN,CORRECTLY_REJECTED_UNKNOWN
7307,New_Images,009615.jpg,9615,UNRECOGNIZED,0.2282,0.35,TN,CORRECTLY_REJECTED_UNKNOWN
7308,New_Images,005344.jpg,5344,NO_FACE_DETECTED,0,0.35,TN,No Face Detected by SCRFD
7309,Real Images,000733.jpg,733,733,1,0.35,TP,CORRECT_MATCH
7310,New_Images,006298.jpg,6298,UNRECOGNIZED,0.2545,0.35,TN,CORRECTLY_REJECTED_UNKNOWN
7311,Real Images,000485.jpg,485,485,1,0.35,TP,CORRECT_MATCH
7312,New_Images,005292.jpg,5292,NO_FACE_DETECTED,0,0.35,TN,No Face Detected by SCRFD
7313,Real Images,002339.jpg,2339,2339,1,0.35,TP,CORRECT_MATCH
7314,New_Images,007927.jpg,7927,UNRECOGNIZED,0.2406,0.35,TN,CORRECTLY_REJECTED_UNKNOWN
7315,Real Images,002354.jpg,2354,2354,1,0.35,TP,CORRECT_MATCH
7316,New_Images,006193.jpg,6193,NO_FACE_DETECTED,0,0.35,TN,No Face Detected by SCRFD
7317,New_Images,008705.jpg,8705,UNRECOGNIZED,0.2705,0.35,TN,CORRECTLY_REJECTED_UNKNOWN
7318,New_Images,005330.jpg,5330,UNRECOGNIZED,0.2429,0.35,TN,CORRECTLY_REJECTED_UNKNOWN
7319,Real Images,003912.jpg,3912,3912,1,0.35,TP,CORRECT_MATCH
7320,Real Images,003897.jpg,3897,3897,1,0.35,TP,CORRECT_MATCH
7321,New_Images,008834.jpg,8834,UNRECOGNIZED,0.2611,0.35,TN,CORRECTLY_REJECTED_UNKNOWN
7322,New_Images,007215.jpg,7215,UNRECOGNIZED,0.2622,0.35,TN,CORRECTLY_REJECTED_UNKNOWN
7323,New_Images,005349.jpg,5349,UNRECOGNIZED,0.2447,0.35,TN,CORRECTLY_REJECTED_UNKNOWN
7324,Real Images,003334.jpg,3334,3334,1,0.35,TP,CORRECT_MATCH
7325,New_Images,008662.jpg,8662,UNRECOGNIZED,0.2276,0.35,TN,CORRECTLY_REJECTED_UNKNOWN
7326,Real Images,004509.jpg,4509,4509,1,0.35,TP,CORRECT_MATCH
7327,New_Images,008735.jpg,8735,NO_FACE_DETECTED,0,0.35,TN,No Face Detected by SCRFD
7328,Real Images,001127.jpg,1127,1127,1,0.35,TP,CORRECT_MATCH
7329,New_Images,006315.jpg,6315,UNRECOGNIZED,0.2417,0.35,TN,CORRECTLY_REJECTED_UNKNOWN
7330,New_Images,005581.jpg,5581,UNRECOGNIZED,0.2612,0.35,TN,CORRECTLY_REJECTED_UNKNOWN
7331,New_Images,009054.jpg,9054,UNRECOGNIZED,0.2221,0.35,TN,CORRECTLY_REJECTED_UNKNOWN
7332,Real Images,003870.jpg,3870,3870,1,0.35,TP,CORRECT_MATCH
7333,New_Images,008540.jpg,8540,UNRECOGNIZED,0.2825,0.35,TN,CORRECTLY_REJECTED_UNKNOWN
7334,New_Images,009468.jpg,9468,UNRECOGNIZED,0.2709,0.35,TN,CORRECTLY_REJECTED_UNKNOWN
7335,Real Images,003386.jpg,3386,3386,1,0.35,TP,CORRECT_MATCH
7336,Real Images,000821.jpg,821,821,1,0.35,TP,CORRECT_MATCH
7337,New_Images,008416.jpg,8416,UNRECOGNIZED,0.2657,0.35,TN,CORRECTLY_REJECTED_UNKNOWN
7338,Real Images,001908.jpg,1908,1908,1,0.35,TP,CORRECT_MATCH
7339,New_Images,005227.jpg,5227,UNRECOGNIZED,0.2575,0.35,TN,CORRECTLY_REJECTED_UNKNOWN
7340,Real Images,001849.jpg,1849,1849,1,0.35,TP,CORRECT_MATCH
7341,Real Images,004351.jpg,4351,4351,1,0.35,TP,CORRECT_MATCH
7342,New_Images,005488.jpg,5488,UNRECOGNIZED,0.2675,0.35,TN,CORRECTLY_REJECTED_UNKNOWN
7343,Real Images,000416.jpg,416,416,1,0.35,TP,CORRECT_MATCH
7344,Real Images,001987.jpg,1987,1987,1,0.35,TP,CORRECT_MATCH
7345,Real Images,001961.jpg,1961,1961,1,0.35,TP,CORRECT_MATCH
7346,Real Images,004808.jpg,4808,4808,1,0.35,TP,CORRECT_MATCH
7347,New_Images,006070.jpg,6070,UNRECOGNIZED,0.2244,0.35,TN,CORRECTLY_REJECTED_UNKNOWN
7348,New_Images,005044.jpg,5044,UNRECOGNIZED,0.262,0.35,TN,CORRECTLY_REJECTED_UNKNOWN
7349,Real Images,000895.jpg,895,895,1,0.35,TP,CORRECT_MATCH
7350,New_Images,008525.jpg,8525,UNRECOGNIZED,0.2197,0.35,TN,CORRECTLY_REJECTED_UNKNOWN
7351,Real Images,002226.jpg,2226,2226,1,0.35,TP,CORRECT_MATCH
7352,New_Images,005704.jpg,5704,UNRECOGNIZED,0.267,0.35,TN,CORRECTLY_REJECTED_UNKNOWN
7353,Real Images,004605.jpg,4605,4605,1,0.35,TP,CORRECT_MATCH
7354,Real Images,002222.jpg,2222,2222,1,0.35,TP,CORRECT_MATCH
7355,Real Images,004413.jpg,4413,4413,1,0.35,TP,CORRECT_MATCH
7356,New_Images,006783.jpg,6783,UNRECOGNIZED,0.2781,0.35,TN,CORRECTLY_REJECTED_UNKNOWN
7357,Real Images,001656.jpg,1656,1656,1,0.35,TP,CORRECT_MATCH
7358,Real Images,001753.jpg,1753,1753,1,0.35,TP,CORRECT_MATCH
7359,Real Images,003925.jpg,3925,3925,1,0.35,TP,CORRECT_MATCH
7360,New_Images,008028.jpg,8028,UNRECOGNIZED,0.2209,0.35,TN,CORRECTLY_REJECTED_UNKNOWN
7361,Real Images,002101.jpg,2101,2101,1,0.35,TP,CORRECT_MATCH
7362,New_Images,005374.jpg,5374,UNRECOGNIZED,0.2293,0.35,TN,CORRECTLY_REJECTED_UNKNOWN
7363,Real Images,003624.jpg,3624,3624,1,0.35,TP,CORRECT_MATCH
7364,Real Images,002838.jpg,2838,2838,1,0.35,TP,CORRECT_MATCH
7365,Real Images,000648.jpg,648,648,1,0.35,TP,CORRECT_MATCH
7366,New_Images,005851.jpg,5851,UNRECOGNIZED,0.325,0.35,TN,CORRECTLY_REJECTED_UNKNOWN
7367,Real Images,002357.jpg,2357,2357,1,0.35,TP,CORRECT_MATCH
7368,New_Images,009450.jpg,9450,UNRECOGNIZED,0.2364,0.35,TN,CORRECTLY_REJECTED_UNKNOWN
7369,Real Images,002380.jpg,2380,2380,1,0.35,TP,CORRECT_MATCH
7370,Real Images,001200.jpg,1200,1200,1,0.35,TP,CORRECT_MATCH
7371,New_Images,006592.jpg,6592,UNRECOGNIZED,0.2521,0.35,TN,CORRECTLY_REJECTED_UNKNOWN
7372,New_Images,006333.jpg,6333,UNRECOGNIZED,0.2868,0.35,TN,CORRECTLY_REJECTED_UNKNOWN
7373,New_Images,008263.jpg,8263,NO_FACE_DETECTED,0,0.35,TN,No Face Detected by SCRFD
7374,New_Images,006705.jpg,6705,UNRECOGNIZED,0.2433,0.35,TN,CORRECTLY_REJECTED_UNKNOWN
7375,New_Images,008306.jpg,8306,UNRECOGNIZED,0.2738,0.35,TN,CORRECTLY_REJECTED_UNKNOWN
7376,New_Images,007339.jpg,7339,NO_FACE_DETECTED,0,0.35,TN,No Face Detected by SCRFD
7377,Real Images,003111.jpg,3111,3111,1,0.35,TP,CORRECT_MATCH
7378,Real Images,004450.jpg,4450,4450,1,0.35,TP,CORRECT_MATCH
7379,New_Images,005543.jpg,5543,NO_FACE_DETECTED,0,0.35,TN,No Face Detected by SCRFD
7380,Real Images,004698.jpg,4698,4698,1,0.35,TP,CORRECT_MATCH
7381,New_Images,008082.jpg,8082,NO_FACE_DETECTED,0,0.35,TN,No Face Detected by SCRFD
7382,Real Images,002358.jpg,2358,2358,1,0.35,TP,CORRECT_MATCH
7383,New_Images,008619.jpg,8619,UNRECOGNIZED,0.2804,0.35,TN,CORRECTLY_REJECTED_UNKNOWN
7384,New_Images,005912.jpg,5912,UNRECOGNIZED,0.2445,0.35,TN,CORRECTLY_REJECTED_UNKNOWN
7385,New_Images,006516.jpg,6516,UNRECOGNIZED,0.2741,0.35,TN,CORRECTLY_REJECTED_UNKNOWN
7386,Real Images,004592.jpg,4592,4592,1,0.35,TP,CORRECT_MATCH
7387,Real Images,002858.jpg,2858,2858,1,0.35,TP,CORRECT_MATCH
7388,Real Images,003931.jpg,3931,3931,1,0.35,TP,CORRECT_MATCH
7389,New_Images,007760.jpg,7760,UNRECOGNIZED,0.2804,0.35,TN,CORRECTLY_REJECTED_UNKNOWN
7390,Real Images,004006.jpg,4006,4006,1,0.35,TP,CORRECT_MATCH
7391,New_Images,005776.jpg,5776,NO_FACE_DETECTED,0,0.35,TN,No Face Detected by SCRFD
7392,New_Images,009473.jpg,9473,UNRECOGNIZED,0.2228,0.35,TN,CORRECTLY_REJECTED_UNKNOWN
7393,New_Images,007428.jpg,7428,UNRECOGNIZED,0.2368,0.35,TN,CORRECTLY_REJECTED_UNKNOWN
7394,New_Images,005775.jpg,5775,UNRECOGNIZED,0.212,0.35,TN,CORRECTLY_REJECTED_UNKNOWN
7395,Real Images,002368.jpg,2368,2368,1,0.35,TP,CORRECT_MATCH
7396,New_Images,006318.jpg,6318,UNRECOGNIZED,0.2407,0.35,TN,CORRECTLY_REJECTED_UNKNOWN
7397,Real Images,002439.jpg,2439,2439,1,0.35,TP,CORRECT_MATCH
7398,Real Images,001843.jpg,1843,1843,1,0.35,TP,CORRECT_MATCH
7399,Real Images,002446.jpg,2446,2446,1,0.35,TP,CORRECT_MATCH
7400,Real Images,004572.jpg,4572,4572,1,0.35,TP,CORRECT_MATCH
7401,Real Images,002286.jpg,2286,NO_FACE_DETECTED,0,0.35,TN,No Face Detected by SCRFD
7402,Real Images,002020.jpg,2020,2020,1,0.35,TP,CORRECT_MATCH
7403,Real Images,001576.jpg,1576,1576,1,0.35,TP,CORRECT_MATCH
7404,New_Images,007653.jpg,7653,NO_FACE_DETECTED,0,0.35,TN,No Face Detected by SCRFD
7405,Real Images,004998.jpg,4998,4998,1,0.35,TP,CORRECT_MATCH
7406,New_Images,008605.jpg,8605,UNRECOGNIZED,0.2982,0.35,TN,CORRECTLY_REJECTED_UNKNOWN
7407,New_Images,005680.jpg,5680,NO_FACE_DETECTED,0,0.35,TN,No Face Detected by SCRFD
7408,New_Images,007780.jpg,7780,UNRECOGNIZED,0.2267,0.35,TN,CORRECTLY_REJECTED_UNKNOWN
7409,New_Images,005270.jpg,5270,NO_FACE_DETECTED,0,0.35,TN,No Face Detected by SCRFD
7410,New_Images,007456.jpg,7456,NO_FACE_DETECTED,0,0.35,TN,No Face Detected by SCRFD
7411,New_Images,005906.jpg,5906,UNRECOGNIZED,0.2483,0.35,TN,CORRECTLY_REJECTED_UNKNOWN
7412,New_Images,007108.jpg,7108,UNRECOGNIZED,0.2988,0.35,TN,CORRECTLY_REJECTED_UNKNOWN
7413,New_Images,006325.jpg,6325,UNRECOGNIZED,0.2504,0.35,TN,CORRECTLY_REJECTED_UNKNOWN
7414,New_Images,005537.jpg,5537,UNRECOGNIZED,0.2051,0.35,TN,CORRECTLY_REJECTED_UNKNOWN
7415,New_Images,008302.jpg,8302,NO_FACE_DETECTED,0,0.35,TN,No Face Detected by SCRFD
7416,New_Images,008379.jpg,8379,UNRECOGNIZED,0.2903,0.35,TN,CORRECTLY_REJECTED_UNKNOWN
7417,Real Images,002805.jpg,2805,2805,1,0.35,TP,CORRECT_MATCH
7418,Real Images,004368.jpg,4368,4368,1,0.35,TP,CORRECT_MATCH
7419,Real Images,003766.jpg,3766,3766,1,0.35,TP,CORRECT_MATCH
7420,Real Images,001419.jpg,1419,1419,1,0.35,TP,CORRECT_MATCH
7421,Real Images,002571.jpg,2571,2571,1,0.35,TP,CORRECT_MATCH
7422,Real Images,003087.jpg,3087,3087,1,0.35,TP,CORRECT_MATCH
7423,New_Images,009533.jpg,9533,UNRECOGNIZED,0.2239,0.35,TN,CORRECTLY_REJECTED_UNKNOWN
7424,New_Images,008196.jpg,8196,UNRECOGNIZED,0.3118,0.35,TN,CORRECTLY_REJECTED_UNKNOWN
7425,New_Images,005425.jpg,5425,UNRECOGNIZED,0.294,0.35,TN,CORRECTLY_REJECTED_UNKNOWN
7426,New_Images,009256.jpg,9256,NO_FACE_DETECTED,0,0.35,TN,No Face Detected by SCRFD
7427,Real Images,004595.jpg,4595,4595,1,0.35,TP,CORRECT_MATCH
7428,Real Images,001699.jpg,1699,1699,1,0.35,TP,CORRECT_MATCH
7429,Real Images,004250.jpg,4250,4250,1,0.35,TP,CORRECT_MATCH
7430,Real Images,001132.jpg,1132,1132,1,0.35,TP,CORRECT_MATCH
7431,New_Images,005782.jpg,5782,UNRECOGNIZED,0.2213,0.35,TN,CORRECTLY_REJECTED_UNKNOWN
7432,New_Images,009138.jpg,9138,NO_FACE_DETECTED,0,0.35,TN,No Face Detected by SCRFD
7433,New_Images,005959.jpg,5959,UNRECOGNIZED,0.2465,0.35,TN,CORRECTLY_REJECTED_UNKNOWN
7434,New_Images,006028.jpg,6028,NO_FACE_DETECTED,0,0.35,TN,No Face Detected by SCRFD
7435,New_Images,006950.jpg,6950,UNRECOGNIZED,0.2601,0.35,TN,CORRECTLY_REJECTED_UNKNOWN
7436,New_Images,007151.jpg,7151,UNRECOGNIZED,0.2763,0.35,TN,CORRECTLY_REJECTED_UNKNOWN
7437,Real Images,003864.jpg,3864,3864,1,0.35,TP,CORRECT_MATCH
7438,New_Images,005010.jpg,5010,UNRECOGNIZED,0.2327,0.35,TN,CORRECTLY_REJECTED_UNKNOWN
7439,New_Images,007839.jpg,7839,UNRECOGNIZED,0.247,0.35,TN,CORRECTLY_REJECTED_UNKNOWN
7440,Real Images,004111.jpg,4111,4111,1,0.35,TP,CORRECT_MATCH
7441,Real Images,003362.jpg,3362,3362,1,0.35,TP,CORRECT_MATCH
7442,Real Images,001671.jpg,1671,1671,1,0.35,TP,CORRECT_MATCH
7443,New_Images,005657.jpg,5657,UNRECOGNIZED,0.2719,0.35,TN,CORRECTLY_REJECTED_UNKNOWN
7444,Real Images,003383.jpg,3383,3383,1,0.35,TP,CORRECT_MATCH
7445,Real Images,001241.jpg,1241,1241,1,0.35,TP,CORRECT_MATCH
7446,Real Images,003431.jpg,3431,3431,1,0.35,TP,CORRECT_MATCH
7447,Real Images,002570.jpg,2570,2570,1,0.35,TP,CORRECT_MATCH
7448,New_Images,008369.jpg,8369,UNRECOGNIZED,0.2764,0.35,TN,CORRECTLY_REJECTED_UNKNOWN
7449,New_Images,008098.jpg,8098,UNRECOGNIZED,0.3291,0.35,TN,CORRECTLY_REJECTED_UNKNOWN
7450,Real Images,001563.jpg,1563,1563,1,0.35,TP,CORRECT_MATCH
7451,Real Images,000901.jpg,901,901,1,0.35,TP,CORRECT_MATCH
7452,New_Images,005739.jpg,5739,UNRECOGNIZED,0.2822,0.35,TN,CORRECTLY_REJECTED_UNKNOWN
7453,Real Images,004691.jpg,4691,4691,1,0.35,TP,CORRECT_MATCH
7454,New_Images,008506.jpg,8506,UNRECOGNIZED,0.2585,0.35,TN,CORRECTLY_REJECTED_UNKNOWN
7455,Real Images,001985.jpg,1985,1985,1,0.35,TP,CORRECT_MATCH
7456,New_Images,008963.jpg,8963,NO_FACE_DETECTED,0,0.35,TN,No Face Detected by SCRFD
7457,New_Images,008203.jpg,8203,UNRECOGNIZED,0.3018,0.35,TN,CORRECTLY_REJECTED_UNKNOWN
7458,New_Images,008648.jpg,8648,UNRECOGNIZED,0.2622,0.35,TN,CORRECTLY_REJECTED_UNKNOWN
7459,New_Images,009209.jpg,9209,NO_FACE_DETECTED,0,0.35,TN,No Face Detected by SCRFD
7460,New_Images,006891.jpg,6891,UNRECOGNIZED,0.2195,0.35,TN,CORRECTLY_REJECTED_UNKNOWN
7461,New_Images,006346.jpg,6346,NO_FACE_DETECTED,0,0.35,TN,No Face Detected by SCRFD
7462,New_Images,005077.jpg,5077,UNRECOGNIZED,0.2221,0.35,TN,CORRECTLY_REJECTED_UNKNOWN
7463,New_Images,007611.jpg,7611,UNRECOGNIZED,0.2203,0.35,TN,CORRECTLY_REJECTED_UNKNOWN
7464,New_Images,005153.jpg,5153,UNRECOGNIZED,0.2318,0.35,TN,CORRECTLY_REJECTED_UNKNOWN
7465,Real Images,004295.jpg,4295,4295,1,0.35,TP,CORRECT_MATCH
7466,Real Images,001397.jpg,1397,1397,1,0.35,TP,CORRECT_MATCH
7467,Real Images,003936.jpg,3936,3936,1,0.35,TP,CORRECT_MATCH
7468,Real Images,004781.jpg,4781,4781,1,0.35,TP,CORRECT_MATCH
7469,New_Images,009015.jpg,9015,NO_FACE_DETECTED,0,0.35,TN,No Face Detected by SCRFD
7470,New_Images,005910.jpg,5910,UNRECOGNIZED,0.2197,0.35,TN,CORRECTLY_REJECTED_UNKNOWN
7471,New_Images,008377.jpg,8377,UNRECOGNIZED,0.2846,0.35,TN,CORRECTLY_REJECTED_UNKNOWN
7472,Real Images,004732.jpg,4732,4732,1,0.35,TP,CORRECT_MATCH
7473,Real Images,004739.jpg,4739,4739,1,0.35,TP,CORRECT_MATCH
7474,New_Images,007992.jpg,7992,UNRECOGNIZED,0.2656,0.35,TN,CORRECTLY_REJECTED_UNKNOWN
7475,New_Images,006414.jpg,6414,UNRECOGNIZED,0.2712,0.35,TN,CORRECTLY_REJECTED_UNKNOWN
7476,New_Images,005371.jpg,5371,UNRECOGNIZED,0.2535,0.35,TN,CORRECTLY_REJECTED_UNKNOWN
7477,Real Images,002176.jpg,2176,2176,1,0.35,TP,CORRECT_MATCH
7478,Real Images,003888.jpg,3888,3888,1,0.35,TP,CORRECT_MATCH
7479,New_Images,009496.jpg,9496,UNRECOGNIZED,0.2578,0.35,TN,CORRECTLY_REJECTED_UNKNOWN
7480,New_Images,008136.jpg,8136,UNRECOGNIZED,0.2193,0.35,TN,CORRECTLY_REJECTED_UNKNOWN
7481,New_Images,005155.jpg,5155,UNRECOGNIZED,0.2937,0.35,TN,CORRECTLY_REJECTED_UNKNOWN
7482,New_Images,005637.jpg,5637,UNRECOGNIZED,0.2176,0.35,TN,CORRECTLY_REJECTED_UNKNOWN
7483,New_Images,009206.jpg,9206,UNRECOGNIZED,0.254,0.35,TN,CORRECTLY_REJECTED_UNKNOWN
7484,New_Images,005942.jpg,5942,NO_FACE_DETECTED,0,0.35,TN,No Face Detected by SCRFD
7485,New_Images,007363.jpg,7363,UNRECOGNIZED,0.2196,0.35,TN,CORRECTLY_REJECTED_UNKNOWN
7486,New_Images,006528.jpg,6528,UNRECOGNIZED,0.235,0.35,TN,CORRECTLY_REJECTED_UNKNOWN
7487,Real Images,002521.jpg,2521,2521,1,0.35,TP,CORRECT_MATCH
7488,New_Images,008754.jpg,8754,UNRECOGNIZED,0.2617,0.35,TN,CORRECTLY_REJECTED_UNKNOWN
7489,New_Images,007678.jpg,7678,UNRECOGNIZED,0.258,0.35,TN,CORRECTLY_REJECTED_UNKNOWN
7490,New_Images,008367.jpg,8367,UNRECOGNIZED,0.2862,0.35,TN,CORRECTLY_REJECTED_UNKNOWN
7491,New_Images,005520.jpg,5520,UNRECOGNIZED,0.2687,0.35,TN,CORRECTLY_REJECTED_UNKNOWN
7492,Real Images,002714.jpg,2714,2714,1,0.35,TP,CORRECT_MATCH
7493,Real Images,003018.jpg,3018,3018,1,0.35,TP,CORRECT_MATCH
7494,Real Images,000137.jpg,137,137,1,0.35,TP,CORRECT_MATCH
7495,New_Images,006683.jpg,6683,UNRECOGNIZED,0.2036,0.35,TN,CORRECTLY_REJECTED_UNKNOWN
7496,Real Images,003891.jpg,3891,3891,1,0.35,TP,CORRECT_MATCH
7497,Real Images,002456.jpg,2456,2456,1,0.35,TP,CORRECT_MATCH
7498,Real Images,004612.jpg,4612,4612,1,0.35,TP,CORRECT_MATCH
7499,New_Images,005806.jpg,5806,UNRECOGNIZED,0.2365,0.35,TN,CORRECTLY_REJECTED_UNKNOWN
7500,New_Images,009627.jpg,9627,UNRECOGNIZED,0.2803,0.35,TN,CORRECTLY_REJECTED_UNKNOWN
7501,Real Images,004361.jpg,4361,4361,1,0.35,TP,CORRECT_MATCH
7502,Real Images,004176.jpg,4176,4176,1,0.35,TP,CORRECT_MATCH
7503,New_Images,009212.jpg,9212,UNRECOGNIZED,0.2441,0.35,TN,CORRECTLY_REJECTED_UNKNOWN
7504,Real Images,004156.jpg,4156,4156,1,0.35,TP,CORRECT_MATCH
7505,Real Images,002756.jpg,2756,2756,1,0.35,TP,CORRECT_MATCH
7506,Real Images,004864.jpg,4864,4864,1,0.35,TP,CORRECT_MATCH
7507,Real Images,002452.jpg,2452,2452,1,0.35,TP,CORRECT_MATCH
7508,New_Images,007695.jpg,7695,UNRECOGNIZED,0.227,0.35,TN,CORRECTLY_REJECTED_UNKNOWN
7509,New_Images,006057.jpg,6057,NO_FACE_DETECTED,0,0.35,TN,No Face Detected by SCRFD
7510,New_Images,009268.jpg,9268,UNRECOGNIZED,0.2394,0.35,TN,CORRECTLY_REJECTED_UNKNOWN
7511,Real Images,003220.jpg,3220,3220,1,0.35,TP,CORRECT_MATCH
7512,Real Images,001332.jpg,1332,1332,1,0.35,TP,CORRECT_MATCH
7513,Real Images,002610.jpg,2610,2610,1,0.35,TP,CORRECT_MATCH
7514,New_Images,005023.jpg,5023,UNRECOGNIZED,0.2251,0.35,TN,CORRECTLY_REJECTED_UNKNOWN
7515,New_Images,007924.jpg,7924,UNRECOGNIZED,0.2856,0.35,TN,CORRECTLY_REJECTED_UNKNOWN
7516,Real Images,001146.jpg,1146,1146,1,0.35,TP,CORRECT_MATCH
7517,Real Images,004224.jpg,4224,4224,1,0.35,TP,CORRECT_MATCH
7518,New_Images,008730.jpg,8730,UNRECOGNIZED,0.267,0.35,TN,CORRECTLY_REJECTED_UNKNOWN
7519,Real Images,004967.jpg,4967,4967,1,0.35,TP,CORRECT_MATCH
7520,Real Images,001221.jpg,1221,1221,1,0.35,TP,CORRECT_MATCH
7521,New_Images,008461.jpg,8461,UNRECOGNIZED,0.2976,0.35,TN,CORRECTLY_REJECTED_UNKNOWN
7522,Real Images,004255.jpg,4255,4255,1,0.35,TP,CORRECT_MATCH
7523,Real Images,003881.jpg,3881,3881,1,0.35,TP,CORRECT_MATCH
7524,New_Images,006587.jpg,6587,NO_FACE_DETECTED,0,0.35,TN,No Face Detected by SCRFD
7525,Real Images,002729.jpg,2729,2729,1,0.35,TP,CORRECT_MATCH
7526,New_Images,005846.jpg,5846,UNRECOGNIZED,0.2959,0.35,TN,CORRECTLY_REJECTED_UNKNOWN
7527,New_Images,009357.jpg,9357,UNRECOGNIZED,0.2818,0.35,TN,CORRECTLY_REJECTED_UNKNOWN
7528,Real Images,000319.jpg,319,319,1,0.35,TP,CORRECT_MATCH
7529,Real Images,000372.jpg,372,372,1,0.35,TP,CORRECT_MATCH
7530,Real Images,000330.jpg,330,330,1,0.35,TP,CORRECT_MATCH
7531,Real Images,004097.jpg,4097,4097,1,0.35,TP,CORRECT_MATCH
7532,Real Images,003289.jpg,3289,3289,1,0.35,TP,CORRECT_MATCH
7533,Real Images,004171.jpg,4171,4171,1,0.35,TP,CORRECT_MATCH
7534,New_Images,007932.jpg,7932,UNRECOGNIZED,0.2995,0.35,TN,CORRECTLY_REJECTED_UNKNOWN
7535,Real Images,001631.jpg,1631,1631,1,0.35,TP,CORRECT_MATCH
7536,Real Images,001182.jpg,1182,1182,1,0.35,TP,CORRECT_MATCH
7537,New_Images,006185.jpg,6185,UNRECOGNIZED,0.2919,0.35,TN,CORRECTLY_REJECTED_UNKNOWN
7538,Real Images,002996.jpg,2996,2996,1,0.35,TP,CORRECT_MATCH
7539,New_Images,009124.jpg,9124,UNRECOGNIZED,0.2538,0.35,TN,CORRECTLY_REJECTED_UNKNOWN
7540,New_Images,007948.jpg,7948,UNRECOGNIZED,0.2917,0.35,TN,CORRECTLY_REJECTED_UNKNOWN
7541,New_Images,008591.jpg,8591,UNRECOGNIZED,0.2089,0.35,TN,CORRECTLY_REJECTED_UNKNOWN
7542,Real Images,003058.jpg,3058,3058,1,0.35,TP,CORRECT_MATCH
7543,Real Images,003227.jpg,3227,3227,1,0.35,TP,CORRECT_MATCH
7544,Real Images,000793.jpg,793,793,1,0.35,TP,CORRECT_MATCH
7545,Real Images,001055.jpg,1055,1055,1,0.35,TP,CORRECT_MATCH
7546,Real Images,000974.jpg,974,974,1,0.35,TP,CORRECT_MATCH
7547,New_Images,005006.jpg,5006,UNRECOGNIZED,0.3273,0.35,TN,CORRECTLY_REJECTED_UNKNOWN
7548,New_Images,009508.jpg,9508,NO_FACE_DETECTED,0,0.35,TN,No Face Detected by SCRFD
7549,New_Images,008393.jpg,8393,UNRECOGNIZED,0.2524,0.35,TN,CORRECTLY_REJECTED_UNKNOWN
7550,New_Images,008899.jpg,8899,UNRECOGNIZED,0.2644,0.35,TN,CORRECTLY_REJECTED_UNKNOWN
7551,Real Images,002292.jpg,2292,2292,1,0.35,TP,CORRECT_MATCH
7552,Real Images,004505.jpg,4505,4505,1,0.35,TP,CORRECT_MATCH
7553,New_Images,006262.jpg,6262,UNRECOGNIZED,0.2506,0.35,TN,CORRECTLY_REJECTED_UNKNOWN
7554,Real Images,003690.jpg,3690,3690,1,0.35,TP,CORRECT_MATCH
7555,Real Images,004131.jpg,4131,4131,1,0.35,TP,CORRECT_MATCH
7556,New_Images,009234.jpg,9234,NO_FACE_DETECTED,0,0.35,TN,No Face Detected by SCRFD
7557,Real Images,000603.jpg,603,603,1,0.35,TP,CORRECT_MATCH
7558,Real Images,002365.jpg,2365,2365,1,0.35,TP,CORRECT_MATCH
7559,Real Images,004533.jpg,4533,4533,1,0.35,TP,CORRECT_MATCH
7560,Real Images,002970.jpg,2970,2970,1,0.35,TP,CORRECT_MATCH
7561,Real Images,001595.jpg,1595,1595,1,0.35,TP,CORRECT_MATCH
7562,Real Images,004603.jpg,4603,4603,1,0.35,TP,CORRECT_MATCH
7563,Real Images,004672.jpg,4672,4672,1,0.35,TP,CORRECT_MATCH
7564,Real Images,000420.jpg,420,420,1,0.35,TP,CORRECT_MATCH
7565,Real Images,003282.jpg,3282,3282,1,0.35,TP,CORRECT_MATCH
7566,Real Images,000371.jpg,371,371,1,0.35,TP,CORRECT_MATCH
7567,Real Images,002998.jpg,2998,2998,1,0.35,TP,CORRECT_MATCH
7568,Real Images,003304.jpg,3304,3304,1,0.35,TP,CORRECT_MATCH
7569,New_Images,006258.jpg,6258,UNRECOGNIZED,0.2564,0.35,TN,CORRECTLY_REJECTED_UNKNOWN
7570,Real Images,002997.jpg,2997,2997,1,0.35,TP,CORRECT_MATCH
7571,New_Images,005960.jpg,5960,UNRECOGNIZED,0.2601,0.35,TN,CORRECTLY_REJECTED_UNKNOWN
7572,Real Images,002167.jpg,2167,2167,1,0.35,TP,CORRECT_MATCH
7573,New_Images,007230.jpg,7230,UNRECOGNIZED,0.2676,0.35,TN,CORRECTLY_REJECTED_UNKNOWN
7574,Real Images,001098.jpg,1098,1098,1,0.35,TP,CORRECT_MATCH
7575,Real Images,003531.jpg,3531,3531,1,0.35,TP,CORRECT_MATCH
7576,Real Images,000881.jpg,881,881,1,0.35,TP,CORRECT_MATCH
7577,New_Images,006941.jpg,6941,NO_FACE_DETECTED,0,0.35,TN,No Face Detected by SCRFD
7578,Real Images,000067.jpg,67,67,1,0.35,TP,CORRECT_MATCH
7579,Real Images,004397.jpg,4397,4397,1,0.35,TP,CORRECT_MATCH
7580,New_Images,009539.jpg,9539,NO_FACE_DETECTED,0,0.35,TN,No Face Detected by SCRFD
7581,Real Images,003856.jpg,3856,3856,1,0.35,TP,CORRECT_MATCH
7582,New_Images,005510.jpg,5510,UNRECOGNIZED,0.2061,0.35,TN,CORRECTLY_REJECTED_UNKNOWN
7583,New_Images,005360.jpg,5360,NO_FACE_DETECTED,0,0.35,TN,No Face Detected by SCRFD
7584,New_Images,006905.jpg,6905,UNRECOGNIZED,0.2412,0.35,TN,CORRECTLY_REJECTED_UNKNOWN
7585,New_Images,007229.jpg,7229,UNRECOGNIZED,0.225,0.35,TN,CORRECTLY_REJECTED_UNKNOWN
7586,Real Images,004895.jpg,4895,4895,1,0.35,TP,CORRECT_MATCH
7587,Real Images,004055.jpg,4055,4055,1,0.35,TP,CORRECT_MATCH
7588,Real Images,002305.jpg,2305,2305,1,0.35,TP,CORRECT_MATCH
7589,New_Images,007624.jpg,7624,UNRECOGNIZED,0.2385,0.35,TN,CORRECTLY_REJECTED_UNKNOWN
7590,Real Images,000399.jpg,399,399,1,0.35,TP,CORRECT_MATCH
7591,New_Images,008056.jpg,8056,NO_FACE_DETECTED,0,0.35,TN,No Face Detected by SCRFD
7592,Real Images,004779.jpg,4779,4779,1,0.35,TP,CORRECT_MATCH
7593,Real Images,001763.jpg,1763,1763,1,0.35,TP,CORRECT_MATCH
7594,Real Images,001973.jpg,1973,1973,1,0.35,TP,CORRECT_MATCH
7595,Real Images,003746.jpg,3746,3746,1,0.35,TP,CORRECT_MATCH
7596,Real Images,004141.jpg,4141,4141,1,0.35,TP,CORRECT_MATCH
7597,Real Images,003222.jpg,3222,3222,1,0.35,TP,CORRECT_MATCH
7598,Real Images,000738.jpg,738,738,1,0.35,TP,CORRECT_MATCH
7599,Real Images,000190.jpg,190,190,1,0.35,TP,CORRECT_MATCH
7600,Real Images,004075.jpg,4075,4075,1,0.35,TP,CORRECT_MATCH
7601,New_Images,008209.jpg,8209,UNRECOGNIZED,0.2474,0.35,TN,CORRECTLY_REJECTED_UNKNOWN
7602,New_Images,007202.jpg,7202,UNRECOGNIZED,0.2133,0.35,TN,CORRECTLY_REJECTED_UNKNOWN
7603,Real Images,004086.jpg,4086,4086,1,0.35,TP,CORRECT_MATCH
7604,New_Images,008848.jpg,8848,UNRECOGNIZED,0.2352,0.35,TN,CORRECTLY_REJECTED_UNKNOWN
7605,Real Images,004217.jpg,4217,4217,1,0.35,TP,CORRECT_MATCH
7606,Real Images,004082.jpg,4082,4082,1,0.35,TP,CORRECT_MATCH
7607,Real Images,001306.jpg,1306,1306,1,0.35,TP,CORRECT_MATCH
7608,New_Images,007861.jpg,7861,UNRECOGNIZED,0.2512,0.35,TN,CORRECTLY_REJECTED_UNKNOWN
7609,Real Images,001556.jpg,1556,1556,1,0.35,TP,CORRECT_MATCH
7610,Real Images,002562.jpg,2562,2562,1,0.35,TP,CORRECT_MATCH
7611,New_Images,005908.jpg,5908,NO_FACE_DETECTED,0,0.35,TN,No Face Detected by SCRFD
7612,Real Images,004733.jpg,4733,4733,1,0.35,TP,CORRECT_MATCH
7613,Real Images,002683.jpg,2683,2683,1,0.35,TP,CORRECT_MATCH
7614,New_Images,008007.jpg,8007,UNRECOGNIZED,0.2497,0.35,TN,CORRECTLY_REJECTED_UNKNOWN
7615,Real Images,001309.jpg,1309,1309,1,0.35,TP,CORRECT_MATCH
7616,New_Images,007392.jpg,7392,NO_FACE_DETECTED,0,0.35,TN,No Face Detected by SCRFD
7617,New_Images,007089.jpg,7089,UNRECOGNIZED,0.2706,0.35,TN,CORRECTLY_REJECTED_UNKNOWN
7618,Real Images,002034.jpg,2034,2034,1,0.35,TP,CORRECT_MATCH
7619,Real Images,003426.jpg,3426,3426,1,0.35,TP,CORRECT_MATCH
7620,New_Images,005042.jpg,5042,UNRECOGNIZED,0.2392,0.35,TN,CORRECTLY_REJECTED_UNKNOWN
7621,New_Images,007080.jpg,7080,UNRECOGNIZED,0.2432,0.35,TN,CORRECTLY_REJECTED_UNKNOWN
7622,Real Images,003147.jpg,3147,3147,1,0.35,TP,CORRECT_MATCH
7623,Real Images,002378.jpg,2378,2378,1,0.35,TP,CORRECT_MATCH
7624,Real Images,000415.jpg,415,415,1,0.35,TP,CORRECT_MATCH
7625,Real Images,000794.jpg,794,794,1,0.35,TP,CORRECT_MATCH
7626,Real Images,001155.jpg,1155,1155,1,0.35,TP,CORRECT_MATCH
7627,Real Images,002031.jpg,2031,2031,1,0.35,TP,CORRECT_MATCH
7628,New_Images,008843.jpg,8843,UNRECOGNIZED,0.2399,0.35,TN,CORRECTLY_REJECTED_UNKNOWN
7629,Real Images,002192.jpg,2192,2192,1,0.35,TP,CORRECT_MATCH
7630,Real Images,001004.jpg,1004,1004,1,0.35,TP,CORRECT_MATCH
7631,Real Images,003822.jpg,3822,3822,1,0.35,TP,CORRECT_MATCH
7632,Real Images,001981.jpg,1981,1981,1,0.35,TP,CORRECT_MATCH
7633,Real Images,002615.jpg,2615,2615,1,0.35,TP,CORRECT_MATCH
7634,Real Images,000870.jpg,870,870,1,0.35,TP,CORRECT_MATCH
7635,New_Images,007842.jpg,7842,NO_FACE_DETECTED,0,0.35,TN,No Face Detected by SCRFD
7636,Real Images,004219.jpg,4219,4219,1,0.35,TP,CORRECT_MATCH
7637,Real Images,003036.jpg,3036,3036,1,0.35,TP,CORRECT_MATCH
7638,New_Images,006232.jpg,6232,UNRECOGNIZED,0.3166,0.35,TN,CORRECTLY_REJECTED_UNKNOWN
7639,Real Images,001072.jpg,1072,1072,1,0.35,TP,CORRECT_MATCH
7640,New_Images,009031.jpg,9031,NO_FACE_DETECTED,0,0.35,TN,No Face Detected by SCRFD
7641,Real Images,002830.jpg,2830,2830,1,0.35,TP,CORRECT_MATCH
7642,New_Images,007052.jpg,7052,UNRECOGNIZED,0.2194,0.35,TN,CORRECTLY_REJECTED_UNKNOWN
7643,New_Images,006015.jpg,6015,NO_FACE_DETECTED,0,0.35,TN,No Face Detected by SCRFD
7644,New_Images,009605.jpg,9605,UNRECOGNIZED,0.2253,0.35,TN,CORRECTLY_REJECTED_UNKNOWN
7645,New_Images,005885.jpg,5885,UNRECOGNIZED,0.296,0.35,TN,CORRECTLY_REJECTED_UNKNOWN
7646,New_Images,007058.jpg,7058,UNRECOGNIZED,0.2415,0.35,TN,CORRECTLY_REJECTED_UNKNOWN
7647,Real Images,002561.jpg,2561,2561,1,0.35,TP,CORRECT_MATCH
7648,New_Images,008061.jpg,8061,UNRECOGNIZED,0.2193,0.35,TN,CORRECTLY_REJECTED_UNKNOWN
7649,Real Images,004970.jpg,4970,4970,1,0.35,TP,CORRECT_MATCH
7650,Real Images,002787.jpg,2787,2787,1,0.35,TP,CORRECT_MATCH
7651,Real Images,001672.jpg,1672,1672,1,0.35,TP,CORRECT_MATCH
7652,New_Images,008657.jpg,8657,NO_FACE_DETECTED,0,0.35,TN,No Face Detected by SCRFD
7653,Real Images,003967.jpg,3967,3967,1,0.35,TP,CORRECT_MATCH
7654,New_Images,008868.jpg,8868,UNRECOGNIZED,0.2269,0.35,TN,CORRECTLY_REJECTED_UNKNOWN
7655,Real Images,003602.jpg,3602,3602,1,0.35,TP,CORRECT_MATCH
7656,Real Images,001295.jpg,1295,1295,1,0.35,TP,CORRECT_MATCH
7657,Real Images,000491.jpg,491,491,1,0.35,TP,CORRECT_MATCH
7658,New_Images,005642.jpg,5642,UNRECOGNIZED,0.2311,0.35,TN,CORRECTLY_REJECTED_UNKNOWN
7659,Real Images,000598.jpg,598,598,1,0.35,TP,CORRECT_MATCH
7660,Real Images,003716.jpg,3716,3716,1,0.35,TP,CORRECT_MATCH
7661,Real Images,002437.jpg,2437,2437,1,0.35,TP,CORRECT_MATCH
7662,Real Images,003327.jpg,3327,3327,1,0.35,TP,CORRECT_MATCH
7663,New_Images,005612.jpg,5612,UNRECOGNIZED,0.2541,0.35,TN,CORRECTLY_REJECTED_UNKNOWN
7664,New_Images,006614.jpg,6614,NO_FACE_DETECTED,0,0.35,TN,No Face Detected by SCRFD
7665,New_Images,009281.jpg,9281,UNRECOGNIZED,0.2459,0.35,TN,CORRECTLY_REJECTED_UNKNOWN
7666,Real Images,002007.jpg,2007,2007,1,0.35,TP,CORRECT_MATCH
7667,Real Images,003957.jpg,3957,3957,1,0.35,TP,CORRECT_MATCH
7668,Real Images,002475.jpg,2475,2475,1,0.35,TP,CORRECT_MATCH
7669,New_Images,005259.jpg,5259,UNRECOGNIZED,0.2744,0.35,TN,CORRECTLY_REJECTED_UNKNOWN
7670,Real Images,002373.jpg,2373,2373,1,0.35,TP,CORRECT_MATCH
7671,Real Images,004470.jpg,4470,4470,1,0.35,TP,CORRECT_MATCH
7672,New_Images,005138.jpg,5138,NO_FACE_DETECTED,0,0.35,TN,No Face Detected by SCRFD
7673,New_Images,007283.jpg,7283,UNRECOGNIZED,0.2442,0.35,TN,CORRECTLY_REJECTED_UNKNOWN
7674,Real Images,004080.jpg,4080,4080,1,0.35,TP,CORRECT_MATCH
7675,Real Images,000249.jpg,249,249,1,0.35,TP,CORRECT_MATCH
7676,New_Images,008078.jpg,8078,NO_FACE_DETECTED,0,0.35,TN,No Face Detected by SCRFD
7677,New_Images,005064.jpg,5064,UNRECOGNIZED,0.2244,0.35,TN,CORRECTLY_REJECTED_UNKNOWN
7678,New_Images,008053.jpg,8053,UNRECOGNIZED,0.2461,0.35,TN,CORRECTLY_REJECTED_UNKNOWN
7679,Real Images,004687.jpg,4687,4687,1,0.35,TP,CORRECT_MATCH
7680,New_Images,006283.jpg,6283,UNRECOGNIZED,0.2489,0.35,TN,CORRECTLY_REJECTED_UNKNOWN
7681,Real Images,001727.jpg,1727,1727,1,0.35,TP,CORRECT_MATCH
7682,New_Images,005335.jpg,5335,NO_FACE_DETECTED,0,0.35,TN,No Face Detected by SCRFD
7683,Real Images,002169.jpg,2169,2169,1,0.35,TP,CORRECT_MATCH
7684,Real Images,004725.jpg,4725,4725,1,0.35,TP,CORRECT_MATCH
7685,New_Images,006317.jpg,6317,NO_FACE_DETECTED,0,0.35,TN,No Face Detected by SCRFD
7686,New_Images,005255.jpg,5255,UNRECOGNIZED,0.2538,0.35,TN,CORRECTLY_REJECTED_UNKNOWN
7687,Real Images,000373.jpg,373,373,1,0.35,TP,CORRECT_MATCH
7688,Real Images,000666.jpg,666,666,1,0.35,TP,CORRECT_MATCH
7689,Real Images,000233.jpg,233,233,1,0.35,TP,CORRECT_MATCH
7690,New_Images,007077.jpg,7077,NO_FACE_DETECTED,0,0.35,TN,No Face Detected by SCRFD
7691,New_Images,006761.jpg,6761,UNRECOGNIZED,0.2514,0.35,TN,CORRECTLY_REJECTED_UNKNOWN
7692,Real Images,000338.jpg,338,338,1,0.35,TP,CORRECT_MATCH
7693,Real Images,004618.jpg,4618,4618,1,0.35,TP,CORRECT_MATCH
7694,New_Images,007569.jpg,7569,UNRECOGNIZED,0.2304,0.35,TN,CORRECTLY_REJECTED_UNKNOWN
7695,New_Images,006903.jpg,6903,UNRECOGNIZED,0.2497,0.35,TN,CORRECTLY_REJECTED_UNKNOWN
7696,Real Images,002766.jpg,2766,2766,1,0.35,TP,CORRECT_MATCH
7697,Real Images,004958.jpg,4958,4958,1,0.35,TP,CORRECT_MATCH
7698,New_Images,007390.jpg,7390,UNRECOGNIZED,0.2576,0.35,TN,CORRECTLY_REJECTED_UNKNOWN
7699,New_Images,005904.jpg,5904,UNRECOGNIZED,0.2558,0.35,TN,CORRECTLY_REJECTED_UNKNOWN
7700,New_Images,005116.jpg,5116,NO_FACE_DETECTED,0,0.35,TN,No Face Detected by SCRFD
7701,New_Images,005397.jpg,5397,NO_FACE_DETECTED,0,0.35,TN,No Face Detected by SCRFD
7702,New_Images,008957.jpg,8957,UNRECOGNIZED,0.326,0.35,TN,CORRECTLY_REJECTED_UNKNOWN
7703,Real Images,001264.jpg,1264,1264,1,0.35,TP,CORRECT_MATCH
7704,Real Images,004757.jpg,4757,4757,1,0.35,TP,CORRECT_MATCH
7705,Real Images,004849.jpg,4849,4849,1,0.35,TP,CORRECT_MATCH
7706,New_Images,008264.jpg,8264,NO_FACE_DETECTED,0,0.35,TN,No Face Detected by SCRFD
7707,New_Images,005251.jpg,5251,UNRECOGNIZED,0.2574,0.35,TN,CORRECTLY_REJECTED_UNKNOWN
7708,Real Images,004118.jpg,4118,4118,1,0.35,TP,CORRECT_MATCH
7709,Real Images,000766.jpg,766,766,1,0.35,TP,CORRECT_MATCH
7710,Real Images,004371.jpg,4371,4371,1,0.35,TP,CORRECT_MATCH
7711,New_Images,005034.jpg,5034,UNRECOGNIZED,0.2545,0.35,TN,CORRECTLY_REJECTED_UNKNOWN
7712,Real Images,002481.jpg,2481,2481,1,0.35,TP,CORRECT_MATCH
7713,New_Images,008452.jpg,8452,UNRECOGNIZED,0.2253,0.35,TN,CORRECTLY_REJECTED_UNKNOWN
7714,Real Images,001026.jpg,1026,1026,1,0.35,TP,CORRECT_MATCH
7715,New_Images,008362.jpg,8362,UNRECOGNIZED,0.2241,0.35,TN,CORRECTLY_REJECTED_UNKNOWN
7716,Real Images,004513.jpg,4513,4513,1,0.35,TP,CORRECT_MATCH
7717,New_Images,005203.jpg,5203,UNRECOGNIZED,0.2247,0.35,TN,CORRECTLY_REJECTED_UNKNOWN
7718,Real Images,001609.jpg,1609,1609,1,0.35,TP,CORRECT_MATCH
7719,Real Images,002053.jpg,2053,2053,1,0.35,TP,CORRECT_MATCH
7720,New_Images,008922.jpg,8922,NO_FACE_DETECTED,0,0.35,TN,No Face Detected by SCRFD
7721,New_Images,008160.jpg,8160,UNRECOGNIZED,0.2503,0.35,TN,CORRECTLY_REJECTED_UNKNOWN
7722,Real Images,002327.jpg,2327,2327,1,0.35,TP,CORRECT_MATCH
7723,New_Images,007332.jpg,7332,UNRECOGNIZED,0.2578,0.35,TN,CORRECTLY_REJECTED_UNKNOWN
7724,Real Images,004251.jpg,4251,4251,1,0.35,TP,CORRECT_MATCH
7725,New_Images,007708.jpg,7708,UNRECOGNIZED,0.2062,0.35,TN,CORRECTLY_REJECTED_UNKNOWN
7726,Real Images,002835.jpg,2835,2835,1,0.35,TP,CORRECT_MATCH
7727,Real Images,001848.jpg,1848,1848,1,0.35,TP,CORRECT_MATCH
7728,New_Images,005811.jpg,5811,NO_FACE_DETECTED,0,0.35,TN,No Face Detected by SCRFD
7729,New_Images,009305.jpg,9305,UNRECOGNIZED,0.2036,0.35,TN,CORRECTLY_REJECTED_UNKNOWN
7730,Real Images,002644.jpg,2644,2644,1,0.35,TP,CORRECT_MATCH
7731,Real Images,001327.jpg,1327,1327,1,0.35,TP,CORRECT_MATCH
7732,Real Images,001349.jpg,1349,1349,1,0.35,TP,CORRECT_MATCH
7733,Real Images,002492.jpg,2492,2492,1,0.35,TP,CORRECT_MATCH
7734,Real Images,001254.jpg,1254,1254,1,0.35,TP,CORRECT_MATCH
7735,Real Images,004245.jpg,4245,4245,1,0.35,TP,CORRECT_MATCH
7736,Real Images,001018.jpg,1018,1018,1,0.35,TP,CORRECT_MATCH
7737,New_Images,006811.jpg,6811,UNRECOGNIZED,0.2222,0.35,TN,CORRECTLY_REJECTED_UNKNOWN
7738,Real Images,000454.jpg,454,454,1,0.35,TP,CORRECT_MATCH
7739,New_Images,007113.jpg,7113,UNRECOGNIZED,0.2124,0.35,TN,CORRECTLY_REJECTED_UNKNOWN
7740,New_Images,008725.jpg,8725,UNRECOGNIZED,0.29,0.35,TN,CORRECTLY_REJECTED_UNKNOWN
7741,New_Images,008181.jpg,8181,UNRECOGNIZED,0.2639,0.35,TN,CORRECTLY_REJECTED_UNKNOWN
7742,Real Images,003545.jpg,3545,3545,1,0.35,TP,CORRECT_MATCH
7743,Real Images,001058.jpg,1058,1058,1,0.35,TP,CORRECT_MATCH
7744,New_Images,006290.jpg,6290,NO_FACE_DETECTED,0,0.35,TN,No Face Detected by SCRFD
7745,Real Images,001491.jpg,1491,1491,1,0.35,TP,CORRECT_MATCH
7746,Real Images,004816.jpg,4816,4816,1,0.35,TP,CORRECT_MATCH
7747,New_Images,005242.jpg,5242,UNRECOGNIZED,0.264,0.35,TN,CORRECTLY_REJECTED_UNKNOWN
7748,Real Images,004517.jpg,4517,4517,1,0.35,TP,CORRECT_MATCH
7749,New_Images,006392.jpg,6392,NO_FACE_DETECTED,0,0.35,TN,No Face Detected by SCRFD
7750,New_Images,006792.jpg,6792,UNRECOGNIZED,0.2347,0.35,TN,CORRECTLY_REJECTED_UNKNOWN
7751,New_Images,007193.jpg,7193,UNRECOGNIZED,0.246,0.35,TN,CORRECTLY_REJECTED_UNKNOWN
7752,Real Images,001052.jpg,1052,1052,1,0.35,TP,CORRECT_MATCH
7753,Real Images,002823.jpg,2823,2823,1,0.35,TP,CORRECT_MATCH
7754,Real Images,004239.jpg,4239,4239,1,0.35,TP,CORRECT_MATCH
7755,New_Images,005572.jpg,5572,UNRECOGNIZED,0.226,0.35,TN,CORRECTLY_REJECTED_UNKNOWN
7756,Real Images,003817.jpg,3817,3817,1,0.35,TP,CORRECT_MATCH
7757,Real Images,003687.jpg,3687,3687,1,0.35,TP,CORRECT_MATCH
7758,Real Images,000608.jpg,608,608,1,0.35,TP,CORRECT_MATCH
7759,New_Images,005263.jpg,5263,UNRECOGNIZED,0.2138,0.35,TN,CORRECTLY_REJECTED_UNKNOWN
7760,Real Images,002598.jpg,2598,2598,1,0.35,TP,CORRECT_MATCH
7761,Real Images,001027.jpg,1027,1027,1,0.35,TP,CORRECT_MATCH
7762,Real Images,000605.jpg,605,605,1,0.35,TP,CORRECT_MATCH
7763,Real Images,004710.jpg,4710,4710,1,0.35,TP,CORRECT_MATCH
7764,New_Images,008797.jpg,8797,UNRECOGNIZED,0.2472,0.35,TN,CORRECTLY_REJECTED_UNKNOWN
7765,Real Images,003355.jpg,3355,3355,1,0.35,TP,CORRECT_MATCH
7766,New_Images,006301.jpg,6301,NO_FACE_DETECTED,0,0.35,TN,No Face Detected by SCRFD
7767,Real Images,003366.jpg,3366,3366,1,0.35,TP,CORRECT_MATCH
7768,Real Images,004307.jpg,4307,4307,1,0.35,TP,CORRECT_MATCH
7769,Real Images,003922.jpg,3922,3922,1,0.35,TP,CORRECT_MATCH
7770,New_Images,005889.jpg,5889,UNRECOGNIZED,0.2494,0.35,TN,CORRECTLY_REJECTED_UNKNOWN
7771,New_Images,008671.jpg,8671,UNRECOGNIZED,0.2784,0.35,TN,CORRECTLY_REJECTED_UNKNOWN
7772,Real Images,003262.jpg,3262,3262,1,0.35,TP,CORRECT_MATCH
7773,Real Images,002534.jpg,2534,2534,1,0.35,TP,CORRECT_MATCH
7774,Real Images,000539.jpg,539,539,1,0.35,TP,CORRECT_MATCH
7775,Real Images,000707.jpg,707,707,1,0.35,TP,CORRECT_MATCH
7776,New_Images,007244.jpg,7244,NO_FACE_DETECTED,0,0.35,TN,No Face Detected by SCRFD
7777,New_Images,005014.jpg,5014,UNRECOGNIZED,0.2547,0.35,TN,CORRECTLY_REJECTED_UNKNOWN
7778,Real Images,001064.jpg,1064,1064,1,0.35,TP,CORRECT_MATCH
7779,Real Images,004520.jpg,4520,4520,1,0.35,TP,CORRECT_MATCH
7780,New_Images,006584.jpg,6584,NO_FACE_DETECTED,0,0.35,TN,No Face Detected by SCRFD
7781,Real Images,003829.jpg,3829,3829,1,0.35,TP,CORRECT_MATCH
7782,Real Images,003023.jpg,3023,3023,1,0.35,TP,CORRECT_MATCH
7783,Real Images,004689.jpg,4689,4689,1,0.35,TP,CORRECT_MATCH
7784,Real Images,004539.jpg,4539,4539,1,0.35,TP,CORRECT_MATCH
7785,Real Images,002957.jpg,2957,2957,1,0.35,TP,CORRECT_MATCH
7786,Real Images,000216.jpg,216,216,1,0.35,TP,CORRECT_MATCH
7787,Real Images,004048.jpg,4048,4048,1,0.35,TP,CORRECT_MATCH
7788,New_Images,006475.jpg,6475,UNRECOGNIZED,0.2876,0.35,TN,CORRECTLY_REJECTED_UNKNOWN
7789,Real Images,001940.jpg,1940,1940,1,0.35,TP,CORRECT_MATCH
7790,New_Images,009230.jpg,9230,UNRECOGNIZED,0.2479,0.35,TN,CORRECTLY_REJECTED_UNKNOWN
7791,New_Images,006489.jpg,6489,UNRECOGNIZED,0.2301,0.35,TN,CORRECTLY_REJECTED_UNKNOWN
7792,New_Images,008680.jpg,8680,NO_FACE_DETECTED,0,0.35,TN,No Face Detected by SCRFD
7793,Real Images,000995.jpg,995,995,1,0.35,TP,CORRECT_MATCH
7794,Real Images,001837.jpg,1837,1837,1,0.35,TP,CORRECT_MATCH
7795,Real Images,004168.jpg,4168,4168,1,0.35,TP,CORRECT_MATCH
7796,Real Images,002962.jpg,2962,2962,1,0.35,TP,CORRECT_MATCH
7797,New_Images,006502.jpg,6502,UNRECOGNIZED,0.2236,0.35,TN,CORRECTLY_REJECTED_UNKNOWN
7798,Real Images,001427.jpg,1427,1427,1,0.35,TP,CORRECT_MATCH
7799,New_Images,005225.jpg,5225,UNRECOGNIZED,0.2547,0.35,TN,CORRECTLY_REJECTED_UNKNOWN
7800,New_Images,008422.jpg,8422,UNRECOGNIZED,0.2784,0.35,TN,CORRECTLY_REJECTED_UNKNOWN
7801,New_Images,007597.jpg,7597,NO_FACE_DETECTED,0,0.35,TN,No Face Detected by SCRFD
7802,New_Images,009365.jpg,9365,UNRECOGNIZED,0.2743,0.35,TN,CORRECTLY_REJECTED_UNKNOWN
7803,New_Images,005832.jpg,5832,UNRECOGNIZED,0.3118,0.35,TN,CORRECTLY_REJECTED_UNKNOWN
7804,New_Images,009477.jpg,9477,UNRECOGNIZED,0.2608,0.35,TN,CORRECTLY_REJECTED_UNKNOWN
7805,New_Images,006975.jpg,6975,NO_FACE_DETECTED,0,0.35,TN,No Face Detected by SCRFD
7806,Real Images,002458.jpg,2458,2458,1,0.35,TP,CORRECT_MATCH
7807,New_Images,007302.jpg,7302,UNRECOGNIZED,0.2221,0.35,TN,CORRECTLY_REJECTED_UNKNOWN
7808,Real Images,002379.jpg,2379,2379,1,0.35,TP,CORRECT_MATCH
7809,Real Images,004442.jpg,4442,4442,1,0.35,TP,CORRECT_MATCH
7810,New_Images,008473.jpg,8473,UNRECOGNIZED,0.2401,0.35,TN,CORRECTLY_REJECTED_UNKNOWN
7811,Real Images,000532.jpg,532,532,1,0.35,TP,CORRECT_MATCH
7812,New_Images,005813.jpg,5813,UNRECOGNIZED,0.2096,0.35,TN,CORRECTLY_REJECTED_UNKNOWN
7813,Real Images,002847.jpg,2847,2847,1,0.35,TP,CORRECT_MATCH
7814,New_Images,005471.jpg,5471,UNRECOGNIZED,0.268,0.35,TN,CORRECTLY_REJECTED_UNKNOWN
7815,Real Images,002619.jpg,2619,2619,1,0.35,TP,CORRECT_MATCH
7816,New_Images,006927.jpg,6927,UNRECOGNIZED,0.2242,0.35,TN,CORRECTLY_REJECTED_UNKNOWN
7817,New_Images,005587.jpg,5587,UNRECOGNIZED,0.2349,0.35,TN,CORRECTLY_REJECTED_UNKNOWN
7818,New_Images,006640.jpg,6640,UNRECOGNIZED,0.2389,0.35,TN,CORRECTLY_REJECTED_UNKNOWN
7819,Real Images,000720.jpg,720,720,1,0.35,TP,CORRECT_MATCH
7820,Real Images,003647.jpg,3647,3647,1,0.35,TP,CORRECT_MATCH
7821,New_Images,005844.jpg,5844,UNRECOGNIZED,0.2286,0.35,TN,CORRECTLY_REJECTED_UNKNOWN
7822,New_Images,007362.jpg,7362,UNRECOGNIZED,0.2315,0.35,TN,CORRECTLY_REJECTED_UNKNOWN
7823,Real Images,001415.jpg,1415,1415,1,0.35,TP,CORRECT_MATCH
7824,Real Images,003704.jpg,3704,3704,1,0.35,TP,CORRECT_MATCH
7825,New_Images,008711.jpg,8711,UNRECOGNIZED,0.2152,0.35,TN,CORRECTLY_REJECTED_UNKNOWN
7826,New_Images,006987.jpg,6987,UNRECOGNIZED,0.267,0.35,TN,CORRECTLY_REJECTED_UNKNOWN
7827,Real Images,001112.jpg,1112,1112,1,0.35,TP,CORRECT_MATCH
7828,Real Images,001005.jpg,1005,1005,1,0.35,TP,CORRECT_MATCH
7829,Real Images,001640.jpg,1640,1640,1,0.35,TP,CORRECT_MATCH
7830,Real Images,004024.jpg,4024,4024,1,0.35,TP,CORRECT_MATCH
7831,New_Images,007508.jpg,7508,NO_FACE_DETECTED,0,0.35,TN,No Face Detected by SCRFD
7832,New_Images,005686.jpg,5686,NO_FACE_DETECTED,0,0.35,TN,No Face Detected by SCRFD
7833,Real Images,002340.jpg,2340,2340,1,0.35,TP,CORRECT_MATCH
7834,New_Images,005013.jpg,5013,UNRECOGNIZED,0.2139,0.35,TN,CORRECTLY_REJECTED_UNKNOWN
7835,Real Images,001758.jpg,1758,1758,1,0.35,TP,CORRECT_MATCH
7836,Real Images,003656.jpg,3656,3656,1,0.35,TP,CORRECT_MATCH
7837,New_Images,005768.jpg,5768,UNRECOGNIZED,0.2214,0.35,TN,CORRECTLY_REJECTED_UNKNOWN
7838,Real Images,002133.jpg,2133,2133,1,0.35,TP,CORRECT_MATCH
7839,New_Images,006349.jpg,6349,UNRECOGNIZED,0.2678,0.35,TN,CORRECTLY_REJECTED_UNKNOWN
7840,New_Images,009338.jpg,9338,UNRECOGNIZED,0.2319,0.35,TN,CORRECTLY_REJECTED_UNKNOWN
7841,New_Images,009444.jpg,9444,UNRECOGNIZED,0.2168,0.35,TN,CORRECTLY_REJECTED_UNKNOWN
7842,Real Images,004602.jpg,4602,4602,1,0.35,TP,CORRECT_MATCH
7843,New_Images,008747.jpg,8747,UNRECOGNIZED,0.276,0.35,TN,CORRECTLY_REJECTED_UNKNOWN
7844,Real Images,003171.jpg,3171,3171,1,0.35,TP,CORRECT_MATCH
7845,Real Images,004242.jpg,4242,4242,1,0.35,TP,CORRECT_MATCH
7846,New_Images,009263.jpg,9263,NO_FACE_DETECTED,0,0.35,TN,No Face Detected by SCRFD
7847,New_Images,009077.jpg,9077,NO_FACE_DETECTED,0,0.35,TN,No Face Detected by SCRFD
7848,New_Images,008192.jpg,8192,UNRECOGNIZED,0.2832,0.35,TN,CORRECTLY_REJECTED_UNKNOWN
7849,Real Images,000213.jpg,213,213,1,0.35,TP,CORRECT_MATCH
7850,Real Images,000930.jpg,930,930,1,0.35,TP,CORRECT_MATCH
7851,Real Images,002045.jpg,2045,2045,1,0.35,TP,CORRECT_MATCH
7852,Real Images,002284.jpg,2284,2284,1,0.35,TP,CORRECT_MATCH
7853,New_Images,008333.jpg,8333,UNRECOGNIZED,0.2857,0.35,TN,CORRECTLY_REJECTED_UNKNOWN
7854,Real Images,002576.jpg,2576,2576,1,0.35,TP,CORRECT_MATCH
7855,Real Images,003261.jpg,3261,3261,1,0.35,TP,CORRECT_MATCH
7856,New_Images,009405.jpg,9405,NO_FACE_DETECTED,0,0.35,TN,No Face Detected by SCRFD
7857,Real Images,004338.jpg,4338,4338,1,0.35,TP,CORRECT_MATCH
7858,New_Images,008115.jpg,8115,NO_FACE_DETECTED,0,0.35,TN,No Face Detected by SCRFD
7859,Real Images,004702.jpg,4702,4702,1,0.35,TP,CORRECT_MATCH
7860,Real Images,000630.jpg,630,630,1,0.35,TP,CORRECT_MATCH
7861,New_Images,008659.jpg,8659,NO_FACE_DETECTED,0,0.35,TN,No Face Detected by SCRFD
7862,New_Images,007914.jpg,7914,UNRECOGNIZED,0.2315,0.35,TN,CORRECTLY_REJECTED_UNKNOWN
7863,Real Images,003048.jpg,3048,3048,1,0.35,TP,CORRECT_MATCH
7864,Real Images,003039.jpg,3039,3039,1,0.35,TP,CORRECT_MATCH
7865,New_Images,007773.jpg,7773,NO_FACE_DETECTED,0,0.35,TN,No Face Detected by SCRFD
7866,Real Images,003686.jpg,3686,3686,1,0.35,TP,CORRECT_MATCH
7867,New_Images,008320.jpg,8320,UNRECOGNIZED,0.2448,0.35,TN,CORRECTLY_REJECTED_UNKNOWN
7868,Real Images,001257.jpg,1257,1257,1,0.35,TP,CORRECT_MATCH
7869,New_Images,009315.jpg,9315,NO_FACE_DETECTED,0,0.35,TN,No Face Detected by SCRFD
7870,Real Images,000266.jpg,266,266,1,0.35,TP,CORRECT_MATCH
7871,Real Images,004647.jpg,4647,4647,1,0.35,TP,CORRECT_MATCH
7872,New_Images,007779.jpg,7779,UNRECOGNIZED,0.2573,0.35,TN,CORRECTLY_REJECTED_UNKNOWN
7873,Real Images,003137.jpg,3137,3137,1,0.35,TP,CORRECT_MATCH
7874,Real Images,002967.jpg,2967,2967,1,0.35,TP,CORRECT_MATCH
7875,Real Images,003001.jpg,3001,3001,1,0.35,TP,CORRECT_MATCH
7876,New_Images,005286.jpg,5286,UNRECOGNIZED,0.2456,0.35,TN,CORRECTLY_REJECTED_UNKNOWN
7877,New_Images,006378.jpg,6378,UNRECOGNIZED,0.2379,0.35,TN,CORRECTLY_REJECTED_UNKNOWN
7878,Real Images,001934.jpg,1934,1934,1,0.35,TP,CORRECT_MATCH
7879,Real Images,000551.jpg,551,551,1,0.35,TP,CORRECT_MATCH
7880,Real Images,001035.jpg,1035,1035,1,0.35,TP,CORRECT_MATCH
7881,Real Images,000286.jpg,286,286,1,0.35,TP,CORRECT_MATCH
7882,Real Images,003590.jpg,3590,3590,1,0.35,TP,CORRECT_MATCH
7883,New_Images,006401.jpg,6401,UNRECOGNIZED,0.2612,0.35,TN,CORRECTLY_REJECTED_UNKNOWN
7884,New_Images,005555.jpg,5555,UNRECOGNIZED,0.2855,0.35,TN,CORRECTLY_REJECTED_UNKNOWN
7885,Real Images,004978.jpg,4978,4978,1,0.35,TP,CORRECT_MATCH
7886,New_Images,006953.jpg,6953,UNRECOGNIZED,0.2627,0.35,TN,CORRECTLY_REJECTED_UNKNOWN
7887,New_Images,008839.jpg,8839,NO_FACE_DETECTED,0,0.35,TN,No Face Detected by SCRFD
7888,Real Images,000256.jpg,256,256,1,0.35,TP,CORRECT_MATCH
7889,New_Images,007806.jpg,7806,UNRECOGNIZED,0.2729,0.35,TN,CORRECTLY_REJECTED_UNKNOWN
7890,Real Images,001311.jpg,1311,1311,1,0.35,TP,CORRECT_MATCH
7891,New_Images,005566.jpg,5566,UNRECOGNIZED,0.2379,0.35,TN,CORRECTLY_REJECTED_UNKNOWN
7892,New_Images,006144.jpg,6144,UNRECOGNIZED,0.3447,0.35,TN,CORRECTLY_REJECTED_UNKNOWN
7893,New_Images,006563.jpg,6563,UNRECOGNIZED,0.2701,0.35,TN,CORRECTLY_REJECTED_UNKNOWN
7894,Real Images,004204.jpg,4204,4204,1,0.35,TP,CORRECT_MATCH
7895,Real Images,002977.jpg,2977,2977,1,0.35,TP,CORRECT_MATCH
7896,Real Images,003328.jpg,3328,3328,1,0.35,TP,CORRECT_MATCH
7897,New_Images,005223.jpg,5223,UNRECOGNIZED,0.2184,0.35,TN,CORRECTLY_REJECTED_UNKNOWN
7898,New_Images,005499.jpg,5499,UNRECOGNIZED,0.2495,0.35,TN,CORRECTLY_REJECTED_UNKNOWN
7899,Real Images,000615.jpg,615,615,1,0.35,TP,CORRECT_MATCH
7900,Real Images,000470.jpg,470,470,1,0.35,TP,CORRECT_MATCH
7901,New_Images,007766.jpg,7766,UNRECOGNIZED,0.2616,0.35,TN,CORRECTLY_REJECTED_UNKNOWN
7902,New_Images,006484.jpg,6484,NO_FACE_DETECTED,0,0.35,TN,No Face Detected by SCRFD
7903,New_Images,009377.jpg,9377,NO_FACE_DETECTED,0,0.35,TN,No Face Detected by SCRFD
7904,Real Images,002250.jpg,2250,2250,1,0.35,TP,CORRECT_MATCH
7905,Real Images,003564.jpg,3564,3564,1,0.35,TP,CORRECT_MATCH
7906,New_Images,008807.jpg,8807,UNRECOGNIZED,0.2719,0.35,TN,CORRECTLY_REJECTED_UNKNOWN
7907,Real Images,002889.jpg,2889,2889,1,0.35,TP,CORRECT_MATCH
7908,New_Images,007468.jpg,7468,UNRECOGNIZED,0.2273,0.35,TN,CORRECTLY_REJECTED_UNKNOWN
7909,New_Images,007128.jpg,7128,UNRECOGNIZED,0.251,0.35,TN,CORRECTLY_REJECTED_UNKNOWN
7910,New_Images,005955.jpg,5955,UNRECOGNIZED,0.2281,0.35,TN,CORRECTLY_REJECTED_UNKNOWN
7911,Real Images,000347.jpg,347,347,1,0.35,TP,CORRECT_MATCH
7912,Real Images,003663.jpg,3663,3663,1,0.35,TP,CORRECT_MATCH
7913,Real Images,002880.jpg,2880,2880,1,0.35,TP,CORRECT_MATCH
7914,Real Images,003637.jpg,3637,3637,1,0.35,TP,CORRECT_MATCH
7915,New_Images,005651.jpg,5651,UNRECOGNIZED,0.2584,0.35,TN,CORRECTLY_REJECTED_UNKNOWN
7916,Real Images,001366.jpg,1366,1366,1,0.35,TP,CORRECT_MATCH
7917,Real Images,003491.jpg,3491,3491,1,0.35,TP,CORRECT_MATCH
7918,New_Images,005880.jpg,5880,UNRECOGNIZED,0.2188,0.35,TN,CORRECTLY_REJECTED_UNKNOWN
7919,Real Images,004937.jpg,4937,4937,1,0.35,TP,CORRECT_MATCH
7920,New_Images,009236.jpg,9236,NO_FACE_DETECTED,0,0.35,TN,No Face Detected by SCRFD
7921,Real Images,002511.jpg,2511,2511,1,0.35,TP,CORRECT_MATCH
7922,Real Images,002422.jpg,2422,2422,1,0.35,TP,CORRECT_MATCH
7923,New_Images,005415.jpg,5415,UNRECOGNIZED,0.224,0.35,TN,CORRECTLY_REJECTED_UNKNOWN
7924,Real Images,002687.jpg,2687,2687,1,0.35,TP,CORRECT_MATCH
7925,Real Images,000656.jpg,656,656,1,0.35,TP,CORRECT_MATCH
7926,New_Images,008162.jpg,8162,NO_FACE_DETECTED,0,0.35,TN,No Face Detected by SCRFD
7927,Real Images,002632.jpg,2632,2632,1,0.35,TP,CORRECT_MATCH
7928,Real Images,002407.jpg,2407,2407,1,0.35,TP,CORRECT_MATCH
7929,Real Images,004469.jpg,4469,4469,1,0.35,TP,CORRECT_MATCH
7930,Real Images,001479.jpg,1479,1479,1,0.35,TP,CORRECT_MATCH
7931,New_Images,006737.jpg,6737,UNRECOGNIZED,0.2508,0.35,TN,CORRECTLY_REJECTED_UNKNOWN
7932,Real Images,004936.jpg,4936,4936,1,0.35,TP,CORRECT_MATCH
7933,New_Images,009600.jpg,9600,NO_FACE_DETECTED,0,0.35,TN,No Face Detected by SCRFD
7934,Real Images,000647.jpg,647,647,1,0.35,TP,CORRECT_MATCH
7935,Real Images,003478.jpg,3478,3478,1,0.35,TP,CORRECT_MATCH
7936,New_Images,005957.jpg,5957,UNRECOGNIZED,0.248,0.35,TN,CORRECTLY_REJECTED_UNKNOWN
7937,Real Images,000677.jpg,677,677,1,0.35,TP,CORRECT_MATCH
7938,New_Images,008174.jpg,8174,NO_FACE_DETECTED,0,0.35,TN,No Face Detected by SCRFD
7939,New_Images,009131.jpg,9131,UNRECOGNIZED,0.2631,0.35,TN,CORRECTLY_REJECTED_UNKNOWN
7940,Real Images,004254.jpg,4254,4254,1,0.35,TP,CORRECT_MATCH
7941,New_Images,006532.jpg,6532,UNRECOGNIZED,0.2911,0.35,TN,CORRECTLY_REJECTED_UNKNOWN
7942,New_Images,007572.jpg,7572,UNRECOGNIZED,0.2477,0.35,TN,CORRECTLY_REJECTED_UNKNOWN
7943,Real Images,003010.jpg,3010,3010,1,0.35,TP,CORRECT_MATCH
7944,Real Images,004076.jpg,4076,4076,1,0.35,TP,CORRECT_MATCH
7945,New_Images,005670.jpg,5670,UNRECOGNIZED,0.2062,0.35,TN,CORRECTLY_REJECTED_UNKNOWN
7946,Real Images,004065.jpg,4065,4065,1,0.35,TP,CORRECT_MATCH
7947,New_Images,009162.jpg,9162,UNRECOGNIZED,0.2812,0.35,TN,CORRECTLY_REJECTED_UNKNOWN
7948,Real Images,002778.jpg,2778,2778,1,0.35,TP,CORRECT_MATCH
7949,Real Images,003168.jpg,3168,3168,1,0.35,TP,CORRECT_MATCH
7950,New_Images,007836.jpg,7836,NO_FACE_DETECTED,0,0.35,TN,No Face Detected by SCRFD
7951,New_Images,007329.jpg,7329,NO_FACE_DETECTED,0,0.35,TN,No Face Detected by SCRFD
7952,Real Images,003603.jpg,3603,3603,1,0.35,TP,CORRECT_MATCH
7953,New_Images,006090.jpg,6090,UNRECOGNIZED,0.2449,0.35,TN,CORRECTLY_REJECTED_UNKNOWN
7954,Real Images,003277.jpg,3277,3277,1,0.35,TP,CORRECT_MATCH
7955,New_Images,007287.jpg,7287,UNRECOGNIZED,0.2324,0.35,TN,CORRECTLY_REJECTED_UNKNOWN
7956,Real Images,003580.jpg,3580,3580,1,0.35,TP,CORRECT_MATCH
7957,Real Images,003015.jpg,3015,3015,1,0.35,TP,CORRECT_MATCH
7958,New_Images,009226.jpg,9226,NO_FACE_DETECTED,0,0.35,TN,No Face Detected by SCRFD
7959,Real Images,001020.jpg,1020,1020,1,0.35,TP,CORRECT_MATCH
7960,Real Images,002239.jpg,2239,2239,1,0.35,TP,CORRECT_MATCH
7961,Real Images,002720.jpg,2720,2720,1,0.35,TP,CORRECT_MATCH
7962,New_Images,005372.jpg,5372,UNRECOGNIZED,0.2869,0.35,TN,CORRECTLY_REJECTED_UNKNOWN
7963,New_Images,007093.jpg,7093,UNRECOGNIZED,0.2402,0.35,TN,CORRECTLY_REJECTED_UNKNOWN
7964,New_Images,008081.jpg,8081,NO_FACE_DETECTED,0,0.35,TN,No Face Detected by SCRFD
7965,New_Images,009382.jpg,9382,NO_FACE_DETECTED,0,0.35,TN,No Face Detected by SCRFD
7966,New_Images,009423.jpg,9423,NO_FACE_DETECTED,0,0.35,TN,No Face Detected by SCRFD
7967,Real Images,002925.jpg,2925,2925,1,0.35,TP,CORRECT_MATCH
7968,Real Images,002344.jpg,2344,2344,1,0.35,TP,CORRECT_MATCH
7969,Real Images,001566.jpg,1566,1566,1,0.35,TP,CORRECT_MATCH
7970,New_Images,005300.jpg,5300,NO_FACE_DETECTED,0,0.35,TN,No Face Detected by SCRFD
7971,New_Images,006171.jpg,6171,NO_FACE_DETECTED,0,0.35,TN,No Face Detected by SCRFD
7972,Real Images,000300.jpg,300,300,1,0.35,TP,CORRECT_MATCH
7973,Real Images,002076.jpg,2076,2076,1,0.35,TP,CORRECT_MATCH
7974,New_Images,009257.jpg,9257,UNRECOGNIZED,0.23,0.35,TN,CORRECTLY_REJECTED_UNKNOWN
7975,Real Images,004449.jpg,4449,4449,1,0.35,TP,CORRECT_MATCH
7976,New_Images,006680.jpg,6680,UNRECOGNIZED,0.2598,0.35,TN,CORRECTLY_REJECTED_UNKNOWN
7977,New_Images,009158.jpg,9158,UNRECOGNIZED,0.2124,0.35,TN,CORRECTLY_REJECTED_UNKNOWN
7978,Real Images,004223.jpg,4223,4223,1,0.35,TP,CORRECT_MATCH
7979,Real Images,002541.jpg,2541,2541,1,0.35,TP,CORRECT_MATCH
7980,New_Images,007647.jpg,7647,UNRECOGNIZED,0.3309,0.35,TN,CORRECTLY_REJECTED_UNKNOWN
7981,Real Images,002586.jpg,2586,2586,1,0.35,TP,CORRECT_MATCH
7982,Real Images,000344.jpg,344,344,1,0.35,TP,CORRECT_MATCH
7983,New_Images,007257.jpg,7257,NO_FACE_DETECTED,0,0.35,TN,No Face Detected by SCRFD
7984,Real Images,001635.jpg,1635,1635,1,0.35,TP,CORRECT_MATCH
7985,New_Images,006481.jpg,6481,UNRECOGNIZED,0.2518,0.35,TN,CORRECTLY_REJECTED_UNKNOWN
7986,Real Images,000359.jpg,359,359,1,0.35,TP,CORRECT_MATCH
7987,Real Images,001652.jpg,1652,1652,1,0.35,TP,CORRECT_MATCH
7988,Real Images,002404.jpg,2404,2404,1,0.35,TP,CORRECT_MATCH
7989,Real Images,000303.jpg,303,303,1,0.35,TP,CORRECT_MATCH
7990,Real Images,003750.jpg,3750,3750,1,0.35,TP,CORRECT_MATCH
7991,New_Images,007731.jpg,7731,UNRECOGNIZED,0.2312,0.35,TN,CORRECTLY_REJECTED_UNKNOWN
7992,New_Images,009526.jpg,9526,NO_FACE_DETECTED,0,0.35,TN,No Face Detected by SCRFD
7993,New_Images,005866.jpg,5866,UNRECOGNIZED,0.2351,0.35,TN,CORRECTLY_REJECTED_UNKNOWN
7994,Real Images,000517.jpg,517,517,1,0.35,TP,CORRECT_MATCH
7995,New_Images,009442.jpg,9442,NO_FACE_DETECTED,0,0.35,TN,No Face Detected by SCRFD
7996,New_Images,006648.jpg,6648,NO_FACE_DETECTED,0,0.35,TN,No Face Detected by SCRFD
7997,Real Images,001494.jpg,1494,1494,1,0.35,TP,CORRECT_MATCH
7998,New_Images,005176.jpg,5176,UNRECOGNIZED,0.2764,0.35,TN,CORRECTLY_REJECTED_UNKNOWN
7999,New_Images,008766.jpg,8766,NO_FACE_DETECTED,0,0.35,TN,No Face Detected by SCRFD
8000,New_Images,005697.jpg,5697,UNRECOGNIZED,0.2725,0.35,TN,CORRECTLY_REJECTED_UNKNOWN
8001,Real Images,003807.jpg,3807,3807,1,0.35,TP,CORRECT_MATCH
8002,New_Images,005609.jpg,5609,NO_FACE_DETECTED,0,0.35,TN,No Face Detected by SCRFD
8003,New_Images,006383.jpg,6383,UNRECOGNIZED,0.2288,0.35,TN,CORRECTLY_REJECTED_UNKNOWN
8004,New_Images,006803.jpg,6803,UNRECOGNIZED,0.2279,0.35,TN,CORRECTLY_REJECTED_UNKNOWN
8005,Real Images,001435.jpg,1435,1435,1,0.35,TP,CORRECT_MATCH
8006,New_Images,005266.jpg,5266,NO_FACE_DETECTED,0,0.35,TN,No Face Detected by SCRFD
8007,New_Images,006665.jpg,6665,UNRECOGNIZED,0.2503,0.35,TN,CORRECTLY_REJECTED_UNKNOWN
8008,Real Images,002774.jpg,2774,2774,1,0.35,TP,CORRECT_MATCH
8009,Real Images,004473.jpg,4473,4473,1,0.35,TP,CORRECT_MATCH
8010,Real Images,002887.jpg,2887,2887,1,0.35,TP,CORRECT_MATCH
8011,Real Images,000364.jpg,364,364,1,0.35,TP,CORRECT_MATCH
8012,Real Images,001093.jpg,1093,1093,1,0.35,TP,CORRECT_MATCH
8013,Real Images,002724.jpg,2724,2724,1,0.35,TP,CORRECT_MATCH
8014,New_Images,006199.jpg,6199,NO_FACE_DETECTED,0,0.35,TN,No Face Detected by SCRFD
8015,New_Images,008421.jpg,8421,UNRECOGNIZED,0.2504,0.35,TN,CORRECTLY_REJECTED_UNKNOWN
8016,Real Images,004767.jpg,4767,4767,1,0.35,TP,CORRECT_MATCH
8017,New_Images,006321.jpg,6321,NO_FACE_DETECTED,0,0.35,TN,No Face Detected by SCRFD
8018,Real Images,000850.jpg,850,850,1,0.35,TP,CORRECT_MATCH
8019,New_Images,005147.jpg,5147,UNRECOGNIZED,0.2676,0.35,TN,CORRECTLY_REJECTED_UNKNOWN
8020,New_Images,005383.jpg,5383,UNRECOGNIZED,0.297,0.35,TN,CORRECTLY_REJECTED_UNKNOWN
8021,New_Images,006005.jpg,6005,NO_FACE_DETECTED,0,0.35,TN,No Face Detected by SCRFD
8022,Real Images,001976.jpg,1976,1976,1,0.35,TP,CORRECT_MATCH
8023,Real Images,002825.jpg,2825,2825,1,0.35,TP,CORRECT_MATCH
8024,Real Images,000554.jpg,554,554,1,0.35,TP,CORRECT_MATCH
8025,New_Images,006460.jpg,6460,NO_FACE_DETECTED,0,0.35,TN,No Face Detected by SCRFD
8026,New_Images,009220.jpg,9220,UNRECOGNIZED,0.2571,0.35,TN,CORRECTLY_REJECTED_UNKNOWN
8027,Real Images,000134.jpg,134,134,1,0.35,TP,CORRECT_MATCH
8028,New_Images,006123.jpg,6123,UNRECOGNIZED,0.2344,0.35,TN,CORRECTLY_REJECTED_UNKNOWN
8029,Real Images,002078.jpg,2078,2078,1,0.35,TP,CORRECT_MATCH
8030,Real Images,003059.jpg,3059,3059,1,0.35,TP,CORRECT_MATCH
8031,Real Images,003170.jpg,3170,3170,1,0.35,TP,CORRECT_MATCH
8032,New_Images,005208.jpg,5208,NO_FACE_DETECTED,0,0.35,TN,No Face Detected by SCRFD
8033,Real Images,000357.jpg,357,357,1,0.35,TP,CORRECT_MATCH
8034,Real Images,003852.jpg,3852,3852,1,0.35,TP,CORRECT_MATCH
8035,New_Images,007155.jpg,7155,NO_FACE_DETECTED,0,0.35,TN,No Face Detected by SCRFD
8036,Real Images,003199.jpg,3199,3199,1,0.35,TP,CORRECT_MATCH
8037,New_Images,008960.jpg,8960,UNRECOGNIZED,0.2309,0.35,TN,CORRECTLY_REJECTED_UNKNOWN
8038,Real Images,004540.jpg,4540,4540,1,0.35,TP,CORRECT_MATCH
8039,Real Images,004159.jpg,4159,4159,1,0.35,TP,CORRECT_MATCH
8040,New_Images,006443.jpg,6443,NO_FACE_DETECTED,0,0.35,TN,No Face Detected by SCRFD
8041,Real Images,004157.jpg,4157,4157,1,0.35,TP,CORRECT_MATCH
8042,Real Images,004458.jpg,4458,4458,1,0.35,TP,CORRECT_MATCH
8043,Real Images,004310.jpg,4310,4310,1,0.35,TP,CORRECT_MATCH
8044,New_Images,007811.jpg,7811,UNRECOGNIZED,0.2987,0.35,TN,CORRECTLY_REJECTED_UNKNOWN
8045,Real Images,000555.jpg,555,555,1,0.35,TP,CORRECT_MATCH
8046,Real Images,002955.jpg,2955,2955,1,0.35,TP,CORRECT_MATCH
8047,New_Images,007985.jpg,7985,UNRECOGNIZED,0.2406,0.35,TN,CORRECTLY_REJECTED_UNKNOWN
8048,Real Images,004289.jpg,4289,4289,1,0.35,TP,CORRECT_MATCH
8049,Real Images,000702.jpg,702,702,1,0.35,TP,CORRECT_MATCH
8050,New_Images,005475.jpg,5475,UNRECOGNIZED,0.2392,0.35,TN,CORRECTLY_REJECTED_UNKNOWN
8051,New_Images,009251.jpg,9251,NO_FACE_DETECTED,0,0.35,TN,No Face Detected by SCRFD
8052,Real Images,001535.jpg,1535,1535,1,0.35,TP,CORRECT_MATCH
8053,Real Images,003413.jpg,3413,3413,1,0.35,TP,CORRECT_MATCH
8054,Real Images,004675.jpg,4675,4675,1,0.35,TP,CORRECT_MATCH
8055,Real Images,001971.jpg,1971,1971,1,0.35,TP,CORRECT_MATCH
8056,Real Images,002891.jpg,2891,2891,1,0.35,TP,CORRECT_MATCH
8057,New_Images,005037.jpg,5037,NO_FACE_DETECTED,0,0.35,TN,No Face Detected by SCRFD
8058,Real Images,000013.jpg,13,13,1,0.35,TP,CORRECT_MATCH
8059,Real Images,003517.jpg,3517,3517,1,0.35,TP,CORRECT_MATCH
8060,Real Images,002387.jpg,2387,2387,1,0.35,TP,CORRECT_MATCH
8061,Real Images,001177.jpg,1177,1177,1,0.35,TP,CORRECT_MATCH
8062,New_Images,005887.jpg,5887,UNRECOGNIZED,0.2398,0.35,TN,CORRECTLY_REJECTED_UNKNOWN
8063,Real Images,001982.jpg,1982,1982,1,0.35,TP,CORRECT_MATCH
8064,Real Images,004711.jpg,4711,4711,1,0.35,TP,CORRECT_MATCH
8065,Real Images,004222.jpg,4222,4222,1,0.35,TP,CORRECT_MATCH
8066,New_Images,005177.jpg,5177,UNRECOGNIZED,0.2896,0.35,TN,CORRECTLY_REJECTED_UNKNOWN
8067,Real Images,000135.jpg,135,135,1,0.35,TP,CORRECT_MATCH
8068,Real Images,004392.jpg,4392,4392,1,0.35,TP,CORRECT_MATCH
8069,Real Images,004889.jpg,4889,4889,1,0.35,TP,CORRECT_MATCH
8070,Real Images,004095.jpg,4095,4095,1,0.35,TP,CORRECT_MATCH
8071,New_Images,007415.jpg,7415,UNRECOGNIZED,0.208,0.35,TN,CORRECTLY_REJECTED_UNKNOWN
8072,New_Images,006855.jpg,6855,UNRECOGNIZED,0.3154,0.35,TN,CORRECTLY_REJECTED_UNKNOWN
8073,Real Images,000909.jpg,909,909,1,0.35,TP,CORRECT_MATCH
8074,New_Images,009441.jpg,9441,NO_FACE_DETECTED,0,0.35,TN,No Face Detected by SCRFD
8075,Real Images,003745.jpg,3745,3745,1,0.35,TP,CORRECT_MATCH
8076,New_Images,005103.jpg,5103,UNRECOGNIZED,0.2572,0.35,TN,CORRECTLY_REJECTED_UNKNOWN
8077,New_Images,006504.jpg,6504,UNRECOGNIZED,0.2753,0.35,TN,CORRECTLY_REJECTED_UNKNOWN
8078,New_Images,005235.jpg,5235,UNRECOGNIZED,0.2596,0.35,TN,CORRECTLY_REJECTED_UNKNOWN
8079,Real Images,003440.jpg,3440,3440,1,0.35,TP,CORRECT_MATCH
8080,Real Images,001954.jpg,1954,1954,1,0.35,TP,CORRECT_MATCH
8081,Real Images,000392.jpg,392,392,1,0.35,TP,CORRECT_MATCH
8082,New_Images,009369.jpg,9369,UNRECOGNIZED,0.2359,0.35,TN,CORRECTLY_REJECTED_UNKNOWN
8083,Real Images,002468.jpg,2468,2468,1,0.35,TP,CORRECT_MATCH
8084,Real Images,001947.jpg,1947,1947,1,0.35,TP,CORRECT_MATCH
8085,Real Images,002361.jpg,2361,2361,1,0.35,TP,CORRECT_MATCH
8086,New_Images,006359.jpg,6359,UNRECOGNIZED,0.2655,0.35,TN,CORRECTLY_REJECTED_UNKNOWN
8087,Real Images,000911.jpg,911,911,1,0.35,TP,CORRECT_MATCH
8088,New_Images,009050.jpg,9050,UNRECOGNIZED,0.2048,0.35,TN,CORRECTLY_REJECTED_UNKNOWN
8089,Real Images,004324.jpg,4324,4324,1,0.35,TP,CORRECT_MATCH
8090,Real Images,004988.jpg,4988,4988,1,0.35,TP,CORRECT_MATCH
8091,New_Images,005958.jpg,5958,UNRECOGNIZED,0.2369,0.35,TN,CORRECTLY_REJECTED_UNKNOWN
8092,New_Images,007703.jpg,7703,UNRECOGNIZED,0.2499,0.35,TN,CORRECTLY_REJECTED_UNKNOWN
8093,Real Images,004496.jpg,4496,4496,1,0.35,TP,CORRECT_MATCH
8094,Real Images,001225.jpg,1225,1225,1,0.35,TP,CORRECT_MATCH
8095,New_Images,006841.jpg,6841,NO_FACE_DETECTED,0,0.35,TN,No Face Detected by SCRFD
8096,Real Images,001767.jpg,1767,1767,1,0.35,TP,CORRECT_MATCH
8097,Real Images,002097.jpg,2097,2097,1,0.35,TP,CORRECT_MATCH
8098,Real Images,000156.jpg,156,156,1,0.35,TP,CORRECT_MATCH
8099,Real Images,000650.jpg,650,650,1,0.35,TP,CORRECT_MATCH
8100,New_Images,007421.jpg,7421,UNRECOGNIZED,0.2523,0.35,TN,CORRECTLY_REJECTED_UNKNOWN
8101,New_Images,008859.jpg,8859,UNRECOGNIZED,0.2866,0.35,TN,CORRECTLY_REJECTED_UNKNOWN
8102,New_Images,005041.jpg,5041,UNRECOGNIZED,0.2317,0.35,TN,CORRECTLY_REJECTED_UNKNOWN
8103,New_Images,009438.jpg,9438,UNRECOGNIZED,0.3131,0.35,TN,CORRECTLY_REJECTED_UNKNOWN
8104,Real Images,003843.jpg,3843,3843,1,0.35,TP,CORRECT_MATCH
8105,New_Images,005780.jpg,5780,UNRECOGNIZED,0.3181,0.35,TN,CORRECTLY_REJECTED_UNKNOWN
8106,New_Images,009558.jpg,9558,NO_FACE_DETECTED,0,0.35,TN,No Face Detected by SCRFD
8107,Real Images,001137.jpg,1137,1137,1,0.35,TP,CORRECT_MATCH
8108,New_Images,006809.jpg,6809,UNRECOGNIZED,0.2573,0.35,TN,CORRECTLY_REJECTED_UNKNOWN
8109,New_Images,005703.jpg,5703,UNRECOGNIZED,0.2798,0.35,TN,CORRECTLY_REJECTED_UNKNOWN
8110,Real Images,003871.jpg,3871,3871,1,0.35,TP,CORRECT_MATCH
8111,New_Images,008554.jpg,8554,4325,0.3728,0.35,FP,MISIDENTIFIED_AS_004325
8112,New_Images,007516.jpg,7516,UNRECOGNIZED,0.2686,0.35,TN,CORRECTLY_REJECTED_UNKNOWN
8113,Real Images,002351.jpg,2351,2351,1,0.35,TP,CORRECT_MATCH
8114,Real Images,000314.jpg,314,314,1,0.35,TP,CORRECT_MATCH
8115,New_Images,009322.jpg,9322,UNRECOGNIZED,0.2666,0.35,TN,CORRECTLY_REJECTED_UNKNOWN
8116,Real Images,001197.jpg,1197,1197,1,0.35,TP,CORRECT_MATCH
8117,New_Images,009541.jpg,9541,UNRECOGNIZED,0.2383,0.35,TN,CORRECTLY_REJECTED_UNKNOWN
8118,Real Images,002747.jpg,2747,2747,1,0.35,TP,CORRECT_MATCH
8119,New_Images,005325.jpg,5325,NO_FACE_DETECTED,0,0.35,TN,No Face Detected by SCRFD
8120,New_Images,005855.jpg,5855,UNRECOGNIZED,0.2779,0.35,TN,CORRECTLY_REJECTED_UNKNOWN
8121,New_Images,006875.jpg,6875,UNRECOGNIZED,0.291,0.35,TN,CORRECTLY_REJECTED_UNKNOWN
8122,Real Images,000812.jpg,812,812,1,0.35,TP,CORRECT_MATCH
8123,New_Images,007626.jpg,7626,NO_FACE_DETECTED,0,0.35,TN,No Face Detected by SCRFD
8124,Real Images,002611.jpg,2611,2611,1,0.35,TP,CORRECT_MATCH
8125,Real Images,000231.jpg,231,231,1,0.35,TP,CORRECT_MATCH
8126,Real Images,001840.jpg,1840,1840,1,0.35,TP,CORRECT_MATCH
8127,Real Images,003072.jpg,3072,3072,1,0.35,TP,CORRECT_MATCH
8128,Real Images,000669.jpg,669,669,1,0.35,TP,CORRECT_MATCH
8129,Real Images,003164.jpg,3164,3164,1,0.35,TP,CORRECT_MATCH
8130,Real Images,001932.jpg,1932,1932,1,0.35,TP,CORRECT_MATCH
8131,Real Images,003064.jpg,3064,3064,1,0.35,TP,CORRECT_MATCH
8132,Real Images,004113.jpg,4113,4113,1,0.35,TP,CORRECT_MATCH
8133,Real Images,003248.jpg,3248,3248,1,0.35,TP,CORRECT_MATCH
8134,Real Images,000437.jpg,437,437,1,0.35,TP,CORRECT_MATCH
8135,Real Images,003399.jpg,3399,3399,1,0.35,TP,CORRECT_MATCH
8136,Real Images,000219.jpg,219,219,1,0.35,TP,CORRECT_MATCH
8137,New_Images,008651.jpg,8651,UNRECOGNIZED,0.2103,0.35,TN,CORRECTLY_REJECTED_UNKNOWN
8138,Real Images,002864.jpg,2864,2864,1,0.35,TP,CORRECT_MATCH
8139,New_Images,007247.jpg,7247,UNRECOGNIZED,0.2066,0.35,TN,CORRECTLY_REJECTED_UNKNOWN
8140,Real Images,003696.jpg,3696,3696,1,0.35,TP,CORRECT_MATCH
8141,New_Images,008803.jpg,8803,UNRECOGNIZED,0.2537,0.35,TN,CORRECTLY_REJECTED_UNKNOWN
8142,Real Images,001819.jpg,1819,1819,1,0.35,TP,CORRECT_MATCH
8143,New_Images,007459.jpg,7459,NO_FACE_DETECTED,0,0.35,TN,No Face Detected by SCRFD
8144,New_Images,008941.jpg,8941,UNRECOGNIZED,0.226,0.35,TN,CORRECTLY_REJECTED_UNKNOWN
8145,Real Images,000752.jpg,752,752,1,0.35,TP,CORRECT_MATCH
8146,Real Images,003584.jpg,3584,3584,1,0.35,TP,CORRECT_MATCH
8147,New_Images,008608.jpg,8608,UNRECOGNIZED,0.2507,0.35,TN,CORRECTLY_REJECTED_UNKNOWN
8148,Real Images,001208.jpg,1208,1208,1,0.35,TP,CORRECT_MATCH
8149,Real Images,004206.jpg,4206,4206,1,0.35,TP,CORRECT_MATCH
8150,New_Images,007417.jpg,7417,UNRECOGNIZED,0.2729,0.35,TN,CORRECTLY_REJECTED_UNKNOWN
8151,New_Images,009159.jpg,9159,UNRECOGNIZED,0.2958,0.35,TN,CORRECTLY_REJECTED_UNKNOWN
8152,Real Images,002235.jpg,2235,2235,1,0.35,TP,CORRECT_MATCH
8153,Real Images,001314.jpg,1314,1314,1,0.35,TP,CORRECT_MATCH
8154,New_Images,006252.jpg,6252,UNRECOGNIZED,0.2176,0.35,TN,CORRECTLY_REJECTED_UNKNOWN
8155,Real Images,000688.jpg,688,688,1,0.35,TP,CORRECT_MATCH
8156,Real Images,002336.jpg,2336,2336,1,0.35,TP,CORRECT_MATCH
8157,Real Images,001022.jpg,1022,1022,1,0.35,TP,CORRECT_MATCH
8158,New_Images,006973.jpg,6973,UNRECOGNIZED,0.28,0.35,TN,CORRECTLY_REJECTED_UNKNOWN
8159,Real Images,004227.jpg,4227,4227,1,0.35,TP,CORRECT_MATCH
8160,New_Images,008434.jpg,8434,UNRECOGNIZED,0.2345,0.35,TN,CORRECTLY_REJECTED_UNKNOWN
8161,New_Images,005828.jpg,5828,UNRECOGNIZED,0.2672,0.35,TN,CORRECTLY_REJECTED_UNKNOWN
8162,Real Images,000841.jpg,841,841,1,0.35,TP,CORRECT_MATCH
8163,New_Images,007654.jpg,7654,NO_FACE_DETECTED,0,0.35,TN,No Face Detected by SCRFD
8164,New_Images,008518.jpg,8518,NO_FACE_DETECTED,0,0.35,TN,No Face Detected by SCRFD
8165,Real Images,003041.jpg,3041,3041,1,0.35,TP,CORRECT_MATCH
8166,New_Images,007161.jpg,7161,UNRECOGNIZED,0.2556,0.35,TN,CORRECTLY_REJECTED_UNKNOWN
8167,Real Images,003937.jpg,3937,3937,1,0.35,TP,CORRECT_MATCH
8168,New_Images,005253.jpg,5253,NO_FACE_DETECTED,0,0.35,TN,No Face Detected by SCRFD
8169,Real Images,000428.jpg,428,428,1,0.35,TP,CORRECT_MATCH
8170,Real Images,002049.jpg,2049,2049,1,0.35,TP,CORRECT_MATCH
8171,New_Images,007152.jpg,7152,UNRECOGNIZED,0.254,0.35,TN,CORRECTLY_REJECTED_UNKNOWN
8172,New_Images,009474.jpg,9474,NO_FACE_DETECTED,0,0.35,TN,No Face Detected by SCRFD
8173,Real Images,004954.jpg,4954,4954,1,0.35,TP,CORRECT_MATCH
8174,New_Images,006564.jpg,6564,UNRECOGNIZED,0.2675,0.35,TN,CORRECTLY_REJECTED_UNKNOWN
8175,Real Images,001636.jpg,1636,1636,1,0.35,TP,CORRECT_MATCH
8176,New_Images,009192.jpg,9192,UNRECOGNIZED,0.2434,0.35,TN,CORRECTLY_REJECTED_UNKNOWN
8177,Real Images,001328.jpg,1328,1328,1,0.35,TP,CORRECT_MATCH
8178,New_Images,007916.jpg,7916,UNRECOGNIZED,0.2891,0.35,TN,CORRECTLY_REJECTED_UNKNOWN
8179,Real Images,003430.jpg,3430,3430,1,0.35,TP,CORRECT_MATCH
8180,Real Images,004321.jpg,4321,4321,1,0.35,TP,CORRECT_MATCH
8181,New_Images,009514.jpg,9514,NO_FACE_DETECTED,0,0.35,TN,No Face Detected by SCRFD
8182,Real Images,003129.jpg,3129,3129,1,0.35,TP,CORRECT_MATCH
8183,New_Images,006375.jpg,6375,UNRECOGNIZED,0.2471,0.35,TN,CORRECTLY_REJECTED_UNKNOWN
8184,Real Images,002309.jpg,2309,2309,1,0.35,TP,CORRECT_MATCH
8185,New_Images,006304.jpg,6304,UNRECOGNIZED,0.2599,0.35,TN,CORRECTLY_REJECTED_UNKNOWN
8186,Real Images,003783.jpg,3783,3783,1,0.35,TP,CORRECT_MATCH
8187,Real Images,003610.jpg,3610,3610,1,0.35,TP,CORRECT_MATCH
8188,New_Images,008065.jpg,8065,NO_FACE_DETECTED,0,0.35,TN,No Face Detected by SCRFD
8189,Real Images,004673.jpg,4673,4673,1,0.35,TP,CORRECT_MATCH
8190,New_Images,009026.jpg,9026,UNRECOGNIZED,0.237,0.35,TN,CORRECTLY_REJECTED_UNKNOWN
8191,New_Images,005557.jpg,5557,UNRECOGNIZED,0.2307,0.35,TN,CORRECTLY_REJECTED_UNKNOWN
8192,New_Images,006027.jpg,6027,UNRECOGNIZED,0.265,0.35,TN,CORRECTLY_REJECTED_UNKNOWN
8193,Real Images,003179.jpg,3179,3179,1,0.35,TP,CORRECT_MATCH
8194,New_Images,007685.jpg,7685,UNRECOGNIZED,0.2627,0.35,TN,CORRECTLY_REJECTED_UNKNOWN
8195,New_Images,005071.jpg,5071,UNRECOGNIZED,0.242,0.35,TN,CORRECTLY_REJECTED_UNKNOWN
8196,Real Images,003919.jpg,3919,3919,1,0.35,TP,CORRECT_MATCH
8197,Real Images,003834.jpg,3834,3834,1,0.35,TP,CORRECT_MATCH
8198,New_Images,007356.jpg,7356,UNRECOGNIZED,0.2567,0.35,TN,CORRECTLY_REJECTED_UNKNOWN
8199,Real Images,004669.jpg,4669,4669,1,0.35,TP,CORRECT_MATCH
8200,New_Images,007278.jpg,7278,UNRECOGNIZED,0.27,0.35,TN,CORRECTLY_REJECTED_UNKNOWN
8201,Real Images,003892.jpg,3892,3892,1,0.35,TP,CORRECT_MATCH
8202,New_Images,005969.jpg,5969,UNRECOGNIZED,0.2985,0.35,TN,CORRECTLY_REJECTED_UNKNOWN
8203,New_Images,006732.jpg,6732,UNRECOGNIZED,0.2864,0.35,TN,CORRECTLY_REJECTED_UNKNOWN
8204,New_Images,008718.jpg,8718,UNRECOGNIZED,0.2544,0.35,TN,CORRECTLY_REJECTED_UNKNOWN
8205,New_Images,007171.jpg,7171,UNRECOGNIZED,0.2485,0.35,TN,CORRECTLY_REJECTED_UNKNOWN
8206,Real Images,002713.jpg,2713,2713,1,0.35,TP,CORRECT_MATCH
8207,Real Images,002963.jpg,2963,2963,1,0.35,TP,CORRECT_MATCH
8208,Real Images,002659.jpg,2659,2659,1,0.35,TP,CORRECT_MATCH
8209,Real Images,002528.jpg,2528,2528,1,0.35,TP,CORRECT_MATCH
8210,New_Images,006173.jpg,6173,UNRECOGNIZED,0.2635,0.35,TN,CORRECTLY_REJECTED_UNKNOWN
8211,Real Images,002148.jpg,2148,2148,1,0.35,TP,CORRECT_MATCH
8212,New_Images,005518.jpg,5518,UNRECOGNIZED,0.2453,0.35,TN,CORRECTLY_REJECTED_UNKNOWN
8213,Real Images,000619.jpg,619,619,1,0.35,TP,CORRECT_MATCH
8214,Real Images,001658.jpg,1658,1658,1,0.35,TP,CORRECT_MATCH
8215,Real Images,004847.jpg,4847,4847,1,0.35,TP,CORRECT_MATCH
8216,Real Images,001265.jpg,1265,1265,1,0.35,TP,CORRECT_MATCH
8217,Real Images,002539.jpg,2539,2539,1,0.35,TP,CORRECT_MATCH
8218,Real Images,002254.jpg,2254,2254,1,0.35,TP,CORRECT_MATCH
8219,Real Images,003712.jpg,3712,3712,1,0.35,TP,CORRECT_MATCH
8220,Real Images,003146.jpg,3146,3146,1,0.35,TP,CORRECT_MATCH
8221,New_Images,007968.jpg,7968,UNRECOGNIZED,0.2445,0.35,TN,CORRECTLY_REJECTED_UNKNOWN
8222,New_Images,005599.jpg,5599,NO_FACE_DETECTED,0,0.35,TN,No Face Detected by SCRFD
8223,Real Images,003510.jpg,3510,3510,1,0.35,TP,CORRECT_MATCH
8224,Real Images,002954.jpg,2954,2954,1,0.35,TP,CORRECT_MATCH
8225,New_Images,005061.jpg,5061,UNRECOGNIZED,0.2694,0.35,TN,CORRECTLY_REJECTED_UNKNOWN
8226,New_Images,005941.jpg,5941,NO_FACE_DETECTED,0,0.35,TN,No Face Detected by SCRFD
8227,Real Images,000299.jpg,299,299,1,0.35,TP,CORRECT_MATCH
8228,New_Images,008330.jpg,8330,NO_FACE_DETECTED,0,0.35,TN,No Face Detected by SCRFD
8229,New_Images,006938.jpg,6938,NO_FACE_DETECTED,0,0.35,TN,No Face Detected by SCRFD
8230,Real Images,001532.jpg,1532,1532,1,0.35,TP,CORRECT_MATCH
8231,Real Images,002094.jpg,2094,2094,1,0.35,TP,CORRECT_MATCH
8232,New_Images,005382.jpg,5382,UNRECOGNIZED,0.3109,0.35,TN,CORRECTLY_REJECTED_UNKNOWN
8233,New_Images,006172.jpg,6172,UNRECOGNIZED,0.258,0.35,TN,CORRECTLY_REJECTED_UNKNOWN
8234,New_Images,005073.jpg,5073,NO_FACE_DETECTED,0,0.35,TN,No Face Detected by SCRFD
8235,Real Images,001389.jpg,1389,1389,1,0.35,TP,CORRECT_MATCH
8236,Real Images,002113.jpg,2113,2113,1,0.35,TP,CORRECT_MATCH
8237,New_Images,006422.jpg,6422,UNRECOGNIZED,0.2569,0.35,TN,CORRECTLY_REJECTED_UNKNOWN
8238,New_Images,005083.jpg,5083,UNRECOGNIZED,0.2571,0.35,TN,CORRECTLY_REJECTED_UNKNOWN
8239,New_Images,005732.jpg,5732,UNRECOGNIZED,0.2597,0.35,TN,CORRECTLY_REJECTED_UNKNOWN
8240,Real Images,002318.jpg,2318,2318,1,0.35,TP,CORRECT_MATCH
8241,Real Images,001336.jpg,1336,1336,1,0.35,TP,CORRECT_MATCH
8242,New_Images,005462.jpg,5462,UNRECOGNIZED,0.2357,0.35,TN,CORRECTLY_REJECTED_UNKNOWN
8243,Real Images,002464.jpg,2464,2464,1,0.35,TP,CORRECT_MATCH
8244,Real Images,004129.jpg,4129,4129,1,0.35,TP,CORRECT_MATCH
8245,Real Images,004656.jpg,4656,4656,1,0.35,TP,CORRECT_MATCH
8246,New_Images,006334.jpg,6334,UNRECOGNIZED,0.2303,0.35,TN,CORRECTLY_REJECTED_UNKNOWN
8247,Real Images,001549.jpg,1549,1549,1,0.35,TP,CORRECT_MATCH
8248,New_Images,005402.jpg,5402,NO_FACE_DETECTED,0,0.35,TN,No Face Detected by SCRFD
8249,Real Images,001080.jpg,1080,1080,1,0.35,TP,CORRECT_MATCH
8250,New_Images,005483.jpg,5483,UNRECOGNIZED,0.2853,0.35,TN,CORRECTLY_REJECTED_UNKNOWN
8251,Real Images,000858.jpg,858,858,1,0.35,TP,CORRECT_MATCH
8252,New_Images,005544.jpg,5544,UNRECOGNIZED,0.2442,0.35,TN,CORRECTLY_REJECTED_UNKNOWN
8253,New_Images,006698.jpg,6698,UNRECOGNIZED,0.2402,0.35,TN,CORRECTLY_REJECTED_UNKNOWN
8254,New_Images,006348.jpg,6348,UNRECOGNIZED,0.2624,0.35,TN,CORRECTLY_REJECTED_UNKNOWN
8255,New_Images,008734.jpg,8734,UNRECOGNIZED,0.2199,0.35,TN,CORRECTLY_REJECTED_UNKNOWN
8256,New_Images,006109.jpg,6109,UNRECOGNIZED,0.2211,0.35,TN,CORRECTLY_REJECTED_UNKNOWN
8257,New_Images,005963.jpg,5963,UNRECOGNIZED,0.2274,0.35,TN,CORRECTLY_REJECTED_UNKNOWN
8258,Real Images,002601.jpg,2601,2601,1,0.35,TP,CORRECT_MATCH
8259,New_Images,007200.jpg,7200,UNRECOGNIZED,0.2702,0.35,TN,CORRECTLY_REJECTED_UNKNOWN
8260,New_Images,008826.jpg,8826,UNRECOGNIZED,0.284,0.35,TN,CORRECTLY_REJECTED_UNKNOWN
8261,Real Images,004060.jpg,4060,4060,1,0.35,TP,CORRECT_MATCH
8262,Real Images,000642.jpg,642,642,1,0.35,TP,CORRECT_MATCH
8263,Real Images,002828.jpg,2828,2828,1,0.35,TP,CORRECT_MATCH
8264,Real Images,001382.jpg,1382,1382,1,0.35,TP,CORRECT_MATCH
8265,New_Images,005627.jpg,5627,UNRECOGNIZED,0.2394,0.35,TN,CORRECTLY_REJECTED_UNKNOWN
8266,Real Images,001696.jpg,1696,1696,1,0.35,TP,CORRECT_MATCH
8267,New_Images,009396.jpg,9396,NO_FACE_DETECTED,0,0.35,TN,No Face Detected by SCRFD
8268,Real Images,001014.jpg,1014,1014,1,0.35,TP,CORRECT_MATCH
8269,New_Images,009102.jpg,9102,UNRECOGNIZED,0.2523,0.35,TN,CORRECTLY_REJECTED_UNKNOWN
8270,New_Images,008215.jpg,8215,UNRECOGNIZED,0.2655,0.35,TN,CORRECTLY_REJECTED_UNKNOWN
8271,New_Images,007793.jpg,7793,UNRECOGNIZED,0.3461,0.35,TN,CORRECTLY_REJECTED_UNKNOWN
8272,New_Images,005268.jpg,5268,UNRECOGNIZED,0.2125,0.35,TN,CORRECTLY_REJECTED_UNKNOWN
8273,Real Images,003085.jpg,3085,3085,1,0.35,TP,CORRECT_MATCH
8274,New_Images,007369.jpg,7369,NO_FACE_DETECTED,0,0.35,TN,No Face Detected by SCRFD
8275,New_Images,009005.jpg,9005,UNRECOGNIZED,0.2404,0.35,TN,CORRECTLY_REJECTED_UNKNOWN
8276,New_Images,007582.jpg,7582,UNRECOGNIZED,0.2871,0.35,TN,CORRECTLY_REJECTED_UNKNOWN
8277,New_Images,006300.jpg,6300,UNRECOGNIZED,0.2489,0.35,TN,CORRECTLY_REJECTED_UNKNOWN
8278,New_Images,008589.jpg,8589,UNRECOGNIZED,0.2908,0.35,TN,CORRECTLY_REJECTED_UNKNOWN
8279,Real Images,001258.jpg,1258,1258,1,0.35,TP,CORRECT_MATCH
8280,Real Images,004704.jpg,4704,4704,1,0.35,TP,CORRECT_MATCH
8281,New_Images,006042.jpg,6042,UNRECOGNIZED,0.2411,0.35,TN,CORRECTLY_REJECTED_UNKNOWN
8282,Real Images,000933.jpg,933,933,1,0.35,TP,CORRECT_MATCH
8283,Real Images,000617.jpg,617,617,1,0.35,TP,CORRECT_MATCH
8284,New_Images,007405.jpg,7405,NO_FACE_DETECTED,0,0.35,TN,No Face Detected by SCRFD
8285,New_Images,007566.jpg,7566,UNRECOGNIZED,0.2765,0.35,TN,CORRECTLY_REJECTED_UNKNOWN
8286,New_Images,009160.jpg,9160,UNRECOGNIZED,0.26,0.35,TN,CORRECTLY_REJECTED_UNKNOWN
8287,Real Images,001216.jpg,1216,1216,1,0.35,TP,CORRECT_MATCH
8288,New_Images,005767.jpg,5767,NO_FACE_DETECTED,0,0.35,TN,No Face Detected by SCRFD
8289,Real Images,000921.jpg,921,921,1,0.35,TP,CORRECT_MATCH
8290,Real Images,004501.jpg,4501,4501,1,0.35,TP,CORRECT_MATCH
8291,Real Images,004962.jpg,4962,4962,1,0.35,TP,CORRECT_MATCH
8292,New_Images,008811.jpg,8811,UNRECOGNIZED,0.2324,0.35,TN,CORRECTLY_REJECTED_UNKNOWN
8293,New_Images,007683.jpg,7683,UNRECOGNIZED,0.1994,0.35,TN,CORRECTLY_REJECTED_UNKNOWN
8294,Real Images,001119.jpg,1119,1119,1,0.35,TP,CORRECT_MATCH
8295,New_Images,007206.jpg,7206,UNRECOGNIZED,0.2355,0.35,TN,CORRECTLY_REJECTED_UNKNOWN
8296,Real Images,002474.jpg,2474,2474,1,0.35,TP,CORRECT_MATCH
8297,New_Images,005180.jpg,5180,UNRECOGNIZED,0.2493,0.35,TN,CORRECTLY_REJECTED_UNKNOWN
8298,New_Images,005296.jpg,5296,UNRECOGNIZED,0.2743,0.35,TN,CORRECTLY_REJECTED_UNKNOWN
8299,New_Images,007355.jpg,7355,UNRECOGNIZED,0.2496,0.35,TN,CORRECTLY_REJECTED_UNKNOWN
8300,New_Images,007602.jpg,7602,UNRECOGNIZED,0.2969,0.35,TN,CORRECTLY_REJECTED_UNKNOWN
8301,New_Images,008096.jpg,8096,UNRECOGNIZED,0.2987,0.35,TN,CORRECTLY_REJECTED_UNKNOWN
8302,Real Images,002903.jpg,2903,2903,1,0.35,TP,CORRECT_MATCH
8303,Real Images,001235.jpg,1235,1235,1,0.35,TP,CORRECT_MATCH
8304,New_Images,009493.jpg,9493,UNRECOGNIZED,0.2525,0.35,TN,CORRECTLY_REJECTED_UNKNOWN
8305,Real Images,002843.jpg,2843,2843,1,0.35,TP,CORRECT_MATCH
8306,Real Images,003233.jpg,3233,3233,1,0.35,TP,CORRECT_MATCH
8307,Real Images,004194.jpg,4194,4194,1,0.35,TP,CORRECT_MATCH
8308,Real Images,002400.jpg,2400,2400,1,0.35,TP,CORRECT_MATCH
8309,New_Images,009262.jpg,9262,UNRECOGNIZED,0.2396,0.35,TN,CORRECTLY_REJECTED_UNKNOWN
8310,Real Images,003872.jpg,3872,3872,1,0.35,TP,CORRECT_MATCH
8311,Real Images,002420.jpg,2420,2420,1,0.35,TP,CORRECT_MATCH
8312,New_Images,005753.jpg,5753,UNRECOGNIZED,0.3055,0.35,TN,CORRECTLY_REJECTED_UNKNOWN
8313,New_Images,005725.jpg,5725,NO_FACE_DETECTED,0,0.35,TN,No Face Detected by SCRFD
8314,Real Images,003177.jpg,3177,3177,1,0.35,TP,CORRECT_MATCH
8315,Real Images,001869.jpg,1869,1869,1,0.35,TP,CORRECT_MATCH
8316,Real Images,001252.jpg,1252,1252,1,0.35,TP,CORRECT_MATCH
8317,Real Images,002755.jpg,2755,2755,1,0.35,TP,CORRECT_MATCH
8318,New_Images,005457.jpg,5457,UNRECOGNIZED,0.2489,0.35,TN,CORRECTLY_REJECTED_UNKNOWN
8319,New_Images,008946.jpg,8946,UNRECOGNIZED,0.2524,0.35,TN,CORRECTLY_REJECTED_UNKNOWN
8320,New_Images,005563.jpg,5563,NO_FACE_DETECTED,0,0.35,TN,No Face Detected by SCRFD
8321,New_Images,005084.jpg,5084,UNRECOGNIZED,0.2294,0.35,TN,CORRECTLY_REJECTED_UNKNOWN
8322,New_Images,008630.jpg,8630,UNRECOGNIZED,0.2536,0.35,TN,CORRECTLY_REJECTED_UNKNOWN
8323,Real Images,001289.jpg,1289,1289,1,0.35,TP,CORRECT_MATCH
8324,New_Images,006561.jpg,6561,UNRECOGNIZED,0.3129,0.35,TN,CORRECTLY_REJECTED_UNKNOWN
8325,New_Images,007139.jpg,7139,UNRECOGNIZED,0.2682,0.35,TN,CORRECTLY_REJECTED_UNKNOWN
8326,New_Images,008944.jpg,8944,UNRECOGNIZED,0.2431,0.35,TN,CORRECTLY_REJECTED_UNKNOWN
8327,Real Images,001735.jpg,1735,1735,1,0.35,TP,CORRECT_MATCH
8328,New_Images,007156.jpg,7156,UNRECOGNIZED,0.2423,0.35,TN,CORRECTLY_REJECTED_UNKNOWN
8329,Real Images,001444.jpg,1444,1444,1,0.35,TP,CORRECT_MATCH
8330,New_Images,005929.jpg,5929,NO_FACE_DETECTED,0,0.35,TN,No Face Detected by SCRFD
8331,New_Images,007539.jpg,7539,UNRECOGNIZED,0.2419,0.35,TN,CORRECTLY_REJECTED_UNKNOWN
8332,Real Images,002816.jpg,2816,2816,1,0.35,TP,CORRECT_MATCH
8333,New_Images,005322.jpg,5322,NO_FACE_DETECTED,0,0.35,TN,No Face Detected by SCRFD
8334,Real Images,000342.jpg,342,342,1,0.35,TP,CORRECT_MATCH
8335,New_Images,006637.jpg,6637,NO_FACE_DETECTED,0,0.35,TN,No Face Detected by SCRFD
8336,Real Images,001888.jpg,1888,1888,1,0.35,TP,CORRECT_MATCH
8337,Real Images,004744.jpg,4744,4744,1,0.35,TP,CORRECT_MATCH
8338,New_Images,006844.jpg,6844,UNRECOGNIZED,0.2718,0.35,TN,CORRECTLY_REJECTED_UNKNOWN
8339,New_Images,006627.jpg,6627,UNRECOGNIZED,0.2633,0.35,TN,CORRECTLY_REJECTED_UNKNOWN
8340,New_Images,007034.jpg,7034,UNRECOGNIZED,0.2665,0.35,TN,CORRECTLY_REJECTED_UNKNOWN
8341,New_Images,005130.jpg,5130,UNRECOGNIZED,0.2667,0.35,TN,CORRECTLY_REJECTED_UNKNOWN
8342,Real Images,001276.jpg,1276,1276,1,0.35,TP,CORRECT_MATCH
8343,New_Images,008991.jpg,8991,UNRECOGNIZED,0.2297,0.35,TN,CORRECTLY_REJECTED_UNKNOWN
8344,Real Images,000308.jpg,308,308,1,0.35,TP,CORRECT_MATCH
8345,New_Images,007148.jpg,7148,UNRECOGNIZED,0.2435,0.35,TN,CORRECTLY_REJECTED_UNKNOWN
8346,Real Images,000694.jpg,694,694,1,0.35,TP,CORRECT_MATCH
8347,New_Images,006506.jpg,6506,UNRECOGNIZED,0.2893,0.35,TN,CORRECTLY_REJECTED_UNKNOWN
8348,Real Images,001181.jpg,1181,1181,1,0.35,TP,CORRECT_MATCH
8349,New_Images,005803.jpg,5803,NO_FACE_DETECTED,0,0.35,TN,No Face Detected by SCRFD
8350,New_Images,008197.jpg,8197,NO_FACE_DETECTED,0,0.35,TN,No Face Detected by SCRFD
8351,New_Images,008624.jpg,8624,UNRECOGNIZED,0.2581,0.35,TN,CORRECTLY_REJECTED_UNKNOWN
8352,New_Images,006230.jpg,6230,UNRECOGNIZED,0.2668,0.35,TN,CORRECTLY_REJECTED_UNKNOWN
8353,Real Images,002117.jpg,2117,2117,1,0.35,TP,CORRECT_MATCH
8354,Real Images,002879.jpg,2879,2879,1,0.35,TP,CORRECT_MATCH
8355,New_Images,007056.jpg,7056,UNRECOGNIZED,0.2838,0.35,TN,CORRECTLY_REJECTED_UNKNOWN
8356,New_Images,008150.jpg,8150,UNRECOGNIZED,0.2501,0.35,TN,CORRECTLY_REJECTED_UNKNOWN
8357,Real Images,000127.jpg,127,127,1,0.35,TP,CORRECT_MATCH
8358,Real Images,001966.jpg,1966,1966,1,0.35,TP,CORRECT_MATCH
8359,New_Images,005376.jpg,5376,NO_FACE_DETECTED,0,0.35,TN,No Face Detected by SCRFD
8360,Real Images,004743.jpg,4743,4743,1,0.35,TP,CORRECT_MATCH
8361,Real Images,004187.jpg,4187,4187,1,0.35,TP,CORRECT_MATCH
8362,Real Images,002249.jpg,2249,2249,1,0.35,TP,CORRECT_MATCH
8363,Real Images,003461.jpg,3461,3461,1,0.35,TP,CORRECT_MATCH
8364,Real Images,004939.jpg,4939,4939,1,0.35,TP,CORRECT_MATCH
8365,Real Images,003350.jpg,3350,3350,1,0.35,TP,CORRECT_MATCH
8366,Real Images,000126.jpg,126,126,1,0.35,TP,CORRECT_MATCH
8367,Real Images,000898.jpg,898,898,1,0.35,TP,CORRECT_MATCH
8368,New_Images,006476.jpg,6476,UNRECOGNIZED,0.2558,0.35,TN,CORRECTLY_REJECTED_UNKNOWN
8369,Real Images,003613.jpg,3613,3613,1,0.35,TP,CORRECT_MATCH
8370,Real Images,000745.jpg,745,745,1,0.35,TP,CORRECT_MATCH
8371,New_Images,005054.jpg,5054,UNRECOGNIZED,0.2313,0.35,TN,CORRECTLY_REJECTED_UNKNOWN
8372,New_Images,007973.jpg,7973,NO_FACE_DETECTED,0,0.35,TN,No Face Detected by SCRFD
8373,Real Images,004641.jpg,4641,4641,1,0.35,TP,CORRECT_MATCH
8374,Real Images,001817.jpg,1817,1817,1,0.35,TP,CORRECT_MATCH
8375,New_Images,009175.jpg,9175,NO_FACE_DETECTED,0,0.35,TN,No Face Detected by SCRFD
8376,New_Images,005656.jpg,5656,UNRECOGNIZED,0.2119,0.35,TN,CORRECTLY_REJECTED_UNKNOWN
8377,Real Images,001865.jpg,1865,1865,1,0.35,TP,CORRECT_MATCH
8378,Real Images,003532.jpg,3532,3532,1,0.35,TP,CORRECT_MATCH
8379,Real Images,004476.jpg,4476,4476,1,0.35,TP,CORRECT_MATCH
8380,New_Images,006786.jpg,6786,UNRECOGNIZED,0.2362,0.35,TN,CORRECTLY_REJECTED_UNKNOWN
8381,New_Images,008776.jpg,8776,NO_FACE_DETECTED,0,0.35,TN,No Face Detected by SCRFD
8382,New_Images,007958.jpg,7958,NO_FACE_DETECTED,0,0.35,TN,No Face Detected by SCRFD
8383,New_Images,006948.jpg,6948,NO_FACE_DETECTED,0,0.35,TN,No Face Detected by SCRFD
8384,New_Images,007260.jpg,7260,NO_FACE_DETECTED,0,0.35,TN,No Face Detected by SCRFD
8385,Real Images,004459.jpg,4459,4459,1,0.35,TP,CORRECT_MATCH
8386,Real Images,001337.jpg,1337,1337,1,0.35,TP,CORRECT_MATCH
8387,Real Images,000816.jpg,816,816,1,0.35,TP,CORRECT_MATCH
8388,New_Images,009362.jpg,9362,UNRECOGNIZED,0.2664,0.35,TN,CORRECTLY_REJECTED_UNKNOWN
8389,Real Images,002550.jpg,2550,2550,1,0.35,TP,CORRECT_MATCH
8390,Real Images,000862.jpg,862,862,1,0.35,TP,CORRECT_MATCH
8391,Real Images,001392.jpg,1392,1392,1,0.35,TP,CORRECT_MATCH
8392,New_Images,008674.jpg,8674,UNRECOGNIZED,0.265,0.35,TN,CORRECTLY_REJECTED_UNKNOWN
8393,New_Images,005106.jpg,5106,UNRECOGNIZED,0.2705,0.35,TN,CORRECTLY_REJECTED_UNKNOWN
8394,New_Images,006063.jpg,6063,UNRECOGNIZED,0.2514,0.35,TN,CORRECTLY_REJECTED_UNKNOWN
8395,Real Images,002579.jpg,2579,2579,1,0.35,TP,CORRECT_MATCH
8396,New_Images,005586.jpg,5586,NO_FACE_DETECTED,0,0.35,TN,No Face Detected by SCRFD
8397,New_Images,008558.jpg,8558,UNRECOGNIZED,0.257,0.35,TN,CORRECTLY_REJECTED_UNKNOWN
8398,New_Images,006879.jpg,6879,UNRECOGNIZED,0.2368,0.35,TN,CORRECTLY_REJECTED_UNKNOWN
8399,New_Images,006164.jpg,6164,UNRECOGNIZED,0.236,0.35,TN,CORRECTLY_REJECTED_UNKNOWN
8400,Real Images,003525.jpg,3525,3525,1,0.35,TP,CORRECT_MATCH
8401,Real Images,001504.jpg,1504,1504,1,0.35,TP,CORRECT_MATCH
8402,Real Images,000503.jpg,503,503,1,0.35,TP,CORRECT_MATCH
8403,Real Images,002325.jpg,2325,2325,1,0.35,TP,CORRECT_MATCH
8404,Real Images,001141.jpg,1141,1141,1,0.35,TP,CORRECT_MATCH
8405,New_Images,006567.jpg,6567,NO_FACE_DETECTED,0,0.35,TN,No Face Detected by SCRFD
8406,Real Images,002348.jpg,2348,2348,1,0.35,TP,CORRECT_MATCH
8407,Real Images,002973.jpg,2973,2973,1,0.35,TP,CORRECT_MATCH
8408,Real Images,000101.jpg,101,101,1,0.35,TP,CORRECT_MATCH
8409,New_Images,005752.jpg,5752,NO_FACE_DETECTED,0,0.35,TN,No Face Detected by SCRFD
8410,New_Images,005568.jpg,5568,UNRECOGNIZED,0.2158,0.35,TN,CORRECTLY_REJECTED_UNKNOWN
8411,New_Images,005063.jpg,5063,NO_FACE_DETECTED,0,0.35,TN,No Face Detected by SCRFD
8412,Real Images,004478.jpg,4478,4478,1,0.35,TP,CORRECT_MATCH
8413,Real Images,002956.jpg,2956,2956,1,0.35,TP,CORRECT_MATCH
8414,New_Images,008676.jpg,8676,UNRECOGNIZED,0.3264,0.35,TN,CORRECTLY_REJECTED_UNKNOWN
8415,Real Images,004382.jpg,4382,4382,1,0.35,TP,CORRECT_MATCH
8416,Real Images,000431.jpg,431,431,1,0.35,TP,CORRECT_MATCH
8417,New_Images,007031.jpg,7031,UNRECOGNIZED,0.2635,0.35,TN,CORRECTLY_REJECTED_UNKNOWN
8418,Real Images,003706.jpg,3706,3706,1,0.35,TP,CORRECT_MATCH
8419,New_Images,009231.jpg,9231,UNRECOGNIZED,0.2426,0.35,TN,CORRECTLY_REJECTED_UNKNOWN
8420,Real Images,001883.jpg,1883,1883,1,0.35,TP,CORRECT_MATCH
8421,New_Images,006023.jpg,6023,NO_FACE_DETECTED,0,0.35,TN,No Face Detected by SCRFD
8422,New_Images,005737.jpg,5737,NO_FACE_DETECTED,0,0.35,TN,No Face Detected by SCRFD
8423,Real Images,001774.jpg,1774,1774,1,0.35,TP,CORRECT_MATCH
8424,Real Images,003675.jpg,3675,3675,1,0.35,TP,CORRECT_MATCH
8425,New_Images,007901.jpg,7901,UNRECOGNIZED,0.217,0.35,TN,CORRECTLY_REJECTED_UNKNOWN
8426,Real Images,002536.jpg,2536,2536,1,0.35,TP,CORRECT_MATCH
8427,Real Images,003486.jpg,3486,3486,1,0.35,TP,CORRECT_MATCH
8428,New_Images,008314.jpg,8314,NO_FACE_DETECTED,0,0.35,TN,No Face Detected by SCRFD
8429,New_Images,009310.jpg,9310,UNRECOGNIZED,0.2438,0.35,TN,CORRECTLY_REJECTED_UNKNOWN
8430,New_Images,005762.jpg,5762,UNRECOGNIZED,0.2877,0.35,TN,CORRECTLY_REJECTED_UNKNOWN
8431,New_Images,005120.jpg,5120,UNRECOGNIZED,0.2876,0.35,TN,CORRECTLY_REJECTED_UNKNOWN
8432,New_Images,008650.jpg,8650,UNRECOGNIZED,0.2254,0.35,TN,CORRECTLY_REJECTED_UNKNOWN
8433,Real Images,000843.jpg,843,843,1,0.35,TP,CORRECT_MATCH
8434,New_Images,006930.jpg,6930,UNRECOGNIZED,0.2065,0.35,TN,CORRECTLY_REJECTED_UNKNOWN
8435,New_Images,005794.jpg,5794,UNRECOGNIZED,0.2102,0.35,TN,CORRECTLY_REJECTED_UNKNOWN
8436,New_Images,008719.jpg,8719,UNRECOGNIZED,0.2591,0.35,TN,CORRECTLY_REJECTED_UNKNOWN
8437,Real Images,002003.jpg,2003,2003,1,0.35,TP,CORRECT_MATCH
8438,New_Images,005401.jpg,5401,NO_FACE_DETECTED,0,0.35,TN,No Face Detected by SCRFD
8439,Real Images,000983.jpg,983,983,1,0.35,TP,CORRECT_MATCH
8440,Real Images,002132.jpg,2132,2132,1,0.35,TP,CORRECT_MATCH
8441,New_Images,006106.jpg,6106,NO_FACE_DETECTED,0,0.35,TN,No Face Detected by SCRFD
8442,Real Images,001583.jpg,1583,1583,1,0.35,TP,CORRECT_MATCH
8443,New_Images,007076.jpg,7076,UNRECOGNIZED,0.2365,0.35,TN,CORRECTLY_REJECTED_UNKNOWN
8444,New_Images,008761.jpg,8761,UNRECOGNIZED,0.2362,0.35,TN,CORRECTLY_REJECTED_UNKNOWN
8445,Real Images,001399.jpg,1399,1399,1,0.35,TP,CORRECT_MATCH
8446,New_Images,008806.jpg,8806,NO_FACE_DETECTED,0,0.35,TN,No Face Detected by SCRFD
8447,Real Images,001100.jpg,1100,1100,1,0.35,TP,CORRECT_MATCH
8448,New_Images,007771.jpg,7771,NO_FACE_DETECTED,0,0.35,TN,No Face Detected by SCRFD
8449,Real Images,002501.jpg,2501,2501,1,0.35,TP,CORRECT_MATCH
8450,New_Images,006133.jpg,6133,UNRECOGNIZED,0.2836,0.35,TN,CORRECTLY_REJECTED_UNKNOWN
8451,Real Images,004177.jpg,4177,4177,1,0.35,TP,CORRECT_MATCH
8452,New_Images,008454.jpg,8454,NO_FACE_DETECTED,0,0.35,TN,No Face Detected by SCRFD
8453,New_Images,006993.jpg,6993,UNRECOGNIZED,0.2653,0.35,TN,CORRECTLY_REJECTED_UNKNOWN
8454,New_Images,005121.jpg,5121,UNRECOGNIZED,0.302,0.35,TN,CORRECTLY_REJECTED_UNKNOWN
8455,Real Images,001558.jpg,1558,1558,1,0.35,TP,CORRECT_MATCH
8456,New_Images,006816.jpg,6816,UNRECOGNIZED,0.2417,0.35,TN,CORRECTLY_REJECTED_UNKNOWN
8457,New_Images,006533.jpg,6533,NO_FACE_DETECTED,0,0.35,TN,No Face Detected by SCRFD
8458,New_Images,007431.jpg,7431,NO_FACE_DETECTED,0,0.35,TN,No Face Detected by SCRFD
8459,New_Images,005554.jpg,5554,NO_FACE_DETECTED,0,0.35,TN,No Face Detected by SCRFD
8460,New_Images,006780.jpg,6780,NO_FACE_DETECTED,0,0.35,TN,No Face Detected by SCRFD
8461,Real Images,003744.jpg,3744,3744,1,0.35,TP,CORRECT_MATCH
8462,New_Images,007399.jpg,7399,NO_FACE_DETECTED,0,0.35,TN,No Face Detected by SCRFD
8463,New_Images,007047.jpg,7047,UNRECOGNIZED,0.2536,0.35,TN,CORRECTLY_REJECTED_UNKNOWN
8464,Real Images,003523.jpg,3523,3523,1,0.35,TP,CORRECT_MATCH
8465,New_Images,009025.jpg,9025,NO_FACE_DETECTED,0,0.35,TN,No Face Detected by SCRFD
8466,Real Images,001625.jpg,1625,1625,1,0.35,TP,CORRECT_MATCH
8467,New_Images,007049.jpg,7049,UNRECOGNIZED,0.2929,0.35,TN,CORRECTLY_REJECTED_UNKNOWN
8468,New_Images,008283.jpg,8283,NO_FACE_DETECTED,0,0.35,TN,No Face Detected by SCRFD
8469,New_Images,009503.jpg,9503,NO_FACE_DETECTED,0,0.35,TN,No Face Detected by SCRFD
8470,Real Images,004832.jpg,4832,4832,1,0.35,TP,CORRECT_MATCH
8471,New_Images,006241.jpg,6241,UNRECOGNIZED,0.2376,0.35,TN,CORRECTLY_REJECTED_UNKNOWN
8472,New_Images,005328.jpg,5328,UNRECOGNIZED,0.2269,0.35,TN,CORRECTLY_REJECTED_UNKNOWN
8473,Real Images,004506.jpg,4506,4506,1,0.35,TP,CORRECT_MATCH
8474,Real Images,002068.jpg,2068,2068,1,0.35,TP,CORRECT_MATCH
8475,Real Images,001077.jpg,1077,1077,1,0.35,TP,CORRECT_MATCH
8476,Real Images,002431.jpg,2431,2431,1,0.35,TP,CORRECT_MATCH
8477,New_Images,005278.jpg,5278,NO_FACE_DETECTED,0,0.35,TN,No Face Detected by SCRFD
8478,Real Images,001324.jpg,1324,1324,1,0.35,TP,CORRECT_MATCH
8479,Real Images,001205.jpg,1205,1205,1,0.35,TP,CORRECT_MATCH
8480,New_Images,007268.jpg,7268,UNRECOGNIZED,0.3058,0.35,TN,CORRECTLY_REJECTED_UNKNOWN
8481,New_Images,008033.jpg,8033,UNRECOGNIZED,0.2566,0.35,TN,CORRECTLY_REJECTED_UNKNOWN
8482,Real Images,001769.jpg,1769,1769,1,0.35,TP,CORRECT_MATCH
8483,New_Images,006985.jpg,6985,UNRECOGNIZED,0.2688,0.35,TN,CORRECTLY_REJECTED_UNKNOWN
8484,New_Images,006581.jpg,6581,UNRECOGNIZED,0.2708,0.35,TN,CORRECTLY_REJECTED_UNKNOWN
8485,New_Images,007848.jpg,7848,NO_FACE_DETECTED,0,0.35,TN,No Face Detected by SCRFD
8486,Real Images,000997.jpg,997,997,1,0.35,TP,CORRECT_MATCH
8487,Real Images,000511.jpg,511,511,1,0.35,TP,CORRECT_MATCH
8488,New_Images,007505.jpg,7505,UNRECOGNIZED,0.2716,0.35,TN,CORRECTLY_REJECTED_UNKNOWN
8489,New_Images,009007.jpg,9007,UNRECOGNIZED,0.2721,0.35,TN,CORRECTLY_REJECTED_UNKNOWN
8490,Real Images,000711.jpg,711,711,1,0.35,TP,CORRECT_MATCH
8491,Real Images,003630.jpg,3630,3630,1,0.35,TP,CORRECT_MATCH
8492,New_Images,008255.jpg,8255,UNRECOGNIZED,0.2245,0.35,TN,CORRECTLY_REJECTED_UNKNOWN
8493,New_Images,007406.jpg,7406,NO_FACE_DETECTED,0,0.35,TN,No Face Detected by SCRFD
8494,Real Images,001787.jpg,1787,1787,1,0.35,TP,CORRECT_MATCH
8495,New_Images,008409.jpg,8409,NO_FACE_DETECTED,0,0.35,TN,No Face Detected by SCRFD
8496,New_Images,005932.jpg,5932,NO_FACE_DETECTED,0,0.35,TN,No Face Detected by SCRFD
8497,New_Images,007345.jpg,7345,UNRECOGNIZED,0.2251,0.35,TN,CORRECTLY_REJECTED_UNKNOWN
8498,New_Images,007803.jpg,7803,UNRECOGNIZED,0.2247,0.35,TN,CORRECTLY_REJECTED_UNKNOWN
8499,Real Images,001042.jpg,1042,1042,1,0.35,TP,CORRECT_MATCH
8500,Real Images,001863.jpg,1863,1863,1,0.35,TP,CORRECT_MATCH
8501,New_Images,006898.jpg,6898,UNRECOGNIZED,0.2596,0.35,TN,CORRECTLY_REJECTED_UNKNOWN
8502,Real Images,002077.jpg,2077,2077,1,0.35,TP,CORRECT_MATCH
8503,Real Images,000859.jpg,859,859,1,0.35,TP,CORRECT_MATCH
8504,Real Images,004348.jpg,4348,4348,1,0.35,TP,CORRECT_MATCH
8505,Real Images,002855.jpg,2855,2855,1,0.35,TP,CORRECT_MATCH
8506,Real Images,000259.jpg,259,259,1,0.35,TP,CORRECT_MATCH
8507,New_Images,005305.jpg,5305,NO_FACE_DETECTED,0,0.35,TN,No Face Detected by SCRFD
8508,Real Images,003899.jpg,3899,3899,1,0.35,TP,CORRECT_MATCH
8509,New_Images,005870.jpg,5870,UNRECOGNIZED,0.2438,0.35,TN,CORRECTLY_REJECTED_UNKNOWN
8510,Real Images,000244.jpg,244,244,1,0.35,TP,CORRECT_MATCH
8511,Real Images,002160.jpg,2160,2160,1,0.35,TP,CORRECT_MATCH
8512,Real Images,000423.jpg,423,423,1,0.35,TP,CORRECT_MATCH
8513,Real Images,001802.jpg,1802,1802,1,0.35,TP,CORRECT_MATCH
8514,Real Images,002859.jpg,2859,2859,1,0.35,TP,CORRECT_MATCH
8515,New_Images,008620.jpg,8620,UNRECOGNIZED,0.2559,0.35,TN,CORRECTLY_REJECTED_UNKNOWN
8516,Real Images,002130.jpg,2130,2130,1,0.35,TP,CORRECT_MATCH
8517,Real Images,002371.jpg,2371,2371,1,0.35,TP,CORRECT_MATCH
8518,Real Images,004543.jpg,4543,4543,1,0.35,TP,CORRECT_MATCH
8519,Real Images,000047.jpg,47,47,1,0.35,TP,CORRECT_MATCH
8520,New_Images,009144.jpg,9144,NO_FACE_DETECTED,0,0.35,TN,No Face Detected by SCRFD
8521,New_Images,008692.jpg,8692,UNRECOGNIZED,0.2048,0.35,TN,CORRECTLY_REJECTED_UNKNOWN
8522,Real Images,003818.jpg,3818,3818,1,0.35,TP,CORRECT_MATCH
8523,Real Images,003539.jpg,3539,3539,1,0.35,TP,CORRECT_MATCH
8524,Real Images,003395.jpg,3395,3395,1,0.35,TP,CORRECT_MATCH
8525,New_Images,009035.jpg,9035,UNRECOGNIZED,0.247,0.35,TN,CORRECTLY_REJECTED_UNKNOWN
8526,Real Images,003363.jpg,3363,3363,1,0.35,TP,CORRECT_MATCH
8527,Real Images,002064.jpg,2064,2064,1,0.35,TP,CORRECT_MATCH
8528,Real Images,003991.jpg,3991,3991,1,0.35,TP,CORRECT_MATCH
8529,New_Images,009288.jpg,9288,NO_FACE_DETECTED,0,0.35,TN,No Face Detected by SCRFD
8530,New_Images,009397.jpg,9397,UNRECOGNIZED,0.2981,0.35,TN,CORRECTLY_REJECTED_UNKNOWN
8531,Real Images,000350.jpg,350,350,1,0.35,TP,CORRECT_MATCH
8532,New_Images,008966.jpg,8966,NO_FACE_DETECTED,0,0.35,TN,No Face Detected by SCRFD
8533,Real Images,001502.jpg,1502,1502,1,0.35,TP,CORRECT_MATCH
8534,New_Images,007451.jpg,7451,UNRECOGNIZED,0.2512,0.35,TN,CORRECTLY_REJECTED_UNKNOWN
8535,Real Images,002002.jpg,2002,2002,1,0.35,TP,CORRECT_MATCH
8536,Real Images,003110.jpg,3110,3110,1,0.35,TP,CORRECT_MATCH
8537,Real Images,004521.jpg,4521,4521,1,0.35,TP,CORRECT_MATCH
8538,New_Images,006524.jpg,6524,UNRECOGNIZED,0.2883,0.35,TN,CORRECTLY_REJECTED_UNKNOWN
8539,Real Images,000993.jpg,993,993,1,0.35,TP,CORRECT_MATCH
8540,New_Images,005877.jpg,5877,UNRECOGNIZED,0.2344,0.35,TN,CORRECTLY_REJECTED_UNKNOWN
8541,New_Images,006019.jpg,6019,UNRECOGNIZED,0.2554,0.35,TN,CORRECTLY_REJECTED_UNKNOWN
8542,Real Images,001628.jpg,1628,1628,1,0.35,TP,CORRECT_MATCH
8543,New_Images,005943.jpg,5943,UNRECOGNIZED,0.2466,0.35,TN,CORRECTLY_REJECTED_UNKNOWN
8544,Real Images,003869.jpg,3869,3869,1,0.35,TP,CORRECT_MATCH
8545,New_Images,007286.jpg,7286,UNRECOGNIZED,0.2461,0.35,TN,CORRECTLY_REJECTED_UNKNOWN
8546,New_Images,007265.jpg,7265,UNRECOGNIZED,0.22,0.35,TN,CORRECTLY_REJECTED_UNKNOWN
8547,Real Images,003560.jpg,3560,3560,1,0.35,TP,CORRECT_MATCH
8548,New_Images,006071.jpg,6071,UNRECOGNIZED,0.2252,0.35,TN,CORRECTLY_REJECTED_UNKNOWN
8549,Real Images,000537.jpg,537,537,1,0.35,TP,CORRECT_MATCH
8550,Real Images,004584.jpg,4584,4584,1,0.35,TP,CORRECT_MATCH
8551,New_Images,006687.jpg,6687,NO_FACE_DETECTED,0,0.35,TN,No Face Detected by SCRFD
8552,New_Images,008018.jpg,8018,NO_FACE_DETECTED,0,0.35,TN,No Face Detected by SCRFD
8553,Real Images,001623.jpg,1623,1623,1,0.35,TP,CORRECT_MATCH
8554,New_Images,009096.jpg,9096,NO_FACE_DETECTED,0,0.35,TN,No Face Detected by SCRFD
8555,Real Images,002532.jpg,2532,2532,1,0.35,TP,CORRECT_MATCH
8556,New_Images,006867.jpg,6867,UNRECOGNIZED,0.264,0.35,TN,CORRECTLY_REJECTED_UNKNOWN
8557,New_Images,006079.jpg,6079,UNRECOGNIZED,0.2703,0.35,TN,CORRECTLY_REJECTED_UNKNOWN
8558,New_Images,007433.jpg,7433,NO_FACE_DETECTED,0,0.35,TN,No Face Detected by SCRFD
8559,New_Images,006368.jpg,6368,NO_FACE_DETECTED,0,0.35,TN,No Face Detected by SCRFD
8560,Real Images,002223.jpg,2223,2223,1,0.35,TP,CORRECT_MATCH
8561,New_Images,008686.jpg,8686,NO_FACE_DETECTED,0,0.35,TN,No Face Detected by SCRFD
8562,Real Images,001593.jpg,1593,1593,1,0.35,TP,CORRECT_MATCH
8563,Real Images,001903.jpg,1903,1903,1,0.35,TP,CORRECT_MATCH
8564,New_Images,008072.jpg,8072,NO_FACE_DETECTED,0,0.35,TN,No Face Detected by SCRFD
8565,Real Images,004987.jpg,4987,4987,1,0.35,TP,CORRECT_MATCH
8566,Real Images,000610.jpg,610,610,1,0.35,TP,CORRECT_MATCH
8567,Real Images,000743.jpg,743,743,1,0.35,TP,CORRECT_MATCH
8568,Real Images,002291.jpg,2291,2291,1,0.35,TP,CORRECT_MATCH
8569,Real Images,001912.jpg,1912,1912,1,0.35,TP,CORRECT_MATCH
8570,New_Images,006690.jpg,6690,UNRECOGNIZED,0.2426,0.35,TN,CORRECTLY_REJECTED_UNKNOWN
8571,Real Images,004952.jpg,4952,4952,1,0.35,TP,CORRECT_MATCH
8572,New_Images,007607.jpg,7607,UNRECOGNIZED,0.2364,0.35,TN,CORRECTLY_REJECTED_UNKNOWN
8573,Real Images,001036.jpg,1036,1036,1,0.35,TP,CORRECT_MATCH
8574,Real Images,003627.jpg,3627,3627,1,0.35,TP,CORRECT_MATCH
8575,New_Images,005375.jpg,5375,UNRECOGNIZED,0.293,0.35,TN,CORRECTLY_REJECTED_UNKNOWN
8576,Real Images,000411.jpg,411,411,1,0.35,TP,CORRECT_MATCH
8577,New_Images,007725.jpg,7725,UNRECOGNIZED,0.2632,0.35,TN,CORRECTLY_REJECTED_UNKNOWN
8578,Real Images,003831.jpg,3831,3831,1,0.35,TP,CORRECT_MATCH
8579,Real Images,001776.jpg,1776,1776,1,0.35,TP,CORRECT_MATCH
8580,New_Images,006087.jpg,6087,UNRECOGNIZED,0.2397,0.35,TN,CORRECTLY_REJECTED_UNKNOWN
8581,New_Images,006243.jpg,6243,UNRECOGNIZED,0.2842,0.35,TN,CORRECTLY_REJECTED_UNKNOWN
8582,Real Images,004296.jpg,4296,4296,1,0.35,TP,CORRECT_MATCH
8583,New_Images,006039.jpg,6039,UNRECOGNIZED,0.2767,0.35,TN,CORRECTLY_REJECTED_UNKNOWN
8584,New_Images,008792.jpg,8792,UNRECOGNIZED,0.2741,0.35,TN,CORRECTLY_REJECTED_UNKNOWN
8585,Real Images,002025.jpg,2025,2025,1,0.35,TP,CORRECT_MATCH
8586,Real Images,004333.jpg,4333,4333,1,0.35,TP,CORRECT_MATCH
8587,Real Images,000229.jpg,229,229,1,0.35,TP,CORRECT_MATCH
8588,New_Images,006465.jpg,6465,UNRECOGNIZED,0.2758,0.35,TN,CORRECTLY_REJECTED_UNKNOWN
8589,Real Images,001480.jpg,1480,1480,1,0.35,TP,CORRECT_MATCH
8590,New_Images,005993.jpg,5993,NO_FACE_DETECTED,0,0.35,TN,No Face Detected by SCRFD
8591,New_Images,006512.jpg,6512,NO_FACE_DETECTED,0,0.35,TN,No Face Detected by SCRFD
8592,Real Images,003697.jpg,3697,3697,1,0.35,TP,CORRECT_MATCH
8593,Real Images,002307.jpg,2307,2307,1,0.35,TP,CORRECT_MATCH
8594,Real Images,001234.jpg,1234,1234,1,0.35,TP,CORRECT_MATCH
8595,New_Images,007674.jpg,7674,UNRECOGNIZED,0.1968,0.35,TN,CORRECTLY_REJECTED_UNKNOWN
8596,Real Images,001887.jpg,1887,1887,1,0.35,TP,CORRECT_MATCH
8597,New_Images,005550.jpg,5550,NO_FACE_DETECTED,0,0.35,TN,No Face Detected by SCRFD
8598,New_Images,008610.jpg,8610,UNRECOGNIZED,0.2265,0.35,TN,CORRECTLY_REJECTED_UNKNOWN
8599,New_Images,007895.jpg,7895,NO_FACE_DETECTED,0,0.35,TN,No Face Detected by SCRFD
8600,Real Images,004211.jpg,4211,4211,1,0.35,TP,CORRECT_MATCH
8601,Real Images,002696.jpg,2696,2696,1,0.35,TP,CORRECT_MATCH
8602,Real Images,004466.jpg,4466,4466,1,0.35,TP,CORRECT_MATCH
8603,New_Images,008222.jpg,8222,UNRECOGNIZED,0.2905,0.35,TN,CORRECTLY_REJECTED_UNKNOWN
8604,New_Images,005995.jpg,5995,UNRECOGNIZED,0.3342,0.35,TN,CORRECTLY_REJECTED_UNKNOWN
8605,Real Images,002166.jpg,2166,2166,1,0.35,TP,CORRECT_MATCH
8606,Real Images,003290.jpg,3290,3290,1,0.35,TP,CORRECT_MATCH
8607,Real Images,002878.jpg,2878,2878,1,0.35,TP,CORRECT_MATCH
8608,New_Images,008751.jpg,8751,UNRECOGNIZED,0.2117,0.35,TN,CORRECTLY_REJECTED_UNKNOWN
8609,New_Images,005353.jpg,5353,UNRECOGNIZED,0.2502,0.35,TN,CORRECTLY_REJECTED_UNKNOWN
8610,Real Images,004836.jpg,4836,4836,1,0.35,TP,CORRECT_MATCH
8611,Real Images,001477.jpg,1477,1477,1,0.35,TP,CORRECT_MATCH
8612,Real Images,002154.jpg,2154,2154,1,0.35,TP,CORRECT_MATCH
8613,New_Images,009570.jpg,9570,UNRECOGNIZED,0.2328,0.35,TN,CORRECTLY_REJECTED_UNKNOWN
8614,Real Images,000547.jpg,547,547,1,0.35,TP,CORRECT_MATCH
8615,New_Images,007223.jpg,7223,UNRECOGNIZED,0.3305,0.35,TN,CORRECTLY_REJECTED_UNKNOWN
8616,New_Images,005062.jpg,5062,NO_FACE_DETECTED,0,0.35,TN,No Face Detected by SCRFD
8617,Real Images,000646.jpg,646,646,1,0.35,TP,CORRECT_MATCH
8618,Real Images,001592.jpg,1592,1592,1,0.35,TP,CORRECT_MATCH
8619,Real Images,002241.jpg,2241,2241,1,0.35,TP,CORRECT_MATCH
8620,Real Images,004107.jpg,4107,4107,1,0.35,TP,CORRECT_MATCH
8621,Real Images,003116.jpg,3116,3116,1,0.35,TP,CORRECT_MATCH
8622,Real Images,003589.jpg,3589,3589,1,0.35,TP,CORRECT_MATCH
8623,New_Images,005773.jpg,5773,UNRECOGNIZED,0.2403,0.35,TN,CORRECTLY_REJECTED_UNKNOWN
8624,New_Images,009448.jpg,9448,NO_FACE_DETECTED,0,0.35,TN,No Face Detected by SCRFD
8625,Real Images,004690.jpg,4690,4690,1,0.35,TP,CORRECT_MATCH
8626,New_Images,008139.jpg,8139,NO_FACE_DETECTED,0,0.35,TN,No Face Detected by SCRFD
8627,Real Images,000804.jpg,804,804,1,0.35,TP,CORRECT_MATCH
8628,Real Images,000133.jpg,133,133,1,0.35,TP,CORRECT_MATCH
8629,Real Images,004498.jpg,4498,4498,1,0.35,TP,CORRECT_MATCH
8630,New_Images,009339.jpg,9339,UNRECOGNIZED,0.249,0.35,TN,CORRECTLY_REJECTED_UNKNOWN
8631,Real Images,000360.jpg,360,360,1,0.35,TP,CORRECT_MATCH
8632,Real Images,004838.jpg,4838,4838,1,0.35,TP,CORRECT_MATCH
8633,Real Images,004848.jpg,4848,4848,1,0.35,TP,CORRECT_MATCH
8634,New_Images,009594.jpg,9594,NO_FACE_DETECTED,0,0.35,TN,No Face Detected by SCRFD
8635,New_Images,006249.jpg,6249,UNRECOGNIZED,0.2218,0.35,TN,CORRECTLY_REJECTED_UNKNOWN
8636,Real Images,003887.jpg,3887,3887,1,0.35,TP,CORRECT_MATCH
8637,Real Images,001748.jpg,1748,1748,1,0.35,TP,CORRECT_MATCH
8638,New_Images,007917.jpg,7917,UNRECOGNIZED,0.2282,0.35,TN,CORRECTLY_REJECTED_UNKNOWN
8639,New_Images,006303.jpg,6303,UNRECOGNIZED,0.2911,0.35,TN,CORRECTLY_REJECTED_UNKNOWN
8640,Real Images,003264.jpg,3264,3264,1,0.35,TP,CORRECT_MATCH
8641,Real Images,004950.jpg,4950,4950,1,0.35,TP,CORRECT_MATCH
8642,New_Images,007485.jpg,7485,UNRECOGNIZED,0.29,0.35,TN,CORRECTLY_REJECTED_UNKNOWN
8643,Real Images,004098.jpg,4098,4098,1,0.35,TP,CORRECT_MATCH
8644,New_Images,006952.jpg,6952,NO_FACE_DETECTED,0,0.35,TN,No Face Detected by SCRFD
8645,Real Images,004902.jpg,4902,4902,1,0.35,TP,CORRECT_MATCH
8646,New_Images,005662.jpg,5662,UNRECOGNIZED,0.2836,0.35,TN,CORRECTLY_REJECTED_UNKNOWN
8647,New_Images,007238.jpg,7238,NO_FACE_DETECTED,0,0.35,TN,No Face Detected by SCRFD
8648,Real Images,001211.jpg,1211,1211,1,0.35,TP,CORRECT_MATCH
8649,Real Images,002589.jpg,2589,2589,1,0.35,TP,CORRECT_MATCH
8650,Real Images,004713.jpg,4713,4713,1,0.35,TP,CORRECT_MATCH
8651,New_Images,007623.jpg,7623,UNRECOGNIZED,0.2458,0.35,TN,CORRECTLY_REJECTED_UNKNOWN
8652,Real Images,000154.jpg,154,154,1,0.35,TP,CORRECT_MATCH
8653,Real Images,004184.jpg,4184,4184,1,0.35,TP,CORRECT_MATCH
8654,New_Images,007530.jpg,7530,NO_FACE_DETECTED,0,0.35,TN,No Face Detected by SCRFD
8655,Real Images,004162.jpg,4162,4162,1,0.35,TP,CORRECT_MATCH
8656,New_Images,007556.jpg,7556,NO_FACE_DETECTED,0,0.35,TN,No Face Detected by SCRFD
8657,Real Images,003805.jpg,3805,3805,1,0.35,TP,CORRECT_MATCH
8658,Real Images,002345.jpg,2345,2345,1,0.35,TP,CORRECT_MATCH
8659,New_Images,008154.jpg,8154,UNRECOGNIZED,0.2166,0.35,TN,CORRECTLY_REJECTED_UNKNOWN
8660,Real Images,003946.jpg,3946,3946,1,0.35,TP,CORRECT_MATCH
8661,New_Images,009245.jpg,9245,UNRECOGNIZED,0.1956,0.35,TN,CORRECTLY_REJECTED_UNKNOWN
8662,Real Images,001294.jpg,1294,1294,1,0.35,TP,CORRECT_MATCH
8663,Real Images,002869.jpg,2869,2869,1,0.35,TP,CORRECT_MATCH
8664,Real Images,002786.jpg,2786,2786,1,0.35,TP,CORRECT_MATCH
8665,Real Images,002951.jpg,2951,2951,1,0.35,TP,CORRECT_MATCH
8666,New_Images,006752.jpg,6752,UNRECOGNIZED,0.2526,0.35,TN,CORRECTLY_REJECTED_UNKNOWN
8667,Real Images,004001.jpg,4001,4001,1,0.35,TP,CORRECT_MATCH
8668,Real Images,002386.jpg,2386,2386,1,0.35,TP,CORRECT_MATCH
8669,New_Images,007057.jpg,7057,UNRECOGNIZED,0.2618,0.35,TN,CORRECTLY_REJECTED_UNKNOWN
8670,New_Images,006142.jpg,6142,UNRECOGNIZED,0.2361,0.35,TN,CORRECTLY_REJECTED_UNKNOWN
8671,New_Images,005874.jpg,5874,UNRECOGNIZED,0.2157,0.35,TN,CORRECTLY_REJECTED_UNKNOWN
8672,Real Images,004807.jpg,4807,4807,1,0.35,TP,CORRECT_MATCH
8673,Real Images,000920.jpg,920,920,1,0.35,TP,CORRECT_MATCH
8674,New_Images,005315.jpg,5315,UNRECOGNIZED,0.2472,0.35,TN,CORRECTLY_REJECTED_UNKNOWN
8675,Real Images,000754.jpg,754,754,1,0.35,TP,CORRECT_MATCH
8676,Real Images,000475.jpg,475,475,1,0.35,TP,CORRECT_MATCH
8677,Real Images,004907.jpg,4907,4907,1,0.35,TP,CORRECT_MATCH
8678,Real Images,002726.jpg,2726,2726,1,0.35,TP,CORRECT_MATCH
8679,New_Images,007270.jpg,7270,UNRECOGNIZED,0.2491,0.35,TN,CORRECTLY_REJECTED_UNKNOWN
8680,Real Images,001647.jpg,1647,1647,1,0.35,TP,CORRECT_MATCH
8681,New_Images,009417.jpg,9417,UNRECOGNIZED,0.2248,0.35,TN,CORRECTLY_REJECTED_UNKNOWN
8682,New_Images,007111.jpg,7111,UNRECOGNIZED,0.2472,0.35,TN,CORRECTLY_REJECTED_UNKNOWN
8683,Real Images,001481.jpg,1481,1481,1,0.35,TP,CORRECT_MATCH
8684,New_Images,008915.jpg,8915,NO_FACE_DETECTED,0,0.35,TN,No Face Detected by SCRFD
8685,Real Images,004709.jpg,4709,4709,1,0.35,TP,CORRECT_MATCH
8686,Real Images,003847.jpg,3847,3847,1,0.35,TP,CORRECT_MATCH
8687,Real Images,001122.jpg,1122,1122,1,0.35,TP,CORRECT_MATCH
8688,Real Images,000589.jpg,589,589,1,0.35,TP,CORRECT_MATCH
8689,New_Images,007995.jpg,7995,UNRECOGNIZED,0.2106,0.35,TN,CORRECTLY_REJECTED_UNKNOWN
8690,New_Images,005189.jpg,5189,NO_FACE_DETECTED,0,0.35,TN,No Face Detected by SCRFD
8691,New_Images,006227.jpg,6227,UNRECOGNIZED,0.2931,0.35,TN,CORRECTLY_REJECTED_UNKNOWN
8692,New_Images,005384.jpg,5384,NO_FACE_DETECTED,0,0.35,TN,No Face Detected by SCRFD
8693,Real Images,001316.jpg,1316,1316,1,0.35,TP,CORRECT_MATCH
8694,New_Images,006513.jpg,6513,UNRECOGNIZED,0.3127,0.35,TN,CORRECTLY_REJECTED_UNKNOWN
8695,New_Images,005547.jpg,5547,UNRECOGNIZED,0.2808,0.35,TN,CORRECTLY_REJECTED_UNKNOWN
8696,New_Images,009467.jpg,9467,UNRECOGNIZED,0.2606,0.35,TN,CORRECTLY_REJECTED_UNKNOWN
8697,New_Images,007693.jpg,7693,UNRECOGNIZED,0.2308,0.35,TN,CORRECTLY_REJECTED_UNKNOWN
8698,Real Images,001226.jpg,1226,1226,1,0.35,TP,CORRECT_MATCH
8699,Real Images,002530.jpg,2530,2530,1,0.35,TP,CORRECT_MATCH
8700,New_Images,006718.jpg,6718,UNRECOGNIZED,0.2459,0.35,TN,CORRECTLY_REJECTED_UNKNOWN
8701,Real Images,002362.jpg,2362,2362,1,0.35,TP,CORRECT_MATCH
8702,Real Images,000252.jpg,252,252,1,0.35,TP,CORRECT_MATCH
8703,New_Images,007487.jpg,7487,NO_FACE_DETECTED,0,0.35,TN,No Face Detected by SCRFD
8704,New_Images,008618.jpg,8618,UNRECOGNIZED,0.2395,0.35,TN,CORRECTLY_REJECTED_UNKNOWN
8705,Real Images,001634.jpg,1634,1634,1,0.35,TP,CORRECT_MATCH
8706,New_Images,007214.jpg,7214,UNRECOGNIZED,0.2715,0.35,TN,CORRECTLY_REJECTED_UNKNOWN
8707,Real Images,001645.jpg,1645,1645,1,0.35,TP,CORRECT_MATCH
8708,New_Images,005440.jpg,5440,UNRECOGNIZED,0.2597,0.35,TN,CORRECTLY_REJECTED_UNKNOWN
8709,New_Images,008230.jpg,8230,UNRECOGNIZED,0.2482,0.35,TN,CORRECTLY_REJECTED_UNKNOWN
8710,New_Images,008904.jpg,8904,UNRECOGNIZED,0.2665,0.35,TN,CORRECTLY_REJECTED_UNKNOWN
8711,Real Images,000607.jpg,607,607,1,0.35,TP,CORRECT_MATCH
8712,New_Images,008116.jpg,8116,UNRECOGNIZED,0.2558,0.35,TN,CORRECTLY_REJECTED_UNKNOWN
8713,Real Images,002493.jpg,2493,2493,1,0.35,TP,CORRECT_MATCH
8714,New_Images,006326.jpg,6326,UNRECOGNIZED,0.2625,0.35,TN,CORRECTLY_REJECTED_UNKNOWN
8715,New_Images,006247.jpg,6247,NO_FACE_DETECTED,0,0.35,TN,No Face Detected by SCRFD
8716,New_Images,009428.jpg,9428,UNRECOGNIZED,0.2908,0.35,TN,CORRECTLY_REJECTED_UNKNOWN
8717,New_Images,005214.jpg,5214,UNRECOGNIZED,0.3486,0.35,TN,CORRECTLY_REJECTED_UNKNOWN
8718,Real Images,000716.jpg,716,716,1,0.35,TP,CORRECT_MATCH
8719,New_Images,006731.jpg,6731,NO_FACE_DETECTED,0,0.35,TN,No Face Detected by SCRFD
8720,Real Images,003827.jpg,3827,3827,1,0.35,TP,CORRECT_MATCH
8721,New_Images,006275.jpg,6275,UNRECOGNIZED,0.2056,0.35,TN,CORRECTLY_REJECTED_UNKNOWN
8722,Real Images,003913.jpg,3913,3913,1,0.35,TP,CORRECT_MATCH
8723,Real Images,003091.jpg,3091,3091,1,0.35,TP,CORRECT_MATCH
8724,New_Images,005273.jpg,5273,UNRECOGNIZED,0.2455,0.35,TN,CORRECTLY_REJECTED_UNKNOWN
8725,New_Images,007461.jpg,7461,UNRECOGNIZED,0.2356,0.35,TN,CORRECTLY_REJECTED_UNKNOWN
8726,New_Images,006181.jpg,6181,NO_FACE_DETECTED,0,0.35,TN,No Face Detected by SCRFD
8727,New_Images,005447.jpg,5447,UNRECOGNIZED,0.2816,0.35,TN,CORRECTLY_REJECTED_UNKNOWN
8728,New_Images,005655.jpg,5655,UNRECOGNIZED,0.2828,0.35,TN,CORRECTLY_REJECTED_UNKNOWN
8729,New_Images,007936.jpg,7936,UNRECOGNIZED,0.2105,0.35,TN,CORRECTLY_REJECTED_UNKNOWN
8730,New_Images,007317.jpg,7317,UNRECOGNIZED,0.2076,0.35,TN,CORRECTLY_REJECTED_UNKNOWN
8731,Real Images,002435.jpg,2435,2435,1,0.35,TP,CORRECT_MATCH
8732,New_Images,008023.jpg,8023,UNRECOGNIZED,0.2563,0.35,TN,CORRECTLY_REJECTED_UNKNOWN
8733,Real Images,004892.jpg,4892,4892,1,0.35,TP,CORRECT_MATCH
8734,Real Images,004635.jpg,4635,4635,1,0.35,TP,CORRECT_MATCH
8735,Real Images,000043.jpg,43,43,1,0.35,TP,CORRECT_MATCH
8736,Real Images,004378.jpg,4378,4378,1,0.35,TP,CORRECT_MATCH
8737,New_Images,008319.jpg,8319,UNRECOGNIZED,0.2322,0.35,TN,CORRECTLY_REJECTED_UNKNOWN
8738,New_Images,005569.jpg,5569,NO_FACE_DETECTED,0,0.35,TN,No Face Detected by SCRFD
8739,New_Images,006799.jpg,6799,UNRECOGNIZED,0.2522,0.35,TN,CORRECTLY_REJECTED_UNKNOWN
8740,New_Images,008961.jpg,8961,UNRECOGNIZED,0.2751,0.35,TN,CORRECTLY_REJECTED_UNKNOWN
8741,Real Images,001144.jpg,1144,1144,1,0.35,TP,CORRECT_MATCH
8742,Real Images,002237.jpg,2237,2237,1,0.35,TP,CORRECT_MATCH
8743,New_Images,008328.jpg,8328,NO_FACE_DETECTED,0,0.35,TN,No Face Detected by SCRFD
8744,Real Images,003123.jpg,3123,3123,1,0.35,TP,CORRECT_MATCH
8745,New_Images,006285.jpg,6285,UNRECOGNIZED,0.2383,0.35,TN,CORRECTLY_REJECTED_UNKNOWN
8746,Real Images,002370.jpg,2370,2370,1,0.35,TP,CORRECT_MATCH
8747,New_Images,007484.jpg,7484,UNRECOGNIZED,0.2841,0.35,TN,CORRECTLY_REJECTED_UNKNOWN
8748,Real Images,003994.jpg,3994,3994,1,0.35,TP,CORRECT_MATCH
8749,New_Images,007737.jpg,7737,UNRECOGNIZED,0.2638,0.35,TN,CORRECTLY_REJECTED_UNKNOWN
8750,New_Images,007906.jpg,7906,UNRECOGNIZED,0.2373,0.35,TN,CORRECTLY_REJECTED_UNKNOWN
8751,New_Images,006808.jpg,6808,UNRECOGNIZED,0.2387,0.35,TN,CORRECTLY_REJECTED_UNKNOWN
8752,Real Images,004480.jpg,4480,4480,1,0.35,TP,CORRECT_MATCH
8753,New_Images,008338.jpg,8338,NO_FACE_DETECTED,0,0.35,TN,No Face Detected by SCRFD
8754,Real Images,004782.jpg,4782,4782,1,0.35,TP,CORRECT_MATCH
8755,New_Images,008166.jpg,8166,UNRECOGNIZED,0.2962,0.35,TN,CORRECTLY_REJECTED_UNKNOWN
8756,Real Images,002523.jpg,2523,2523,1,0.35,TP,CORRECT_MATCH
8757,Real Images,001925.jpg,1925,1925,1,0.35,TP,CORRECT_MATCH
8758,New_Images,007561.jpg,7561,UNRECOGNIZED,0.2622,0.35,TN,CORRECTLY_REJECTED_UNKNOWN
8759,Real Images,001859.jpg,1859,1859,1,0.35,TP,CORRECT_MATCH
8760,New_Images,009453.jpg,9453,UNRECOGNIZED,0.3045,0.35,TN,CORRECTLY_REJECTED_UNKNOWN
8761,Real Images,001528.jpg,1528,1528,1,0.35,TP,CORRECT_MATCH
8762,New_Images,006685.jpg,6685,NO_FACE_DETECTED,0,0.35,TN,No Face Detected by SCRFD
8763,Real Images,000225.jpg,225,225,1,0.35,TP,CORRECT_MATCH
8764,New_Images,005092.jpg,5092,UNRECOGNIZED,0.2492,0.35,TN,CORRECTLY_REJECTED_UNKNOWN
8765,Real Images,002595.jpg,2595,2595,1,0.35,TP,CORRECT_MATCH
8766,Real Images,003921.jpg,3921,3921,1,0.35,TP,CORRECT_MATCH
8767,Real Images,000473.jpg,473,473,1,0.35,TP,CORRECT_MATCH
8768,Real Images,001990.jpg,1990,1990,1,0.35,TP,CORRECT_MATCH
8769,New_Images,007942.jpg,7942,NO_FACE_DETECTED,0,0.35,TN,No Face Detected by SCRFD
8770,New_Images,007179.jpg,7179,UNRECOGNIZED,0.2494,0.35,TN,CORRECTLY_REJECTED_UNKNOWN
8771,Real Images,004720.jpg,4720,4720,1,0.35,TP,CORRECT_MATCH
8772,Real Images,002147.jpg,2147,2147,1,0.35,TP,CORRECT_MATCH
8773,Real Images,004376.jpg,4376,4376,1,0.35,TP,CORRECT_MATCH
8774,New_Images,009299.jpg,9299,NO_FACE_DETECTED,0,0.35,TN,No Face Detected by SCRFD
8775,Real Images,000846.jpg,846,846,1,0.35,TP,CORRECT_MATCH
8776,New_Images,007243.jpg,7243,UNRECOGNIZED,0.2393,0.35,TN,CORRECTLY_REJECTED_UNKNOWN
8777,New_Images,008168.jpg,8168,UNRECOGNIZED,0.2666,0.35,TN,CORRECTLY_REJECTED_UNKNOWN
8778,New_Images,005928.jpg,5928,NO_FACE_DETECTED,0,0.35,TN,No Face Detected by SCRFD
8779,New_Images,008495.jpg,8495,UNRECOGNIZED,0.245,0.35,TN,CORRECTLY_REJECTED_UNKNOWN
8780,Real Images,003074.jpg,3074,3074,1,0.35,TP,CORRECT_MATCH
8781,Real Images,000889.jpg,889,889,1,0.35,TP,CORRECT_MATCH
8782,New_Images,006771.jpg,6771,NO_FACE_DETECTED,0,0.35,TN,No Face Detected by SCRFD
8783,New_Images,007570.jpg,7570,UNRECOGNIZED,0.2418,0.35,TN,CORRECTLY_REJECTED_UNKNOWN
8784,Real Images,000019.jpg,19,19,1,0.35,TP,CORRECT_MATCH
8785,New_Images,008432.jpg,8432,UNRECOGNIZED,0.3099,0.35,TN,CORRECTLY_REJECTED_UNKNOWN
8786,New_Images,006623.jpg,6623,UNRECOGNIZED,0.2275,0.35,TN,CORRECTLY_REJECTED_UNKNOWN
8787,Real Images,001900.jpg,1900,1900,1,0.35,TP,CORRECT_MATCH
8788,New_Images,005297.jpg,5297,UNRECOGNIZED,0.2214,0.35,TN,CORRECTLY_REJECTED_UNKNOWN
8789,Real Images,004136.jpg,4136,4136,1,0.35,TP,CORRECT_MATCH
8790,New_Images,005154.jpg,5154,UNRECOGNIZED,0.2773,0.35,TN,CORRECTLY_REJECTED_UNKNOWN
8791,Real Images,001443.jpg,1443,1443,1,0.35,TP,CORRECT_MATCH
8792,New_Images,007452.jpg,7452,UNRECOGNIZED,0.2846,0.35,TN,CORRECTLY_REJECTED_UNKNOWN
8793,Real Images,000602.jpg,602,602,1,0.35,TP,CORRECT_MATCH
8794,New_Images,006562.jpg,6562,UNRECOGNIZED,0.2868,0.35,TN,CORRECTLY_REJECTED_UNKNOWN
8795,Real Images,004723.jpg,4723,4723,1,0.35,TP,CORRECT_MATCH
8796,New_Images,008118.jpg,8118,UNRECOGNIZED,0.2955,0.35,TN,CORRECTLY_REJECTED_UNKNOWN
8797,New_Images,006745.jpg,6745,UNRECOGNIZED,0.2322,0.35,TN,CORRECTLY_REJECTED_UNKNOWN
8798,New_Images,005404.jpg,5404,UNRECOGNIZED,0.2404,0.35,TN,CORRECTLY_REJECTED_UNKNOWN
8799,Real Images,002635.jpg,2635,2635,1,0.35,TP,CORRECT_MATCH
8800,Real Images,001714.jpg,1714,1714,1,0.35,TP,CORRECT_MATCH
8801,New_Images,005261.jpg,5261,UNRECOGNIZED,0.2519,0.35,TN,CORRECTLY_REJECTED_UNKNOWN
8802,New_Images,005461.jpg,5461,UNRECOGNIZED,0.2596,0.35,TN,CORRECTLY_REJECTED_UNKNOWN
8803,New_Images,006691.jpg,6691,UNRECOGNIZED,0.2663,0.35,TN,CORRECTLY_REJECTED_UNKNOWN
8804,New_Images,005701.jpg,5701,UNRECOGNIZED,0.2028,0.35,TN,CORRECTLY_REJECTED_UNKNOWN
8805,New_Images,007701.jpg,7701,NO_FACE_DETECTED,0,0.35,TN,No Face Detected by SCRFD
8806,Real Images,001495.jpg,1495,1495,1,0.35,TP,CORRECT_MATCH
8807,New_Images,008888.jpg,8888,NO_FACE_DETECTED,0,0.35,TN,No Face Detected by SCRFD
8808,New_Images,007142.jpg,7142,UNRECOGNIZED,0.2402,0.35,TN,CORRECTLY_REJECTED_UNKNOWN
8809,Real Images,002974.jpg,2974,2974,1,0.35,TP,CORRECT_MATCH
8810,New_Images,009607.jpg,9607,NO_FACE_DETECTED,0,0.35,TN,No Face Detected by SCRFD
8811,New_Images,007246.jpg,7246,UNRECOGNIZED,0.2751,0.35,TN,CORRECTLY_REJECTED_UNKNOWN
8812,New_Images,008503.jpg,8503,NO_FACE_DETECTED,0,0.35,TN,No Face Detected by SCRFD
8813,New_Images,007709.jpg,7709,UNRECOGNIZED,0.2175,0.35,TN,CORRECTLY_REJECTED_UNKNOWN
8814,Real Images,002871.jpg,2871,2871,1,0.35,TP,CORRECT_MATCH
8815,New_Images,009034.jpg,9034,UNRECOGNIZED,0.2791,0.35,TN,CORRECTLY_REJECTED_UNKNOWN
8816,Real Images,004416.jpg,4416,4416,1,0.35,TP,CORRECT_MATCH
8817,Real Images,000340.jpg,340,340,1,0.35,TP,CORRECT_MATCH
8818,New_Images,009443.jpg,9443,UNRECOGNIZED,0.2378,0.35,TN,CORRECTLY_REJECTED_UNKNOWN
8819,Real Images,001497.jpg,1497,1497,1,0.35,TP,CORRECT_MATCH
8820,Real Images,000424.jpg,424,424,1,0.35,TP,CORRECT_MATCH
8821,Real Images,004103.jpg,4103,4103,1,0.35,TP,CORRECT_MATCH
8822,New_Images,008980.jpg,8980,UNRECOGNIZED,0.2799,0.35,TN,CORRECTLY_REJECTED_UNKNOWN
8823,New_Images,007079.jpg,7079,UNRECOGNIZED,0.2518,0.35,TN,CORRECTLY_REJECTED_UNKNOWN
8824,New_Images,009266.jpg,9266,UNRECOGNIZED,0.2365,0.35,TN,CORRECTLY_REJECTED_UNKNOWN
8825,Real Images,001318.jpg,1318,1318,1,0.35,TP,CORRECT_MATCH
8826,New_Images,007173.jpg,7173,UNRECOGNIZED,0.247,0.35,TN,CORRECTLY_REJECTED_UNKNOWN
8827,New_Images,008091.jpg,8091,UNRECOGNIZED,0.243,0.35,TN,CORRECTLY_REJECTED_UNKNOWN
8828,New_Images,008200.jpg,8200,NO_FACE_DETECTED,0,0.35,TN,No Face Detected by SCRFD
8829,Real Images,004461.jpg,4461,4461,1,0.35,TP,CORRECT_MATCH
8830,New_Images,006595.jpg,6595,UNRECOGNIZED,0.2094,0.35,TN,CORRECTLY_REJECTED_UNKNOWN
8831,Real Images,004983.jpg,4983,4983,1,0.35,TP,CORRECT_MATCH
8832,New_Images,007680.jpg,7680,UNRECOGNIZED,0.2444,0.35,TN,CORRECTLY_REJECTED_UNKNOWN
8833,Real Images,002038.jpg,2038,2038,1,0.35,TP,CORRECT_MATCH
8834,New_Images,007196.jpg,7196,NO_FACE_DETECTED,0,0.35,TN,No Face Detected by SCRFD
8835,Real Images,004729.jpg,4729,4729,1,0.35,TP,CORRECT_MATCH
8836,New_Images,005040.jpg,5040,UNRECOGNIZED,0.2722,0.35,TN,CORRECTLY_REJECTED_UNKNOWN
8837,Real Images,002719.jpg,2719,2719,1,0.35,TP,CORRECT_MATCH
8838,Real Images,000978.jpg,978,978,1,0.35,TP,CORRECT_MATCH
8839,New_Images,009564.jpg,9564,UNRECOGNIZED,0.2839,0.35,TN,CORRECTLY_REJECTED_UNKNOWN
8840,Real Images,002331.jpg,2331,2331,1,0.35,TP,CORRECT_MATCH
8841,Real Images,004353.jpg,4353,4353,1,0.35,TP,CORRECT_MATCH
8842,Real Images,002442.jpg,2442,2442,1,0.35,TP,CORRECT_MATCH
8843,Real Images,003684.jpg,3684,3684,1,0.35,TP,CORRECT_MATCH
8844,Real Images,001881.jpg,1881,1881,1,0.35,TP,CORRECT_MATCH
8845,New_Images,009141.jpg,9141,UNRECOGNIZED,0.2612,0.35,TN,CORRECTLY_REJECTED_UNKNOWN
8846,Real Images,003242.jpg,3242,3242,1,0.35,TP,CORRECT_MATCH
8847,Real Images,004335.jpg,4335,4335,1,0.35,TP,CORRECT_MATCH
8848,Real Images,003825.jpg,3825,3825,1,0.35,TP,CORRECT_MATCH
8849,Real Images,001167.jpg,1167,1167,1,0.35,TP,CORRECT_MATCH
8850,New_Images,007439.jpg,7439,UNRECOGNIZED,0.2923,0.35,TN,CORRECTLY_REJECTED_UNKNOWN
8851,Real Images,004633.jpg,4633,4633,1,0.35,TP,CORRECT_MATCH
8852,Real Images,004721.jpg,4721,4721,1,0.35,TP,CORRECT_MATCH
8853,Real Images,003793.jpg,3793,3793,1,0.35,TP,CORRECT_MATCH
8854,Real Images,000535.jpg,535,535,1,0.35,TP,CORRECT_MATCH
8855,Real Images,004772.jpg,4772,4772,1,0.35,TP,CORRECT_MATCH
8856,New_Images,007700.jpg,7700,NO_FACE_DETECTED,0,0.35,TN,No Face Detected by SCRFD
8857,New_Images,008875.jpg,8875,NO_FACE_DETECTED,0,0.35,TN,No Face Detected by SCRFD
8858,New_Images,006694.jpg,6694,UNRECOGNIZED,0.2627,0.35,TN,CORRECTLY_REJECTED_UNKNOWN
8859,Real Images,000044.jpg,44,44,1,0.35,TP,CORRECT_MATCH
8860,Real Images,002565.jpg,2565,2565,1,0.35,TP,CORRECT_MATCH
8861,Real Images,001230.jpg,1230,1230,1,0.35,TP,CORRECT_MATCH
8862,Real Images,002848.jpg,2848,2848,1,0.35,TP,CORRECT_MATCH
8863,Real Images,003930.jpg,3930,3930,1,0.35,TP,CORRECT_MATCH
8864,Real Images,002574.jpg,2574,2574,1,0.35,TP,CORRECT_MATCH
8865,Real Images,001331.jpg,1331,1331,1,0.35,TP,CORRECT_MATCH
8866,Real Images,004336.jpg,4336,4336,1,0.35,TP,CORRECT_MATCH
8867,Real Images,003458.jpg,3458,3458,1,0.35,TP,CORRECT_MATCH
8868,Real Images,003405.jpg,3405,3405,1,0.35,TP,CORRECT_MATCH
8869,Real Images,001626.jpg,1626,1626,1,0.35,TP,CORRECT_MATCH
8870,Real Images,000987.jpg,987,987,1,0.35,TP,CORRECT_MATCH
8871,New_Images,005004.jpg,5004,UNRECOGNIZED,0.2723,0.35,TN,CORRECTLY_REJECTED_UNKNOWN
8872,New_Images,007026.jpg,7026,NO_FACE_DETECTED,0,0.35,TN,No Face Detected by SCRFD
8873,Real Images,004872.jpg,4872,4872,1,0.35,TP,CORRECT_MATCH
8874,New_Images,007254.jpg,7254,UNRECOGNIZED,0.2774,0.35,TN,CORRECTLY_REJECTED_UNKNOWN
8875,New_Images,007382.jpg,7382,UNRECOGNIZED,0.2249,0.35,TN,CORRECTLY_REJECTED_UNKNOWN
8876,New_Images,009085.jpg,9085,UNRECOGNIZED,0.2214,0.35,TN,CORRECTLY_REJECTED_UNKNOWN
8877,New_Images,008562.jpg,8562,NO_FACE_DETECTED,0,0.35,TN,No Face Detected by SCRFD
8878,Real Images,003698.jpg,3698,3698,1,0.35,TP,CORRECT_MATCH
8879,New_Images,006819.jpg,6819,NO_FACE_DETECTED,0,0.35,TN,No Face Detected by SCRFD
8880,Real Images,001941.jpg,1941,1941,1,0.35,TP,CORRECT_MATCH
8881,Real Images,004067.jpg,4067,4067,1,0.35,TP,CORRECT_MATCH
8882,Real Images,001396.jpg,1396,1396,1,0.35,TP,CORRECT_MATCH
8883,New_Images,009178.jpg,9178,UNRECOGNIZED,0.2595,0.35,TN,CORRECTLY_REJECTED_UNKNOWN
8884,Real Images,002445.jpg,2445,2445,1,0.35,TP,CORRECT_MATCH
8885,Real Images,002486.jpg,2486,2486,1,0.35,TP,CORRECT_MATCH
8886,Real Images,000879.jpg,879,879,1,0.35,TP,CORRECT_MATCH
8887,Real Images,001214.jpg,1214,1214,1,0.35,TP,CORRECT_MATCH
8888,New_Images,008057.jpg,8057,UNRECOGNIZED,0.2422,0.35,TN,CORRECTLY_REJECTED_UNKNOWN
8889,New_Images,006566.jpg,6566,UNRECOGNIZED,0.2784,0.35,TN,CORRECTLY_REJECTED_UNKNOWN
8890,Real Images,001071.jpg,1071,1071,1,0.35,TP,CORRECT_MATCH
8891,Real Images,001870.jpg,1870,1870,1,0.35,TP,CORRECT_MATCH
8892,New_Images,007828.jpg,7828,UNRECOGNIZED,0.2729,0.35,TN,CORRECTLY_REJECTED_UNKNOWN
8893,Real Images,004137.jpg,4137,4137,1,0.35,TP,CORRECT_MATCH
8894,Real Images,000842.jpg,842,842,1,0.35,TP,CORRECT_MATCH
8895,Real Images,003021.jpg,3021,3021,1,0.35,TP,CORRECT_MATCH
8896,New_Images,005583.jpg,5583,UNRECOGNIZED,0.2145,0.35,TN,CORRECTLY_REJECTED_UNKNOWN
8897,New_Images,007217.jpg,7217,NO_FACE_DETECTED,0,0.35,TN,No Face Detected by SCRFD
8898,New_Images,007844.jpg,7844,UNRECOGNIZED,0.2536,0.35,TN,CORRECTLY_REJECTED_UNKNOWN
8899,New_Images,007691.jpg,7691,UNRECOGNIZED,0.2993,0.35,TN,CORRECTLY_REJECTED_UNKNOWN
8900,Real Images,004659.jpg,4659,4659,1,0.35,TP,CORRECT_MATCH
8901,Real Images,000201.jpg,201,201,1,0.35,TP,CORRECT_MATCH
8902,Real Images,001681.jpg,1681,1681,1,0.35,TP,CORRECT_MATCH
8903,New_Images,008043.jpg,8043,NO_FACE_DETECTED,0,0.35,TN,No Face Detected by SCRFD
8904,New_Images,009027.jpg,9027,NO_FACE_DETECTED,0,0.35,TN,No Face Detected by SCRFD
8905,Real Images,004787.jpg,4787,4787,1,0.35,TP,CORRECT_MATCH
8906,Real Images,000894.jpg,894,894,1,0.35,TP,CORRECT_MATCH
8907,Real Images,000746.jpg,746,746,1,0.35,TP,CORRECT_MATCH
8908,Real Images,004495.jpg,4495,4495,1,0.35,TP,CORRECT_MATCH
8909,Real Images,002074.jpg,2074,2074,1,0.35,TP,CORRECT_MATCH
8910,New_Images,009063.jpg,9063,NO_FACE_DETECTED,0,0.35,TN,No Face Detected by SCRFD
8911,Real Images,000232.jpg,232,232,1,0.35,TP,CORRECT_MATCH
8912,Real Images,004953.jpg,4953,4953,1,0.35,TP,CORRECT_MATCH
8913,Real Images,002940.jpg,2940,2940,1,0.35,TP,CORRECT_MATCH
8914,New_Images,005913.jpg,5913,UNRECOGNIZED,0.2724,0.35,TN,CORRECTLY_REJECTED_UNKNOWN
8915,Real Images,003728.jpg,3728,3728,1,0.35,TP,CORRECT_MATCH
8916,Real Images,004854.jpg,4854,4854,1,0.35,TP,CORRECT_MATCH
8917,Real Images,003181.jpg,3181,3181,1,0.35,TP,CORRECT_MATCH
8918,Real Images,001648.jpg,1648,1648,1,0.35,TP,CORRECT_MATCH
8919,Real Images,004637.jpg,4637,4637,1,0.35,TP,CORRECT_MATCH
8920,New_Images,008596.jpg,8596,UNRECOGNIZED,0.2258,0.35,TN,CORRECTLY_REJECTED_UNKNOWN
8921,Real Images,004531.jpg,4531,4531,1,0.35,TP,CORRECT_MATCH
8922,New_Images,007934.jpg,7934,NO_FACE_DETECTED,0,0.35,TN,No Face Detected by SCRFD
8923,Real Images,003546.jpg,3546,3546,1,0.35,TP,CORRECT_MATCH
8924,Real Images,003139.jpg,3139,3139,1,0.35,TP,CORRECT_MATCH
8925,Real Images,003034.jpg,3034,3034,1,0.35,TP,CORRECT_MATCH
8926,New_Images,008780.jpg,8780,UNRECOGNIZED,0.2422,0.35,TN,CORRECTLY_REJECTED_UNKNOWN
8927,Real Images,001959.jpg,1959,1959,1,0.35,TP,CORRECT_MATCH
8928,New_Images,005170.jpg,5170,NO_FACE_DETECTED,0,0.35,TN,No Face Detected by SCRFD
8929,Real Images,003156.jpg,3156,3156,1,0.35,TP,CORRECT_MATCH
8930,Real Images,001977.jpg,1977,1977,1,0.35,TP,CORRECT_MATCH
8931,Real Images,003778.jpg,3778,3778,1,0.35,TP,CORRECT_MATCH
8932,Real Images,004119.jpg,4119,4119,1,0.35,TP,CORRECT_MATCH
8933,New_Images,005024.jpg,5024,UNRECOGNIZED,0.2465,0.35,TN,CORRECTLY_REJECTED_UNKNOWN
8934,Real Images,004439.jpg,4439,4439,1,0.35,TP,CORRECT_MATCH
8935,New_Images,007435.jpg,7435,UNRECOGNIZED,0.2271,0.35,TN,CORRECTLY_REJECTED_UNKNOWN
8936,New_Images,005765.jpg,5765,UNRECOGNIZED,0.2232,0.35,TN,CORRECTLY_REJECTED_UNKNOWN
8937,New_Images,005420.jpg,5420,UNRECOGNIZED,0.225,0.35,TN,CORRECTLY_REJECTED_UNKNOWN
8938,New_Images,006972.jpg,6972,NO_FACE_DETECTED,0,0.35,TN,No Face Detected by SCRFD
8939,New_Images,005633.jpg,5633,NO_FACE_DETECTED,0,0.35,TN,No Face Detected by SCRFD
8940,New_Images,008699.jpg,8699,UNRECOGNIZED,0.2464,0.35,TN,CORRECTLY_REJECTED_UNKNOWN
8941,New_Images,007754.jpg,7754,UNRECOGNIZED,0.2162,0.35,TN,CORRECTLY_REJECTED_UNKNOWN
8942,New_Images,006047.jpg,6047,NO_FACE_DETECTED,0,0.35,TN,No Face Detected by SCRFD
8943,New_Images,005017.jpg,5017,NO_FACE_DETECTED,0,0.35,TN,No Face Detected by SCRFD
8944,Real Images,003987.jpg,3987,3987,1,0.35,TP,CORRECT_MATCH
8945,New_Images,006626.jpg,6626,UNRECOGNIZED,0.3208,0.35,TN,CORRECTLY_REJECTED_UNKNOWN
8946,Real Images,003631.jpg,3631,3631,1,0.35,TP,CORRECT_MATCH
8947,Real Images,004821.jpg,4821,4821,1,0.35,TP,CORRECT_MATCH
8948,Real Images,001525.jpg,1525,1525,1,0.35,TP,CORRECT_MATCH
8949,Real Images,000283.jpg,283,283,1,0.35,TP,CORRECT_MATCH
8950,New_Images,007343.jpg,7343,UNRECOGNIZED,0.3307,0.35,TN,CORRECTLY_REJECTED_UNKNOWN
8951,New_Images,008042.jpg,8042,UNRECOGNIZED,0.2667,0.35,TN,CORRECTLY_REJECTED_UNKNOWN
8952,New_Images,007801.jpg,7801,UNRECOGNIZED,0.2562,0.35,TN,CORRECTLY_REJECTED_UNKNOWN
8953,Real Images,003938.jpg,3938,3938,1,0.35,TP,CORRECT_MATCH
8954,New_Images,009478.jpg,9478,UNRECOGNIZED,0.2402,0.35,TN,CORRECTLY_REJECTED_UNKNOWN
8955,New_Images,009259.jpg,9259,NO_FACE_DETECTED,0,0.35,TN,No Face Detected by SCRFD
8956,Real Images,003955.jpg,3955,3955,1,0.35,TP,CORRECT_MATCH
8957,Real Images,001403.jpg,1403,1403,1,0.35,TP,CORRECT_MATCH
8958,Real Images,003131.jpg,3131,3131,1,0.35,TP,CORRECT_MATCH
8959,New_Images,008465.jpg,8465,NO_FACE_DETECTED,0,0.35,TN,No Face Detected by SCRFD
8960,Real Images,000167.jpg,167,167,1,0.35,TP,CORRECT_MATCH
8961,Real Images,004527.jpg,4527,4527,1,0.35,TP,CORRECT_MATCH
8962,Real Images,004582.jpg,4582,4582,1,0.35,TP,CORRECT_MATCH
8963,New_Images,005577.jpg,5577,NO_FACE_DETECTED,0,0.35,TN,No Face Detected by SCRFD
8964,Real Images,004233.jpg,4233,4233,1,0.35,TP,CORRECT_MATCH
8965,New_Images,005814.jpg,5814,922,0.3557,0.35,FP,MISIDENTIFIED_AS_000922
8966,Real Images,003476.jpg,3476,3476,1,0.35,TP,CORRECT_MATCH
8967,New_Images,007989.jpg,7989,NO_FACE_DETECTED,0,0.35,TN,No Face Detected by SCRFD
8968,Real Images,002980.jpg,2980,2980,1,0.35,TP,CORRECT_MATCH
8969,New_Images,005326.jpg,5326,UNRECOGNIZED,0.2603,0.35,TN,CORRECTLY_REJECTED_UNKNOWN
8970,New_Images,008099.jpg,8099,NO_FACE_DETECTED,0,0.35,TN,No Face Detected by SCRFD
8971,Real Images,000471.jpg,471,471,1,0.35,TP,CORRECT_MATCH
8972,New_Images,005512.jpg,5512,UNRECOGNIZED,0.298,0.35,TN,CORRECTLY_REJECTED_UNKNOWN
8973,New_Images,009384.jpg,9384,UNRECOGNIZED,0.2935,0.35,TN,CORRECTLY_REJECTED_UNKNOWN
8974,New_Images,007614.jpg,7614,UNRECOGNIZED,0.2508,0.35,TN,CORRECTLY_REJECTED_UNKNOWN
8975,Real Images,003996.jpg,3996,3996,1,0.35,TP,CORRECT_MATCH
8976,New_Images,007386.jpg,7386,UNRECOGNIZED,0.3325,0.35,TN,CORRECTLY_REJECTED_UNKNOWN
8977,Real Images,004570.jpg,4570,4570,1,0.35,TP,CORRECT_MATCH
8978,Real Images,001420.jpg,1420,1420,1,0.35,TP,CORRECT_MATCH
8979,Real Images,004023.jpg,4023,4023,1,0.35,TP,CORRECT_MATCH
8980,New_Images,005281.jpg,5281,UNRECOGNIZED,0.2225,0.35,TN,CORRECTLY_REJECTED_UNKNOWN
8981,Real Images,004398.jpg,4398,4398,1,0.35,TP,CORRECT_MATCH
8982,New_Images,007137.jpg,7137,UNRECOGNIZED,0.2147,0.35,TN,CORRECTLY_REJECTED_UNKNOWN
8983,New_Images,007617.jpg,7617,NO_FACE_DETECTED,0,0.35,TN,No Face Detected by SCRFD
8984,New_Images,007922.jpg,7922,NO_FACE_DETECTED,0,0.35,TN,No Face Detected by SCRFD
8985,New_Images,008818.jpg,8818,NO_FACE_DETECTED,0,0.35,TN,No Face Detected by SCRFD
8986,Real Images,004426.jpg,4426,4426,1,0.35,TP,CORRECT_MATCH
8987,New_Images,008549.jpg,8549,NO_FACE_DETECTED,0,0.35,TN,No Face Detected by SCRFD
8988,Real Images,002886.jpg,2886,2886,1,0.35,TP,CORRECT_MATCH
8989,New_Images,007136.jpg,7136,NO_FACE_DETECTED,0,0.35,TN,No Face Detected by SCRFD
8990,Real Images,002507.jpg,2507,2507,1,0.35,TP,CORRECT_MATCH
8991,New_Images,007533.jpg,7533,UNRECOGNIZED,0.2259,0.35,TN,CORRECTLY_REJECTED_UNKNOWN
8992,New_Images,005935.jpg,5935,NO_FACE_DETECTED,0,0.35,TN,No Face Detected by SCRFD
8993,New_Images,007103.jpg,7103,UNRECOGNIZED,0.2824,0.35,TN,CORRECTLY_REJECTED_UNKNOWN
8994,Real Images,001730.jpg,1730,1730,1,0.35,TP,CORRECT_MATCH
8995,New_Images,008032.jpg,8032,NO_FACE_DETECTED,0,0.35,TN,No Face Detected by SCRFD
8996,New_Images,006883.jpg,6883,UNRECOGNIZED,0.2578,0.35,TN,CORRECTLY_REJECTED_UNKNOWN
8997,Real Images,000208.jpg,208,208,1,0.35,TP,CORRECT_MATCH
8998,New_Images,005591.jpg,5591,UNRECOGNIZED,0.2423,0.35,TN,CORRECTLY_REJECTED_UNKNOWN
8999,New_Images,008290.jpg,8290,UNRECOGNIZED,0.2478,0.35,TN,CORRECTLY_REJECTED_UNKNOWN
9000,Real Images,001130.jpg,1130,1130,1,0.35,TP,CORRECT_MATCH
9001,New_Images,006072.jpg,6072,NO_FACE_DETECTED,0,0.35,TN,No Face Detected by SCRFD
9002,New_Images,007019.jpg,7019,NO_FACE_DETECTED,0,0.35,TN,No Face Detected by SCRFD
9003,New_Images,008729.jpg,8729,UNRECOGNIZED,0.2262,0.35,TN,CORRECTLY_REJECTED_UNKNOWN
9004,New_Images,005689.jpg,5689,UNRECOGNIZED,0.2752,0.35,TN,CORRECTLY_REJECTED_UNKNOWN
9005,Real Images,000673.jpg,673,673,1,0.35,TP,CORRECT_MATCH
9006,Real Images,001984.jpg,1984,1984,1,0.35,TP,CORRECT_MATCH
9007,Real Images,004942.jpg,4942,4942,1,0.35,TP,CORRECT_MATCH
9008,Real Images,001670.jpg,1670,1670,1,0.35,TP,CORRECT_MATCH
9009,Real Images,003979.jpg,3979,3979,1,0.35,TP,CORRECT_MATCH
9010,Real Images,001246.jpg,1246,1246,1,0.35,TP,CORRECT_MATCH
9011,Real Images,003250.jpg,3250,3250,1,0.35,TP,CORRECT_MATCH
9012,New_Images,006499.jpg,6499,UNRECOGNIZED,0.2822,0.35,TN,CORRECTLY_REJECTED_UNKNOWN
9013,New_Images,006150.jpg,6150,UNRECOGNIZED,0.2387,0.35,TN,CORRECTLY_REJECTED_UNKNOWN
9014,New_Images,005112.jpg,5112,NO_FACE_DETECTED,0,0.35,TN,No Face Detected by SCRFD
9015,Real Images,000421.jpg,421,421,1,0.35,TP,CORRECT_MATCH
9016,New_Images,009246.jpg,9246,NO_FACE_DETECTED,0,0.35,TN,No Face Detected by SCRFD
9017,New_Images,005097.jpg,5097,UNRECOGNIZED,0.2532,0.35,TN,CORRECTLY_REJECTED_UNKNOWN
9018,Real Images,002684.jpg,2684,2684,1,0.35,TP,CORRECT_MATCH
9019,New_Images,009511.jpg,9511,NO_FACE_DETECTED,0,0.35,TN,No Face Detected by SCRFD
9020,Real Images,002750.jpg,2750,2750,1,0.35,TP,CORRECT_MATCH
9021,New_Images,006044.jpg,6044,NO_FACE_DETECTED,0,0.35,TN,No Face Detected by SCRFD
9022,Real Images,004199.jpg,4199,4199,1,0.35,TP,CORRECT_MATCH
9023,New_Images,007620.jpg,7620,UNRECOGNIZED,0.2592,0.35,TN,CORRECTLY_REJECTED_UNKNOWN
9024,Real Images,003572.jpg,3572,3572,1,0.35,TP,CORRECT_MATCH
9025,Real Images,001875.jpg,1875,1875,1,0.35,TP,CORRECT_MATCH
9026,New_Images,007759.jpg,7759,NO_FACE_DETECTED,0,0.35,TN,No Face Detected by SCRFD
9027,Real Images,002069.jpg,2069,2069,1,0.35,TP,CORRECT_MATCH
9028,Real Images,003909.jpg,3909,3909,1,0.35,TP,CORRECT_MATCH
9029,Real Images,002497.jpg,2497,2497,1,0.35,TP,CORRECT_MATCH
9030,Real Images,000334.jpg,334,334,1,0.35,TP,CORRECT_MATCH
9031,Real Images,003267.jpg,3267,3267,1,0.35,TP,CORRECT_MATCH
9032,Real Images,004052.jpg,4052,4052,1,0.35,TP,CORRECT_MATCH
9033,Real Images,000509.jpg,509,509,1,0.35,TP,CORRECT_MATCH
9034,Real Images,000660.jpg,660,660,1,0.35,TP,CORRECT_MATCH
9035,Real Images,001125.jpg,1125,1125,1,0.35,TP,CORRECT_MATCH
9036,Real Images,003674.jpg,3674,3674,1,0.35,TP,CORRECT_MATCH
9037,New_Images,005734.jpg,5734,UNRECOGNIZED,0.2628,0.35,TN,CORRECTLY_REJECTED_UNKNOWN
9038,Real Images,000854.jpg,854,854,1,0.35,TP,CORRECT_MATCH
9039,New_Images,009490.jpg,9490,UNRECOGNIZED,0.2412,0.35,TN,CORRECTLY_REJECTED_UNKNOWN
9040,Real Images,000318.jpg,318,318,1,0.35,TP,CORRECT_MATCH
9041,New_Images,007706.jpg,7706,NO_FACE_DETECTED,0,0.35,TN,No Face Detected by SCRFD
9042,Real Images,001342.jpg,1342,1342,1,0.35,TP,CORRECT_MATCH
9043,Real Images,004134.jpg,4134,4134,1,0.35,TP,CORRECT_MATCH
9044,New_Images,006907.jpg,6907,NO_FACE_DETECTED,0,0.35,TN,No Face Detected by SCRFD
9045,Real Images,004559.jpg,4559,4559,1,0.35,TP,CORRECT_MATCH
9046,New_Images,009052.jpg,9052,UNRECOGNIZED,0.2521,0.35,TN,CORRECTLY_REJECTED_UNKNOWN
9047,New_Images,005530.jpg,5530,NO_FACE_DETECTED,0,0.35,TN,No Face Detected by SCRFD
9048,New_Images,005356.jpg,5356,NO_FACE_DETECTED,0,0.35,TN,No Face Detected by SCRFD
9049,New_Images,007450.jpg,7450,UNRECOGNIZED,0.2695,0.35,TN,CORRECTLY_REJECTED_UNKNOWN
9050,Real Images,003468.jpg,3468,3468,1,0.35,TP,CORRECT_MATCH
9051,New_Images,005364.jpg,5364,NO_FACE_DETECTED,0,0.35,TN,No Face Detected by SCRFD
9052,New_Images,009184.jpg,9184,UNRECOGNIZED,0.2205,0.35,TN,CORRECTLY_REJECTED_UNKNOWN
9053,Real Images,004263.jpg,4263,4263,1,0.35,TP,CORRECT_MATCH
9054,Real Images,000824.jpg,824,824,1,0.35,TP,CORRECT_MATCH
9055,Real Images,002978.jpg,2978,2978,1,0.35,TP,CORRECT_MATCH
9056,New_Images,007565.jpg,7565,UNRECOGNIZED,0.2118,0.35,TN,CORRECTLY_REJECTED_UNKNOWN
9057,Real Images,002224.jpg,2224,2224,1,0.35,TP,CORRECT_MATCH
9058,New_Images,007023.jpg,7023,NO_FACE_DETECTED,0,0.35,TN,No Face Detected by SCRFD
9059,Real Images,001376.jpg,1376,1376,1,0.35,TP,CORRECT_MATCH
9060,Real Images,000445.jpg,445,445,1,0.35,TP,CORRECT_MATCH
9061,New_Images,006456.jpg,6456,UNRECOGNIZED,0.2572,0.35,TN,CORRECTLY_REJECTED_UNKNOWN
9062,Real Images,000442.jpg,442,442,1,0.35,TP,CORRECT_MATCH
9063,New_Images,009562.jpg,9562,UNRECOGNIZED,0.2495,0.35,TN,CORRECTLY_REJECTED_UNKNOWN
9064,Real Images,002092.jpg,2092,2092,1,0.35,TP,CORRECT_MATCH
9065,New_Images,007658.jpg,7658,NO_FACE_DETECTED,0,0.35,TN,No Face Detected by SCRFD
9066,Real Images,002705.jpg,2705,2705,1,0.35,TP,CORRECT_MATCH
9067,New_Images,006625.jpg,6625,UNRECOGNIZED,0.2586,0.35,TN,CORRECTLY_REJECTED_UNKNOWN
9068,New_Images,005508.jpg,5508,NO_FACE_DETECTED,0,0.35,TN,No Face Detected by SCRFD
9069,New_Images,006372.jpg,6372,UNRECOGNIZED,0.286,0.35,TN,CORRECTLY_REJECTED_UNKNOWN
9070,Real Images,000476.jpg,476,476,1,0.35,TP,CORRECT_MATCH
9071,New_Images,009390.jpg,9390,UNRECOGNIZED,0.3044,0.35,TN,CORRECTLY_REJECTED_UNKNOWN
9072,New_Images,007141.jpg,7141,UNRECOGNIZED,0.2809,0.35,TN,CORRECTLY_REJECTED_UNKNOWN
9073,Real Images,004472.jpg,4472,4472,1,0.35,TP,CORRECT_MATCH
9074,Real Images,003596.jpg,3596,3596,1,0.35,TP,CORRECT_MATCH
9075,New_Images,008000.jpg,8000,UNRECOGNIZED,0.2583,0.35,TN,CORRECTLY_REJECTED_UNKNOWN
9076,Real Images,003614.jpg,3614,3614,1,0.35,TP,CORRECT_MATCH
9077,New_Images,008948.jpg,8948,UNRECOGNIZED,0.3494,0.35,TN,CORRECTLY_REJECTED_UNKNOWN
9078,New_Images,008819.jpg,8819,UNRECOGNIZED,0.2414,0.35,TN,CORRECTLY_REJECTED_UNKNOWN
9079,New_Images,006866.jpg,6866,UNRECOGNIZED,0.2408,0.35,TN,CORRECTLY_REJECTED_UNKNOWN
9080,New_Images,006390.jpg,6390,NO_FACE_DETECTED,0,0.35,TN,No Face Detected by SCRFD
9081,Real Images,004893.jpg,4893,4893,1,0.35,TP,CORRECT_MATCH
9082,New_Images,005764.jpg,5764,UNRECOGNIZED,0.2554,0.35,TN,CORRECTLY_REJECTED_UNKNOWN
9083,Real Images,000097.jpg,97,97,1,0.35,TP,CORRECT_MATCH
9084,New_Images,007815.jpg,7815,NO_FACE_DETECTED,0,0.35,TN,No Face Detected by SCRFD
9085,New_Images,006233.jpg,6233,UNRECOGNIZED,0.241,0.35,TN,CORRECTLY_REJECTED_UNKNOWN
9086,Real Images,000321.jpg,321,321,1,0.35,TP,CORRECT_MATCH
9087,New_Images,006382.jpg,6382,UNRECOGNIZED,0.2699,0.35,TN,CORRECTLY_REJECTED_UNKNOWN
9088,New_Images,006884.jpg,6884,UNRECOGNIZED,0.2925,0.35,TN,CORRECTLY_REJECTED_UNKNOWN
9089,Real Images,003389.jpg,3389,3389,1,0.35,TP,CORRECT_MATCH
9090,Real Images,001021.jpg,1021,1021,1,0.35,TP,CORRECT_MATCH
9091,New_Images,006813.jpg,6813,UNRECOGNIZED,0.2365,0.35,TN,CORRECTLY_REJECTED_UNKNOWN
9092,New_Images,007634.jpg,7634,UNRECOGNIZED,0.277,0.35,TN,CORRECTLY_REJECTED_UNKNOWN
9093,New_Images,008891.jpg,8891,UNRECOGNIZED,0.3085,0.35,TN,CORRECTLY_REJECTED_UNKNOWN
9094,New_Images,005422.jpg,5422,NO_FACE_DETECTED,0,0.35,TN,No Face Detected by SCRFD
9095,New_Images,006679.jpg,6679,UNRECOGNIZED,0.2614,0.35,TN,CORRECTLY_REJECTED_UNKNOWN
9096,New_Images,006798.jpg,6798,UNRECOGNIZED,0.2555,0.35,TN,CORRECTLY_REJECTED_UNKNOWN
9097,Real Images,001053.jpg,1053,1053,1,0.35,TP,CORRECT_MATCH
9098,Real Images,003506.jpg,3506,3506,1,0.35,TP,CORRECT_MATCH
9099,Real Images,002504.jpg,2504,2504,1,0.35,TP,CORRECT_MATCH
9100,New_Images,006276.jpg,6276,UNRECOGNIZED,0.2565,0.35,TN,CORRECTLY_REJECTED_UNKNOWN
9101,Real Images,003789.jpg,3789,3789,1,0.35,TP,CORRECT_MATCH
9102,Real Images,002472.jpg,2472,2472,1,0.35,TP,CORRECT_MATCH
9103,Real Images,002268.jpg,2268,2268,1,0.35,TP,CORRECT_MATCH
9104,Real Images,001321.jpg,1321,1321,1,0.35,TP,CORRECT_MATCH
9105,New_Images,008850.jpg,8850,UNRECOGNIZED,0.2431,0.35,TN,CORRECTLY_REJECTED_UNKNOWN
9106,New_Images,005239.jpg,5239,UNRECOGNIZED,0.2489,0.35,TN,CORRECTLY_REJECTED_UNKNOWN
9107,New_Images,005503.jpg,5503,UNRECOGNIZED,0.211,0.35,TN,CORRECTLY_REJECTED_UNKNOWN
9108,Real Images,004452.jpg,4452,4452,1,0.35,TP,CORRECT_MATCH
9109,Real Images,003842.jpg,3842,3842,1,0.35,TP,CORRECT_MATCH
9110,Real Images,004682.jpg,4682,4682,1,0.35,TP,CORRECT_MATCH
9111,Real Images,001270.jpg,1270,1270,1,0.35,TP,CORRECT_MATCH
9112,New_Images,007207.jpg,7207,UNRECOGNIZED,0.2585,0.35,TN,CORRECTLY_REJECTED_UNKNOWN
9113,Real Images,004500.jpg,4500,4500,1,0.35,TP,CORRECT_MATCH
9114,Real Images,003920.jpg,3920,3920,1,0.35,TP,CORRECT_MATCH
9115,New_Images,007940.jpg,7940,NO_FACE_DETECTED,0,0.35,TN,No Face Detected by SCRFD
9116,New_Images,008541.jpg,8541,NO_FACE_DETECTED,0,0.35,TN,No Face Detected by SCRFD
9117,Real Images,004544.jpg,4544,4544,1,0.35,TP,CORRECT_MATCH
9118,Real Images,004051.jpg,4051,4051,1,0.35,TP,CORRECT_MATCH
9119,Real Images,004247.jpg,4247,4247,1,0.35,TP,CORRECT_MATCH
9120,New_Images,007374.jpg,7374,UNRECOGNIZED,0.2575,0.35,TN,CORRECTLY_REJECTED_UNKNOWN
9121,New_Images,007778.jpg,7778,UNRECOGNIZED,0.2222,0.35,TN,CORRECTLY_REJECTED_UNKNOWN
9122,Real Images,002608.jpg,2608,2608,1,0.35,TP,CORRECT_MATCH
9123,New_Images,007306.jpg,7306,NO_FACE_DETECTED,0,0.35,TN,No Face Detected by SCRFD
9124,New_Images,008977.jpg,8977,UNRECOGNIZED,0.2455,0.35,TN,CORRECTLY_REJECTED_UNKNOWN
9125,New_Images,006992.jpg,6992,UNRECOGNIZED,0.2658,0.35,TN,CORRECTLY_REJECTED_UNKNOWN
9126,New_Images,008271.jpg,8271,UNRECOGNIZED,0.3036,0.35,TN,CORRECTLY_REJECTED_UNKNOWN
9127,New_Images,007252.jpg,7252,NO_FACE_DETECTED,0,0.35,TN,No Face Detected by SCRFD
9128,New_Images,005199.jpg,5199,UNRECOGNIZED,0.2405,0.35,TN,CORRECTLY_REJECTED_UNKNOWN
9129,New_Images,008703.jpg,8703,NO_FACE_DETECTED,0,0.35,TN,No Face Detected by SCRFD
9130,New_Images,007613.jpg,7613,NO_FACE_DETECTED,0,0.35,TN,No Face Detected by SCRFD
9131,Real Images,002185.jpg,2185,2185,1,0.35,TP,CORRECT_MATCH
9132,New_Images,007479.jpg,7479,UNRECOGNIZED,0.3163,0.35,TN,CORRECTLY_REJECTED_UNKNOWN
9133,Real Images,001989.jpg,1989,1989,1,0.35,TP,CORRECT_MATCH
9134,Real Images,004083.jpg,4083,4083,1,0.35,TP,CORRECT_MATCH
9135,New_Images,009133.jpg,9133,UNRECOGNIZED,0.2529,0.35,TN,CORRECTLY_REJECTED_UNKNOWN
9136,Real Images,000823.jpg,823,823,1,0.35,TP,CORRECT_MATCH
9137,New_Images,007612.jpg,7612,UNRECOGNIZED,0.2225,0.35,TN,CORRECTLY_REJECTED_UNKNOWN
9138,New_Images,008487.jpg,8487,UNRECOGNIZED,0.3258,0.35,TN,CORRECTLY_REJECTED_UNKNOWN
9139,Real Images,002882.jpg,2882,2882,1,0.35,TP,CORRECT_MATCH
9140,Real Images,003586.jpg,3586,3586,1,0.35,TP,CORRECT_MATCH
9141,New_Images,006966.jpg,6966,UNRECOGNIZED,0.2125,0.35,TN,CORRECTLY_REJECTED_UNKNOWN
9142,Real Images,001747.jpg,1747,1747,1,0.35,TP,CORRECT_MATCH
9143,Real Images,000091.jpg,91,91,1,0.35,TP,CORRECT_MATCH
9144,Real Images,002418.jpg,2418,2418,1,0.35,TP,CORRECT_MATCH
9145,Real Images,003998.jpg,3998,3998,1,0.35,TP,CORRECT_MATCH
9146,New_Images,006548.jpg,6548,UNRECOGNIZED,0.2667,0.35,TN,CORRECTLY_REJECTED_UNKNOWN
9147,New_Images,008100.jpg,8100,UNRECOGNIZED,0.2757,0.35,TN,CORRECTLY_REJECTED_UNKNOWN
9148,New_Images,006292.jpg,6292,2581,0.4149,0.35,FP,MISIDENTIFIED_AS_002581
9149,Real Images,003186.jpg,3186,3186,1,0.35,TP,CORRECT_MATCH
9150,New_Images,006791.jpg,6791,UNRECOGNIZED,0.2563,0.35,TN,CORRECTLY_REJECTED_UNKNOWN
9151,New_Images,007462.jpg,7462,NO_FACE_DETECTED,0,0.35,TN,No Face Detected by SCRFD
9152,Real Images,001194.jpg,1194,1194,1,0.35,TP,CORRECT_MATCH
9153,New_Images,007785.jpg,7785,UNRECOGNIZED,0.2429,0.35,TN,CORRECTLY_REJECTED_UNKNOWN
9154,Real Images,004012.jpg,4012,4012,1,0.35,TP,CORRECT_MATCH
9155,Real Images,000758.jpg,758,758,1,0.35,TP,CORRECT_MATCH
9156,Real Images,000401.jpg,401,401,1,0.35,TP,CORRECT_MATCH
9157,Real Images,002415.jpg,2415,2415,1,0.35,TP,CORRECT_MATCH
9158,Real Images,003263.jpg,3263,3263,1,0.35,TP,CORRECT_MATCH
9159,Real Images,003681.jpg,3681,3681,1,0.35,TP,CORRECT_MATCH
9160,New_Images,005086.jpg,5086,UNRECOGNIZED,0.2495,0.35,TN,CORRECTLY_REJECTED_UNKNOWN
9161,Real Images,003849.jpg,3849,3849,1,0.35,TP,CORRECT_MATCH
9162,Real Images,001531.jpg,1531,1531,1,0.35,TP,CORRECT_MATCH
9163,New_Images,005492.jpg,5492,UNRECOGNIZED,0.2368,0.35,TN,CORRECTLY_REJECTED_UNKNOWN
9164,New_Images,008446.jpg,8446,UNRECOGNIZED,0.2789,0.35,TN,CORRECTLY_REJECTED_UNKNOWN
9165,Real Images,004650.jpg,4650,4650,1,0.35,TP,CORRECT_MATCH
9166,Real Images,001390.jpg,1390,1390,1,0.35,TP,CORRECT_MATCH
9167,Real Images,002781.jpg,2781,2781,1,0.35,TP,CORRECT_MATCH
9168,New_Images,007753.jpg,7753,UNRECOGNIZED,0.2311,0.35,TN,CORRECTLY_REJECTED_UNKNOWN
9169,New_Images,008376.jpg,8376,1639,0.386,0.35,FP,MISIDENTIFIED_AS_001639
9170,Real Images,003502.jpg,3502,3502,1,0.35,TP,CORRECT_MATCH
9171,New_Images,007245.jpg,7245,NO_FACE_DETECTED,0,0.35,TN,No Face Detected by SCRFD
9172,New_Images,007239.jpg,7239,UNRECOGNIZED,0.2663,0.35,TN,CORRECTLY_REJECTED_UNKNOWN
9173,New_Images,007619.jpg,7619,UNRECOGNIZED,0.2225,0.35,TN,CORRECTLY_REJECTED_UNKNOWN
9174,New_Images,005280.jpg,5280,UNRECOGNIZED,0.2675,0.35,TN,CORRECTLY_REJECTED_UNKNOWN
9175,New_Images,007044.jpg,7044,UNRECOGNIZED,0.2465,0.35,TN,CORRECTLY_REJECTED_UNKNOWN
9176,Real Images,003444.jpg,3444,3444,1,0.35,TP,CORRECT_MATCH
9177,Real Images,004701.jpg,4701,4701,1,0.35,TP,CORRECT_MATCH
9178,Real Images,004979.jpg,4979,4979,1,0.35,TP,CORRECT_MATCH
9179,Real Images,000007.jpg,7,7,1,0.35,TP,CORRECT_MATCH
9180,New_Images,008978.jpg,8978,UNRECOGNIZED,0.2665,0.35,TN,CORRECTLY_REJECTED_UNKNOWN
9181,New_Images,006654.jpg,6654,UNRECOGNIZED,0.2583,0.35,TN,CORRECTLY_REJECTED_UNKNOWN
9182,Real Images,004931.jpg,4931,4931,1,0.35,TP,CORRECT_MATCH
9183,Real Images,002852.jpg,2852,2852,1,0.35,TP,CORRECT_MATCH
9184,New_Images,006212.jpg,6212,UNRECOGNIZED,0.2722,0.35,TN,CORRECTLY_REJECTED_UNKNOWN
9185,New_Images,006889.jpg,6889,UNRECOGNIZED,0.2422,0.35,TN,CORRECTLY_REJECTED_UNKNOWN
9186,Real Images,003144.jpg,3144,3144,1,0.35,TP,CORRECT_MATCH
9187,Real Images,002086.jpg,2086,2086,1,0.35,TP,CORRECT_MATCH
9188,New_Images,009084.jpg,9084,UNRECOGNIZED,0.2808,0.35,TN,CORRECTLY_REJECTED_UNKNOWN
9189,Real Images,004845.jpg,4845,4845,1,0.35,TP,CORRECT_MATCH
9190,New_Images,006593.jpg,6593,NO_FACE_DETECTED,0,0.35,TN,No Face Detected by SCRFD
9191,New_Images,005345.jpg,5345,UNRECOGNIZED,0.2462,0.35,TN,CORRECTLY_REJECTED_UNKNOWN
9192,New_Images,006692.jpg,6692,NO_FACE_DETECTED,0,0.35,TN,No Face Detected by SCRFD
9193,New_Images,005068.jpg,5068,UNRECOGNIZED,0.3115,0.35,TN,CORRECTLY_REJECTED_UNKNOWN
9194,New_Images,008309.jpg,8309,NO_FACE_DETECTED,0,0.35,TN,No Face Detected by SCRFD
9195,Real Images,004921.jpg,4921,4921,1,0.35,TP,CORRECT_MATCH
9196,Real Images,002042.jpg,2042,2042,1,0.35,TP,CORRECT_MATCH
9197,New_Images,005144.jpg,5144,UNRECOGNIZED,0.2404,0.35,TN,CORRECTLY_REJECTED_UNKNOWN
9198,New_Images,005410.jpg,5410,UNRECOGNIZED,0.2277,0.35,TN,CORRECTLY_REJECTED_UNKNOWN
9199,Real Images,001147.jpg,1147,1147,1,0.35,TP,CORRECT_MATCH
9200,New_Images,007067.jpg,7067,NO_FACE_DETECTED,0,0.35,TN,No Face Detected by SCRFD
9201,New_Images,005968.jpg,5968,UNRECOGNIZED,0.2464,0.35,TN,CORRECTLY_REJECTED_UNKNOWN
9202,Real Images,003229.jpg,3229,3229,1,0.35,TP,CORRECT_MATCH
9203,New_Images,008822.jpg,8822,UNRECOGNIZED,0.2311,0.35,TN,CORRECTLY_REJECTED_UNKNOWN
9204,New_Images,008519.jpg,8519,UNRECOGNIZED,0.25,0.35,TN,CORRECTLY_REJECTED_UNKNOWN
9205,Real Images,000028.jpg,28,28,1,0.35,TP,CORRECT_MATCH
9206,New_Images,007145.jpg,7145,UNRECOGNIZED,0.2685,0.35,TN,CORRECTLY_REJECTED_UNKNOWN
9207,Real Images,000728.jpg,728,728,1,0.35,TP,CORRECT_MATCH
9208,Real Images,004174.jpg,4174,4174,1,0.35,TP,CORRECT_MATCH
9209,Real Images,003115.jpg,3115,3115,1,0.35,TP,CORRECT_MATCH
9210,New_Images,006312.jpg,6312,UNRECOGNIZED,0.2439,0.35,TN,CORRECTLY_REJECTED_UNKNOWN
9211,Real Images,001895.jpg,1895,1895,1,0.35,TP,CORRECT_MATCH
9212,New_Images,008380.jpg,8380,UNRECOGNIZED,0.2121,0.35,TN,CORRECTLY_REJECTED_UNKNOWN
9213,New_Images,007150.jpg,7150,NO_FACE_DETECTED,0,0.35,TN,No Face Detected by SCRFD
9214,New_Images,005140.jpg,5140,UNRECOGNIZED,0.2678,0.35,TN,CORRECTLY_REJECTED_UNKNOWN
9215,New_Images,005664.jpg,5664,UNRECOGNIZED,0.2181,0.35,TN,CORRECTLY_REJECTED_UNKNOWN
9216,New_Images,007120.jpg,7120,NO_FACE_DETECTED,0,0.35,TN,No Face Detected by SCRFD
9217,Real Images,001777.jpg,1777,1777,1,0.35,TP,CORRECT_MATCH
9218,Real Images,000627.jpg,627,627,1,0.35,TP,CORRECT_MATCH
9219,Real Images,004350.jpg,4350,4350,1,0.35,TP,CORRECT_MATCH
9220,Real Images,002926.jpg,2926,2926,1,0.35,TP,CORRECT_MATCH
9221,Real Images,004280.jpg,4280,4280,1,0.35,TP,CORRECT_MATCH
9222,Real Images,001890.jpg,1890,1890,1,0.35,TP,CORRECT_MATCH
9223,Real Images,000453.jpg,453,453,1,0.35,TP,CORRECT_MATCH
9224,New_Images,005426.jpg,5426,UNRECOGNIZED,0.2272,0.35,TN,CORRECTLY_REJECTED_UNKNOWN
9225,New_Images,009589.jpg,9589,UNRECOGNIZED,0.2675,0.35,TN,CORRECTLY_REJECTED_UNKNOWN
9226,New_Images,006549.jpg,6549,UNRECOGNIZED,0.2756,0.35,TN,CORRECTLY_REJECTED_UNKNOWN
9227,New_Images,008347.jpg,8347,NO_FACE_DETECTED,0,0.35,TN,No Face Detected by SCRFD
9228,New_Images,005754.jpg,5754,UNRECOGNIZED,0.2298,0.35,TN,CORRECTLY_REJECTED_UNKNOWN
9229,Real Images,004574.jpg,4574,4574,1,0.35,TP,CORRECT_MATCH
9230,Real Images,001138.jpg,1138,1138,1,0.35,TP,CORRECT_MATCH
9231,Real Images,004565.jpg,4565,4565,1,0.35,TP,CORRECT_MATCH
9232,New_Images,005379.jpg,5379,UNRECOGNIZED,0.2187,0.35,TN,CORRECTLY_REJECTED_UNKNOWN
9233,New_Images,006529.jpg,6529,UNRECOGNIZED,0.2394,0.35,TN,CORRECTLY_REJECTED_UNKNOWN
9234,Real Images,003165.jpg,3165,3165,1,0.35,TP,CORRECT_MATCH
9235,Real Images,000388.jpg,388,388,1,0.35,TP,CORRECT_MATCH
9236,Real Images,003653.jpg,3653,3653,1,0.35,TP,CORRECT_MATCH
9237,Real Images,003729.jpg,3729,3729,1,0.35,TP,CORRECT_MATCH
9238,New_Images,005001.jpg,5001,UNRECOGNIZED,0.2763,0.35,TN,CORRECTLY_REJECTED_UNKNOWN
9239,New_Images,005729.jpg,5729,UNRECOGNIZED,0.2426,0.35,TN,CORRECTLY_REJECTED_UNKNOWN
9240,New_Images,007542.jpg,7542,UNRECOGNIZED,0.2151,0.35,TN,CORRECTLY_REJECTED_UNKNOWN
9241,Real Images,003270.jpg,3270,3270,1,0.35,TP,CORRECT_MATCH
9242,Real Images,003645.jpg,3645,3645,1,0.35,TP,CORRECT_MATCH
9243,New_Images,007712.jpg,7712,UNRECOGNIZED,0.2416,0.35,TN,CORRECTLY_REJECTED_UNKNOWN
9244,Real Images,000635.jpg,635,635,1,0.35,TP,CORRECT_MATCH
9245,New_Images,006268.jpg,6268,UNRECOGNIZED,0.2462,0.35,TN,CORRECTLY_REJECTED_UNKNOWN
9246,Real Images,001772.jpg,1772,1772,1,0.35,TP,CORRECT_MATCH
9247,Real Images,002609.jpg,2609,2609,1,0.35,TP,CORRECT_MATCH
9248,New_Images,009509.jpg,9509,UNRECOGNIZED,0.2387,0.35,TN,CORRECTLY_REJECTED_UNKNOWN
9249,Real Images,004066.jpg,4066,4066,1,0.35,TP,CORRECT_MATCH
9250,New_Images,006746.jpg,6746,NO_FACE_DETECTED,0,0.35,TN,No Face Detected by SCRFD
9251,New_Images,005443.jpg,5443,UNRECOGNIZED,0.2865,0.35,TN,CORRECTLY_REJECTED_UNKNOWN
9252,Real Images,002939.jpg,2939,2939,1,0.35,TP,CORRECT_MATCH
9253,Real Images,000407.jpg,407,407,1,0.35,TP,CORRECT_MATCH
9254,New_Images,006756.jpg,6756,UNRECOGNIZED,0.2644,0.35,TN,CORRECTLY_REJECTED_UNKNOWN
9255,Real Images,002901.jpg,2901,2901,1,0.35,TP,CORRECT_MATCH
9256,Real Images,002663.jpg,2663,2663,1,0.35,TP,CORRECT_MATCH
9257,Real Images,003879.jpg,3879,3879,1,0.35,TP,CORRECT_MATCH
9258,Real Images,002533.jpg,2533,2533,1,0.35,TP,CORRECT_MATCH
9259,New_Images,009391.jpg,9391,NO_FACE_DETECTED,0,0.35,TN,No Face Detected by SCRFD
9260,New_Images,009174.jpg,9174,UNRECOGNIZED,0.2706,0.35,TN,CORRECTLY_REJECTED_UNKNOWN
9261,New_Images,005795.jpg,5795,NO_FACE_DETECTED,0,0.35,TN,No Face Detected by SCRFD
9262,Real Images,001685.jpg,1685,1685,1,0.35,TP,CORRECT_MATCH
9263,Real Images,004089.jpg,4089,4089,1,0.35,TP,CORRECT_MATCH
9264,Real Images,003442.jpg,3442,3442,1,0.35,TP,CORRECT_MATCH
9265,New_Images,005863.jpg,5863,NO_FACE_DETECTED,0,0.35,TN,No Face Detected by SCRFD
9266,Real Images,000654.jpg,654,654,1,0.35,TP,CORRECT_MATCH
9267,New_Images,005975.jpg,5975,NO_FACE_DETECTED,0,0.35,TN,No Face Detected by SCRFD
9268,New_Images,005051.jpg,5051,NO_FACE_DETECTED,0,0.35,TN,No Face Detected by SCRFD
9269,Real Images,000686.jpg,686,686,1,0.35,TP,CORRECT_MATCH
9270,Real Images,002089.jpg,2089,2089,1,0.35,TP,CORRECT_MATCH
9271,New_Images,007042.jpg,7042,UNRECOGNIZED,0.2416,0.35,TN,CORRECTLY_REJECTED_UNKNOWN
9272,Real Images,002427.jpg,2427,2427,1,0.35,TP,CORRECT_MATCH
9273,New_Images,009053.jpg,9053,UNRECOGNIZED,0.2281,0.35,TN,CORRECTLY_REJECTED_UNKNOWN
9274,New_Images,006050.jpg,6050,UNRECOGNIZED,0.2695,0.35,TN,CORRECTLY_REJECTED_UNKNOWN
9275,Real Images,000591.jpg,591,591,1,0.35,TP,CORRECT_MATCH
9276,New_Images,008939.jpg,8939,UNRECOGNIZED,0.2249,0.35,TN,CORRECTLY_REJECTED_UNKNOWN
9277,Real Images,002443.jpg,2443,2443,1,0.35,TP,CORRECT_MATCH
9278,Real Images,001233.jpg,1233,1233,1,0.35,TP,CORRECT_MATCH
9279,New_Images,009484.jpg,9484,UNRECOGNIZED,0.2543,0.35,TN,CORRECTLY_REJECTED_UNKNOWN
9280,Real Images,000159.jpg,159,159,1,0.35,TP,CORRECT_MATCH
9281,New_Images,009190.jpg,9190,UNRECOGNIZED,0.2675,0.35,TN,CORRECTLY_REJECTED_UNKNOWN
9282,New_Images,007008.jpg,7008,NO_FACE_DETECTED,0,0.35,TN,No Face Detected by SCRFD
9283,New_Images,009039.jpg,9039,UNRECOGNIZED,0.2626,0.35,TN,CORRECTLY_REJECTED_UNKNOWN
9284,New_Images,007240.jpg,7240,NO_FACE_DETECTED,0,0.35,TN,No Face Detected by SCRFD
9285,Real Images,002648.jpg,2648,2648,1,0.35,TP,CORRECT_MATCH
9286,Real Images,004292.jpg,4292,4292,1,0.35,TP,CORRECT_MATCH
9287,Real Images,002144.jpg,2144,2144,1,0.35,TP,CORRECT_MATCH
9288,New_Images,005465.jpg,5465,UNRECOGNIZED,0.2681,0.35,TN,CORRECTLY_REJECTED_UNKNOWN
9289,Real Images,000059.jpg,59,59,1,0.35,TP,CORRECT_MATCH
9290,Real Images,000723.jpg,723,723,1,0.35,TP,CORRECT_MATCH
9291,Real Images,004534.jpg,4534,4534,1,0.35,TP,CORRECT_MATCH
9292,New_Images,009421.jpg,9421,UNRECOGNIZED,0.2467,0.35,TN,CORRECTLY_REJECTED_UNKNOWN
9293,Real Images,001513.jpg,1513,1513,1,0.35,TP,CORRECT_MATCH
9294,Real Images,000833.jpg,833,833,1,0.35,TP,CORRECT_MATCH
9295,Real Images,004115.jpg,4115,4115,1,0.35,TP,CORRECT_MATCH
9296,New_Images,008005.jpg,8005,UNRECOGNIZED,0.2804,0.35,TN,CORRECTLY_REJECTED_UNKNOWN
9297,New_Images,008281.jpg,8281,UNRECOGNIZED,0.2557,0.35,TN,CORRECTLY_REJECTED_UNKNOWN
9298,Real Images,004326.jpg,4326,4326,1,0.35,TP,CORRECT_MATCH
9299,Real Images,003336.jpg,3336,3336,1,0.35,TP,CORRECT_MATCH
9300,New_Images,005618.jpg,5618,UNRECOGNIZED,0.2213,0.35,TN,CORRECTLY_REJECTED_UNKNOWN
9301,Real Images,003451.jpg,3451,3451,1,0.35,TP,CORRECT_MATCH
9302,Real Images,004617.jpg,4617,4617,1,0.35,TP,CORRECT_MATCH
9303,Real Images,004463.jpg,4463,4463,1,0.35,TP,CORRECT_MATCH
9304,Real Images,002547.jpg,2547,2547,1,0.35,TP,CORRECT_MATCH
9305,New_Images,009513.jpg,9513,UNRECOGNIZED,0.326,0.35,TN,CORRECTLY_REJECTED_UNKNOWN
9306,Real Images,001754.jpg,1754,1754,1,0.35,TP,CORRECT_MATCH
9307,Real Images,001892.jpg,1892,1892,1,0.35,TP,CORRECT_MATCH
9308,New_Images,009592.jpg,9592,UNRECOGNIZED,0.2864,0.35,TN,CORRECTLY_REJECTED_UNKNOWN
9309,Real Images,002201.jpg,2201,2201,1,0.35,TP,CORRECT_MATCH
9310,Real Images,001698.jpg,1698,1698,1,0.35,TP,CORRECT_MATCH
9311,Real Images,004906.jpg,4906,4906,1,0.35,TP,CORRECT_MATCH
9312,New_Images,009087.jpg,9087,NO_FACE_DETECTED,0,0.35,TN,No Face Detected by SCRFD
9313,Real Images,000129.jpg,129,129,1,0.35,TP,CORRECT_MATCH
9314,New_Images,008667.jpg,8667,UNRECOGNIZED,0.2573,0.35,TN,CORRECTLY_REJECTED_UNKNOWN
9315,Real Images,004957.jpg,4957,4957,1,0.35,TP,CORRECT_MATCH
9316,New_Images,008901.jpg,8901,UNRECOGNIZED,0.2928,0.35,TN,CORRECTLY_REJECTED_UNKNOWN
9317,New_Images,007180.jpg,7180,UNRECOGNIZED,0.2656,0.35,TN,CORRECTLY_REJECTED_UNKNOWN
9318,Real Images,002585.jpg,2585,2585,1,0.35,TP,CORRECT_MATCH
9319,Real Images,004670.jpg,4670,4670,1,0.35,TP,CORRECT_MATCH
9320,New_Images,006055.jpg,6055,UNRECOGNIZED,0.2425,0.35,TN,CORRECTLY_REJECTED_UNKNOWN
9321,Real Images,004003.jpg,4003,4003,1,0.35,TP,CORRECT_MATCH
9322,Real Images,001128.jpg,1128,1128,1,0.35,TP,CORRECT_MATCH
9323,New_Images,005719.jpg,5719,UNRECOGNIZED,0.2592,0.35,TN,CORRECTLY_REJECTED_UNKNOWN
9324,Real Images,002171.jpg,2171,2171,1,0.35,TP,CORRECT_MATCH
9325,New_Images,009381.jpg,9381,UNRECOGNIZED,0.2504,0.35,TN,CORRECTLY_REJECTED_UNKNOWN
9326,New_Images,008289.jpg,8289,UNRECOGNIZED,0.2417,0.35,TN,CORRECTLY_REJECTED_UNKNOWN
9327,Real Images,003493.jpg,3493,3493,1,0.35,TP,CORRECT_MATCH
9328,New_Images,008809.jpg,8809,NO_FACE_DETECTED,0,0.35,TN,No Face Detected by SCRFD
9329,Real Images,001201.jpg,1201,1201,1,0.35,TP,CORRECT_MATCH
9330,Real Images,001639.jpg,1639,1639,1,0.35,TP,CORRECT_MATCH
9331,New_Images,009225.jpg,9225,UNRECOGNIZED,0.2472,0.35,TN,CORRECTLY_REJECTED_UNKNOWN
9332,New_Images,007509.jpg,7509,UNRECOGNIZED,0.2901,0.35,TN,CORRECTLY_REJECTED_UNKNOWN
9333,Real Images,000153.jpg,153,153,1,0.35,TP,CORRECT_MATCH
9334,Real Images,001189.jpg,1189,1189,1,0.35,TP,CORRECT_MATCH
9335,New_Images,005181.jpg,5181,UNRECOGNIZED,0.2407,0.35,TN,CORRECTLY_REJECTED_UNKNOWN
9336,New_Images,007492.jpg,7492,2581,0.3596,0.35,FP,MISIDENTIFIED_AS_002581
9337,Real Images,004916.jpg,4916,4916,1,0.35,TP,CORRECT_MATCH
9338,Real Images,002145.jpg,2145,2145,1,0.35,TP,CORRECT_MATCH
9339,New_Images,006485.jpg,6485,UNRECOGNIZED,0.2534,0.35,TN,CORRECTLY_REJECTED_UNKNOWN
9340,Real Images,004352.jpg,4352,4352,1,0.35,TP,CORRECT_MATCH
9341,Real Images,003911.jpg,3911,3911,1,0.35,TP,CORRECT_MATCH
9342,New_Images,005148.jpg,5148,UNRECOGNIZED,0.233,0.35,TN,CORRECTLY_REJECTED_UNKNOWN
9343,Real Images,003347.jpg,3347,3347,1,0.35,TP,CORRECT_MATCH
9344,Real Images,004273.jpg,4273,4273,1,0.35,TP,CORRECT_MATCH
9345,New_Images,005184.jpg,5184,UNRECOGNIZED,0.2378,0.35,TN,CORRECTLY_REJECTED_UNKNOWN
9346,New_Images,008566.jpg,8566,UNRECOGNIZED,0.2758,0.35,TN,CORRECTLY_REJECTED_UNKNOWN
9347,New_Images,009261.jpg,9261,UNRECOGNIZED,0.2575,0.35,TN,CORRECTLY_REJECTED_UNKNOWN
9348,New_Images,006869.jpg,6869,UNRECOGNIZED,0.2216,0.35,TN,CORRECTLY_REJECTED_UNKNOWN
9349,Real Images,001344.jpg,1344,1344,1,0.35,TP,CORRECT_MATCH
9350,Real Images,000652.jpg,652,652,1,0.35,TP,CORRECT_MATCH
9351,Real Images,004034.jpg,4034,4034,1,0.35,TP,CORRECT_MATCH
9352,New_Images,009334.jpg,9334,NO_FACE_DETECTED,0,0.35,TN,No Face Detected by SCRFD
9353,Real Images,001965.jpg,1965,1965,1,0.35,TP,CORRECT_MATCH
9354,New_Images,006616.jpg,6616,UNRECOGNIZED,0.2254,0.35,TN,CORRECTLY_REJECTED_UNKNOWN
9355,Real Images,003854.jpg,3854,3854,1,0.35,TP,CORRECT_MATCH
9356,Real Images,001114.jpg,1114,1114,1,0.35,TP,CORRECT_MATCH
9357,Real Images,001123.jpg,1123,1123,1,0.35,TP,CORRECT_MATCH
9358,Real Images,003045.jpg,3045,3045,1,0.35,TP,CORRECT_MATCH
9359,Real Images,001313.jpg,1313,1313,1,0.35,TP,CORRECT_MATCH
9360,New_Images,008321.jpg,8321,NO_FACE_DETECTED,0,0.35,TN,No Face Detected by SCRFD
9361,Real Images,000932.jpg,932,932,1,0.35,TP,CORRECT_MATCH
9362,Real Images,002580.jpg,2580,2580,1,0.35,TP,CORRECT_MATCH
9363,New_Images,008702.jpg,8702,UNRECOGNIZED,0.2149,0.35,TN,CORRECTLY_REJECTED_UNKNOWN
9364,New_Images,008239.jpg,8239,UNRECOGNIZED,0.2307,0.35,TN,CORRECTLY_REJECTED_UNKNOWN
9365,New_Images,007812.jpg,7812,UNRECOGNIZED,0.2855,0.35,TN,CORRECTLY_REJECTED_UNKNOWN
9366,Real Images,000822.jpg,822,822,1,0.35,TP,CORRECT_MATCH
9367,Real Images,000937.jpg,937,937,1,0.35,TP,CORRECT_MATCH
9368,New_Images,005139.jpg,5139,UNRECOGNIZED,0.25,0.35,TN,CORRECTLY_REJECTED_UNKNOWN
9369,Real Images,000999.jpg,999,999,1,0.35,TP,CORRECT_MATCH
9370,New_Images,008884.jpg,8884,NO_FACE_DETECTED,0,0.35,TN,No Face Detected by SCRFD
9371,Real Images,000959.jpg,959,959,1,0.35,TP,CORRECT_MATCH
9372,Real Images,003567.jpg,3567,3567,1,0.35,TP,CORRECT_MATCH
9373,Real Images,004862.jpg,4862,4862,1,0.35,TP,CORRECT_MATCH
9374,Real Images,003112.jpg,3112,3112,1,0.35,TP,CORRECT_MATCH
9375,Real Images,002537.jpg,2537,2537,1,0.35,TP,CORRECT_MATCH
9376,New_Images,007974.jpg,7974,UNRECOGNIZED,0.2528,0.35,TN,CORRECTLY_REJECTED_UNKNOWN
9377,New_Images,009106.jpg,9106,UNRECOGNIZED,0.2823,0.35,TN,CORRECTLY_REJECTED_UNKNOWN
9378,New_Images,006931.jpg,6931,UNRECOGNIZED,0.2312,0.35,TN,CORRECTLY_REJECTED_UNKNOWN
9379,Real Images,004674.jpg,4674,4674,1,0.35,TP,CORRECT_MATCH
9380,New_Images,007455.jpg,7455,NO_FACE_DETECTED,0,0.35,TN,No Face Detected by SCRFD
9381,Real Images,004346.jpg,4346,4346,1,0.35,TP,CORRECT_MATCH
9382,New_Images,006397.jpg,6397,NO_FACE_DETECTED,0,0.35,TN,No Face Detected by SCRFD
9383,Real Images,000036.jpg,36,36,1,0.35,TP,CORRECT_MATCH
9384,New_Images,006210.jpg,6210,UNRECOGNIZED,0.2606,0.35,TN,CORRECTLY_REJECTED_UNKNOWN
9385,Real Images,002698.jpg,2698,2698,1,0.35,TP,CORRECT_MATCH
9386,Real Images,000961.jpg,961,961,1,0.35,TP,CORRECT_MATCH
9387,New_Images,006571.jpg,6571,UNRECOGNIZED,0.2635,0.35,TN,CORRECTLY_REJECTED_UNKNOWN
9388,Real Images,003503.jpg,3503,3503,1,0.35,TP,CORRECT_MATCH
9389,New_Images,007887.jpg,7887,UNRECOGNIZED,0.256,0.35,TN,CORRECTLY_REJECTED_UNKNOWN
9390,New_Images,007957.jpg,7957,UNRECOGNIZED,0.3294,0.35,TN,CORRECTLY_REJECTED_UNKNOWN
9391,New_Images,006659.jpg,6659,UNRECOGNIZED,0.2429,0.35,TN,CORRECTLY_REJECTED_UNKNOWN
9392,Real Images,002725.jpg,2725,2725,1,0.35,TP,CORRECT_MATCH
9393,Real Images,003873.jpg,3873,3873,1,0.35,TP,CORRECT_MATCH
9394,Real Images,001529.jpg,1529,1529,1,0.35,TP,CORRECT_MATCH
9395,Real Images,000242.jpg,242,242,1,0.35,TP,CORRECT_MATCH
9396,New_Images,008857.jpg,8857,UNRECOGNIZED,0.2844,0.35,TN,CORRECTLY_REJECTED_UNKNOWN
9397,Real Images,000829.jpg,829,829,1,0.35,TP,CORRECT_MATCH
9398,Real Images,001605.jpg,1605,1605,1,0.35,TP,CORRECT_MATCH
9399,New_Images,009017.jpg,9017,UNRECOGNIZED,0.2672,0.35,TN,CORRECTLY_REJECTED_UNKNOWN
9400,New_Images,007261.jpg,7261,NO_FACE_DETECTED,0,0.35,TN,No Face Detected by SCRFD
9401,Real Images,001236.jpg,1236,1236,1,0.35,TP,CORRECT_MATCH
9402,Real Images,004093.jpg,4093,4093,1,0.35,TP,CORRECT_MATCH
9403,New_Images,007580.jpg,7580,UNRECOGNIZED,0.2513,0.35,TN,CORRECTLY_REJECTED_UNKNOWN
9404,Real Images,004564.jpg,4564,4564,1,0.35,TP,CORRECT_MATCH
9405,Real Images,003007.jpg,3007,3007,1,0.35,TP,CORRECT_MATCH
9406,New_Images,009621.jpg,9621,UNRECOGNIZED,0.2545,0.35,TN,CORRECTLY_REJECTED_UNKNOWN
9407,Real Images,002297.jpg,2297,2297,1,0.35,TP,CORRECT_MATCH
9408,New_Images,007351.jpg,7351,UNRECOGNIZED,0.2496,0.35,TN,CORRECTLY_REJECTED_UNKNOWN
9409,New_Images,008787.jpg,8787,UNRECOGNIZED,0.3025,0.35,TN,CORRECTLY_REJECTED_UNKNOWN
9410,Real Images,003117.jpg,3117,3117,1,0.35,TP,CORRECT_MATCH
9411,Real Images,003140.jpg,3140,3140,1,0.35,TP,CORRECT_MATCH
9412,Real Images,004074.jpg,4074,4074,1,0.35,TP,CORRECT_MATCH
9413,Real Images,001791.jpg,1791,1791,1,0.35,TP,CORRECT_MATCH
9414,New_Images,005560.jpg,5560,UNRECOGNIZED,0.2267,0.35,TN,CORRECTLY_REJECTED_UNKNOWN
9415,New_Images,006597.jpg,6597,UNRECOGNIZED,0.291,0.35,TN,CORRECTLY_REJECTED_UNKNOWN
9416,Real Images,000994.jpg,994,994,1,0.35,TP,CORRECT_MATCH
9417,Real Images,001613.jpg,1613,1613,1,0.35,TP,CORRECT_MATCH
9418,Real Images,000888.jpg,888,888,1,0.35,TP,CORRECT_MATCH
9419,New_Images,007652.jpg,7652,UNRECOGNIZED,0.256,0.35,TN,CORRECTLY_REJECTED_UNKNOWN
9420,New_Images,006736.jpg,6736,NO_FACE_DETECTED,0,0.35,TN,No Face Detected by SCRFD
9421,New_Images,006940.jpg,6940,UNRECOGNIZED,0.2243,0.35,TN,CORRECTLY_REJECTED_UNKNOWN
9422,New_Images,005805.jpg,5805,UNRECOGNIZED,0.2918,0.35,TN,CORRECTLY_REJECTED_UNKNOWN
9423,New_Images,007063.jpg,7063,UNRECOGNIZED,0.254,0.35,TN,CORRECTLY_REJECTED_UNKNOWN
9424,Real Images,001589.jpg,1589,1589,1,0.35,TP,CORRECT_MATCH
9425,Real Images,001546.jpg,1546,1546,1,0.35,TP,CORRECT_MATCH
9426,Real Images,003120.jpg,3120,3120,1,0.35,TP,CORRECT_MATCH
9427,New_Images,006670.jpg,6670,UNRECOGNIZED,0.2156,0.35,TN,CORRECTLY_REJECTED_UNKNOWN
9428,New_Images,007750.jpg,7750,NO_FACE_DETECTED,0,0.35,TN,No Face Detected by SCRFD
9429,Real Images,003982.jpg,3982,3982,1,0.35,TP,CORRECT_MATCH
9430,New_Images,007745.jpg,7745,UNRECOGNIZED,0.2416,0.35,TN,CORRECTLY_REJECTED_UNKNOWN
9431,New_Images,009356.jpg,9356,UNRECOGNIZED,0.2941,0.35,TN,CORRECTLY_REJECTED_UNKNOWN
9432,Real Images,002168.jpg,2168,2168,1,0.35,TP,CORRECT_MATCH
9433,New_Images,008835.jpg,8835,NO_FACE_DETECTED,0,0.35,TN,No Face Detected by SCRFD
9434,Real Images,003511.jpg,3511,3511,1,0.35,TP,CORRECT_MATCH
9435,New_Images,007954.jpg,7954,NO_FACE_DETECTED,0,0.35,TN,No Face Detected by SCRFD
9436,Real Images,004563.jpg,4563,4563,1,0.35,TP,CORRECT_MATCH
9437,Real Images,003900.jpg,3900,3900,1,0.35,TP,CORRECT_MATCH
9438,New_Images,008424.jpg,8424,UNRECOGNIZED,0.2734,0.35,TN,CORRECTLY_REJECTED_UNKNOWN
9439,Real Images,001161.jpg,1161,1161,1,0.35,TP,CORRECT_MATCH
9440,New_Images,005414.jpg,5414,UNRECOGNIZED,0.2453,0.35,TN,CORRECTLY_REJECTED_UNKNOWN
9441,Real Images,000515.jpg,515,515,1,0.35,TP,CORRECT_MATCH
9442,Real Images,001105.jpg,1105,1105,1,0.35,TP,CORRECT_MATCH
9443,Real Images,003751.jpg,3751,3751,1,0.35,TP,CORRECT_MATCH
9444,Real Images,000965.jpg,965,965,1,0.35,TP,CORRECT_MATCH
9445,Real Images,001164.jpg,1164,1164,1,0.35,TP,CORRECT_MATCH
9446,Real Images,000118.jpg,118,118,1,0.35,TP,CORRECT_MATCH
9447,Real Images,003609.jpg,3609,3609,1,0.35,TP,CORRECT_MATCH
9448,Real Images,003771.jpg,3771,3771,1,0.35,TP,CORRECT_MATCH
9449,New_Images,009076.jpg,9076,UNRECOGNIZED,0.2657,0.35,TN,CORRECTLY_REJECTED_UNKNOWN
9450,Real Images,000345.jpg,345,345,1,0.35,TP,CORRECT_MATCH
9451,New_Images,005540.jpg,5540,UNRECOGNIZED,0.2183,0.35,TN,CORRECTLY_REJECTED_UNKNOWN
9452,Real Images,001050.jpg,1050,1050,1,0.35,TP,CORRECT_MATCH
9453,Real Images,003682.jpg,3682,3682,1,0.35,TP,CORRECT_MATCH
9454,Real Images,004062.jpg,4062,4062,1,0.35,TP,CORRECT_MATCH
9455,Real Images,001983.jpg,1983,1983,1,0.35,TP,CORRECT_MATCH
9456,New_Images,007398.jpg,7398,UNRECOGNIZED,0.2724,0.35,TN,CORRECTLY_REJECTED_UNKNOWN
9457,New_Images,008480.jpg,8480,UNRECOGNIZED,0.2255,0.35,TN,CORRECTLY_REJECTED_UNKNOWN
9458,New_Images,007178.jpg,7178,UNRECOGNIZED,0.2609,0.35,TN,CORRECTLY_REJECTED_UNKNOWN
9459,New_Images,006119.jpg,6119,UNRECOGNIZED,0.2418,0.35,TN,CORRECTLY_REJECTED_UNKNOWN
9460,New_Images,006538.jpg,6538,UNRECOGNIZED,0.2714,0.35,TN,CORRECTLY_REJECTED_UNKNOWN
9461,New_Images,005108.jpg,5108,NO_FACE_DETECTED,0,0.35,TN,No Face Detected by SCRFD
9462,Real Images,003296.jpg,3296,3296,1,0.35,TP,CORRECT_MATCH
9463,New_Images,008836.jpg,8836,UNRECOGNIZED,0.2762,0.35,TN,CORRECTLY_REJECTED_UNKNOWN
9464,Real Images,003471.jpg,3471,3471,1,0.35,TP,CORRECT_MATCH
9465,New_Images,006933.jpg,6933,NO_FACE_DETECTED,0,0.35,TN,No Face Detected by SCRFD
9466,New_Images,008646.jpg,8646,NO_FACE_DETECTED,0,0.35,TN,No Face Detected by SCRFD
9467,Real Images,004343.jpg,4343,4343,1,0.35,TP,CORRECT_MATCH
9468,Real Images,002706.jpg,2706,2706,1,0.35,TP,CORRECT_MATCH
9469,New_Images,009008.jpg,9008,UNRECOGNIZED,0.2835,0.35,TN,CORRECTLY_REJECTED_UNKNOWN
9470,New_Images,007788.jpg,7788,NO_FACE_DETECTED,0,0.35,TN,No Face Detected by SCRFD
9471,Real Images,002104.jpg,2104,2104,1,0.35,TP,CORRECT_MATCH
9472,Real Images,002061.jpg,2061,2061,1,0.35,TP,CORRECT_MATCH
9473,New_Images,008728.jpg,8728,UNRECOGNIZED,0.216,0.35,TN,CORRECTLY_REJECTED_UNKNOWN
9474,Real Images,001134.jpg,1134,1134,1,0.35,TP,CORRECT_MATCH
9475,New_Images,007963.jpg,7963,UNRECOGNIZED,0.2419,0.35,TN,CORRECTLY_REJECTED_UNKNOWN
9476,Real Images,001404.jpg,1404,1404,1,0.35,TP,CORRECT_MATCH
9477,Real Images,001291.jpg,1291,1291,1,0.35,TP,CORRECT_MATCH
9478,New_Images,009296.jpg,9296,UNRECOGNIZED,0.2398,0.35,TN,CORRECTLY_REJECTED_UNKNOWN
9479,Real Images,003947.jpg,3947,3947,1,0.35,TP,CORRECT_MATCH
9480,Real Images,000950.jpg,950,950,1,0.35,TP,CORRECT_MATCH
9481,Real Images,003924.jpg,3924,3924,1,0.35,TP,CORRECT_MATCH
9482,New_Images,005039.jpg,5039,UNRECOGNIZED,0.2414,0.35,TN,CORRECTLY_REJECTED_UNKNOWN
9483,New_Images,005948.jpg,5948,UNRECOGNIZED,0.2621,0.35,TN,CORRECTLY_REJECTED_UNKNOWN
9484,Real Images,001833.jpg,1833,1833,1,0.35,TP,CORRECT_MATCH
9485,Real Images,000320.jpg,320,320,1,0.35,TP,CORRECT_MATCH
9486,New_Images,008006.jpg,8006,UNRECOGNIZED,0.2569,0.35,TN,CORRECTLY_REJECTED_UNKNOWN
9487,New_Images,005311.jpg,5311,NO_FACE_DETECTED,0,0.35,TN,No Face Detected by SCRFD
9488,Real Images,000010.jpg,10,10,1,0.35,TP,CORRECT_MATCH
9489,New_Images,008690.jpg,8690,NO_FACE_DETECTED,0,0.35,TN,No Face Detected by SCRFD
9490,New_Images,008838.jpg,8838,UNRECOGNIZED,0.2842,0.35,TN,CORRECTLY_REJECTED_UNKNOWN
9491,Real Images,002647.jpg,2647,2647,1,0.35,TP,CORRECT_MATCH
9492,New_Images,006127.jpg,6127,UNRECOGNIZED,0.2632,0.35,TN,CORRECTLY_REJECTED_UNKNOWN
9493,New_Images,009522.jpg,9522,UNRECOGNIZED,0.2568,0.35,TN,CORRECTLY_REJECTED_UNKNOWN
9494,Real Images,003259.jpg,3259,3259,1,0.35,TP,CORRECT_MATCH
9495,New_Images,009498.jpg,9498,UNRECOGNIZED,0.2049,0.35,TN,CORRECTLY_REJECTED_UNKNOWN
9496,Real Images,004890.jpg,4890,4890,1,0.35,TP,CORRECT_MATCH
9497,Real Images,001744.jpg,1744,1744,1,0.35,TP,CORRECT_MATCH
9498,New_Images,008318.jpg,8318,UNRECOGNIZED,0.2317,0.35,TN,CORRECTLY_REJECTED_UNKNOWN
9499,Real Images,002928.jpg,2928,2928,1,0.35,TP,CORRECT_MATCH
9500,New_Images,008202.jpg,8202,UNRECOGNIZED,0.2382,0.35,TN,CORRECTLY_REJECTED_UNKNOWN
9501,Real Images,004316.jpg,4316,4316,1,0.35,TP,CORRECT_MATCH
9502,Real Images,000054.jpg,54,54,1,0.35,TP,CORRECT_MATCH
9503,New_Images,007434.jpg,7434,UNRECOGNIZED,0.2946,0.35,TN,CORRECTLY_REJECTED_UNKNOWN
9504,Real Images,002592.jpg,2592,2592,1,0.35,TP,CORRECT_MATCH
9505,New_Images,007124.jpg,7124,NO_FACE_DETECTED,0,0.35,TN,No Face Detected by SCRFD
9506,Real Images,004809.jpg,4809,4809,1,0.35,TP,CORRECT_MATCH
9507,Real Images,001828.jpg,1828,1828,1,0.35,TP,CORRECT_MATCH
9508,New_Images,005574.jpg,5574,UNRECOGNIZED,0.2463,0.35,TN,CORRECTLY_REJECTED_UNKNOWN
9509,Real Images,004372.jpg,4372,4372,1,0.35,TP,CORRECT_MATCH
9510,New_Images,008798.jpg,8798,UNRECOGNIZED,0.257,0.35,TN,CORRECTLY_REJECTED_UNKNOWN
9511,Real Images,001877.jpg,1877,1877,1,0.35,TP,CORRECT_MATCH
9512,Real Images,000189.jpg,189,189,1,0.35,TP,CORRECT_MATCH
9513,New_Images,009065.jpg,9065,NO_FACE_DETECTED,0,0.35,TN,No Face Detected by SCRFD
9514,Real Images,004120.jpg,4120,4120,1,0.35,TP,CORRECT_MATCH
9515,New_Images,008670.jpg,8670,NO_FACE_DETECTED,0,0.35,TN,No Face Detected by SCRFD
9516,New_Images,007669.jpg,7669,UNRECOGNIZED,0.3263,0.35,TN,CORRECTLY_REJECTED_UNKNOWN
9517,New_Images,006253.jpg,6253,UNRECOGNIZED,0.2475,0.35,TN,CORRECTLY_REJECTED_UNKNOWN
9518,New_Images,006305.jpg,6305,UNRECOGNIZED,0.2345,0.35,TN,CORRECTLY_REJECTED_UNKNOWN
9519,Real Images,001041.jpg,1041,1041,1,0.35,TP,CORRECT_MATCH
9520,New_Images,006917.jpg,6917,UNRECOGNIZED,0.2476,0.35,TN,CORRECTLY_REJECTED_UNKNOWN
9521,Real Images,002622.jpg,2622,2622,1,0.35,TP,CORRECT_MATCH
9522,Real Images,002505.jpg,2505,2505,1,0.35,TP,CORRECT_MATCH
9523,Real Images,001797.jpg,1797,1797,1,0.35,TP,CORRECT_MATCH
9524,Real Images,000772.jpg,772,772,1,0.35,TP,CORRECT_MATCH
9525,Real Images,001490.jpg,1490,1490,1,0.35,TP,CORRECT_MATCH
9526,New_Images,008086.jpg,8086,UNRECOGNIZED,0.2668,0.35,TN,CORRECTLY_REJECTED_UNKNOWN
9527,New_Images,008349.jpg,8349,UNRECOGNIZED,0.2655,0.35,TN,CORRECTLY_REJECTED_UNKNOWN
9528,Real Images,002267.jpg,2267,2267,1,0.35,TP,CORRECT_MATCH
9529,Real Images,003594.jpg,3594,3594,1,0.35,TP,CORRECT_MATCH
9530,New_Images,005931.jpg,5931,NO_FACE_DETECTED,0,0.35,TN,No Face Detected by SCRFD
9531,New_Images,006544.jpg,6544,NO_FACE_DETECTED,0,0.35,TN,No Face Detected by SCRFD
9532,New_Images,007020.jpg,7020,NO_FACE_DETECTED,0,0.35,TN,No Face Detected by SCRFD
9533,Real Images,004305.jpg,4305,4305,1,0.35,TP,CORRECT_MATCH
9534,New_Images,008831.jpg,8831,NO_FACE_DETECTED,0,0.35,TN,No Face Detected by SCRFD
9535,New_Images,009198.jpg,9198,NO_FACE_DETECTED,0,0.35,TN,No Face Detected by SCRFD
9536,Real Images,004041.jpg,4041,4041,1,0.35,TP,CORRECT_MATCH
9537,Real Images,002288.jpg,2288,2288,1,0.35,TP,CORRECT_MATCH
9538,Real Images,004340.jpg,4340,4340,1,0.35,TP,CORRECT_MATCH
9539,Real Images,002341.jpg,2341,2341,1,0.35,TP,CORRECT_MATCH
9540,New_Images,007518.jpg,7518,NO_FACE_DETECTED,0,0.35,TN,No Face Detected by SCRFD
9541,New_Images,006483.jpg,6483,UNRECOGNIZED,0.2492,0.35,TN,CORRECTLY_REJECTED_UNKNOWN
9542,New_Images,008180.jpg,8180,NO_FACE_DETECTED,0,0.35,TN,No Face Detected by SCRFD
9543,Real Images,003484.jpg,3484,3484,1,0.35,TP,CORRECT_MATCH
9544,New_Images,005156.jpg,5156,UNRECOGNIZED,0.2344,0.35,TN,CORRECTLY_REJECTED_UNKNOWN
9545,New_Images,009293.jpg,9293,NO_FACE_DETECTED,0,0.35,TN,No Face Detected by SCRFD
9546,Real Images,003457.jpg,3457,3457,1,0.35,TP,CORRECT_MATCH
9547,Real Images,001085.jpg,1085,1085,1,0.35,TP,CORRECT_MATCH
9548,Real Images,004387.jpg,4387,4387,1,0.35,TP,CORRECT_MATCH
9549,New_Images,006573.jpg,6573,UNRECOGNIZED,0.2344,0.35,TN,CORRECTLY_REJECTED_UNKNOWN
9550,New_Images,005169.jpg,5169,UNRECOGNIZED,0.2363,0.35,TN,CORRECTLY_REJECTED_UNKNOWN
9551,Real Images,000526.jpg,526,526,1,0.35,TP,CORRECT_MATCH
9552,Real Images,003753.jpg,3753,3753,1,0.35,TP,CORRECT_MATCH
9553,Real Images,000917.jpg,917,917,1,0.35,TP,CORRECT_MATCH
9554,New_Images,005314.jpg,5314,NO_FACE_DETECTED,0,0.35,TN,No Face Detected by SCRFD
9555,Real Images,003599.jpg,3599,3599,1,0.35,TP,CORRECT_MATCH
9556,New_Images,009126.jpg,9126,UNRECOGNIZED,0.2082,0.35,TN,CORRECTLY_REJECTED_UNKNOWN
9557,Real Images,004423.jpg,4423,4423,1,0.35,TP,CORRECT_MATCH
9558,New_Images,006217.jpg,6217,NO_FACE_DETECTED,0,0.35,TN,No Face Detected by SCRFD
9559,New_Images,007574.jpg,7574,UNRECOGNIZED,0.2648,0.35,TN,CORRECTLY_REJECTED_UNKNOWN
9560,Real Images,002678.jpg,2678,2678,1,0.35,TP,CORRECT_MATCH
9561,Real Images,004011.jpg,4011,4011,1,0.35,TP,CORRECT_MATCH
9562,New_Images,008752.jpg,8752,UNRECOGNIZED,0.2727,0.35,TN,CORRECTLY_REJECTED_UNKNOWN
9563,Real Images,002804.jpg,2804,2804,1,0.35,TP,CORRECT_MATCH
9564,Real Images,001170.jpg,1170,1170,1,0.35,TP,CORRECT_MATCH
9565,Real Images,004375.jpg,4375,4375,1,0.35,TP,CORRECT_MATCH
9566,Real Images,003433.jpg,3433,3433,1,0.35,TP,CORRECT_MATCH
9567,New_Images,005821.jpg,5821,NO_FACE_DETECTED,0,0.35,TN,No Face Detected by SCRFD
9568,New_Images,006066.jpg,6066,UNRECOGNIZED,0.2156,0.35,TN,CORRECTLY_REJECTED_UNKNOWN
9569,Real Images,002665.jpg,2665,2665,1,0.35,TP,CORRECT_MATCH
9570,New_Images,005978.jpg,5978,NO_FACE_DETECTED,0,0.35,TN,No Face Detected by SCRFD
9571,New_Images,007429.jpg,7429,UNRECOGNIZED,0.2595,0.35,TN,CORRECTLY_REJECTED_UNKNOWN
9572,Real Images,004555.jpg,4555,4555,1,0.35,TP,CORRECT_MATCH
9573,New_Images,006228.jpg,6228,UNRECOGNIZED,0.2209,0.35,TN,CORRECTLY_REJECTED_UNKNOWN
9574,Real Images,001655.jpg,1655,1655,1,0.35,TP,CORRECT_MATCH
9575,Real Images,003815.jpg,3815,3815,1,0.35,TP,CORRECT_MATCH
9576,Real Images,001308.jpg,1308,1308,1,0.35,TP,CORRECT_MATCH
9577,Real Images,004742.jpg,4742,4742,1,0.35,TP,CORRECT_MATCH
9578,Real Images,003734.jpg,3734,3734,1,0.35,TP,CORRECT_MATCH
9579,Real Images,000751.jpg,751,751,1,0.35,TP,CORRECT_MATCH
9580,Real Images,001140.jpg,1140,1140,1,0.35,TP,CORRECT_MATCH
9581,Real Images,003151.jpg,3151,3151,1,0.35,TP,CORRECT_MATCH
9582,New_Images,009460.jpg,9460,NO_FACE_DETECTED,0,0.35,TN,No Face Detected by SCRFD
9583,New_Images,005926.jpg,5926,NO_FACE_DETECTED,0,0.35,TN,No Face Detected by SCRFD
9584,Real Images,004804.jpg,4804,4804,1,0.35,TP,CORRECT_MATCH
9585,New_Images,009045.jpg,9045,UNRECOGNIZED,0.2814,0.35,TN,CORRECTLY_REJECTED_UNKNOWN
9586,Real Images,001292.jpg,1292,1292,1,0.35,TP,CORRECT_MATCH
9587,New_Images,006202.jpg,6202,UNRECOGNIZED,0.2289,0.35,TN,CORRECTLY_REJECTED_UNKNOWN
9588,Real Images,002046.jpg,2046,2046,1,0.35,TP,CORRECT_MATCH
9589,New_Images,008786.jpg,8786,UNRECOGNIZED,0.261,0.35,TN,CORRECTLY_REJECTED_UNKNOWN
9590,New_Images,007528.jpg,7528,UNRECOGNIZED,0.2846,0.35,TN,CORRECTLY_REJECTED_UNKNOWN
9591,Real Images,000712.jpg,712,712,1,0.35,TP,CORRECT_MATCH
9592,Real Images,004334.jpg,4334,4334,1,0.35,TP,CORRECT_MATCH
9593,New_Images,005636.jpg,5636,NO_FACE_DETECTED,0,0.35,TN,No Face Detected by SCRFD
9594,New_Images,005882.jpg,5882,NO_FACE_DETECTED,0,0.35,TN,No Face Detected by SCRFD
9595,Real Images,001585.jpg,1585,1585,1,0.35,TP,CORRECT_MATCH
9596,New_Images,006225.jpg,6225,UNRECOGNIZED,0.3175,0.35,TN,CORRECTLY_REJECTED_UNKNOWN
9597,Real Images,001520.jpg,1520,1520,1,0.35,TP,CORRECT_MATCH
9598,Real Images,001675.jpg,1675,1675,1,0.35,TP,CORRECT_MATCH
9599,New_Images,005515.jpg,5515,UNRECOGNIZED,0.2166,0.35,TN,CORRECTLY_REJECTED_UNKNOWN
9600,Real Images,003528.jpg,3528,3528,1,0.35,TP,CORRECT_MATCH
9601,Real Images,002548.jpg,2548,2548,1,0.35,TP,CORRECT_MATCH
9602,Real Images,004553.jpg,4553,4553,1,0.35,TP,CORRECT_MATCH
9603,New_Images,005575.jpg,5575,UNRECOGNIZED,0.1974,0.35,TN,CORRECTLY_REJECTED_UNKNOWN
9604,New_Images,006925.jpg,6925,UNRECOGNIZED,0.2901,0.35,TN,CORRECTLY_REJECTED_UNKNOWN
9605,Real Images,002616.jpg,2616,2616,1,0.35,TP,CORRECT_MATCH
9606,Real Images,000107.jpg,107,107,1,0.35,TP,CORRECT_MATCH
9607,Real Images,004558.jpg,4558,4558,1,0.35,TP,CORRECT_MATCH
9608,New_Images,007360.jpg,7360,UNRECOGNIZED,0.2659,0.35,TN,CORRECTLY_REJECTED_UNKNOWN
9609,Real Images,003612.jpg,3612,3612,1,0.35,TP,CORRECT_MATCH
9610,New_Images,006874.jpg,6874,UNRECOGNIZED,0.2503,0.35,TN,CORRECTLY_REJECTED_UNKNOWN
9611,New_Images,008929.jpg,8929,UNRECOGNIZED,0.2184,0.35,TN,CORRECTLY_REJECTED_UNKNOWN
9612,Real Images,003258.jpg,3258,3258,1,0.35,TP,CORRECT_MATCH
9613,New_Images,009196.jpg,9196,UNRECOGNIZED,0.2956,0.35,TN,CORRECTLY_REJECTED_UNKNOWN
9614,Real Images,000435.jpg,435,435,1,0.35,TP,CORRECT_MATCH
9615,New_Images,008280.jpg,8280,UNRECOGNIZED,0.3019,0.35,TN,CORRECTLY_REJECTED_UNKNOWN
9616,Real Images,003812.jpg,3812,3812,1,0.35,TP,CORRECT_MATCH
9617,Real Images,003583.jpg,3583,3583,1,0.35,TP,CORRECT_MATCH
9618,Real Images,001536.jpg,1536,1536,1,0.35,TP,CORRECT_MATCH
9619,Real Images,000489.jpg,489,489,1,0.35,TP,CORRECT_MATCH
9620,Real Images,000521.jpg,521,521,1,0.35,TP,CORRECT_MATCH
9621,New_Images,006913.jpg,6913,UNRECOGNIZED,0.2439,0.35,TN,CORRECTLY_REJECTED_UNKNOWN
9622,Real Images,001425.jpg,1425,1425,1,0.35,TP,CORRECT_MATCH
9623,New_Images,008936.jpg,8936,UNRECOGNIZED,0.268,0.35,TN,CORRECTLY_REJECTED_UNKNOWN
9624,Real Images,001680.jpg,1680,1680,1,0.35,TP,CORRECT_MATCH
9625,Real Images,002287.jpg,2287,2287,1,0.35,TP,CORRECT_MATCH
9626,Real Images,003658.jpg,3658,3658,1,0.35,TP,CORRECT_MATCH
9627,Real Images,004013.jpg,4013,4013,1,0.35,TP,CORRECT_MATCH
9628,Real Images,004507.jpg,4507,4507,1,0.35,TP,CORRECT_MATCH
9629,Real Images,000410.jpg,410,410,1,0.35,TP,CORRECT_MATCH
9630,Real Images,001825.jpg,1825,1825,1,0.35,TP,CORRECT_MATCH
